api_num,other_id,latitude,longitude,stusps,county,municipality,well_name,operator,spud_date,plug_date,well_type,well_status,well_configuration,ft_category,wellwiki,src_url,ft_uid
37-019-22905,,"40.80841899998978","-79.97851900017827",PA,Butler,Forward,RUTLEDGE A UNIT DP,XTO ENERGY INC,,,,Active,,Other / Unknown,https://wellwiki.org/wiki/37-019-22905,,"2621299"
37-115-21170,,"41.861905999825325","-75.96895000000305",PA,Susquehanna,Forest Lake,FOREST LAKE TWP SUSQUEHANNA CTY BRINESPREADING,FOREST LAKE TWP SUSQUEHANNA CNTY,,,,Active,,Other / Unknown,https://wellwiki.org/wiki/37-115-21170,,"2621300"
37-117-21641,,"41.636956000266586","-77.27713899963149",PA,Tioga,Duncan,DUNCAN TOWNSHIP TIOGA COUNTY BRINESPREADING,DUNCAN TOWNSHIP TIOGA COUNTY BRINESPREADING,,,,Active,,Other / Unknown,https://wellwiki.org/wiki/37-117-21641,,"2621301"
37-015-22680,,"41.93544999985559","-76.27482200011156",PA,Bradford,Warren,WARREN TWP BRADFORD CNTY BRINESPREADING,WARREN TWP BRADFORD CNTY,,,,Active,,Other / Unknown,https://wellwiki.org/wiki/37-015-22680,,"2621302"
37-115-22196,,"41.81256900018788","-75.9587950002636",PA,Susquehanna,Jessup,JESSUP TWP SUSQUEHANNA CNTY BRINESPREADING,JESSUP TWP SUSQUEHANNA CNTY,,,,Active,,Other / Unknown,https://wellwiki.org/wiki/37-115-22196,,"2621303"
37-105-21835,,"41.92118100006893","-78.01859999996323",PA,Potter,Oswayo,OSWAYO BOROUGH POTTER COUNTY BRINESPREADING,OSWAYO BOROUGH POTTER COUNTY BRINESPREADING,,,,Active,,Other / Unknown,https://wellwiki.org/wiki/37-105-21835,,"2621304"
37-081-21276,,"41.56555000029137","-76.95240599966537",PA,Lycoming,McNett,MCNETT TWP LYCOMING CNTY BRINESPREADING,MCNETT TWP LYCOMING CNTY BRINESPREADING,,,,Active,,Other / Unknown,https://wellwiki.org/wiki/37-081-21276,,"2621305"
37-WO21 16,,"41.78638900023585","-75.68444400043093",PA,Susquehanna,Harford,HARFORD TWP SUSQUEHANNA CNTY BRINESPREADING,HARFORD TWP SUSQUEHANNA CNTY,,,,Active,,Other / Unknown,https://wellwiki.org/wiki/37-WO21 16,,"2621306"
37-760449,,"41.92779699981016","-76.02000300033122",PA,Susquehanna,Choconut,CHOCONUT TWP SUSQUEHANNA CNTY BRINESPREADING,CHOCONUT TWP SUSQUEHANNA CNTY,,,,Active,,Other / Unknown,https://wellwiki.org/wiki/37-760449,,"2621307"
37-083-10934,,"41.93232100024379","-78.50540900002088",PA,McKean,Otto,HANNA 2,WILLARD M CLINE,1800-01-01,,OIL,Active,Vertical Well,Production Well,https://wellwiki.org/wiki/37-083-10934,,"2621339"
37-115-22364,,"41.6816660003002","-75.92133299994109",PA,Susquehanna,Springville,SPRINGVILLE TWP SUSQUEHANNA CNTY BRINESPREADING,SPRINGVILLE TWP SUSQUEHANNA CNTY,,,,Active,,Other / Unknown,https://wellwiki.org/wiki/37-115-22364,,"2621308"
37-95-065-012,,"41.09133199991727","-79.13432899957436",PA,Jefferson,Beaver,ALLEGHENY RIVER MINING / 5915 / 5915,NATL FUEL GAS SUPPLY CORP,,,,Active,,Other / Unknown,https://wellwiki.org/wiki/37-95-065-012,,"2621309"
37-115-21289,,"41.958835999866885","-75.93505000034344",PA,Susquehanna,Silver Lake,SILVER LAKE TWP SUSQUEHANNA CNTY BRINESPREADING,SILVER LAKE TWP SUSQUEHANNA CNTY,,,,Active,,Other / Unknown,https://wellwiki.org/wiki/37-115-21289,,"2621310"
37-763114,,"41.978189000328804","-77.23645799967606",PA,Tioga,Nelson,NELSON TWP TIOGA CNTY BRINESPREADING,NELSON TWP TIOGA CNTY BRINESPREADING,,,,Active,,Other / Unknown,https://wellwiki.org/wiki/37-763114,,"2621311"
37-005-00445,,"40.86046699987981","-79.42834200005402",PA,Armstrong,Boggs,YOCKEY 2,BLX INC,1800-01-01,,GAS,Active,Vertical Well,Production Well,https://wellwiki.org/wiki/37-005-00445,,"2621312"
37-053-29906,,"41.618977999883924","-79.04578899970763",PA,Forest,Howe,WELD 7,MCCOOL JOHN E,2011-02-28,,OIL,Active,Vertical Well,Production Well,https://wellwiki.org/wiki/37-053-29906,,"2621313"
37-047-20160,,"41.604270999900166","-78.64225700023577",PA,Elk,Jones,CLOPP 5F,HOWARD DRILLING INC,1970-04-18,,OIL,Active,Vertical Well,Production Well,https://wellwiki.org/wiki/37-047-20160,,"2621314"
37-049-22488,,"42.1155319997243","-80.07846800031035",PA,Erie,Erie,YOUNG 1,ST VINCENT HEALTH CTR,1800-01-01,,GAS,Active,Vertical Well,Production Well,https://wellwiki.org/wiki/37-049-22488,,"2621315"
37-123-27755,,"41.81829600020911","-79.19559799974132",PA,Warren,Pleasant,WENTZ 041,KCS ENERGY INC,1980-11-14,,OIL,Active,Vertical Well,Production Well,https://wellwiki.org/wiki/37-123-27755,,"2621316"
37-083-42368,,"41.86984300028207","-78.45706899988565",PA,McKean,Keating,YOUNG 5,HERZOG ROBERT L,1800-01-01,,OIL,Active,Vertical Well,Production Well,https://wellwiki.org/wiki/37-083-42368,,"2621317"
37-123-28320,,"41.81294499998585","-79.235062999704",PA,Warren,Pleasant,JONES 07,KCS ENERGY INC,1981-03-16,,OIL,Active,Vertical Well,Production Well,https://wellwiki.org/wiki/37-123-28320,,"2621318"
37-065-23630,,"41.03392200006963","-79.19603399975942",PA,Jefferson,Ringgold,AMES 1,FAIRMAN CORP,1992-12-26,,GAS,Active,Vertical Well,Production Well,https://wellwiki.org/wiki/37-065-23630,,"2621319"
37-031-01366,,"41.34395399985011","-79.25348599989367",PA,Clarion,Farmington,BLACK 1,G & G GAS INC,1800-01-01,,GAS,Active,Vertical Well,Production Well,https://wellwiki.org/wiki/37-031-01366,,"2621320"
37-083-50452,,"41.637658999811066","-78.92114999982425",PA,McKean,Wetmore,VAN 4,TITUS ENERGY LLC,2005-06-03,,GAS,Active,Vertical Well,Production Well,https://wellwiki.org/wiki/37-083-50452,,"2621321"
37-083-48582,,"41.836653999922945","-78.84901600026338",PA,McKean,Hamilton,LOT 2 37,SNYDER BROS INC,2002-07-30,,OIL,Active,Vertical Well,Production Well,https://wellwiki.org/wiki/37-083-48582,,"2621322"
37-049-25192,,"42.099615999879596","-80.17359899960377",PA,Erie,Millcreek,BARRON 1,KEVIN W BARRON,2006-05-15,,GAS,Active,Vertical Well,Production Well,https://wellwiki.org/wiki/37-049-25192,,"2621323"
37-123-43294,,"41.86793800003441","-78.92061300042214",PA,Warren,Mead,FOGEL 16,BEARCAT OIL CO LLC,2003-10-15,,OIL,Active,Vertical Well,Production Well,https://wellwiki.org/wiki/37-123-43294,,"2621324"
37-031-23711,,"41.177316999838524","-79.51713600036398",PA,Clarion,Beaver,FOX 6,L & H ENERGY CO INC,2003-07-15,,GAS,Active,Vertical Well,Production Well,https://wellwiki.org/wiki/37-031-23711,,"2621325"
37-121-45296,,"41.57504400020714","-79.56475599990065",PA,Venango,Allegheny,HOLTZ HI 8,5M OIL LLC,2013-09-24,,OIL,Active,Vertical Well,Production Well,https://wellwiki.org/wiki/37-121-45296,,"2621326"
37-049-25154,,"42.05628399998904","-80.25910200031078",PA,Erie,Fairview,E LESKO 1,LESKO EUGENE,2004-10-01,,GAS,Active,Vertical Well,Production Well,https://wellwiki.org/wiki/37-049-25154,,"2621327"
37-085-20533,,"41.30971999991509","-80.13828999960754",PA,Mercer,Lake,M HALLIDAY 1,CRS ENERGY LLC,1983-07-29,,GAS,Active,Vertical Well,Production Well,https://wellwiki.org/wiki/37-085-20533,,"2621328"
37-123-37467,,"41.79059999970541","-79.1002980003935",PA,Warren,Mead,STREICH 3,WHILTON BROOKS A,1985-03-25,,OIL,Active,Vertical Well,Production Well,https://wellwiki.org/wiki/37-123-37467,,"2621329"
37-123-43318,,"41.80897799986634","-79.19741399978372",PA,Warren,Pleasant,MCMAHAN S4,MCCOOL JOHN E,2003-02-10,,OIL,Active,Vertical Well,Production Well,https://wellwiki.org/wiki/37-123-43318,,"2621330"
37-083-00049,,"41.909586999672335","-78.64485400007776",PA,McKean,Bradford,PALMER 10,ZAWATSKI CHAZ E,1800-01-01,,OIL,Active,Vertical Well,Production Well,https://wellwiki.org/wiki/37-083-00049,,"2621331"
37-049-21824,,"42.013132000107426","-80.01466199967753",PA,Erie,Summit,K OSBORN 1,STEDMAN ENERGY INC,1800-01-01,,GAS,Active,Vertical Well,Production Well,https://wellwiki.org/wiki/37-049-21824,,"2621332"
37-125-28932,,"40.166610000326024","-79.98109000008097",PA,Washington,Fallowfield,Kevech 32H,EQT PROD CO,,,GAS,Active,Horizontal Well,Production Well,https://wellwiki.org/wiki/37-125-28932,,"2621333"
37-121-04764,,"41.249737000062986","-79.83634500003492",PA,Venango,Clinton,KERIN 12,ED KAYLOR,1800-01-01,,OIL,Active,Vertical Well,Production Well,https://wellwiki.org/wiki/37-121-04764,,"2621334"
37-121-41388,,"41.47530699988794","-79.90066600032853",PA,Venango,Canal,W BEAN 2A,OWS ENERGY LLC,1985-09-02,,GAS,Active,Vertical Well,Production Well,https://wellwiki.org/wiki/37-121-41388,,"2621335"
37-083-00050,,"41.90914199977512","-78.6450480002465",PA,McKean,Bradford,PALMER 11,ZAWATSKI CHAZ E,1800-01-01,,OIL,Active,Vertical Well,Production Well,https://wellwiki.org/wiki/37-083-00050,,"2621336"
37-053-27668,,"41.61245099990051","-79.13959400030176",PA,Forest,Howe,PROPER 1,CAMERON ENERGY CO,2004-03-01,,GAS,Active,Vertical Well,Production Well,https://wellwiki.org/wiki/37-053-27668,,"2621337"
37-123-42717,,"41.786827999978684","-79.13025700017182",PA,Warren,Mead,LOT 492 34,PIERCE & PETERSEN,2000-02-16,,OIL,Active,Vertical Well,Production Well,https://wellwiki.org/wiki/37-123-42717,,"2621338"
37-123-28328,,"41.81623900008634","-79.23268000012226",PA,Warren,Pleasant,JONES 027,KCS ENERGY INC,1981-03-09,,OIL,Active,Vertical Well,Production Well,https://wellwiki.org/wiki/37-123-28328,,"2621340"
37-123-27742,,"41.8187070001258","-79.1978909998097",PA,Warren,Pleasant,WENTZ 028,KCS ENERGY INC,1980-10-29,,OIL,Active,Vertical Well,Production Well,https://wellwiki.org/wiki/37-123-27742,,"2621341"
37-121-43424,,"41.61067500009614","-79.81939399993104",PA,Venango,Plum,FEEVEY 2,OWS ENERGY LLC,1998-09-14,,GAS,Active,Vertical Well,Production Well,https://wellwiki.org/wiki/37-121-43424,,"2621342"
37-121-04777,,"41.27940100028689","-79.83397900017161",PA,Venango,Rockland,MYERS 7,SAR GAS INC,1800-01-01,,GAS,Active,Vertical Well,Production Well,https://wellwiki.org/wiki/37-121-04777,,"2621343"
37-123-24885,,"41.749662999988615","-79.08617799958502",PA,Warren,Mead,BELL 4F,CAMERON ENERGY CO,1975-01-10,,OIL,Active,Vertical Well,Production Well,https://wellwiki.org/wiki/37-123-24885,,"2621344"
37-123-45769,,"41.80558800017714","-79.0085080000334",PA,Warren,Mead,LOT 49 13,PIERCE & PETERSEN,2009-12-08,,OIL,Active,Vertical Well,Production Well,https://wellwiki.org/wiki/37-123-45769,,"2621345"
37-049-23203,,"41.90281499979353","-79.9175260001958",PA,Erie,Le Boeuf,SPOTTS 1,PHILLIP L SPOTTS,1800-01-01,,GAS,Active,Vertical Well,Production Well,https://wellwiki.org/wiki/37-049-23203,,"2621346"
37-105-20879,,"41.94487600001273","-78.03473699975724",PA,Potter,Oswayo,MAXSON 4,MAXSON GAS CORP,1800-01-01,,GAS,Active,Vertical Well,Production Well,https://wellwiki.org/wiki/37-105-20879,,"2621347"
37-123-27753,,"41.8202170003165","-79.19633300040849",PA,Warren,Pleasant,WENTZ 039,KCS ENERGY INC,1980-12-08,,OIL,Active,Vertical Well,Production Well,https://wellwiki.org/wiki/37-123-27753,,"2621348"
37-123-27720,,"41.820515999721735","-79.20330299995186",PA,Warren,Pleasant,WENTZ 06,KCS ENERGY INC,1980-10-13,,OIL,Active,Vertical Well,Production Well,https://wellwiki.org/wiki/37-123-27720,,"2621349"
37-053-26617,,"41.622261000105674","-79.10087499997857",PA,Forest,Howe,HAIGHT 42P,CAMERON ENERGY CO,1993-06-24,,OIL,Active,Vertical Well,Production Well,https://wellwiki.org/wiki/37-053-26617,,"2621350"
37-031-01618,,"41.188310000223446","-79.58508100034646",PA,Clarion,Beaver,ELI BERLIN 1,HOMER HENRY,1800-01-01,,OIL,Active,Vertical Well,Production Well,https://wellwiki.org/wiki/37-031-01618,,"2621351"
37-053-30828,,"41.587981000219976","-79.02354699983543",PA,Forest,Howe,RUHLMAN 6,BALD HILL OIL,2016-08-29,,OIL,Active,Vertical Well,Production Well,https://wellwiki.org/wiki/37-053-30828,,"2621352"
37-123-40145,,"41.85167299997696","-79.12105200028638",PA,Warren,Glade,NUHFER 1,KYLANDER OIL INC,1988-07-20,,OIL,Active,Vertical Well,Production Well,https://wellwiki.org/wiki/37-123-40145,,"2621353"
37-083-00046,,"41.9100309997021","-78.6451319999121",PA,McKean,Bradford,PALMER 6,ZAWATSKI CHAZ E,1800-01-01,,OIL,Active,Vertical Well,Production Well,https://wellwiki.org/wiki/37-083-00046,,"2621354"
37-123-38460,,"41.80932399968381","-79.06542100021738",PA,Warren,Mead,EAGAN E-4,BRANCH JOHN D,1985-12-28,,OIL,Active,Vertical Well,Production Well,https://wellwiki.org/wiki/37-123-38460,,"2621355"
37-039-21528,,"41.51999599967546","-80.00359600044216",PA,Crawford,Wayne,DALE GUM 2,OWS ENERGY LLC,1800-01-01,,GAS,Active,Vertical Well,Production Well,https://wellwiki.org/wiki/37-039-21528,,"2621356"
37-049-25225,,"42.01381200027591","-80.34985499987992",PA,Erie,Lake City,ORANGE 1,SMITH PAUL E,2007-02-20,,GAS,Active,Vertical Well,Production Well,https://wellwiki.org/wiki/37-049-25225,,"2621357"
37-031-01738,,"41.23011299969232","-79.47662399956462",PA,Clarion,Elk,WENNER 95,DEITZ GAS & OIL INC,1800-01-01,,GAS,Active,Vertical Well,Production Well,https://wellwiki.org/wiki/37-031-01738,,"2621358"
37-053-24712,,"41.58905699999282","-79.50065899991301",PA,Forest,Harmony,HR DEV 86,RED VALLEY LTD,1982-11-18,,OIL,Active,Vertical Well,Production Well,https://wellwiki.org/wiki/37-053-24712,,"2621359"
37-053-24000,,"41.5560349999611","-79.45917299986856",PA,Forest,Harmony,BAIRD H21,PASSAUER MELVIN,1981-11-04,,OIL,Active,Vertical Well,Production Well,https://wellwiki.org/wiki/37-053-24000,,"2621360"
37-083-14896,,"41.89039200009613","-78.34364900029684",PA,McKean,Eldred,COPELAND 5,SUSAN M BELL,1800-01-01,,OIL,Active,Vertical Well,Production Well,https://wellwiki.org/wiki/37-083-14896,,"2621361"
37-123-45872,,"41.82794399982508","-79.04933299992888",PA,Warren,Mead,CLARK BF5,RICK & SONS OIL LLC,2010-09-03,,OIL,Active,Vertical Well,Production Well,https://wellwiki.org/wiki/37-123-45872,,"2621362"
37-121-43342,,"41.50748000004532","-79.72009799955204",PA,Venango,Oakland,HANCOX 11,MCCOOL JOHN E,1995-11-29,,OIL,Active,Vertical Well,Production Well,https://wellwiki.org/wiki/37-121-43342,,"2621363"
37-083-55217,,"41.83818600019506","-78.86573600038857",PA,McKean,Hamilton,LOT 3 64,SNYDER BROS INC,2011-09-02,,OIL,Active,Vertical Well,Production Well,https://wellwiki.org/wiki/37-083-55217,,"2621364"
37-083-49766,,"41.63999500001693","-78.92534799962348",PA,McKean,Wetmore,KEANE 1,TITUS ENERGY LLC,2004-11-11,,GAS,Active,Vertical Well,Production Well,https://wellwiki.org/wiki/37-083-49766,,"2621365"
37-083-15734,,"41.96433600013922","-78.41012300001842",PA,McKean,Eldred,WRIGHT 2,GREELEY JOHN M,1800-01-01,,OIL,Active,Vertical Well,Production Well,https://wellwiki.org/wiki/37-083-15734,,"2621366"
37-083-25364,,"41.95380799995436","-78.42813899960402",PA,McKean,Otto,WINDFALL BW 8,SNOW & SNOW OIL,1800-01-01,,OIL,Active,Vertical Well,Production Well,https://wellwiki.org/wiki/37-083-25364,,"2621367"
37-123-42841,,"41.7885689997118","-79.14145100035203",PA,Warren,Mead,HERTZEL 15,PIERCE & PETERSEN,2000-10-27,,OIL,Active,Vertical Well,Production Well,https://wellwiki.org/wiki/37-123-42841,,"2621368"
37-031-01534,,"41.26224199993355","-79.51474899968595",PA,Clarion,Elk,WELLS 1,MELVIN W KAPP,1800-01-01,,OIL,Active,Vertical Well,Production Well,https://wellwiki.org/wiki/37-031-01534,,"2621369"
37-065-26856,,"41.066833000235334","-79.07130600018759",PA,Jefferson,Knox,SHAFFER 9,JWS ENERGY LLC,2010-06-29,,GAS,Active,Vertical Well,Production Well,https://wellwiki.org/wiki/37-065-26856,,"2621370"
37-121-39150,,"41.24713000012083","-79.83581799978022",PA,Venango,Clinton,KERIN 19,ED KAYLOR,1985-04-16,,OIL,Active,Vertical Well,Production Well,https://wellwiki.org/wiki/37-121-39150,,"2621371"
37-083-50570,,"41.84692699967095","-78.85280499980868",PA,McKean,Hamilton,LOT 2 89,SNYDER BROS INC,2006-05-05,,OIL,Active,Vertical Well,Production Well,https://wellwiki.org/wiki/37-083-50570,,"2621372"
37-105-00254,,"41.95260600012035","-78.05730800041574",PA,Potter,Oswayo,GREEN 2A,11 MILE OIL CORP,1800-01-01,,OIL,Active,Vertical Well,Production Well,https://wellwiki.org/wiki/37-105-00254,,"2621373"
37-125-22940,,"40.2686670002308","-80.02531699990749",PA,Washington,Union,TRAX FARMS 5,DORSO LP,2008-01-09,,GAS,Active,Vertical Well,Production Well,https://wellwiki.org/wiki/37-125-22940,,"2621374"
37-083-47970,,"41.833703999845106","-78.85131099998156",PA,McKean,Hamilton,LOT 2 25,SNYDER BROS INC,2001-02-12,,OIL,Active,Vertical Well,Production Well,https://wellwiki.org/wiki/37-083-47970,,"2621375"
37-121-34436,,"41.38895799980316","-79.80017200039842",PA,Venango,Cranberry,FRANK 11,BEST JOHN B,1983-05-19,,OIL,Active,Vertical Well,Production Well,https://wellwiki.org/wiki/37-121-34436,,"2621376"
37-031-21194,,"41.127157000149886","-79.66659999971786",PA,Clarion,Richland,CUB 2,RIVERSTONE FARM,1983-02-04,,OIL,Active,Vertical Well,Production Well,https://wellwiki.org/wiki/37-031-21194,,"2621377"
37-083-55255,,"41.84016400011743","-78.87262800011416",PA,McKean,Hamilton,LOT 4 49,SNYDER BROS INC,2011-02-01,,OIL,Active,Vertical Well,Production Well,https://wellwiki.org/wiki/37-083-55255,,"2621378"
37-083-10998,,"41.91795000009341","-78.70235300006767",PA,McKean,Bradford,JOYCE 7,WILLARD M CLINE,1800-01-01,,OIL,Active,Vertical Well,Production Well,https://wellwiki.org/wiki/37-083-10998,,"2621379"
37-039-00203,,"41.70477299985386","-79.63313400042652",PA,Crawford,Rome,HUMMER 7,HARGER JAMES,1800-01-01,,OIL,Active,Vertical Well,Production Well,https://wellwiki.org/wiki/37-039-00203,,"2621380"
37-123-43854,,"41.8389770000285","-79.11209199972501",PA,Warren,Glade,KLARK 8,BF ADVENTURES LLC,2005-08-05,,OIL,Active,Vertical Well,Production Well,https://wellwiki.org/wiki/37-123-43854,,"2621381"
37-123-37466,,"41.79059999970541","-79.10158100033343",PA,Warren,Mead,STREICH 2,WHILTON BROOKS A,1985-03-23,,OIL,Active,Vertical Well,Production Well,https://wellwiki.org/wiki/37-123-37466,,"2621382"
37-019-00914,,"41.1699199999237","-79.89500800013907",PA,Butler,Marion,ATWELL 6,LAZY OIL CO,1800-01-01,,OIL,Active,Vertical Well,Production Well,https://wellwiki.org/wiki/37-019-00914,,"2621383"
37-063-26908,,"40.570995999724644","-79.35827300005757",PA,Indiana,Young,BENNETT 5,JACK SCALICI,1982-03-23,,GAS,Active,Vertical Well,Production Well,https://wellwiki.org/wiki/37-063-26908,,"2621384"
37-065-24925,,"40.94262399992986","-78.886394000022",PA,Jefferson,Gaskill,DEAN 3,HAROLD R ELKIN,2003-05-15,,GAS,Active,Vertical Well,Production Well,https://wellwiki.org/wiki/37-065-24925,,"2621385"
37-023-00005,,"41.33932499971286","-78.19732099983688",PA,Cameron,Gibson,MOATE 1,EQT PROD CO,1800-01-01,,GAS,Active,Vertical Well,Production Well,https://wellwiki.org/wiki/37-023-00005,,"2621386"
37-123-31102,,"41.762034000057085","-79.09288699991082",PA,Warren,Mead,YOUNG 6,CAMERON ENERGY CO,1800-01-01,,OIL,Active,Vertical Well,Production Well,https://wellwiki.org/wiki/37-123-31102,,"2621387"
37-053-30123,,"41.60201899980738","-79.03309200037779",PA,Forest,Howe,BALD 1,BALD HILL OIL,2012-02-20,,OIL,Active,Vertical Well,Production Well,https://wellwiki.org/wiki/37-053-30123,,"2621388"
37-123-45491,,"41.78056699988662","-79.08402500015704",PA,Warren,Mead,ROBINSON 20,BRANCH JOHN D,1800-01-01,,OIL,Active,Vertical Well,Production Well,https://wellwiki.org/wiki/37-123-45491,,"2621389"
37-033-23146,,"40.88532000011939","-78.72740299966907",PA,Clearfield,Bell,POWELL 003,FAIRMAN CORP,1989-05-16,,GAS,Active,Vertical Well,Production Well,https://wellwiki.org/wiki/37-033-23146,,"2621390"
37-053-27930,,"41.62585400019813","-79.1228490000622",PA,Forest,Howe,SOUTHWELL 2,CAMERON ENERGY CO,2005-05-10,,OIL,Active,Vertical Well,Production Well,https://wellwiki.org/wiki/37-053-27930,,"2621391"
37-083-48761,,"41.84715200029967","-78.82845700036415",PA,McKean,Corydon,LOT 7 7 5,SNYDER BROS INC,2002-11-01,,OIL,Active,Vertical Well,Production Well,https://wellwiki.org/wiki/37-083-48761,,"2621392"
37-123-45494,,"41.7797109997614","-79.07626100039528",PA,Warren,Mead,ROBINSON 33,BRANCH JOHN D,1800-01-01,,OIL,Active,Vertical Well,Production Well,https://wellwiki.org/wiki/37-123-45494,,"2621393"
37-019-21706,,"40.929144000037965","-80.15242200011159",PA,Butler,Muddycreek,CHEESEMAN UNIT 1,GEOPETRO LLC,2011-04-20,,GAS,Active,Horizontal Well,Production Well,https://wellwiki.org/wiki/37-019-21706,,"2621394"
37-003-01084,,"40.55713099972209","-80.08756900043872",PA,Allegheny,Ohio,ANDERSON 1,PA DEP OFC OIL & GAS MGMT,1800-01-01,2013-06-24,OIL,DEP Plugged,Vertical Well,Plugged,https://wellwiki.org/wiki/37-003-01084,,"2621395"
37-005-29055,,"40.662580999763875","-79.63250300041474",PA,Armstrong,Gilpin,T MANOL 2-13,BLX INC,,,GAS,Operator Reported Not Drilled,Vertical Well,Not Drilled,https://wellwiki.org/wiki/37-005-29055,,"2621396"
37-083-23316,,"41.99256000016168","-78.41094999984877",PA,McKean,Eldred,HUFFMAN 1,WOOD OIL CO,1965-02-03,,OIL,Active,Vertical Well,Production Well,https://wellwiki.org/wiki/37-083-23316,,"2621397"
37-121-46224,,"41.3985399999697","-79.76433000029971",PA,Venango,Cranberry,BEDOW 4,UNKNOWN OPR,1800-01-01,2021-03-26,OIL,DEP Plugged,Undetermined,Plugged,https://wellwiki.org/wiki/37-121-46224,,"2621398"
37-063-34779,,"40.56445299986444","-79.19701499957554",PA,Indiana,Center,P J BECK 1,DL RESOURCES INC,2006-06-13,,GAS,Active,Vertical Well,Production Well,https://wellwiki.org/wiki/37-063-34779,,"2621399"
37-117-21575,,"41.59464400032083","-77.04522200004745",PA,Tioga,Liberty,HARER K 713W 1H,SWEPI LP,,,GAS,Operator Reported Not Drilled,Horizontal Well,Not Drilled,https://wellwiki.org/wiki/37-117-21575,,"2621400"
37-728337,,"41.38339500026225","-78.72374999966789",PA,Elk,Ridgway,SGL 3H 44,EOG RESOURCES INC,,,GAS,Operator Reported Not Drilled,Vertical Well,Not Drilled,https://wellwiki.org/wiki/37-728337,,"2621401"
37-081-20131,,"41.579437000226896","-76.84868700025456",PA,Lycoming,McNett,JOHNSON 1,SWEPI LP,,,GAS,Operator Reported Not Drilled,Vertical Well,Not Drilled,https://wellwiki.org/wiki/37-081-20131,,"2621402"
37-031-24470,,"41.092169000164134","-79.32441600005566",PA,Clarion,Porter,CYPHER 7,DIVERSIFIED PROD LLC,2006-10-19,,GAS,Active,Vertical Well,Production Well,https://wellwiki.org/wiki/37-031-24470,,"2621403"
37-083-42398,,"41.96480800025848","-78.42759399980596",PA,McKean,Otto,WINDFALL BW-20,SNOW & SNOW OIL,1984-06-20,,OIL,Active,Vertical Well,Production Well,https://wellwiki.org/wiki/37-083-42398,,"2621404"
37-063-31820,,"40.68240900018042","-78.86533700018039",PA,Indiana,Green,KEITH 2,TURM OIL INC,1997-09-18,,GAS,Active,Vertical Well,Production Well,https://wellwiki.org/wiki/37-063-31820,,"2621405"
37-063-29434,,"40.454503999683716","-79.2414909998224",PA,Indiana,Burrell,TORRANCE 2,FAIRMAN CORP,1988-01-15,,GAS,Active,Vertical Well,Production Well,https://wellwiki.org/wiki/37-063-29434,,"2621406"
37-123-28329,,"41.815415999832624","-79.23194600017834",PA,Warren,Pleasant,JONES 028,KCS ENERGY INC,1981-03-10,,OIL,Active,Vertical Well,Production Well,https://wellwiki.org/wiki/37-123-28329,,"2621407"
37-065-25874,,"40.94968000014722","-79.03889899963187",PA,Jefferson,Perry,FC DOUTHET 4,DIVERSIFIED PROD LLC,2008-01-04,,GAS,Active,Vertical Well,Production Well,https://wellwiki.org/wiki/37-065-25874,,"2621408"
37-123-40263,,"41.90676399978295","-79.34743500042785",PA,Warren,Sugar Grove,STASIOWSKI 30,MOORE JASON S,1988-05-07,,OIL,Active,Vertical Well,Production Well,https://wellwiki.org/wiki/37-123-40263,,"2621409"
37-051-22075,,"39.84438600001033","-79.87269099992378",PA,Fayette,German,HERRING 3,DIVERSIFIED PROD LLC,2004-03-09,,GAS,Active,Vertical Well,Production Well,https://wellwiki.org/wiki/37-051-22075,,"2621410"
37-123-44265,,"41.81275499977977","-79.04120099992107",PA,Warren,Mead,LOT 38 54,PIERCE & PETERSEN,2006-10-17,,OIL,Active,Vertical Well,Production Well,https://wellwiki.org/wiki/37-123-44265,,"2621411"
37-065-01561,,"41.25065799985277","-78.96644299985572",PA,Jefferson,Warsaw,COOK 2,DIVERSIFIED PROD LLC,1800-01-01,,GAS,Active,Vertical Well,Production Well,https://wellwiki.org/wiki/37-065-01561,,"2621412"
37-059-27846,,"39.790456000203484","-80.20218599975371",PA,Greene,Wayne,IRISH PUG 5,RICE DRILLING B LLC,2020-01-21,,GAS,Active,Horizontal Well,Production Well,https://wellwiki.org/wiki/37-059-27846,,"2621413"
37-083-32498,,"41.922798999971","-78.53728400029902",PA,McKean,Foster,EVANS 137,BLAST PRODUCING CO,1800-01-01,,OIL,Active,Vertical Well,Production Well,https://wellwiki.org/wiki/37-083-32498,,"2621414"
37-121-04906,,"41.39107099976969","-79.73980399968164",PA,Venango,Cranberry,BAUM 33,PEASTER EDWIN,1800-01-01,,OIL,Active,Vertical Well,Production Well,https://wellwiki.org/wiki/37-121-04906,,"2621415"
37-121-27077,,"41.54057799967566","-79.57812400032356",PA,Venango,Oilcreek,HUIDEKOPER 10,VISTA PETRO INC,1979-12-11,,OIL,Active,Vertical Well,Production Well,https://wellwiki.org/wiki/37-121-27077,,"2621416"
37-021-20952,,"40.70544000032649","-78.63699800025447",PA,Cambria,Chest,LEIDEN UNIT 4,MTN V OIL & GAS INC,2005-11-11,,GAS,Active,Vertical Well,Production Well,https://wellwiki.org/wiki/37-021-20952,,"2621417"
37-019-21830,,"40.934082999937225","-79.89391099997198",PA,Butler,Center,KISER 6,NORTHWESTERN WELL SVC INC,2011-04-19,,OIL,Active,Vertical Well,Production Well,https://wellwiki.org/wiki/37-019-21830,,"2621418"
37-083-55220,,"41.83699699973242","-78.86427799964814",PA,McKean,Hamilton,LOT 3 70,SNYDER BROS INC,2011-10-11,,OIL,Active,Vertical Well,Production Well,https://wellwiki.org/wiki/37-083-55220,,"2621419"
37-047-23314,,"41.25903699996363","-78.62980100003205",PA,Elk,Fox,BOLAM UNIT 2,DIVERSIFIED PROD LLC,1997-07-28,,GAS,Active,Vertical Well,Production Well,https://wellwiki.org/wiki/37-047-23314,,"2621420"
37-003-21408,,"40.49939900002403","-79.76386300031949",PA,Allegheny,Plum,MAZUR 1,DAKOTA OIL & GAS CO,1997-04-16,,GAS,Active,Vertical Well,Production Well,https://wellwiki.org/wiki/37-003-21408,,"2621421"
37-031-21045,,"41.06866199989931","-79.38761699971766",PA,Clarion,Porter,MCCALL 1,G & G GAS INC,1982-04-12,,GAS,Active,Vertical Well,Production Well,https://wellwiki.org/wiki/37-031-21045,,"2621422"
37-005-31432,,"40.91391999995788","-79.37329000011829",PA,Armstrong,Boggs,Kuhns 8H,SNYDER BROS INC,2022-06-10,,GAS,Active,Horizontal Well,Production Well,https://wellwiki.org/wiki/37-005-31432,,"2621423"
37-031-01350,,"41.25001099990739","-79.58308200000597",PA,Clarion,Salem,FLEMING 1,FLEMING PAUL L,1800-01-01,,GAS,Active,Vertical Well,Production Well,https://wellwiki.org/wiki/37-031-01350,,"2621424"
37-123-48649,,"41.76633299990163","-78.97926899995531",PA,Warren,Mead,DANA 114 2,WILMOTH INTERESTS INC,2022-07-27,,OIL,Active,Vertical Well,Production Well,https://wellwiki.org/wiki/37-123-48649,,"2621425"
37-019-01746,,"40.987065999708754","-79.74861799975484",PA,Butler,Fairview,RIGGLE 2,HAROLD J RITZERT,1800-01-01,,OIL,Active,Vertical Well,Production Well,https://wellwiki.org/wiki/37-019-01746,,"2621426"
37-053-23904,,"41.57484999969515","-79.51141700007513",PA,Forest,Harmony,GRIFFEN 22Q,AMES MARK E,1981-10-24,,OIL,Active,Vertical Well,Production Well,https://wellwiki.org/wiki/37-053-23904,,"2621427"
37-047-22864,,"41.59351999968774","-78.63724400030176",PA,Elk,Jones,AIELLO 7,NATURAL OIL & GAS CORP,1989-10-18,,OIL,Active,Vertical Well,Production Well,https://wellwiki.org/wiki/37-047-22864,,"2621428"
37-049-20511,,"42.16584599986572","-79.93735500034906",PA,Erie,Harborcreek,CARL BECKMAN 1,BECKMAN BROS,1978-06-01,,GAS,Active,Vertical Well,Production Well,https://wellwiki.org/wiki/37-049-20511,,"2621429"
37-063-30502,,"40.73944700005238","-79.09515599968975",PA,Indiana,Rayne,CONDRON 4,FAIRMAN CORP,1992-09-30,,GAS,Active,Vertical Well,Production Well,https://wellwiki.org/wiki/37-063-30502,,"2621430"
37-049-22105,,"42.15212700020049","-79.79455299966868",PA,Erie,Greenfield,ROGER DALE 1A,PPP FUTURE DEV INC,1800-01-01,,GAS,Active,Vertical Well,Production Well,https://wellwiki.org/wiki/37-049-22105,,"2621431"
37-123-30851,,"41.82326600000405","-79.21690700037631",PA,Warren,Pleasant,PIERCE 02,KCS ENERGY INC,1982-07-08,,OIL,Active,Vertical Well,Production Well,https://wellwiki.org/wiki/37-123-30851,,"2621432"
37-053-27006,,"41.56594199987962","-79.18486700024171",PA,Forest,Howe,WARRANT 5104 1077,MINARD RUN OIL CO,1998-07-17,,OIL,Active,Vertical Well,Production Well,https://wellwiki.org/wiki/37-053-27006,,"2621433"
37-083-10979,,"41.96602999969558","-78.65243000041687",PA,McKean,Bradford,ADAMS 11,WILLARD M CLINE,1800-01-01,,OIL,Active,Vertical Well,Production Well,https://wellwiki.org/wiki/37-083-10979,,"2621434"
37-065-00381,,"40.96962300027975","-79.09355700028064",PA,Jefferson,Perry,JN KELLY 42A 1,DIVERSIFIED PROD LLC,1800-01-01,2023-12-06,GAS,Plugged OG Well,Vertical Well,Plugged,https://wellwiki.org/wiki/37-065-00381,,"2621435"
37-083-25214,,"41.840485000296425","-78.67302199992804",PA,McKean,Lafayette,FLOOD 5 5A 19,MINARD RUN OIL CO,1969-08-23,1993-07-15,INJECTION,Plugged OG Well,Vertical Well,Plugged,https://wellwiki.org/wiki/37-083-25214,,"2621436"
37-121-40697,,"41.55808300031925","-79.55077800028072",PA,Venango,Allegheny,WITCO CORP BW7,BECK JAMES L,1985-04-01,2010-10-20,OIL,Plugged OG Well,Vertical Well,Plugged,https://wellwiki.org/wiki/37-121-40697,,"2621437"
37-121-31166,,"41.5223139999391","-79.62116600011942",PA,Venango,Cornplanter,KIRVAN 8,MANX INC,1981-11-20,1997-05-29,OIL,Plugged OG Well,Vertical Well,Plugged,https://wellwiki.org/wiki/37-121-31166,,"2621438"
37-031-01911,,"41.33015499968476","-79.50249300039708",PA,Clarion,Elk,LES GW 2,UNKNOWN OPR,1800-01-01,2003-08-20,OIL,Plugged OG Well,Vertical Well,Plugged,https://wellwiki.org/wiki/37-031-01911,,"2621439"
37-059-02099,,"39.82905599987412","-80.08413999984519",PA,Greene,Whiteley,EMMA HARTLEY 1,EQUITRANS INC,1800-01-01,2004-09-13,GAS,Plugged OG Well,Vertical Well,Plugged,https://wellwiki.org/wiki/37-059-02099,,"2621440"
37-059-02139,,"39.9025359996924","-80.46154600036328",PA,Greene,Richhill,C N HEWITT 1,UNKNOWN OPR,1800-01-01,2004-05-05,GAS,Plugged OG Well,Vertical Well,Plugged,https://wellwiki.org/wiki/37-059-02139,,"2621441"
37-121-04350,,"41.35220499968195","-79.75955699966691",PA,Venango,Cranberry,CRAWFORD & GREGORY 1,PA GEN ENERGY CORP,1800-01-01,2005-05-20,OIL,Plugged OG Well,Vertical Well,Plugged,https://wellwiki.org/wiki/37-121-04350,,"2621442"
37-053-27320,,"41.51109400008097","-79.13161899975448",PA,Forest,Jenks,LOT 28 1403,PA GEN ENERGY CORP,2001-10-16,2003-05-05,OIL,Plugged OG Well,Vertical Well,Plugged,https://wellwiki.org/wiki/37-053-27320,,"2621443"
37-059-23650,,"39.89560299989075","-80.47069599999715",PA,Greene,Richhill,J B SUPLER 4671,CONSOL PA COAL CO LLC,1800-01-01,2005-08-03,GAS,Plugged OG Well,Vertical Well,Plugged,https://wellwiki.org/wiki/37-059-23650,,"2621444"
37-083-25370,,"41.63096499994266","-78.86593600040511",PA,McKean,Wetmore,WT 3767 MOSER 11,HA MCKENNA,1800-01-01,1995-03-17,OIL,Plugged OG Well,Vertical Well,Plugged,https://wellwiki.org/wiki/37-083-25370,,"2621445"
37-121-45012,,"41.324877999867184","-79.68893899967446",PA,Venango,Cranberry,CHAGRIN 7 17A,VISTA OPR INC,2013-02-13,2015-10-09,OIL,Plugged OG Well,Vertical Well,Plugged,https://wellwiki.org/wiki/37-121-45012,,"2621446"
37-123-47286,,"41.78590799980376","-79.18744200034239",PA,Warren,Mead,LOT 487 21,GAS & OIL MGMT ASSN INC,1800-01-01,2013-07-08,UNDETERMINED,Plugged OG Well,Undetermined,Plugged,https://wellwiki.org/wiki/37-123-47286,,"2621447"
37-059-01006,,"39.90615599984529","-80.42468900011326",PA,Greene,Richhill,EARL D HULL N12,BURNS ROSS,1900-06-14,1968-10-02,GAS,Plugged OG Well,Vertical Well,Plugged,https://wellwiki.org/wiki/37-059-01006,,"2621448"
37-083-24328,,"41.95408300003867","-78.56031100016881",PA,McKean,Foster,GERMER 18,WITCO CORP,1800-01-01,1968-11-06,OIL,Plugged OG Well,Vertical Well,Plugged,https://wellwiki.org/wiki/37-083-24328,,"2621449"
37-105-00077,,"41.885992999679566","-78.07319300031467",PA,Potter,Hebron,W G CLARK 2001,NORTH PENN GAS CO,1800-01-01,2004-08-19,GAS,Plugged OG Well,Vertical Well,Plugged,https://wellwiki.org/wiki/37-105-00077,,"2621450"
37-129-90071,,"40.166461999845794","-79.81075499976002",PA,Westmoreland,Rostraver,CHAS V SMITH 464,CONSOL GAS CO,1800-01-01,,GAS,Plugged OG Well,Vertical Well,Plugged,https://wellwiki.org/wiki/37-129-90071,,"2621451"
37-083-35650,,"41.88269999989329","-78.4799250000512",PA,McKean,Keating,WARRANT 2187 28,PETRO NORTH LTD,1978-02-18,1994-02-05,OIL,Plugged OG Well,Vertical Well,Plugged,https://wellwiki.org/wiki/37-083-35650,,"2621452"
37-035-90055,,"41.28947800023108","-77.94347000035219",PA,Clinton,East Keating,POLLACK 1,UNKNOWN OPR,1800-01-01,,DRY HOLE,Plugged OG Well,Vertical Well,Plugged,https://wellwiki.org/wiki/37-035-90055,,"2621453"
37-105-20616,,"41.97909899990564","-78.03589699967351",PA,Potter,Oswayo,ED KEMP 6130,NATL FUEL GAS SUPPLY CORP,1923-07-20,1980-11-05,GAS,Plugged OG Well,Vertical Well,Plugged,https://wellwiki.org/wiki/37-105-20616,,"2621454"
37-047-22237,,"41.53099000026834","-78.90037099981701",PA,Elk,Highland,GILLIS 2 40,PENNZOIL PROD CO,1800-01-01,1988-11-08,OIL,Plugged OG Well,Vertical Well,Plugged,https://wellwiki.org/wiki/37-047-22237,,"2621455"
37-083-35276,,"41.86962699984803","-78.53848400039827",PA,McKean,Keating,DANA & ADAMS 5,WITCO CORP,1800-01-01,1985-05-15,OIL,Plugged OG Well,Vertical Well,Plugged,https://wellwiki.org/wiki/37-083-35276,,"2621456"
37-083-22893,,"41.74506499981208","-78.70119700034937",PA,McKean,Hamlin,KINZUA 576,PENNZOIL PROD CO,1963-07-15,1989-09-13,OIL,Plugged OG Well,Vertical Well,Plugged,https://wellwiki.org/wiki/37-083-22893,,"2621457"
37-083-43046,,"41.961816999735156","-78.59810400002911",PA,McKean,Foster,LAFFERTY 155,PENNZOIL PROD CO,1800-01-01,1983-12-22,OIL,Plugged OG Well,Vertical Well,Plugged,https://wellwiki.org/wiki/37-083-43046,,"2621458"
37-123-29210,,"41.63146399986778","-79.51543400012439",PA,Warren,Southwest,JENKS J1,MAY ENERGY INC,1981-07-15,2000-02-21,OIL,Plugged OG Well,Vertical Well,Plugged,https://wellwiki.org/wiki/37-123-29210,,"2621459"
37-083-21609,,"41.90123300021969","-78.52157099992924",PA,McKean,Otto,HOGAN 26,SH ELDER & CO,1959-01-13,1992-06-09,OIL,Plugged OG Well,Vertical Well,Plugged,https://wellwiki.org/wiki/37-083-21609,,"2621460"
37-083-33822,,"41.82949500031254","-78.6139789998823",PA,McKean,Lafayette,TIDEWATER BINGHAM 305,RICHARD B HERZOG,1800-01-01,1976-06-27,INJECTION,Plugged OG Well,Vertical Well,Plugged,https://wellwiki.org/wiki/37-083-33822,,"2621461"
37-083-34744,,"41.97585699985734","-78.58332200014506",PA,McKean,Foster,FREDERICKS 22,WITCO CORP,1800-01-01,1977-05-06,INJECTION,Plugged OG Well,Vertical Well,Plugged,https://wellwiki.org/wiki/37-083-34744,,"2621462"
37-083-21545,,"41.75714799990393","-78.67123400037306",PA,McKean,Hamlin,KINZUA 448,PENNZOIL PROD CO,1959-10-29,1989-04-26,OIL,Plugged OG Well,Vertical Well,Plugged,https://wellwiki.org/wiki/37-083-21545,,"2621463"
37-053-20143,,"41.603144999938195","-79.07320599989558",PA,Forest,Howe,BELL 2,PENNZOIL PROD CO,1964-09-02,1964-09-25,OIL,Plugged OG Well,Vertical Well,Plugged,https://wellwiki.org/wiki/37-053-20143,,"2621464"
37-049-21581,,"41.874045999965034","-79.79582599956288",PA,Erie,Union,GORDON WARD 1,GOE PRO INC,1981-10-28,,GAS,Plugged OG Well,Vertical Well,Plugged,https://wellwiki.org/wiki/37-049-21581,,"2621465"
37-083-09657,,"41.93328099996273","-78.5185630001835",PA,McKean,Otto,NORTH LOOKER 6,PENNZOIL PROD CO,1800-01-01,1992-08-27,OIL,Plugged OG Well,Vertical Well,Plugged,https://wellwiki.org/wiki/37-083-09657,,"2621466"
37-065-00831,,"41.281789999927696","-79.07941800010391",PA,Jefferson,Eldred,LEON MCNEIL 4489,NATL FUEL GAS SUPPLY CORP,1943-11-11,1992-12-10,GAS,Plugged OG Well,Vertical Well,Plugged,https://wellwiki.org/wiki/37-065-00831,,"2621467"
37-083-06865,,"41.75953499974486","-78.67939399996995",PA,McKean,Hamlin,KINZUA WELLS 238,PENNZOIL PROD CO,1946-03-04,1990-05-07,GAS,Plugged OG Well,Vertical Well,Plugged,https://wellwiki.org/wiki/37-083-06865,,"2621468"
37-125-01802,,"40.19534499972763","-80.18684900002587",PA,Washington,South Strabane,"MUNCE, W J 32",PENNZOIL PROD CO,1800-01-01,1991-06-25,OIL,Plugged OG Well,Vertical Well,Plugged,https://wellwiki.org/wiki/37-125-01802,,"2621469"
37-083-07825,,"41.98676899987742","-78.49709299989004",PA,McKean,Otto,BURNS FLOOD 2 09,QUAKER STATE CORP,1800-01-01,1990-06-28,INJECTION,Plugged OG Well,Vertical Well,Plugged,https://wellwiki.org/wiki/37-083-07825,,"2621470"
37-083-07626,,"41.9185179998024","-78.70046099985728",PA,McKean,Bradford,JOYCE 28,WILLARD M CLINE,1800-01-01,1989-06-30,OIL,Plugged OG Well,Vertical Well,Plugged,https://wellwiki.org/wiki/37-083-07626,,"2621471"
37-083-01322,,"41.90126099974223","-78.50305400002823",PA,McKean,Otto,HARRISON 21,SH ELDER & CO,1800-01-01,1991-05-21,OIL,Plugged OG Well,Vertical Well,Plugged,https://wellwiki.org/wiki/37-083-01322,,"2621472"
37-125-92267,,"40.09255100029183","-80.27702300036012",PA,Washington,South Franklin,R. G. MANKEY 4,UNKNOWN OPR,1800-01-01,,OIL,Plugged OG Well,Vertical Well,Plugged,https://wellwiki.org/wiki/37-125-92267,,"2621473"
37-121-05392,,"41.44462100033255","-79.71968699964829",PA,Venango,Cornplanter,BENNING 5,QUAKER STATE CORP,1800-01-01,1997-07-18,OIL,Plugged OG Well,Vertical Well,Plugged,https://wellwiki.org/wiki/37-121-05392,,"2621474"
37-083-22891,,"41.747535000125204","-78.70394499980408",PA,McKean,Hamlin,KINZUA 574,PENNZOIL PROD CO,1963-06-27,1989-10-26,OIL,Plugged OG Well,Vertical Well,Plugged,https://wellwiki.org/wiki/37-083-22891,,"2621475"
37-083-35320,,"41.875917999671685","-78.53251999988706",PA,McKean,Keating,DANA & ADAMS 75,WITCO CORP,1800-01-01,1979-10-18,INJECTION,Plugged OG Well,Vertical Well,Plugged,https://wellwiki.org/wiki/37-083-35320,,"2621476"
37-083-45339,,"41.941468000177146","-78.56333399998313",PA,McKean,Foster,GIBSON-NEATH E-2,WITCO CORP,1800-01-01,1986-08-22,OIL,Plugged OG Well,Vertical Well,Plugged,https://wellwiki.org/wiki/37-083-45339,,"2621477"
37-083-46009,,"41.92949500001744","-78.53776200014993",PA,McKean,Foster,SUMMIT (FLOOD 10) 58,QUAKER STATE CORP,1800-01-01,1988-06-09,OIL,Plugged OG Well,Vertical Well,Plugged,https://wellwiki.org/wiki/37-083-46009,,"2621478"
37-083-44875,,"41.93054999999998","-78.36271699984366",PA,McKean,Eldred,PROUTY 4,DUKE ENERGY INC,1800-01-01,1986-01-15,OIL,Plugged OG Well,Vertical Well,Plugged,https://wellwiki.org/wiki/37-083-44875,,"2621479"
37-063-29365,,"40.712818000318876","-78.86913099974859",PA,Indiana,Green,P.T. SHERRY 2,CONSOL GAS CO,1987-05-05,1987-10-16,GAS,Plugged OG Well,Vertical Well,Plugged,https://wellwiki.org/wiki/37-063-29365,,"2621480"
37-049-20976,,"42.110731999879945","-79.94258900021602",PA,Erie,Harborcreek,VERLE CALKINS 1,ENVIROGAS INC,1800-01-01,1980-05-29,GAS,Plugged OG Well,Vertical Well,Plugged,https://wellwiki.org/wiki/37-049-20976,,"2621481"
37-047-22267,,"41.528226000335806","-78.93575000013344",PA,Elk,Highland,WARRANT 3664 37,PENNZOIL PROD CO,1800-01-01,1986-07-02,OIL,Plugged OG Well,Vertical Well,Plugged,https://wellwiki.org/wiki/37-047-22267,,"2621482"
37-083-42898,,"41.963278000210835","-78.6164140002409",PA,McKean,Foster,MELVIN 327,PENNZOIL PROD CO,1800-01-01,1984-07-11,INJECTION,Plugged OG Well,Vertical Well,Plugged,https://wellwiki.org/wiki/37-083-42898,,"2621483"
37-063-27004,,"40.67733000021742","-78.98510299987186",PA,Indiana,Cherryhill,JOHN EVANICK 1,PENNZOIL PROD CO,1800-01-01,1982-06-23,GAS,Plugged OG Well,Vertical Well,Plugged,https://wellwiki.org/wiki/37-063-27004,,"2621484"
37-039-22087,,"41.77232700023968","-80.0061759996674",PA,Crawford,Rockdale,M BAUER 1,MERIDIAN EXPLORATION CORP,1800-01-01,1987-04-15,GAS,Plugged OG Well,Vertical Well,Plugged,https://wellwiki.org/wiki/37-039-22087,,"2621485"
37-123-01263,,"41.70229200024571","-79.56526100041404",PA,Warren,Southwest,BENDICT (EATON) 25,PA GEN ENERGY CORP,1800-01-01,,OIL,Plugged OG Well,Vertical Well,Plugged,https://wellwiki.org/wiki/37-123-01263,,"2621486"
37-083-44054,,"41.97187499970617","-78.60831999986793",PA,McKean,Foster,TATE 15,L & J OIL CO,1800-01-01,1984-10-30,OIL,Plugged OG Well,Vertical Well,Plugged,https://wellwiki.org/wiki/37-083-44054,,"2621487"
37-083-29380,,"41.97557900033094","-78.56197999989811",PA,McKean,Foster,JACKSON 14,QUAKER STATE CORP,1800-01-01,1972-12-21,OIL,Plugged OG Well,Vertical Well,Plugged,https://wellwiki.org/wiki/37-083-29380,,"2621488"
37-083-05516,,"41.928534000307444","-78.50719199955299",PA,McKean,Otto,KNOX & SOUTH LOOKER 2KS3,PENNZOIL PROD CO,1947-06-12,1992-06-15,OIL,Plugged OG Well,Vertical Well,Plugged,https://wellwiki.org/wiki/37-083-05516,,"2621489"
37-019-00560,,"40.761666999876475","-79.80889400041012",PA,Butler,Jefferson,E SCHLUEP 0,REDMILL DRILLING,1800-01-01,2015-04-15,GAS,Plugged OG Well,Vertical Well,Plugged,https://wellwiki.org/wiki/37-019-00560,,"2621490"
37-083-15391,,"41.72373900014187","-78.83506600023253",PA,McKean,Wetmore,LOT 221 OG WELL,UNKNOWN OPR,1800-01-01,2006-07-20,OIL,Plugged OG Well,Vertical Well,Plugged,https://wellwiki.org/wiki/37-083-15391,,"2621491"
37-121-24386,,"41.60097199984852","-79.71212700010103",PA,Venango,Cherrytree,GLENN PATTERSON 9,MAUL LARRY E,1800-01-01,2007-08-30,OIL,Plugged OG Well,Vertical Well,Plugged,https://wellwiki.org/wiki/37-121-24386,,"2621492"
37-121-02173,,"41.59995600003395","-79.71459300042176",PA,Venango,Cherrytree,PATTERSON 1,MAUL LARRY E,1800-01-01,2007-09-10,OIL,Plugged OG Well,Vertical Well,Plugged,https://wellwiki.org/wiki/37-121-02173,,"2621493"
37-059-02204,,"39.87833000010946","-80.1109429997398",PA,Greene,Franklin,WB RHODES 387,UNKNOWN OPR,1800-01-01,2008-07-23,GAS,Plugged OG Well,Vertical Well,Plugged,https://wellwiki.org/wiki/37-059-02204,,"2621494"
37-121-44391,,"41.32242799997914","-79.60317499974987",PA,Venango,Pinegrove,SGL B18,BLX INC,2008-10-06,2012-02-17,OIL,Plugged OG Well,Vertical Well,Plugged,https://wellwiki.org/wiki/37-121-44391,,"2621495"
37-083-12637,,"41.98754199997052","-78.62987200017716",PA,McKean,Foster,STACK FARM 6,PA DEP OFC OIL & GAS MGMT,1800-01-01,,OIL,DEP Orphan List,Vertical Well,Orphaned / Abandoned / Unverified Plug,https://wellwiki.org/wiki/37-083-12637,,"2621496"
37-063-31967,,"40.50668699992298","-79.45265299968864",PA,Indiana,Conemaugh,BRICILLO OO3,KRIEBEL GAS INC,,,GAS,Operator Reported Not Drilled,Vertical Well,Not Drilled,https://wellwiki.org/wiki/37-063-31967,,"2621497"
37-105-90089,,"41.95517900026213","-78.04503799998486",PA,Potter,Oswayo,SPENCER 1,UNKNOWN OPR,1800-01-01,,OIL,DEP Abandoned List,Vertical Well,Orphaned / Abandoned / Unverified Plug,https://wellwiki.org/wiki/37-105-90089,,"2621498"
37-117-90018,,"41.97544199994741","-77.29646099962154",PA,Tioga,Nelson,H Z FRISBIE 1,UNKNOWN OPR,1800-01-01,,DRY HOLE,DEP Abandoned List,Vertical Well,Orphaned / Abandoned / Unverified Plug,https://wellwiki.org/wiki/37-117-90018,,"2621499"
37-059-27575,,"39.80643100024575","-80.23033900043373",PA,Greene,Wayne,DAHN-TAHN 2,RICE DRILLING B LLC,,,GAS,Operator Reported Not Drilled,Horizontal Well,Not Drilled,https://wellwiki.org/wiki/37-059-27575,,"2621500"
37-005-29901,,"40.70673599989026","-79.56309499966896",PA,Armstrong,Bethel,BOYD 2,STEWART INC,,,GAS,Proposed But Never Materialized,Vertical Well,Not Drilled,https://wellwiki.org/wiki/37-005-29901,,"2621501"
37-047-23660,,"41.61697900015383","-78.87363999989243",PA,Elk,Highland,WARRANT 3775 ARG 129,ARG RESOURCES INC,2005-07-18,,OIL,Abandoned,Vertical Well,Orphaned / Abandoned / Unverified Plug,https://wellwiki.org/wiki/37-047-23660,,"2621502"
37-059-90140,,"39.76712500005902","-80.17213300026407",PA,Greene,Perry,E A PHILLIPS 1,EQT PROD CO,1800-01-01,,GAS,DEP Abandoned List,Vertical Well,Orphaned / Abandoned / Unverified Plug,https://wellwiki.org/wiki/37-059-90140,,"2621503"
37-129-90267,,"40.384160000326474","-79.73277999971158",PA,Westmoreland,Penn,B F WEST 2,UNKNOWN OPR,1800-01-01,,GAS,DEP Abandoned List,Vertical Well,Orphaned / Abandoned / Unverified Plug,https://wellwiki.org/wiki/37-129-90267,,"2621504"
37-083-11593,,"41.93863300001507","-78.54795700007232",PA,McKean,Foster,MURPHY 3,PA DEP OFC OIL & GAS MGMT,1800-01-01,,UNDETERMINED,DEP Orphan List,Vertical Well,Orphaned / Abandoned / Unverified Plug,https://wellwiki.org/wiki/37-083-11593,,"2621505"
37-047-24563,,"41.58766900026136","-78.64460600038063",PA,Elk,Jones,KILHOFFER 6,SEPTEMBER CORP,,,OIL,Operator Reported Not Drilled,Vertical Well,Not Drilled,https://wellwiki.org/wiki/37-047-24563,,"2621506"
37-027-20955,,"41.06671800015139","-77.95981800003338",PA,Centre,Snow Shoe,GULF USA 6,MID EAST OIL CO,,,GAS,Operator Reported Not Drilled,Vertical Well,Not Drilled,https://wellwiki.org/wiki/37-027-20955,,"2621507"
37-083-10781,,"41.95917800004646","-78.62923399959439",PA,McKean,Bradford,HARPS 01,PA DEP OFC OIL & GAS MGMT,1800-01-01,,UNDETERMINED,DEP Orphan List,Vertical Well,Orphaned / Abandoned / Unverified Plug,https://wellwiki.org/wiki/37-083-10781,,"2621508"
37-121-07199,,"41.18655200006674","-79.88765899958068",PA,Venango,Clinton,IRWIN C9,PA DEP OFC OIL & GAS MGMT,1800-01-01,,OIL,DEP Abandoned List,Vertical Well,Orphaned / Abandoned / Unverified Plug,https://wellwiki.org/wiki/37-121-07199,,"2621509"
37-123-05448,,"41.78975300006309","-79.10359200036947",PA,Warren,Mead,CARLSON 3,UNKNOWN OPR,1800-01-01,2011-07-18,OIL,Plugged OG Well,Vertical Well,Plugged,https://wellwiki.org/wiki/37-123-05448,,"2621510"
37-123-04379,,"41.66565100020717","-79.00484699963629",PA,Warren,Sheffield,LOT 369 36,LOBDELL PEGGY,1800-01-01,2010-09-28,OIL,Plugged OG Well,Vertical Well,Plugged,https://wellwiki.org/wiki/37-123-04379,,"2621511"
37-083-47961,,"41.83487099976077","-78.69371999974445",PA,McKean,Lafayette,WT 2265 KNEF KNEF 27,MINARD RUN OIL CO,2001-06-21,2009-12-11,OIL,Plugged OG Well,Vertical Well,Plugged,https://wellwiki.org/wiki/37-083-47961,,"2621512"
37-083-16253,,"41.948138999704234","-78.6803610004407",PA,McKean,Bradford,ROGERS 2,GEORGE BRUCE S,1800-01-01,2011-12-08,OIL,Plugged OG Well,Vertical Well,Plugged,https://wellwiki.org/wiki/37-083-16253,,"2621513"
37-053-01045,,"41.584860999976186","-79.33997200006664",PA,Forest,Hickory,WT 5200 A1,A & S PROD INC,1800-01-01,2012-01-05,UNDETERMINED,Plugged OG Well,Vertical Well,Plugged,https://wellwiki.org/wiki/37-053-01045,,"2621514"
37-083-10187,,"41.851851000273854","-78.60380800024933",PA,McKean,Lafayette,BOYNE 22,QUAKER STATE CORP,1800-01-01,1993-10-08,OIL,Plugged OG Well,Vertical Well,Plugged,https://wellwiki.org/wiki/37-083-10187,,"2621515"
37-083-46162,,"41.958061999996055","-78.84426799974491",PA,McKean,Corydon,LOT 27 2,CANTON OIL & GAS CO,1990-02-28,1990-09-17,DRY HOLE,Plugged OG Well,Vertical Well,Plugged,https://wellwiki.org/wiki/37-083-46162,,"2621516"
37-083-09572,,"41.98127299986384","-78.48584400035658",PA,McKean,Otto,UNION KEATING 53,PENNZOIL PROD CO,1800-01-01,1992-06-29,OIL,Plugged OG Well,Vertical Well,Plugged,https://wellwiki.org/wiki/37-083-09572,,"2621517"
37-083-07900,,"41.74245799992199","-78.70665399979907",PA,McKean,Hamlin,KINZUA WELLS 147,PENNZOIL PROD CO,1800-01-01,1990-02-13,OIL,Plugged OG Well,Vertical Well,Plugged,https://wellwiki.org/wiki/37-083-07900,,"2621518"
37-083-44744,,"41.844872000183756","-78.67629199961459",PA,McKean,Lafayette,HECKEL B-8,MINARD RUN OIL CO,1985-12-11,1996-06-21,OIL,Plugged OG Well,Vertical Well,Plugged,https://wellwiki.org/wiki/37-083-44744,,"2621519"
37-083-07129,,"41.944721999809914","-78.55116700038272",PA,McKean,Foster,BISETT 75,PA DEP OFC OIL & GAS MGMT,1800-01-01,2012-07-19,OIL,DEP Plugged,Vertical Well,Plugged,https://wellwiki.org/wiki/37-083-07129,,"2621520"
37-123-04789,,"41.67209100006686","-79.43507599959588",PA,Warren,Triumph,SGL 309 AREA 25,PA DEP OFC OIL & GAS MGMT,1800-01-01,2001-08-31,OIL,DEP Plugged,Vertical Well,Plugged,https://wellwiki.org/wiki/37-123-04789,,"2621521"
37-083-47075,,"41.807717999808816","-78.75139899965941",PA,McKean,Lafayette,WARRANT 3410 T1,SWEPI LP,,,OIL,Operator Reported Not Drilled,Vertical Well,Not Drilled,https://wellwiki.org/wiki/37-083-47075,,"2621522"
37-083-13150,,"41.92502000015696","-78.62088900004956",PA,McKean,Bradford,STOVER 176,WITCO CORP,1800-01-01,,OIL,DEP Abandoned List,Vertical Well,Orphaned / Abandoned / Unverified Plug,https://wellwiki.org/wiki/37-083-13150,,"2621523"
37-083-38128,,"41.84371800012036","-78.89509099991932",PA,McKean,Hamilton,WARRANT 5 23,COMM OIL & GAS CO INC,1980-09-01,,COMB. OIL&GAS,DEP Abandoned List,Vertical Well,Orphaned / Abandoned / Unverified Plug,https://wellwiki.org/wiki/37-083-38128,,"2621524"
37-047-24527,,"41.59529699975211","-78.47360599971273",PA,Elk,Jones,COP 68H 2315,EOG RESOURCES INC,,,GAS,Operator Reported Not Drilled,Horizontal Well,Not Drilled,https://wellwiki.org/wiki/37-047-24527,,"2621525"
37-063-37493,,"40.54091699970428","-79.2013970003961",PA,Indiana,Center,SUB INDIANA 3E,CNX GAS CO LLC,,,GAS,Operator Reported Not Drilled,Horizontal Well,Not Drilled,https://wellwiki.org/wiki/37-063-37493,,"2621526"
37-031-24757,,"41.136596000317","-79.4949820003553",PA,Clarion,Piney,PINE RUN 1,ABARTA OIL & GAS CO INC,,,GAS,Operator Reported Not Drilled,Vertical Well,Not Drilled,https://wellwiki.org/wiki/37-031-24757,,"2621527"
37-121-06343,,"41.560453000095976","-79.66938900007878",PA,Venango,Cherrytree,ZDARKO 09,PA DEP OFC OIL & GAS MGMT,1800-01-01,,OIL,DEP Orphan List,Vertical Well,Orphaned / Abandoned / Unverified Plug,https://wellwiki.org/wiki/37-121-06343,,"2621528"
37-007-00057,,"40.589325000129804","-80.43491800037087",PA,Beaver,Greene,R ALLISON 1,UNKNOWN OPR,1800-01-01,,GAS,DEP Abandoned List,Vertical Well,Orphaned / Abandoned / Unverified Plug,https://wellwiki.org/wiki/37-007-00057,,"2621529"
37-123-44549,,"41.92161700024559","-79.4391529999196",PA,Warren,Freehold,VANCO 3,CHAUTAUQUA ENERGY INC,,,GAS,Operator Reported Not Drilled,Vertical Well,Not Drilled,https://wellwiki.org/wiki/37-123-44549,,"2621530"
37-053-24692,,"41.593303000228246","-79.50328900026528",PA,Forest,Harmony,HR DEV 66,PA DEP OFC OIL & GAS MGMT,1982-09-23,,OIL,DEP Abandoned List,Vertical Well,Orphaned / Abandoned / Unverified Plug,https://wellwiki.org/wiki/37-053-24692,,"2621531"
37-005-30784,,"40.89314199968221","-79.27982799965584",PA,Armstrong,Wayne,GROOMS 4L56-0069,WHITE OAK FARMS INC,,,GAS,Proposed But Never Materialized,Vertical Well,Not Drilled,https://wellwiki.org/wiki/37-005-30784,,"2621532"
37-019-01845,,"41.054664000217564","-79.7465730002819",PA,Butler,Parker,MAIHLE 8,PA DEP OFC OIL & GAS MGMT,1800-01-01,,UNDETERMINED,DEP Orphan List,Vertical Well,Orphaned / Abandoned / Unverified Plug,https://wellwiki.org/wiki/37-019-01845,,"2621533"
37-031-25442,,"41.280867000118036","-79.5224609995692",PA,Clarion,Elk,J GRUBER 590705,EQT PROD CO,,,GAS,Operator Reported Not Drilled,Horizontal Well,Not Drilled,https://wellwiki.org/wiki/37-031-25442,,"2621534"
37-125-02064,,"40.01002100008652","-80.34049299963564",PA,Washington,Morris,CROUSE 823,UNKNOWN OPR,1800-01-01,,GAS,DEP Abandoned List,Vertical Well,Orphaned / Abandoned / Unverified Plug,https://wellwiki.org/wiki/37-125-02064,,"2621535"
37-063-24101,,"40.71430599968635","-79.16748599996752",PA,Indiana,Washington,JOSEPH KLEIN 1,J & J ENTERPRISES INC,1978-02-11,,GAS,DEP Abandoned List,Vertical Well,Orphaned / Abandoned / Unverified Plug,https://wellwiki.org/wiki/37-063-24101,,"2621536"
37-125-91679,,"40.24412100018889","-80.25013199970364",PA,Washington,Chartiers,HERRON 3,UNKNOWN OPR,1800-01-01,,GAS,DEP Abandoned List,Vertical Well,Orphaned / Abandoned / Unverified Plug,https://wellwiki.org/wiki/37-125-91679,,"2621537"
37-019-92094,,"40.99095700000533","-79.75700099983281",PA,Butler,Fairview,R N HAYS 20,UNKNOWN OPR,1800-01-01,,OIL,DEP Abandoned List,Vertical Well,Orphaned / Abandoned / Unverified Plug,https://wellwiki.org/wiki/37-019-92094,,"2621538"
37-049-90039,,"42.056172000006626","-80.05947799968301",PA,Erie,Summit,J SCHUSTER,UNKNOWN OPR,1800-01-01,,DRY HOLE,DEP Abandoned List,Vertical Well,Orphaned / Abandoned / Unverified Plug,https://wellwiki.org/wiki/37-049-90039,,"2621539"
37-019-91456,,"40.92047199976075","-79.77328900013786",PA,Butler,Donegal,J S MILLER 1,UNKNOWN OPR,1800-01-01,,OIL,DEP Abandoned List,Vertical Well,Orphaned / Abandoned / Unverified Plug,https://wellwiki.org/wiki/37-019-91456,,"2621540"
37-059-02023,,"39.85989499992268","-80.13980600007429",PA,Greene,Franklin,H R WOOD 1,MC BRUMAGE,1800-01-01,,GAS,DEP Abandoned List,Vertical Well,Orphaned / Abandoned / Unverified Plug,https://wellwiki.org/wiki/37-059-02023,,"2621541"
37-021-20773,,"40.43337199977674","-78.58772400015877",PA,Cambria,Cresson,O'NEILL 1,EPI DRILLING CO INC,1800-01-01,,GAS,DEP Abandoned List,Vertical Well,Orphaned / Abandoned / Unverified Plug,https://wellwiki.org/wiki/37-021-20773,,"2621542"
37-059-21819,,"39.98426400006535","-80.17041099993298",PA,Greene,Washington,RAY L CONNOR 3,KEPCO INC,1800-01-01,,GAS,DEP Abandoned List,Vertical Well,Orphaned / Abandoned / Unverified Plug,https://wellwiki.org/wiki/37-059-21819,,"2621543"
37-003-01145,,"40.36918700026311","-80.19795699999237",PA,Allegheny,South Fayette,SAUSSOL 4,PA DEP OFC OIL & GAS MGMT,1800-01-01,2000-05-17,OIL,DEP Plugged,Vertical Well,Plugged,https://wellwiki.org/wiki/37-003-01145,,"2621544"
37-105-21234,,"41.745711000017","-77.96462099990512",PA,Potter,Eulalia,HUBER 1,MID EAST OIL CO,,,GAS,Operator Reported Not Drilled,Vertical Well,Not Drilled,https://wellwiki.org/wiki/37-105-21234,,"2621545"
37-083-56398,,"41.87156099980779","-78.69274399995118",PA,McKean,Lafayette,EVANS 106,RATTLER PARTNERS LLC,,,OIL,Proposed But Never Materialized,Vertical Well,Not Drilled,https://wellwiki.org/wiki/37-083-56398,,"2621546"
37-059-01849,,"39.80872799980845","-80.42816999968701",PA,Greene,Aleppo,J. T. ELBIN 1,LEATHERWOOD LLC,1800-01-01,,OIL,Abandoned,Vertical Well,Orphaned / Abandoned / Unverified Plug,https://wellwiki.org/wiki/37-059-01849,,"2621547"
37-059-01588,,"39.809472000305234","-80.4662780000899",PA,Greene,Aleppo,GEORGE MOORE 1,LEATHERWOOD LLC,1800-01-01,,OIL,Abandoned,Vertical Well,Orphaned / Abandoned / Unverified Plug,https://wellwiki.org/wiki/37-059-01588,,"2621548"
37-019-22161,,"41.01978599986166","-79.79271099968703",PA,Butler,Concord,HINDMAN 1H,US ENERGY EXPLORATION CORP,,,OIL,Operator Reported Not Drilled,Horizontal Well,Not Drilled,https://wellwiki.org/wiki/37-019-22161,,"2621549"
37-115-21605,,"41.89989200013834","-75.637588999902",PA,Susquehanna,Jackson,WALKER WEST 5H,SWN PROD CO LLC,,,GAS,Operator Reported Not Drilled,Horizontal Well,Not Drilled,https://wellwiki.org/wiki/37-115-21605,,"2621550"
37-081-21382,,"41.37828600007985","-77.22970300021781",PA,Lycoming,Cogan House,ELBOW F&G C 217H,ANADARKO E&P ONSHORE LLC,,,GAS,Operator Reported Not Drilled,Horizontal Well,Not Drilled,https://wellwiki.org/wiki/37-081-21382,,"2621551"
37-125-00670,,"40.24443199988819","-79.9769879996429",PA,Washington,Union,G C ROBB F64,EQT PROD CO,1800-01-01,2023-09-28,GAS,Abandoned,Vertical Well,Orphaned / Abandoned / Unverified Plug,https://wellwiki.org/wiki/37-125-00670,,"2621552"
37-065-20973,,"40.912013000332635","-78.93213300011728",PA,Jefferson,Bell,J TURNAGE AB13,J & J ENTERPRISES INC,,,GAS,Operator Reported Not Drilled,Vertical Well,Not Drilled,https://wellwiki.org/wiki/37-065-20973,,"2621553"
37-047-23339,,"41.5115799996908","-78.90291400013065",PA,Elk,Highland,WARRANT 2032 1158,ARG RESOURCES INC,1998-09-21,,OIL,Abandoned,Vertical Well,Orphaned / Abandoned / Unverified Plug,https://wellwiki.org/wiki/37-047-23339,,"2621554"
37-083-07048,,"41.656117000253126","-78.80249899984322",PA,McKean,Kane,SOUTH KANE 47,SZYMANSKI JAMES E,1800-01-01,,GAS,Abandoned,Vertical Well,Orphaned / Abandoned / Unverified Plug,https://wellwiki.org/wiki/37-083-07048,,"2621555"
37-003-21927,,"40.581420999672495","-79.84144300035773",PA,Allegheny,Indiana,MICALE 3,HUNTLEY & HUNTLEY INC,,,GAS,Operator Reported Not Drilled,Vertical Well,Not Drilled,https://wellwiki.org/wiki/37-003-21927,,"2621556"
37-019-20060,,"41.08128800012472","-79.70990099997982",PA,Butler,Parker,BEAR CREEK 110,DYER J G,1963-08-08,,OIL,DEP Abandoned List,Vertical Well,Orphaned / Abandoned / Unverified Plug,https://wellwiki.org/wiki/37-019-20060,,"2621557"
37-021-20795,,"40.66964499988406","-78.82519500017523",PA,Cambria,Susquehanna,REGINA YANELLA 4,VICTORY ENERGY CO,,,GAS,Operator Reported Not Drilled,Vertical Well,Not Drilled,https://wellwiki.org/wiki/37-021-20795,,"2621558"
37-125-92892,,"40.14560899982586","-80.2047240000445",PA,Washington,Amwell,H C DAGUE 2,EQUITABLE GAS CO,1800-01-01,,OIL,DEP Abandoned List,Vertical Well,Orphaned / Abandoned / Unverified Plug,https://wellwiki.org/wiki/37-125-92892,,"2621560"
37-019-90530,,"40.93117599997147","-79.7685819996273",PA,Butler,Donegal,D ODONNELL 1,UNKNOWN OPR,1800-01-01,,OIL,DEP Abandoned List,Vertical Well,Orphaned / Abandoned / Unverified Plug,https://wellwiki.org/wiki/37-019-90530,,"2621561"
37-117-22208,,"41.898559999893926","-77.54188999956851",PA,Tioga,Westfield,Abplanalp 4H,SWN PROD CO LLC,,,GAS,Proposed But Never Materialized,Horizontal Well,Not Drilled,https://wellwiki.org/wiki/37-117-22208,,"2621562"
37-129-27391,,"40.34938099990773","-79.36507799974453",PA,Westmoreland,Derry,SHANNON 3,RE GAS DEV LLC,,,GAS,Operator Reported Not Drilled,Vertical Well,Not Drilled,https://wellwiki.org/wiki/37-129-27391,,"2621563"
37-053-26472,,"41.5227660000407","-79.5105550000847",PA,Forest,Harmony,HILEMAN M8,CRYSTAL SPRINGS OIL CO,1800-01-01,,OIL,Abandoned,Vertical Well,Orphaned / Abandoned / Unverified Plug,https://wellwiki.org/wiki/37-053-26472,,"2621564"
37-047-24652,,"41.31183299968693","-78.73591700016661",PA,Elk,Horton,CONCORD 590995,EQT PROD CO,,,GAS,Operator Reported Not Drilled,Horizontal Well,Not Drilled,https://wellwiki.org/wiki/37-047-24652,,"2621565"
37-125-92245,,"40.11843700025629","-80.27216000021394",PA,Washington,South Franklin,R. Q. RAMSEY 6,FURMAN L NUSS,1800-01-01,,DRY HOLE,DEP Abandoned List,Vertical Well,Orphaned / Abandoned / Unverified Plug,https://wellwiki.org/wiki/37-125-92245,,"2621566"
37-083-57368,,"41.954879999816626","-78.49378999969323",PA,McKean,Otto,DANIALS 2,PA DEP OFC OIL & GAS MGMT,1800-01-01,,GAS,DEP Orphan List,Undetermined,Orphaned / Abandoned / Unverified Plug,https://wellwiki.org/wiki/37-083-57368,,"2621567"
37-059-90224,,"39.99934000023832","-80.25905499955678",PA,Greene,Morris,J. LOUGHMAN 2,EQT PROD CO,1800-01-01,,OIL,DEP Abandoned List,Vertical Well,Orphaned / Abandoned / Unverified Plug,https://wellwiki.org/wiki/37-059-90224,,"2621568"
37-051-24492,,"40.06011899973474","-79.57404699999984",PA,Fayette,Bullskin,HERRINGTON UNIT 17H,EQT CHAP LLC,,,GAS,Proposed But Never Materialized,Horizontal Well,Not Drilled,https://wellwiki.org/wiki/37-051-24492,,"2621569"
37-083-54077,,"41.97987799971983","-78.70800000038648",PA,McKean,Foster,WARRANT 4336 123,US ENERGY DEV CORP,,,OIL,Operator Reported Not Drilled,Vertical Well,Not Drilled,https://wellwiki.org/wiki/37-083-54077,,"2621570"
37-059-02352,,"39.89118500023526","-80.12216799988215",PA,Greene,Franklin,JOHN KELLY 1,UNKNOWN OPR,1800-01-01,,GAS,DEP Abandoned List,Vertical Well,Orphaned / Abandoned / Unverified Plug,https://wellwiki.org/wiki/37-059-02352,,"2621571"
37-053-21765,,"41.54368300012623","-79.4832819998368",PA,Forest,Harmony,J BREDIN E8,ENERGY INVESTMENT CORP,1977-11-01,,OIL,DEP Abandoned List,Vertical Well,Orphaned / Abandoned / Unverified Plug,https://wellwiki.org/wiki/37-053-21765,,"2621572"
37-083-11402,,"41.86869200010011","-78.52816399990408",PA,McKean,Keating,HOOPER LOT 431 076,PA DEP OFC OIL & GAS MGMT,1800-01-01,,UNDETERMINED,DEP Orphan List,Vertical Well,Orphaned / Abandoned / Unverified Plug,https://wellwiki.org/wiki/37-083-11402,,"2621573"
37-059-24249,,"39.78218900008497","-80.01187099966678",PA,Greene,Dunkard,HURLEY 1,ATLAS RESOURCES LLC,,,GAS,Proposed But Never Materialized,Vertical Well,Not Drilled,https://wellwiki.org/wiki/37-059-24249,,"2621574"
37-131-20450,,"41.587236000019296","-76.20278300008692",PA,Wyoming,Windham,ADAMS WYO 2H,CHESAPEAKE APPALACHIA LLC,,,GAS,Operator Reported Not Drilled,Horizontal Well,Not Drilled,https://wellwiki.org/wiki/37-131-20450,,"2621575"
37-059-02021,,"39.885769999755034","-80.19017099959096",PA,Greene,Franklin,WM F BLAIR 1,EQUITRANS INC,1800-01-01,,GAS,Abandoned,Vertical Well,Orphaned / Abandoned / Unverified Plug,https://wellwiki.org/wiki/37-059-02021,,"2621576"
37-121-45198,,"41.508831000079816","-79.76553100022387",PA,Venango,Oakland,FILIPOWSKI E,PA DEP OFC OIL & GAS MGMT,1800-01-01,,UNDETERMINED,DEP Abandoned List,Vertical Well,Orphaned / Abandoned / Unverified Plug,https://wellwiki.org/wiki/37-121-45198,,"2621577"
37-047-23913,,"41.582089999844804","-78.89311300039354",PA,Elk,Highland,WARRANT 3777 250,ARG RESOURCES INC,2007-10-30,,OIL,Abandoned,Vertical Well,Orphaned / Abandoned / Unverified Plug,https://wellwiki.org/wiki/37-047-23913,,"2621578"
37-129-28092,,"40.48833000025695","-79.6389919997342",PA,Westmoreland,Murrysville,H SWANK 3,CONSOL GAS CO,,,GAS,Operator Reported Not Drilled,Vertical Well,Not Drilled,https://wellwiki.org/wiki/37-129-28092,,"2621579"
37-053-28315,,"41.611951999912954","-79.46288199994623",PA,Forest,Harmony,AARON 13,OZ GAS LTD,,,GAS,Proposed But Never Materialized,Vertical Well,Not Drilled,https://wellwiki.org/wiki/37-053-28315,,"2621580"
37-085-20917,,"41.29167900029408","-80.29143899964797",PA,Mercer,Jefferson,EALY 4,ATLAS RESOURCES INC,,,COMB. OIL&GAS,Operator Reported Not Drilled,Vertical Well,Not Drilled,https://wellwiki.org/wiki/37-085-20917,,"2621581"
37-059-02254,,"39.7597900001738","-80.03799400004414",PA,Greene,Dunkard,YOST 7,UNKNOWN OPR,1800-01-01,,GAS,DEP Abandoned List,Vertical Well,Orphaned / Abandoned / Unverified Plug,https://wellwiki.org/wiki/37-059-02254,,"2621582"
37-047-22749,,"41.5188949998645","-78.88651899969545",PA,Elk,Highland,TWIN LICK 36,ARG RESOURCES INC,1989-09-26,,OIL,Abandoned,Vertical Well,Orphaned / Abandoned / Unverified Plug,https://wellwiki.org/wiki/37-047-22749,,"2621583"
37-123-43099,,"41.93189299983059","-79.20793099992142",PA,Warren,Farmington,JOHNSON 1,EXCO RESOURCES PA INC,,,COMB. OIL&GAS,Operator Reported Not Drilled,Vertical Well,Not Drilled,https://wellwiki.org/wiki/37-123-43099,,"2621584"
37-083-47252,,"41.7374769998536","-78.72078499957986",PA,McKean,Hamlin,WARRANT 3089 1,SWEPI LP,,,OIL,Operator Reported Not Drilled,Vertical Well,Not Drilled,https://wellwiki.org/wiki/37-083-47252,,"2621585"
37-083-49708,,"41.92158599984393","-78.26920199967778",PA,McKean,Annin,SHARON 3,EOG RESOURCES INC,,,GAS,Operator Reported Not Drilled,Vertical Well,Not Drilled,https://wellwiki.org/wiki/37-083-49708,,"2621586"
37-005-02490,,"40.72418300023628","-79.31529800020886",PA,Armstrong,Plumcreek,KEYSTONE OWNERS GROUP 1,UNKNOWN OPR,1800-01-01,,GAS,DEP Abandoned List,Vertical Well,Orphaned / Abandoned / Unverified Plug,https://wellwiki.org/wiki/37-005-02490,,"2621587"
37-123-45001,,"41.68697900008019","-79.46841000043936",PA,Warren,Triumph,RODGERS 3,OZ GAS LTD,,,OIL,Proposed But Never Materialized,Vertical Well,Not Drilled,https://wellwiki.org/wiki/37-123-45001,,"2621588"
37-083-07137,,"41.9425179999037","-78.56021400008441",PA,McKean,Foster,COOPER 33,PA DEP OFC OIL & GAS MGMT,1800-01-01,,OIL,DEP Abandoned List,Vertical Well,Orphaned / Abandoned / Unverified Plug,https://wellwiki.org/wiki/37-083-07137,,"2621589"
37-059-01367,,"40.00056900015823","-80.34711099972485",PA,Greene,Morris,C S DAY 661,EQT PROD CO,1800-01-01,,GAS,Abandoned,Vertical Well,Orphaned / Abandoned / Unverified Plug,https://wellwiki.org/wiki/37-059-01367,,"2621590"
37-005-29590,,"40.78590499981408","-79.59619500016073",PA,Armstrong,North Buffalo,D DUNN 1,ARMSTRONG GAS CO LLC,,,GAS,Operator Reported Not Drilled,Vertical Well,Not Drilled,https://wellwiki.org/wiki/37-005-29590,,"2621591"
37-117-20828,,"41.68436400030374","-76.94633099972438",PA,Tioga,Ward,DCNR 587 02 012 05,REPSOL OIL & GAS USA LLC,,,GAS,Operator Reported Not Drilled,Horizontal Well,Not Drilled,https://wellwiki.org/wiki/37-117-20828,,"2621592"
37-031-01435,,"41.20064699983267","-79.59732199956672",PA,Clarion,Salem,WEAVER 4,PA DEP OFC OIL & GAS MGMT,1800-01-01,,OIL,DEP Orphan List,Vertical Well,Orphaned / Abandoned / Unverified Plug,https://wellwiki.org/wiki/37-031-01435,,"2621593"
37-047-01655,,"41.55383599980014","-78.59784600028625",PA,Elk,Jones,HOSKINS 88,PA DEP OFC OIL & GAS MGMT,1800-01-01,2003-03-11,OIL,DEP Plugged,Vertical Well,Plugged,https://wellwiki.org/wiki/37-047-01655,,"2621594"
37-117-00130,,"41.79355500014251","-77.03371700042092",PA,Tioga,Richmond,FIAMINGO 1,UNKNOWN OPR,1800-01-01,2004-06-07,GAS,DEP Plugged,Vertical Well,Plugged,https://wellwiki.org/wiki/37-117-00130,,"2621595"
37-039-00273,,"41.6950909999096","-79.64021799977272",PA,Crawford,Rome,MERRY O 20,PA DEP OFC OIL & GAS MGMT,1800-01-01,2007-02-19,OIL,DEP Plugged,Vertical Well,Plugged,https://wellwiki.org/wiki/37-039-00273,,"2621596"
37-121-05230,,"41.176004999883","-79.90216500017853",PA,Venango,Clinton,ROBERT ATWELL #2 2,CRAIG JOHN,1800-01-01,,OIL,Abandoned,Vertical Well,Orphaned / Abandoned / Unverified Plug,https://wellwiki.org/wiki/37-121-05230,,"2621597"
37-059-27245,,"39.77875800016874","-80.08346899965046",PA,Greene,Perry,POLCE 3,UNKNOWN OPR,1800-01-01,,GAS,DEP Abandoned List,Undetermined,Orphaned / Abandoned / Unverified Plug,https://wellwiki.org/wiki/37-059-27245,,"2621598"
37-015-22747,,"41.764296999907856","-76.54511700043525",PA,Bradford,Burlington,MYERS UNIT 4H,CHIEF OIL & GAS LLC,,,GAS,Operator Reported Not Drilled,Horizontal Well,Not Drilled,https://wellwiki.org/wiki/37-015-22747,,"2621599"
37-049-21020,,"41.877153999666014","-79.81510300024541",PA,Erie,Union,HARRISON 1,SILL CALVIN J,1980-10-22,,GAS,Abandoned,Vertical Well,Orphaned / Abandoned / Unverified Plug,https://wellwiki.org/wiki/37-049-21020,,"2621600"
37-083-14084,,"41.85747599998612","-78.81216800023418",PA,McKean,Corydon,HAFFEY DEVONIAN 3,PA DEP OFC OIL & GAS MGMT,1800-01-01,,OIL,DEP Abandoned List,Vertical Well,Orphaned / Abandoned / Unverified Plug,https://wellwiki.org/wiki/37-083-14084,,"2621601"
37-083-55941,,"41.85908899998397","-78.82256900002093",PA,McKean,Corydon,LOT 6 1414 4HD,SWEPI LP,,,GAS,Proposed But Never Materialized,Horizontal Well,Not Drilled,https://wellwiki.org/wiki/37-083-55941,,"2621602"
37-117-20508,,"41.85675999980896","-76.98166300018514",PA,Tioga,Rutland,WOOD 512 5H,SWEPI LP,,,GAS,Operator Reported Not Drilled,Horizontal Well,Not Drilled,https://wellwiki.org/wiki/37-117-20508,,"2621603"
37-015-21112,,"41.66689699992134","-76.14908100003824",PA,Bradford,Tuscarora,LINSKI 5H,CHESAPEAKE APPALACHIA LLC,,,GAS,Operator Reported Not Drilled,Horizontal Well,Not Drilled,https://wellwiki.org/wiki/37-015-21112,,"2621604"
37-063-35685,,"40.551939999799494","-79.13100000033658",PA,Indiana,Center,MCCLAIN 8071A,XTO ENERGY INC,,,GAS,Operator Reported Not Drilled,Vertical Well,Not Drilled,https://wellwiki.org/wiki/37-063-35685,,"2621605"
37-121-06791,,"41.56350900029125","-79.74408600004477",PA,Venango,Cherrytree,HEPLER 33,PA DEP OFC OIL & GAS MGMT,1800-01-01,,OIL,DEP Abandoned List,Vertical Well,Orphaned / Abandoned / Unverified Plug,https://wellwiki.org/wiki/37-121-06791,,"2621606"
37-003-22078,,"40.66937300012132","-79.73769200026156",PA,Allegheny,Fawn,EILEEN MOSLEY 1,PHILLIPS EXPLORATION INC,,,GAS,Operator Reported Not Drilled,Vertical Well,Not Drilled,https://wellwiki.org/wiki/37-003-22078,,"2621607"
37-121-34552,,"41.50395400017054","-79.61154000028449",PA,Venango,Cornplanter,KINLEY EL44,MAY ENERGY INC,1983-05-03,,OIL,Abandoned,Vertical Well,Orphaned / Abandoned / Unverified Plug,https://wellwiki.org/wiki/37-121-34552,,"2621608"
37-053-20259,,"41.55095800019213","-79.46538300042708",PA,Forest,Harmony,OSTEN 4,JACK L SHRIVER,1800-01-01,,OIL,DEP Abandoned List,Vertical Well,Orphaned / Abandoned / Unverified Plug,https://wellwiki.org/wiki/37-053-20259,,"2621609"
37-053-25421,,"41.54781699978741","-79.48280300016101",PA,Forest,Harmony,AA COPELAND A15,PA DEP OFC OIL & GAS MGMT,1984-04-02,,OIL,DEP Abandoned List,Vertical Well,Orphaned / Abandoned / Unverified Plug,https://wellwiki.org/wiki/37-053-25421,,"2621610"
37-121-26922,,"41.338908000296684","-79.6081750001634",PA,Venango,Cranberry,ROBERT K. RITNER R4,FLOCKERZI DALE E,1979-12-05,,OIL,DEP Abandoned List,Vertical Well,Orphaned / Abandoned / Unverified Plug,https://wellwiki.org/wiki/37-121-26922,,"2621611"
37-019-20977,,"41.09895300000542","-79.70607899992422",PA,Butler,Parker,THOMAS 3,THOMAS OWEN H,1800-01-01,,OIL,DEP Abandoned List,Vertical Well,Orphaned / Abandoned / Unverified Plug,https://wellwiki.org/wiki/37-019-20977,,"2621612"
37-065-21204,,"41.23628700016501","-79.1778540001423",PA,Jefferson,Eldred,WW HOWE 1,RAYMOND LINDA,1975-10-29,,GAS,DEP Abandoned List,Vertical Well,Orphaned / Abandoned / Unverified Plug,https://wellwiki.org/wiki/37-065-21204,,"2621613"
37-085-24657,,"41.389083000017735","-80.20993100014724",PA,Mercer,Perry,MILLS 2089 1X,SWEPI LP,,,GAS,Proposed But Never Materialized,Vertical Well,Not Drilled,https://wellwiki.org/wiki/37-085-24657,,"2621614"
37-047-23289,,"41.50754900029358","-78.91252800027",PA,Elk,Highland,WARRANT 2032 042,ARG RESOURCES INC,1997-05-15,,INJECTION,Abandoned,Vertical Well,Orphaned / Abandoned / Unverified Plug,https://wellwiki.org/wiki/37-047-23289,,"2621615"
37-083-22010,,"41.915132999897544","-78.61272199988166",PA,McKean,Bradford,SOUTH PENN W 9,BOYLE RALPH H,1962-08-23,,OIL,DEP Abandoned List,Vertical Well,Orphaned / Abandoned / Unverified Plug,https://wellwiki.org/wiki/37-083-22010,,"2621616"
37-083-35732,,"41.7648729998923","-78.71794099986568",PA,McKean,Lafayette,TALLY HO W 105,WITCO CORP,1800-01-01,,INJECTION,DEP Abandoned List,Vertical Well,Orphaned / Abandoned / Unverified Plug,https://wellwiki.org/wiki/37-083-35732,,"2621617"
37-121-37997,,"41.41176399971638","-79.67407399994971",PA,Venango,Cranberry,OAKWOOD 71,PETRO TECH INC,1984-05-21,,OIL,DEP Abandoned List,Vertical Well,Orphaned / Abandoned / Unverified Plug,https://wellwiki.org/wiki/37-121-37997,,"2621618"
37-053-23481,,"41.5690709999659","-79.41933299998716",PA,Forest,Harmony,SHERMAC TJ1,COMPASS DEV INC,1981-05-15,,OIL,DEP Abandoned List,Vertical Well,Orphaned / Abandoned / Unverified Plug,https://wellwiki.org/wiki/37-053-23481,,"2621619"
37-121-34553,,"41.506178999715445","-79.61204300024973",PA,Venango,Cornplanter,KINLEY EL45,MAY ENERGY INC,1800-01-01,,OIL,Abandoned,Vertical Well,Orphaned / Abandoned / Unverified Plug,https://wellwiki.org/wiki/37-121-34553,,"2621620"
37-121-41607,,"41.583341999707294","-79.83308899969376",PA,Venango,Plum,BEULAH BROWN 1,COTERRA ENERGY INC,,,GAS,Operator Reported Not Drilled,Vertical Well,Not Drilled,https://wellwiki.org/wiki/37-121-41607,,"2621621"
37-047-22795,,"41.52577799999337","-78.86931999989447",PA,Elk,Highland,GILLIS 117,ARG RESOURCES INC,1989-10-23,,OIL,Abandoned,Vertical Well,Orphaned / Abandoned / Unverified Plug,https://wellwiki.org/wiki/37-047-22795,,"2621622"
37-023-20136,,"41.42927799977217","-78.31313099957843",PA,Cameron,Shippen,DOE 590868,EQT PROD CO,,,GAS,Operator Reported Not Drilled,Horizontal Well,Not Drilled,https://wellwiki.org/wiki/37-023-20136,,"2621623"
37-053-26663,,"41.608046000027755","-79.13625099992196",PA,Forest,Howe,WARRANT 4791 91 20,AZCO OPR CO,,,OIL,Operator Reported Not Drilled,Vertical Well,Not Drilled,https://wellwiki.org/wiki/37-053-26663,,"2621624"
37-033-23073,,"40.89019299997078","-78.66324499958206",PA,Clearfield,Greenwood,G. THOMSON 4,VICTORY ENERGY CO,,,GAS,Proposed But Never Materialized,Vertical Well,Not Drilled,https://wellwiki.org/wiki/37-033-23073,,"2621625"
37-123-40029,,"41.66667399971319","-79.54141199983846",PA,Warren,Southwest,CUBBON LUMBER COMPANY 4,DOUGLAS OIL & GAS LP,,,GAS,Operator Reported Not Drilled,Vertical Well,Not Drilled,https://wellwiki.org/wiki/37-123-40029,,"2621626"
37-049-24393,,"41.99616300009458","-79.84780199998086",PA,Erie,Amity,RICHARD A SMITH 1,DORAN ASSOC INC,,,GAS,Operator Reported Not Drilled,Vertical Well,Not Drilled,https://wellwiki.org/wiki/37-049-24393,,"2621627"
37-121-04003,,"41.5050090001421","-79.6687780001585",PA,Venango,Cornplanter,MANNING 8,PA DEP OFC OIL & GAS MGMT,1800-01-01,,UNDETERMINED,DEP Orphan List,Vertical Well,Orphaned / Abandoned / Unverified Plug,https://wellwiki.org/wiki/37-121-04003,,"2621628"
37-049-00177,,"42.1119270000801","-80.07459500020113",PA,Erie,Erie,MIDTOWN MOTEL 1,PA DEP OFC OIL & GAS MGMT,1800-01-01,,UNDETERMINED,DEP Abandoned List,Vertical Well,Orphaned / Abandoned / Unverified Plug,https://wellwiki.org/wiki/37-049-00177,,"2621629"
37-039-22513,,"41.78645899985315","-79.62176500034411",PA,Crawford,Sparta,MARSUN 7,PARK OHIO ENERGY INC,,,GAS,Operator Reported Not Drilled,Vertical Well,Not Drilled,https://wellwiki.org/wiki/37-039-22513,,"2621630"
37-005-02439,,"40.65858599993697","-79.49535700027401",PA,Armstrong,Burrell,P F RIGGLE 8,UNKNOWN OPR,1800-01-01,,GAS,DEP Abandoned List,Vertical Well,Orphaned / Abandoned / Unverified Plug,https://wellwiki.org/wiki/37-005-02439,,"2621631"
37-065-01743,,"41.15857899995583","-79.14790299986156",PA,Jefferson,Union,KELSO HEIRS 546,G & G GAS INC,1800-01-01,,GAS,Abandoned,Vertical Well,Orphaned / Abandoned / Unverified Plug,https://wellwiki.org/wiki/37-065-01743,,"2621632"
37-129-25092,,"40.627962000252424","-79.6905880002106",PA,Westmoreland,Allegheny,MCINTYRE 2,OIL & GAS MGMT INC,,,GAS,Operator Reported Not Drilled,Vertical Well,Not Drilled,https://wellwiki.org/wiki/37-129-25092,,"2621633"
37-121-43703,,"41.49884299992068","-79.75047599963001",PA,Venango,Oakland,PORTERFIELD 1,RANGE RESOURCES APPALACHIA LLC,,,GAS,Operator Reported Not Drilled,Vertical Well,Not Drilled,https://wellwiki.org/wiki/37-121-43703,,"2621634"
37-059-01993,,"39.868703999884104","-80.15506599980924",PA,Greene,Franklin,W A INGHRAM,GRACE DEV CO,1800-01-01,,UNDETERMINED,Abandoned,Vertical Well,Orphaned / Abandoned / Unverified Plug,https://wellwiki.org/wiki/37-059-01993,,"2621635"
37-083-47698,,"41.81076599967177","-78.75659700043967",PA,McKean,Lafayette,WT 3410 P83,CATALYST ENERGY INC,,,OIL,Operator Reported Not Drilled,Vertical Well,Not Drilled,https://wellwiki.org/wiki/37-083-47698,,"2621636"
37-123-40533,,"41.7916730002365","-79.58308000035615",PA,Warren,Eldred,K NICHOLS 4,ATWOOD ENERGY INC,,,GAS,Operator Reported Not Drilled,Vertical Well,Not Drilled,https://wellwiki.org/wiki/37-123-40533,,"2621637"
37-031-01794,,"41.10666899988512","-79.61666700002131",PA,Clarion,Perry,JAMES H. MCHENRY 1,MCHENRY JAMES H,1800-01-01,,GAS,DEP Abandoned List,Vertical Well,Orphaned / Abandoned / Unverified Plug,https://wellwiki.org/wiki/37-031-01794,,"2621638"
37-019-90498,,"40.93259700033261","-79.79614500030344",PA,Butler,Oakland,RYAN 10,PEOPLES GAS CO LLC,1800-01-01,,GAS,DEP Abandoned List,Vertical Well,Orphaned / Abandoned / Unverified Plug,https://wellwiki.org/wiki/37-019-90498,,"2621639"
37-047-21746,,"41.53719699983684","-78.90251499992247",PA,Elk,Highland,NANSEN 04,ARG RESOURCES INC,1984-07-15,,INJECTION,Abandoned,Vertical Well,Orphaned / Abandoned / Unverified Plug,https://wellwiki.org/wiki/37-047-21746,,"2621640"
37-083-23865,,"41.96944399990581","-78.54229100038525",PA,McKean,Foster,NEATH KW4,ENERVEST OPR LLC,1968-01-05,,INJECTION,Plugged Unverified,Vertical Well,Orphaned / Abandoned / Unverified Plug,https://wellwiki.org/wiki/37-083-23865,,"2621641"
37-053-20547,,"41.56797300026538","-79.46794599993387",PA,Forest,Harmony,NEELY G1,PENN ONE CO,1971-11-19,,COMB. OIL&GAS,DEP Abandoned List,Vertical Well,Orphaned / Abandoned / Unverified Plug,https://wellwiki.org/wiki/37-053-20547,,"2621642"
37-123-02951,,"41.78613099981921","-79.03895800008141",PA,Warren,Mead,LOT 75 5,PA DEP OFC OIL & GAS MGMT,1800-01-01,,UNDETERMINED,DEP Orphan List,Vertical Well,Orphaned / Abandoned / Unverified Plug,https://wellwiki.org/wiki/37-123-02951,,"2621643"
37-049-22801,,"42.0964660000921","-80.17674799981481",PA,Erie,Millcreek,SHELDON 1,SHELDON FRANK W,1800-01-01,,GAS,DEP Abandoned List,Vertical Well,Orphaned / Abandoned / Unverified Plug,https://wellwiki.org/wiki/37-049-22801,,"2621644"
37-005-25532,,"41.02768100005741","-79.21985200037284",PA,Armstrong,Redbank,DONALD L. SHIREY 1-12,SNYDER BROS INC,,,GAS,Operator Reported Not Drilled,Vertical Well,Not Drilled,https://wellwiki.org/wiki/37-005-25532,,"2621645"
37-123-43036,,"41.96488000027493","-79.4278049997536",PA,Warren,Freehold,WILSON 1,NORNEW INC,,,COMB. OIL&GAS,Operator Reported Not Drilled,Vertical Well,Not Drilled,https://wellwiki.org/wiki/37-123-43036,,"2621646"
37-049-22110,,"42.07402100025094","-79.89563099975491",PA,Erie,Venango,JOSEPH BILISKI 2,PA DEP OFC OIL & GAS MGMT,1800-01-01,,GAS,DEP Abandoned List,Vertical Well,Orphaned / Abandoned / Unverified Plug,https://wellwiki.org/wiki/37-049-22110,,"2621647"
37-123-05332,,"41.67011799977436","-79.46985400003777",PA,Warren,Triumph,ULF U61,PA DEP OFC OIL & GAS MGMT,1800-01-01,,OIL,DEP Abandoned List,Vertical Well,Orphaned / Abandoned / Unverified Plug,https://wellwiki.org/wiki/37-123-05332,,"2621648"
37-047-23262,,"41.5900489998053","-78.87789299994324",PA,Elk,Highland,WOODWARD 09,ARG RESOURCES INC,1994-12-27,,INJECTION,Abandoned,Vertical Well,Orphaned / Abandoned / Unverified Plug,https://wellwiki.org/wiki/37-047-23262,,"2621649"
37-019-01361,,"40.98627799987846","-79.97825800006235",PA,Butler,Brady,PETERS 15,ANDREASSI JOHN B,,,GAS,Proposed But Never Materialized,Vertical Well,Not Drilled,https://wellwiki.org/wiki/37-019-01361,,"2621650"
37-039-22593,,"41.70587199992179","-80.1876740002064",PA,Crawford,Hayfield,WILLS FREW 1,COMMODORE ENERGY CO,,,GAS,Operator Reported Not Drilled,Vertical Well,Not Drilled,https://wellwiki.org/wiki/37-039-22593,,"2621651"
37-085-21318,,"41.25001299973445","-80.20810300040928",PA,Mercer,Coolspring,KLOOS 1,ATLAS RESOURCES INC,,,COMB. OIL&GAS,Operator Reported Not Drilled,Vertical Well,Not Drilled,https://wellwiki.org/wiki/37-085-21318,,"2621652"
37-083-20790,,"41.91854599976558","-78.61461599974184",PA,McKean,Bradford,SOUTH PENN 1,BOYLE RALPH H,1800-01-01,,OIL,DEP Abandoned List,Vertical Well,Orphaned / Abandoned / Unverified Plug,https://wellwiki.org/wiki/37-083-20790,,"2621653"
37-121-27347,,"41.393898000243055","-79.7201169998186",PA,Venango,Cranberry,MORRISON XZ2,SUTTWAY DEV CORP,1980-04-09,,OIL,DEP Abandoned List,Vertical Well,Orphaned / Abandoned / Unverified Plug,https://wellwiki.org/wiki/37-121-27347,,"2621654"
37-123-32164,,"41.90934199978222","-79.34372200015218",PA,Warren,Sugar Grove,DARR CARLSON 2,CRYSTAL RESOURCES INC,1982-11-16,,OIL,Abandoned,Vertical Well,Orphaned / Abandoned / Unverified Plug,https://wellwiki.org/wiki/37-123-32164,,"2621655"
37-019-90869,,"40.80265599998952","-79.88453000035945",PA,Butler,Penn,EMRICK 1,PEOPLES GAS CO LLC,1800-01-01,,COMB. OIL&GAS,DEP Abandoned List,Vertical Well,Orphaned / Abandoned / Unverified Plug,https://wellwiki.org/wiki/37-019-90869,,"2621656"
37-121-27144,,"41.4753600002429","-79.67118400020478",PA,Venango,Cornplanter,AMES 5Q,RETURN OIL CORP,1979-12-13,,OIL,DEP Abandoned List,Vertical Well,Orphaned / Abandoned / Unverified Plug,https://wellwiki.org/wiki/37-121-27144,,"2621657"
37-031-20799,,"41.11952299974522","-79.67567300025712",PA,Clarion,Perry,EARL E WAGNER R2,LAVERNE A MCCAULEY,1800-01-01,,GAS,Abandoned,Vertical Well,Orphaned / Abandoned / Unverified Plug,https://wellwiki.org/wiki/37-031-20799,,"2621658"
37-117-20809,,"41.93066700030545","-76.94461099994145",PA,Tioga,Jackson,BUSIA 457 5H,SWEPI LP,,,GAS,Operator Reported Not Drilled,Horizontal Well,Not Drilled,https://wellwiki.org/wiki/37-117-20809,,"2621659"
37-059-24339,,"39.90791300024415","-79.95637100001737",PA,Greene,Cumberland,BIDDLE 19,ATLAS RESOURCES LLC,,,GAS,Proposed But Never Materialized,Vertical Well,Not Drilled,https://wellwiki.org/wiki/37-059-24339,,"2621660"
37-121-33494,,"41.50165399993438","-79.6052400002126",PA,Venango,Cornplanter,KINLEY EL2,MAY ENERGY INC,1982-04-03,,OIL,Abandoned,Vertical Well,Orphaned / Abandoned / Unverified Plug,https://wellwiki.org/wiki/37-121-33494,,"2621661"
37-083-39621,,"41.76280699983724","-78.7372040003045",PA,McKean,Lafayette,TALLY HO 229,WITCO CORP,1800-01-01,,OIL,DEP Abandoned List,Vertical Well,Orphaned / Abandoned / Unverified Plug,https://wellwiki.org/wiki/37-083-39621,,"2621662"
37-121-39747,,"41.59715300024731","-79.53522300009467",PA,Venango,Allegheny,TUCK-OTTO 5,VISTA PETRO INC,1985-01-30,,OIL,Abandoned,Vertical Well,Orphaned / Abandoned / Unverified Plug,https://wellwiki.org/wiki/37-121-39747,,"2621663"
37-121-20163,,"41.50476400026546","-79.6598159999473",PA,Venango,Cornplanter,HAUPT 20,HAUPT FARM OIL LEASE,1963-07-27,,OIL,DEP Abandoned List,Vertical Well,Orphaned / Abandoned / Unverified Plug,https://wellwiki.org/wiki/37-121-20163,,"2621664"
37-121-20752,,"41.53897299990881","-79.8194750001219",PA,Venango,Plum,HASSON 137,GRIMES CONSOLIDATED INC,1800-01-01,,OIL,DEP Abandoned List,Vertical Well,Orphaned / Abandoned / Unverified Plug,https://wellwiki.org/wiki/37-121-20752,,"2621665"
37-121-36701,,"41.61965600014245","-79.54433900029166",PA,Venango,Allegheny,DUNN 10,BECK JAMES L,1984-01-17,,OIL,DEP Abandoned List,Vertical Well,Orphaned / Abandoned / Unverified Plug,https://wellwiki.org/wiki/37-121-36701,,"2621666"
37-083-13318,,"41.92595499967609","-78.61661300043252",PA,McKean,Bradford,BECKWITH 15,PA DEP OFC OIL & GAS MGMT,1800-01-01,,UNDETERMINED,DEP Orphan List,Vertical Well,Orphaned / Abandoned / Unverified Plug,https://wellwiki.org/wiki/37-083-13318,,"2621667"
37-129-23978,,"40.420540999724615","-79.22459900016806",PA,Westmoreland,Derry,HULENA/EWING UNIT 001,KRIEBEL GAS INC,,,GAS,Proposed But Never Materialized,Vertical Well,Not Drilled,https://wellwiki.org/wiki/37-129-23978,,"2621668"
37-083-16277,,"41.947943999937465","-78.6884440000447",PA,McKean,Bradford,DOUGLAS 22,PA DEP OFC OIL & GAS MGMT,1800-01-01,2015-05-15,COMB. OIL&GAS,DEP Plugged,Vertical Well,Plugged,https://wellwiki.org/wiki/37-083-16277,,"2621669"
37-125-28246,,"40.00632499972559","-80.15536100026033",PA,Washington,Amwell,COGAR 592949,EQT PROD CO,,,GAS,Operator Reported Not Drilled,Horizontal Well,Not Drilled,https://wellwiki.org/wiki/37-125-28246,,"2621670"
37-083-52728,,"41.62342300007372","-78.87886299988872",PA,McKean,Wetmore,WARRANT 3775 ARG 279,ARG RESOURCES INC,2008-04-03,,OIL,Abandoned,Vertical Well,Orphaned / Abandoned / Unverified Plug,https://wellwiki.org/wiki/37-083-52728,,"2621671"
37-051-24307,,"39.923301000005054","-79.62863299978027",PA,Fayette,North Union,COASTAL 7013,MARATHON OIL CO,,,GAS,Proposed But Never Materialized,Vertical Well,Not Drilled,https://wellwiki.org/wiki/37-051-24307,,"2621672"
37-047-23633,,"41.61445100030013","-78.86825100021478",PA,Elk,Highland,WARRANT 3775 ARG 156,ARG RESOURCES INC,2005-04-20,,OIL,Abandoned,Vertical Well,Orphaned / Abandoned / Unverified Plug,https://wellwiki.org/wiki/37-047-23633,,"2621673"
37-121-21517,,"41.505230000298226","-79.7202790002003",PA,Venango,Oakland,G J HANCOX 6,WILLIS VIRGINIA,1972-01-18,,OIL,DEP Abandoned List,Vertical Well,Orphaned / Abandoned / Unverified Plug,https://wellwiki.org/wiki/37-121-21517,,"2621674"
37-027-20942,,"41.079378999787345","-77.95069799963845",PA,Centre,Burnside,LITKE 10,MID EAST OIL CO,,,GAS,Operator Reported Not Drilled,Vertical Well,Not Drilled,https://wellwiki.org/wiki/37-027-20942,,"2621675"
37-065-26928,,"40.95420800011628","-79.0269470001166",PA,Jefferson,Perry,J E TODD 4,PHILLIPS EXPLORATION INC,,,GAS,Operator Reported Not Drilled,Vertical Well,Not Drilled,https://wellwiki.org/wiki/37-065-26928,,"2621676"
37-123-46786,,"41.765027999929934","-79.14493100010085",PA,Warren,Mead,LOT 534 2697,CATALYST ENERGY INC,,,OIL,Proposed But Never Materialized,Vertical Well,Not Drilled,https://wellwiki.org/wiki/37-123-46786,,"2621677"
37-053-26473,,"41.5230679997627","-79.50949599955243",PA,Forest,Harmony,HILEMAN M9,CRYSTAL SPRINGS OIL CO,1800-01-01,,OIL,Abandoned,Vertical Well,Orphaned / Abandoned / Unverified Plug,https://wellwiki.org/wiki/37-053-26473,,"2621678"
37-121-06650,,"41.21798500024038","-79.91220399956701",PA,Venango,Irwin,WICKLINE 02,UNKNOWN OPR,1800-01-01,,OIL,DEP Abandoned List,Vertical Well,Orphaned / Abandoned / Unverified Plug,https://wellwiki.org/wiki/37-121-06650,,"2621679"
37-123-45188,,"41.721552999878696","-79.08898600021251",PA,Warren,Sheffield,LOT 203 242 10,ANDREA & HOLDEN OIL CO,,,OIL,Operator Reported Not Drilled,Vertical Well,Not Drilled,https://wellwiki.org/wiki/37-123-45188,,"2621680"
37-005-90021,,"40.89410600029275","-79.36437300011292",PA,Armstrong,Wayne,B EVANS,APOLLO GAS CO,1800-01-01,,GAS,DEP Abandoned List,Vertical Well,Orphaned / Abandoned / Unverified Plug,https://wellwiki.org/wiki/37-005-90021,,"2621681"
37-125-92615,,"40.184666999823314","-80.24301400002226",PA,Washington,South Strabane,BOROUGH OF WASHINGTON 46,UNKNOWN OPR,1800-01-01,,DRY HOLE,DEP Abandoned List,Vertical Well,Orphaned / Abandoned / Unverified Plug,https://wellwiki.org/wiki/37-125-92615,,"2621682"
37-019-91733,,"40.954504999909666","-79.76206499982044",PA,Butler,Donegal,SANDERSON 2,UNKNOWN OPR,1800-01-01,,OIL,DEP Abandoned List,Vertical Well,Orphaned / Abandoned / Unverified Plug,https://wellwiki.org/wiki/37-019-91733,,"2621683"
37-083-57502,,"41.99572299985693","-78.39398799987424",PA,McKean,Eldred,BELLS HOLLOW 1,PA DEP OFC OIL & GAS MGMT,1800-01-01,,OIL,DEP Abandoned List,Undetermined,Orphaned / Abandoned / Unverified Plug,https://wellwiki.org/wiki/37-083-57502,,"2621684"
37-031-01925,,"41.3354549996948","-79.5120630001555",PA,Clarion,Elk,LES ES 5,UNKNOWN OPR,1800-01-01,2003-05-20,OIL,Plugged OG Well,Vertical Well,Plugged,https://wellwiki.org/wiki/37-031-01925,,"2621916"
37-083-57450,,"41.98580999993207","-78.57755900037358",PA,McKean,Foster,MILTON DANA 20 W,PA DEP OFC OIL & GAS MGMT,1800-01-01,,OIL,DEP Abandoned List,Undetermined,Orphaned / Abandoned / Unverified Plug,https://wellwiki.org/wiki/37-083-57450,,"2621685"
37-083-14672,,"41.9446690001617","-78.53779399993697",PA,McKean,Foster,MAYRE 1,UNKNOWN OPR,1800-01-01,,OIL,DEP Abandoned List,Vertical Well,Orphaned / Abandoned / Unverified Plug,https://wellwiki.org/wiki/37-083-14672,,"2621686"
37-085-24463,,"41.374883999746714","-80.50839000012326",PA,Mercer,West Salem,MOORE DAN 1,EXCO RESOURCES PA INC,,,GAS,Proposed But Never Materialized,Vertical Well,Not Drilled,https://wellwiki.org/wiki/37-085-24463,,"2621687"
37-121-28597,,"41.49118600007355","-79.60021100038509",PA,Venango,Cornplanter,RICKETTS R7,TIM COLEMAN,1980-11-09,,OIL,Abandoned,Vertical Well,Orphaned / Abandoned / Unverified Plug,https://wellwiki.org/wiki/37-121-28597,,"2621688"
37-105-21940,,"41.73398200004496","-77.97818799962131",PA,Potter,Homer,YOUNG 228-9V,JKLM ENERGY LLC,,,GAS,Operator Reported Not Drilled,Vertical Well,Not Drilled,https://wellwiki.org/wiki/37-105-21940,,"2621689"
37-083-21397,,"41.96350499984362","-78.48802500027195",PA,McKean,Otto,OIL VALLEY 085,JOSEPH MINNICH HEIRS,1958-10-13,,OIL,DEP Abandoned List,Vertical Well,Orphaned / Abandoned / Unverified Plug,https://wellwiki.org/wiki/37-083-21397,,"2621690"
37-117-21979,,"41.895161000014085","-77.39179199982983",PA,Tioga,Chatham,SHOWALTER 822 22H,SWEPI LP,,,GAS,Proposed But Never Materialized,Horizontal Well,Not Drilled,https://wellwiki.org/wiki/37-117-21979,,"2621691"
37-027-20040,,"41.078649999751164","-77.80468899991902",PA,Centre,Boggs,E D FROST 2,EQT PROD CO,,,GAS,Operator Reported Not Drilled,Vertical Well,Not Drilled,https://wellwiki.org/wiki/37-027-20040,,"2621692"
37-033-22398,,"40.84852700033545","-78.73553100037724",PA,Clearfield,Bell,JOHN FENCHAK 4,CONSOL GAS CO,,,GAS,Operator Reported Not Drilled,Vertical Well,Not Drilled,https://wellwiki.org/wiki/37-033-22398,,"2621693"
37-033-26966,,"41.09383600029627","-78.36213900043367",PA,Clearfield,Goshen,BOILEAU 1H,EQT CHAP LLC,,,GAS,Operator Reported Not Drilled,Horizontal Well,Not Drilled,https://wellwiki.org/wiki/37-033-26966,,"2621694"
37-085-21889,,"41.4166780001179","-80.12476600044737",PA,Mercer,New Vernon,C DONLEY 1,DOUGLAS OIL & GAS LP,,,GAS,Operator Reported Not Drilled,Vertical Well,Not Drilled,https://wellwiki.org/wiki/37-085-21889,,"2621695"
37-059-24323,,"39.726804000214834","-80.01535700016171",PA,Greene,Dunkard,MILLER 48,TAFT OPERATING LLC,2007-07-23,,GAS,Abandoned,Vertical Well,Orphaned / Abandoned / Unverified Plug,https://wellwiki.org/wiki/37-059-24323,,"2621696"
37-063-37489,,"40.54069700018602","-79.20141099974148",PA,Indiana,Center,SUB INDIANA 3A,CNX GAS CO LLC,,,GAS,Operator Reported Not Drilled,Horizontal Well,Not Drilled,https://wellwiki.org/wiki/37-063-37489,,"2621697"
37-117-21543,,"41.88179400001072","-77.32320800033797",PA,Tioga,Middlebury,OWLETT W 843 5H,SWEPI LP,,,GAS,Proposed But Never Materialized,Horizontal Well,Not Drilled,https://wellwiki.org/wiki/37-117-21543,,"2621698"
37-031-20898,,"41.143756999683156","-79.53260399961307",PA,Clarion,Licking,JOHN D BARTO 1,GEARHART FLOYD A,1981-01-16,,COMB. OIL&GAS,DEP Abandoned List,Vertical Well,Orphaned / Abandoned / Unverified Plug,https://wellwiki.org/wiki/37-031-20898,,"2621699"
37-083-53689,,"41.63278300015544","-78.2877830000512",PA,McKean,Norwich,GARDEAU 2371 1,MINARD RUN OIL CO,,,GAS,Proposed But Never Materialized,Vertical Well,Not Drilled,https://wellwiki.org/wiki/37-083-53689,,"2621700"
37-059-02048,,"39.75179800014192","-80.22650599960917",PA,Greene,Wayne,BLACKSVILLE II 451,GREENE ENERGY LLC,,,GAS,Operator Reported Not Drilled,Vertical Well,Not Drilled,https://wellwiki.org/wiki/37-059-02048,,"2621701"
37-059-02252,,"39.760367000062736","-80.03757499974449",PA,Greene,Dunkard,YOST 8,UNKNOWN OPR,1800-01-01,,GAS,DEP Abandoned List,Vertical Well,Orphaned / Abandoned / Unverified Plug,https://wellwiki.org/wiki/37-059-02252,,"2621702"
37-047-01146,,"41.61347199995373","-78.81598600009181",PA,Elk,Jones,JARVIS 49,PA DEP OFC OIL & GAS MGMT,1800-01-01,,GAS,DEP Orphan List,Vertical Well,Orphaned / Abandoned / Unverified Plug,https://wellwiki.org/wiki/37-047-01146,,"2621703"
37-083-47366,,"41.805345999850516","-78.73757699967508",PA,McKean,Lafayette,KATIE C13,CATALYST ENERGY INC,,,OIL,Operator Reported Not Drilled,Vertical Well,Not Drilled,https://wellwiki.org/wiki/37-083-47366,,"2621704"
37-121-05232,,"41.17795299974114","-79.90427199957576",PA,Venango,Clinton,ROBERT ATWELL #2 4,CRAIG JOHN,1800-01-01,,OIL,Abandoned,Vertical Well,Orphaned / Abandoned / Unverified Plug,https://wellwiki.org/wiki/37-121-05232,,"2621705"
37-117-21771,,"41.88130300014462","-77.35417499969661",PA,Tioga,Chatham,DAVIS 841 22H,SWEPI LP,,,GAS,Proposed But Never Materialized,Horizontal Well,Not Drilled,https://wellwiki.org/wiki/37-117-21771,,"2621706"
37-019-01824,,"40.89564999971029","-79.7083019996724",PA,Butler,Donegal,AGNES JOHN 6,AGNES JOHN,1800-01-01,,GAS,DEP Abandoned List,Vertical Well,Orphaned / Abandoned / Unverified Plug,https://wellwiki.org/wiki/37-019-01824,,"2621707"
37-105-20605,,"41.99129400020152","-78.18618100008335",PA,Potter,Sharon,HERRICK W48,JJ BUCHER PRODUCING CORP,1980-03-18,,OIL,Abandoned,Vertical Well,Orphaned / Abandoned / Unverified Plug,https://wellwiki.org/wiki/37-105-20605,,"2621708"
37-059-90075,,"39.910510000076435","-79.97415099960142",PA,Greene,Cumberland,AMANDA KERR 2929,EQUITABLE GAS CO,1800-01-01,,GAS,DEP Abandoned List,Vertical Well,Orphaned / Abandoned / Unverified Plug,https://wellwiki.org/wiki/37-059-90075,,"2621709"
37-031-01347,,"41.288795000335135","-79.21774900027528",PA,Clarion,Millcreek,HUMMEL 3,MICHAEL HARJU,1800-01-01,,GAS,Abandoned,Vertical Well,Orphaned / Abandoned / Unverified Plug,https://wellwiki.org/wiki/37-031-01347,,"2621710"
37-039-25681,,"41.73419700017942","-80.12105399999663",PA,Crawford,Woodcock,SMITH 44,ATLAS RESOURCES LLC,,,COMB. OIL&GAS,Operator Reported Not Drilled,Vertical Well,Not Drilled,https://wellwiki.org/wiki/37-039-25681,,"2621711"
37-065-26780,,"40.92877400002684","-78.98933599983117",PA,Jefferson,Young,S NORTH 1,MADTICK DEV CORP,,,GAS,Proposed But Never Materialized,Vertical Well,Not Drilled,https://wellwiki.org/wiki/37-065-26780,,"2621712"
37-047-24737,,"41.58148599990187","-78.88010599964566",PA,Elk,Highland,WT 3785 494,ARG RESOURCES INC,2013-11-05,,OIL,Abandoned,Vertical Well,Orphaned / Abandoned / Unverified Plug,https://wellwiki.org/wiki/37-047-24737,,"2621713"
37-053-28413,,"41.61196800024835","-78.97023499977406",PA,Forest,Howe,WARRANT 2453 3,EAST RESOURCES INC,,,OIL,Operator Reported Not Drilled,Vertical Well,Not Drilled,https://wellwiki.org/wiki/37-053-28413,,"2621714"
37-121-23719,,"41.47253300018851","-79.64639700036909",PA,Venango,Cornplanter,MOYNIHAN 3,LT OIL CO LLC,1976-02-27,,OIL,Abandoned,Vertical Well,Orphaned / Abandoned / Unverified Plug,https://wellwiki.org/wiki/37-121-23719,,"2621715"
37-063-31346,,"40.48718599968353","-79.28641999980577",PA,Indiana,Black Lick,MCCONNELL 002,KRIEBEL GAS INC,,,GAS,Operator Reported Not Drilled,Vertical Well,Not Drilled,https://wellwiki.org/wiki/37-063-31346,,"2621716"
37-049-24081,,"41.86563899972565","-79.98477800024226",PA,Erie,Le Boeuf,NORMAN PORTER 2,MEDINA RES DEV CO LLC,1800-01-01,,GAS,Abandoned,Vertical Well,Orphaned / Abandoned / Unverified Plug,https://wellwiki.org/wiki/37-049-24081,,"2621717"
37-047-23657,,"41.61895099977357","-78.87111300037064",PA,Elk,Highland,WARRANT 3775 ARG 119,ARG RESOURCES INC,2005-07-09,,OIL,Abandoned,Vertical Well,Orphaned / Abandoned / Unverified Plug,https://wellwiki.org/wiki/37-047-23657,,"2621718"
37-047-21915,,"41.51672500000075","-78.9407530000217",PA,Elk,Highland,WARRANT 3664 010,ARG RESOURCES INC,1985-08-08,,INJECTION,Abandoned,Vertical Well,Orphaned / Abandoned / Unverified Plug,https://wellwiki.org/wiki/37-047-21915,,"2621719"
37-123-04241,,"41.83004000032005","-79.16061599998324",PA,Warren,Pleasant,YEAGLE 3,GEER PUTNAM,,,OIL,Proposed But Never Materialized,Vertical Well,Not Drilled,https://wellwiki.org/wiki/37-123-04241,,"2621720"
37-083-11521,,"41.68039500011683","-78.81986099985085",PA,McKean,Wetmore,MCCAULY 2,PA DEP OFC OIL & GAS MGMT,1800-01-01,,OIL,DEP Orphan List,Vertical Well,Orphaned / Abandoned / Unverified Plug,https://wellwiki.org/wiki/37-083-11521,,"2621721"
37-065-25219,,"41.08431699974805","-79.03675899972437",PA,Jefferson,Knox,GRAHAM 1,PA MINERAL SVCS LLC,2005-04-04,,GAS,Abandoned,Vertical Well,Orphaned / Abandoned / Unverified Plug,https://wellwiki.org/wiki/37-065-25219,,"2621722"
37-059-02334,,"39.75817899999678","-80.04423899986445",PA,Greene,Dunkard,YOST 1,UNKNOWN OPR,1800-01-01,,GAS,DEP Abandoned List,Vertical Well,Orphaned / Abandoned / Unverified Plug,https://wellwiki.org/wiki/37-059-02334,,"2621723"
37-005-01625,,"40.57363300025071","-79.54177400023673",PA,Armstrong,North Apollo,SHAW/TOWNSEND 1,MCDERMOTT CYNTHIA,1800-01-01,,GAS,Abandoned,Vertical Well,Orphaned / Abandoned / Unverified Plug,https://wellwiki.org/wiki/37-005-01625,,"2621724"
37-049-23052,,"42.092483000209434","-80.07274399999865",PA,Erie,Erie,GERARD T UHT 1,UHT GERALD T,1983-08-17,,GAS,Abandoned,Vertical Well,Orphaned / Abandoned / Unverified Plug,https://wellwiki.org/wiki/37-049-23052,,"2621725"
37-019-01160,,"41.05850699982882","-79.74652899990097",PA,Butler,Parker,TURNER 201,PA DEP OFC OIL & GAS MGMT,1800-01-01,,UNDETERMINED,DEP Orphan List,Vertical Well,Orphaned / Abandoned / Unverified Plug,https://wellwiki.org/wiki/37-019-01160,,"2621726"
37-083-11620,,"41.93885199997016","-78.54542100032971",PA,McKean,Foster,MURPHY 32,PA DEP OFC OIL & GAS MGMT,1800-01-01,,UNDETERMINED,DEP Orphan List,Vertical Well,Orphaned / Abandoned / Unverified Plug,https://wellwiki.org/wiki/37-083-11620,,"2621727"
37-063-34658,,"40.5529840000275","-79.11493299996447",PA,Indiana,Center,ONDO 8170,LINN OPR INC,,,GAS,Operator Reported Not Drilled,Vertical Well,Not Drilled,https://wellwiki.org/wiki/37-063-34658,,"2621728"
37-059-24997,,"40.00072000005086","-80.21688499979712",PA,Greene,Washington,LESLIE COLE 1,JESMAR ENERGY INC,,,GAS,Operator Reported Not Drilled,Vertical Well,Not Drilled,https://wellwiki.org/wiki/37-059-24997,,"2621729"
37-123-05282,,"41.671507000132955","-79.47093799978606",PA,Warren,Triumph,ULF U2,PA DEP OFC OIL & GAS MGMT,1800-01-01,,OIL,DEP Abandoned List,Vertical Well,Orphaned / Abandoned / Unverified Plug,https://wellwiki.org/wiki/37-123-05282,,"2621730"
37-033-26491,,"41.030405999925485","-78.79089600030744",PA,Clearfield,Troutville,SHAFFER NANCY 6,DEVONIAN RESOURCES INC,,,GAS,Operator Reported Not Drilled,Vertical Well,Not Drilled,https://wellwiki.org/wiki/37-033-26491,,"2621731"
37-121-28789,,"41.48309500009121","-79.63852700030212",PA,Venango,Cornplanter,CORSE 101,WITCO CORP,1980-10-17,,OIL,DEP Abandoned List,Vertical Well,Orphaned / Abandoned / Unverified Plug,https://wellwiki.org/wiki/37-121-28789,,"2621732"
37-019-01643,,"40.864238000153755","-79.74071599990079",PA,Butler,Clearfield,DALMAGRO 1,DALMAGRO JOHN,1800-01-01,,OIL,Abandoned,Vertical Well,Orphaned / Abandoned / Unverified Plug,https://wellwiki.org/wiki/37-019-01643,,"2621733"
37-083-07562,,"41.99798900025065","-78.56993600017883",PA,McKean,Foster,JOHNSTON LOT 58 ZC012,PA DEP OFC OIL & GAS MGMT,1800-01-01,,INJECTION,DEP Orphan List,Vertical Well,Orphaned / Abandoned / Unverified Plug,https://wellwiki.org/wiki/37-083-07562,,"2621734"
37-003-01266,,"40.53305599985266","-80.11325000005189",PA,Allegheny,Ohio,W P C 2,UNKNOWN OPR,1800-01-01,,GAS,Plugged Unverified,Vertical Well,Orphaned / Abandoned / Unverified Plug,https://wellwiki.org/wiki/37-003-01266,,"2621735"
37-059-02436,,"39.80589700028575","-80.2432779996129",PA,Greene,Wayne,DAN HOPKINS 1,UNKNOWN OPR,1800-01-01,,GAS,DEP Abandoned List,Vertical Well,Orphaned / Abandoned / Unverified Plug,https://wellwiki.org/wiki/37-059-02436,,"2621736"
37-059-25874,,"39.86728300028076","-79.9627580001279",PA,Greene,Cumberland,HART UNIT 10H,EQT CHAP LLC,,,GAS,Operator Reported Not Drilled,Horizontal Well,Not Drilled,https://wellwiki.org/wiki/37-059-25874,,"2621737"
37-047-21941,,"41.532205000243586","-78.88842000012667",PA,Elk,Highland,CLINTON 31,ARG RESOURCES INC,1985-08-09,,OIL,Abandoned,Vertical Well,Orphaned / Abandoned / Unverified Plug,https://wellwiki.org/wiki/37-047-21941,,"2621738"
37-005-01414,,"40.92815500032489","-79.25697700041147",PA,Armstrong,Redbank,B NEAL 5,MGPR LLC,1800-01-01,,GAS,Abandoned,Vertical Well,Orphaned / Abandoned / Unverified Plug,https://wellwiki.org/wiki/37-005-01414,,"2621739"
37-059-01758,,"39.96249199972419","-80.31571699967063",PA,Greene,Morris,J.B. CARTER 1,LEATHERWOOD LLC,1800-01-01,2018-10-04,OIL,Plugged OG Well,Vertical Well,Plugged,https://wellwiki.org/wiki/37-059-01758,,"2621740"
37-031-01889,,"41.29801600010433","-79.56700600031134",PA,Clarion,Ashland,LES 5,UNKNOWN OPR,1800-01-01,2002-04-15,UNDETERMINED,Plugged OG Well,Vertical Well,Plugged,https://wellwiki.org/wiki/37-031-01889,,"2621741"
37-083-32505,,"41.922545000121836","-78.5370919997801",PA,McKean,Foster,EVANS 219,BLAST PRODUCING CO,1800-01-01,2007-12-05,OIL,Plugged OG Well,Vertical Well,Plugged,https://wellwiki.org/wiki/37-083-32505,,"2621742"
37-049-20287,,"41.90844100003116","-80.33659500031038",PA,Erie,Cranesville,GEORGE CARR 1,CAYMAN CORP,1966-08-04,1968-10-25,GAS,Plugged OG Well,Vertical Well,Plugged,https://wellwiki.org/wiki/37-049-20287,,"2621743"
37-123-02836,,"41.64148000006349","-78.96025599976173",PA,Warren,Sheffield,LOT 10 16,AZCO OPR CO,1800-01-01,1993-06-21,OIL,Plugged OG Well,Vertical Well,Plugged,https://wellwiki.org/wiki/37-123-02836,,"2621744"
37-121-03216,,"41.202450000138406","-79.90127800007373",PA,Venango,Clinton,MEYER 8,ADOBE COAL CO,1800-01-01,1989-11-09,OIL,Plugged OG Well,Vertical Well,Plugged,https://wellwiki.org/wiki/37-121-03216,,"2621745"
37-083-43061,,"41.96008300007357","-78.59992900029233",PA,McKean,Foster,LAFFERTY 179,PENNZOIL PROD CO,1800-01-01,1983-12-15,OIL,Plugged OG Well,Vertical Well,Plugged,https://wellwiki.org/wiki/37-083-43061,,"2621746"
37-121-40825,,"41.591115000218714","-79.54799599959249",PA,Venango,Allegheny,PRATT 3P,QUAKER STATE CORP,1800-01-01,1985-05-07,OIL,Plugged OG Well,Vertical Well,Plugged,https://wellwiki.org/wiki/37-121-40825,,"2621747"
37-121-38647,,"41.39772699993779","-79.78705000002283",PA,Venango,Cranberry,C SOLLE 8,PRESTON JAMES R,1800-01-01,,OIL,Plugged OG Well,Vertical Well,Plugged,https://wellwiki.org/wiki/37-121-38647,,"2621748"
37-039-21194,,"41.742046000262164","-79.73391700006164",PA,Crawford,Rome,LUKACH 1,PETER LUKACH,1981-05-01,1987-06-02,OIL,Plugged OG Well,Vertical Well,Plugged,https://wellwiki.org/wiki/37-039-21194,,"2621749"
37-121-02550,,"41.3788000001457","-79.52525099975502",PA,Venango,Pinegrove,SHAW OWS90,PRESIDENT OIL CO,1800-01-01,1992-11-10,GAS,Plugged OG Well,Vertical Well,Plugged,https://wellwiki.org/wiki/37-121-02550,,"2621750"
37-083-31503,,"41.75969999975111","-78.72252799982735",PA,McKean,Hamlin,RAY B KANE 80,PENNZOIL PROD CO,1974-11-26,1989-04-27,OIL,Plugged OG Well,Vertical Well,Plugged,https://wellwiki.org/wiki/37-083-31503,,"2621751"
37-047-01616,,"41.61540100029091","-78.86355700012302",PA,Elk,Highland,LYTE 2,PENNZOIL PROD CO,1800-01-01,1993-03-10,OIL,Plugged OG Well,Vertical Well,Plugged,https://wellwiki.org/wiki/37-047-01616,,"2621752"
37-083-37862,,"41.66186799980778","-78.812430000175",PA,McKean,Kane,COMMONS LOT 1,NOVOSEL FRANK,1979-10-08,1989-06-25,GAS,Plugged OG Well,Vertical Well,Plugged,https://wellwiki.org/wiki/37-083-37862,,"2621753"
37-083-07852,,"41.990415999834674","-78.48806799992965",PA,McKean,Otto,BURNS FLOOD 2 66,QUAKER STATE CORP,1800-01-01,1990-07-24,OIL,Plugged OG Well,Vertical Well,Plugged,https://wellwiki.org/wiki/37-083-07852,,"2621754"
37-083-14256,,"41.97365800019761","-78.48831899999982",PA,McKean,Otto,FRANKS 49,PLANTS & GOODWIN INC,1800-01-01,2000-08-11,OIL,Plugged OG Well,Vertical Well,Plugged,https://wellwiki.org/wiki/37-083-14256,,"2621755"
37-123-39845,,"41.829737999793515","-79.06598000025915",PA,Warren,Mead,LOCKWOOD 61,COOK ENERGY INC,1800-01-01,1987-11-12,OIL,Plugged OG Well,Vertical Well,Plugged,https://wellwiki.org/wiki/37-123-39845,,"2621756"
37-083-01344,,"41.89365899984383","-78.51695300000544",PA,McKean,Keating,BROWN 1 24,SH ELDER & CO,1800-01-01,1991-04-12,OIL,Plugged OG Well,Vertical Well,Plugged,https://wellwiki.org/wiki/37-083-01344,,"2621757"
37-121-41128,,"41.6160889998632","-79.52114099981934",PA,Venango,Allegheny,CARSON 5,CARSON EDGAR G,1800-01-01,1985-07-10,OIL,Plugged OG Well,Vertical Well,Plugged,https://wellwiki.org/wiki/37-121-41128,,"2621758"
37-121-00610,,"41.46138499986056","-79.72267600002576",PA,Venango,Cornplanter,NOVEM 17,PA GEN ENERGY CORP,1800-01-01,1989-05-15,OIL,Plugged OG Well,Vertical Well,Plugged,https://wellwiki.org/wiki/37-121-00610,,"2621759"
37-083-34764,,"41.97740999988743","-78.58169100005058",PA,McKean,Foster,FREDERICKS 7,WITCO CORP,1800-01-01,1977-04-28,OIL,Plugged OG Well,Vertical Well,Plugged,https://wellwiki.org/wiki/37-083-34764,,"2621760"
37-083-34762,,"41.97433099977185","-78.54226399972276",PA,McKean,Foster,FREDERICKS 59,WITCO CORP,1800-01-01,1977-04-19,OIL,Plugged OG Well,Vertical Well,Plugged,https://wellwiki.org/wiki/37-083-34762,,"2621761"
37-049-24643,,"42.046837000142794","-79.99012199971405",PA,Erie,Greene,TOMCZAK 2,NEA CROSS INC,1800-01-01,1986-02-27,GAS,Plugged OG Well,Vertical Well,Plugged,https://wellwiki.org/wiki/37-049-24643,,"2621762"
37-059-22189,,"39.947360999745605","-80.41919199958228",PA,Greene,Richhill,BURNS 521,CONSOL PA COAL CO LLC,1800-01-01,1988-06-03,GAS,Plugged OG Well,Vertical Well,Plugged,https://wellwiki.org/wiki/37-059-22189,,"2621763"
37-121-21393,,"41.47775899998692","-79.59408200001741",PA,Venango,President,PROPER 4Q,QUAKER STATE CORP,1971-10-08,1987-01-28,OIL,Plugged OG Well,Vertical Well,Plugged,https://wellwiki.org/wiki/37-121-21393,,"2621764"
37-125-91161,,"40.15516199990312","-80.33400500014109",PA,Washington,Buffalo,J. W. BARNHART 3,UNKNOWN OPR,1800-01-01,,OIL,Plugged OG Well,Vertical Well,Plugged,https://wellwiki.org/wiki/37-125-91161,,"2621765"
37-123-01290,,"41.7082749999354","-79.5668079999446",PA,Warren,Eldred,OTT 15,PA GEN ENERGY CORP,1800-01-01,,OIL,Plugged OG Well,Vertical Well,Plugged,https://wellwiki.org/wiki/37-123-01290,,"2621766"
37-083-38029,,"41.93995000007772","-78.59168599995645",PA,McKean,Foster,MORRIS 2,CJ MORRIS & SONS,1800-01-01,1993-04-06,OIL,Plugged OG Well,Vertical Well,Plugged,https://wellwiki.org/wiki/37-083-38029,,"2621767"
37-053-25688,,"41.57936199999319","-79.50742099994227",PA,Forest,Harmony,GRIFFEN 21X,QUAKER STATE CORP,1800-01-01,1984-03-08,OIL,Plugged OG Well,Vertical Well,Plugged,https://wellwiki.org/wiki/37-053-25688,,"2621768"
37-047-01859,,"41.55271700027084","-78.92233900005286",PA,Elk,Highland,HULINGS 2,ARG RESOURCES INC,1800-01-01,2013-03-06,OIL,Plugged OG Well,Vertical Well,Plugged,https://wellwiki.org/wiki/37-047-01859,,"2621769"
37-083-07952,,"41.94662800015887","-78.68260599993017",PA,McKean,Bradford,ROGERS 53,GEORGE BRUCE S,1800-01-01,2012-01-12,GAS,Plugged OG Well,Vertical Well,Plugged,https://wellwiki.org/wiki/37-083-07952,,"2621770"
37-117-21737,,"41.885735999699364","-77.30476099985884",PA,Tioga,Middlebury,KINNAN 845 26H,SWEPI LP,,,GAS,Proposed But Never Materialized,Horizontal Well,Not Drilled,https://wellwiki.org/wiki/37-117-21737,,"2621771"
37-039-00068,,"41.65393999989547","-79.662899999861",PA,Crawford,Spring,WARNER 64,PA GEN ENERGY CORP,1800-01-01,1994-07-26,OIL,Plugged OG Well,Vertical Well,Plugged,https://wellwiki.org/wiki/37-039-00068,,"2621772"
37-051-21143,,"39.932832000013825","-79.88523599981598",PA,Fayette,Luzerne,CRAIG 2,VIKING RESOURCES LLC,2000-03-14,2000-08-30,GAS,Plugged OG Well,Vertical Well,Plugged,https://wellwiki.org/wiki/37-051-21143,,"2621773"
37-005-28320,,"40.62862300006547","-79.55330800017556",PA,Armstrong,Parks,W CROBSY 4,CONSOL GAS CO,,,GAS,Operator Reported Not Drilled,Vertical Well,Not Drilled,https://wellwiki.org/wiki/37-005-28320,,"2621774"
37-033-25252,,"40.85451800014436","-78.51512400044257",PA,Clearfield,Knox,ORWICK 9,ENERGY CORP OF AMER,,,GAS,Operator Reported Not Drilled,Vertical Well,Not Drilled,https://wellwiki.org/wiki/37-033-25252,,"2621775"
37-047-01651,,"41.55315000001757","-78.6055179999865",PA,Elk,Jones,HOSKINS 50,PA DEP OFC OIL & GAS MGMT,1800-01-01,2002-08-08,OIL,DEP Plugged,Vertical Well,Plugged,https://wellwiki.org/wiki/37-047-01651,,"2621776"
37-053-29221,,"41.57745299996048","-79.00602499999422",PA,Forest,Howe,LOT 21 1074,CATALYST ENERGY INC,,,OIL,Operator Reported Not Drilled,Vertical Well,Not Drilled,https://wellwiki.org/wiki/37-053-29221,,"2621777"
37-033-26839,,"40.95128400008086","-78.34911199959433",PA,Clearfield,Boggs,GOSS 1,SWEPI LP,,,GAS,Operator Reported Not Drilled,Vertical Well,Not Drilled,https://wellwiki.org/wiki/37-033-26839,,"2621778"
37-063-31077,,"40.70963700029935","-78.83948099976674",PA,Indiana,Green,STIFFLER 3,TEXAS KEYSTONE INC,,,GAS,Operator Reported Not Drilled,Vertical Well,Not Drilled,https://wellwiki.org/wiki/37-063-31077,,"2621779"
37-083-14842,,"41.95308599975361","-78.50354299974975",PA,McKean,Otto,WARD 16,PA DEP OFC OIL & GAS MGMT,1800-01-01,2002-06-14,OIL,DEP Plugged,Vertical Well,Plugged,https://wellwiki.org/wiki/37-083-14842,,"2621780"
37-047-01825,,"41.55728400000118","-78.5976040004369",PA,Elk,Jones,CORP OF ENGINEERS ON11,PA DEP OFC OIL & GAS MGMT,1800-01-01,2003-07-23,OIL,DEP Plugged,Vertical Well,Plugged,https://wellwiki.org/wiki/37-047-01825,,"2621781"
37-117-21656,,"41.88294700007615","-77.41802800018509",PA,Tioga,Chatham,NEAL 815 21H,SWEPI LP,,,GAS,Operator Reported Not Drilled,Horizontal Well,Not Drilled,https://wellwiki.org/wiki/37-117-21656,,"2621782"
37-121-22096,,"41.53124700003299","-79.57273599957252",PA,Venango,Cornplanter,MORREY 1,PA DEP OFC OIL & GAS MGMT,1972-09-29,1997-06-13,OIL,DEP Plugged,Vertical Well,Plugged,https://wellwiki.org/wiki/37-121-22096,,"2621783"
37-053-28316,,"41.61642000000141","-79.46640100005312",PA,Forest,Harmony,CHRIS 13,OZ GAS LTD,,,GAS,Proposed But Never Materialized,Vertical Well,Not Drilled,https://wellwiki.org/wiki/37-053-28316,,"2621784"
37-027-21170,,"41.096589999720614","-78.09080899986718",PA,Centre,Burnside,LARSON 5,MID EAST OIL CO,,,GAS,Operator Reported Not Drilled,Vertical Well,Not Drilled,https://wellwiki.org/wiki/37-027-21170,,"2621785"
37-117-21260,,"41.8829689997429","-77.41808099988855",PA,Tioga,Chatham,NEAL 815 4H,SWEPI LP,,,GAS,Proposed But Never Materialized,Horizontal Well,Not Drilled,https://wellwiki.org/wiki/37-117-21260,,"2621786"
37-053-26484,,"41.624799999880054","-79.03768099998928",PA,Forest,Howe,COLLINS 3,SOUTHWELL RUSSELL W,,,OIL,Operator Reported Not Drilled,Vertical Well,Not Drilled,https://wellwiki.org/wiki/37-053-26484,,"2621787"
37-083-57336,,"41.95489999993935","-78.49430000022949",PA,McKean,Otto,DANIALS 1,PA DEP OFC OIL & GAS MGMT,1800-01-01,2023-06-08,GAS,DEP Plugged,Undetermined,Plugged,https://wellwiki.org/wiki/37-083-57336,,"2621788"
37-129-29086,,"40.382071999993826","-79.63760800041025",PA,Westmoreland,Penn,METIS 2M,"OLYMPUS ENERGY, LLC",,,GAS,Operator Reported Not Drilled,Horizontal Well,Not Drilled,https://wellwiki.org/wiki/37-129-29086,,"2621789"
37-031-24276,,"41.045846999860395","-79.61677800034938",PA,Clarion,Perry,G ZANG 4,INTERSTATE GAS MKT INC,,,GAS,Operator Reported Not Drilled,Vertical Well,Not Drilled,https://wellwiki.org/wiki/37-031-24276,,"2621790"
37-005-00607,,"40.89739000028989","-79.36069300034757",PA,Armstrong,Wayne,I M BASHLINE 2,PA DEP OFC OIL & GAS MGMT,1800-01-01,2023-07-25,GAS,DEP Plugged,Vertical Well,Plugged,https://wellwiki.org/wiki/37-005-00607,,"2621791"
37-033-24096,,"40.91256199998926","-78.52323600035889",PA,Clearfield,Pike,FREEMAN 2,KRIEBEL GAS INC,,,GAS,Operator Reported Not Drilled,Vertical Well,Not Drilled,https://wellwiki.org/wiki/37-033-24096,,"2621792"
37-083-11955,,"41.97873499976552","-78.5833399996884",PA,McKean,Foster,GATES 9,PA DEP OFC OIL & GAS MGMT,1800-01-01,2007-03-26,UNDETERMINED,DEP Plugged,Vertical Well,Plugged,https://wellwiki.org/wiki/37-083-11955,,"2621793"
37-129-29065,,"40.38415600012815","-79.62414399972789",PA,Westmoreland,Penn,GAIA 5M,"OLYMPUS ENERGY, LLC",,,GAS,Operator Reported Not Drilled,Horizontal Well,Not Drilled,https://wellwiki.org/wiki/37-129-29065,,"2621794"
37-105-21602,,"41.992595000036005","-77.75604300036036",PA,Potter,Bingham,DAVENPORT 12,SWEPI LP,,,OIL,Operator Reported Not Drilled,Vertical Well,Not Drilled,https://wellwiki.org/wiki/37-105-21602,,"2621795"
37-117-21795,,"41.725542000316764","-77.40584700034098",PA,Tioga,Shippen,HOUCK 433 28H,SWEPI LP,,,GAS,Proposed But Never Materialized,Horizontal Well,Not Drilled,https://wellwiki.org/wiki/37-117-21795,,"2621796"
37-033-26550,,"40.99958399975511","-78.71871800036563",PA,Clearfield,Brady,LONG 1,SHELLY OIL & GAS INC,,,GAS,Operator Reported Not Drilled,Vertical Well,Not Drilled,https://wellwiki.org/wiki/37-033-26550,,"2621797"
37-031-24968,,"41.159971999981","-79.38141700010321",PA,Clarion,Monroe,POTTER 1,INTERSTATE GAS MKT INC,,,GAS,Operator Reported Not Drilled,Vertical Well,Not Drilled,https://wellwiki.org/wiki/37-031-24968,,"2621798"
34-163-90065,"90065",,,OH,,,BETHEL WALTER 2 2,O. F. G.,,,OG_R,nogis_rec,,Other / Unknown,https://wellwiki.org/wiki/34-163-90065,,"1908954"
34-143-91542,"91542",,,OH,,,BURMAN G.A. 5 5,,,,OG_R,nogis_rec,,Other / Unknown,https://wellwiki.org/wiki/34-143-91542,,"1909480"
34-115-92465,"92465",,,OH,,," 2",,1/1/1900,,UN_R,nogis_rec,,Other / Unknown,https://wellwiki.org/wiki/34-115-92465,,"1912145"
34-121-90510,"90510",,,OH,,,Not in RBDMS ,,1/1/1900,,UN_R,permitted_loc,,Not Drilled,https://wellwiki.org/wiki/34-121-90510,,"1918602"
34-111-90899,"90899",,,OH,,,REICHMAN M. ,J. KUNS,1/1/1900,,UN_R,nogis_rec,,Other / Unknown,https://wellwiki.org/wiki/34-111-90899,,"1919652"
34-121-90402,"90402",,,OH,,,CORWIN D.W. 1 1,,1/1/1900,,UN_R,nogis_rec,,Other / Unknown,https://wellwiki.org/wiki/34-121-90402,,"1922076"
34-041-90002,"90002",,,OH,,,DR. M.E. MILHON ,,,,OG_R,nogis_rec,,Other / Unknown,https://wellwiki.org/wiki/34-041-90002,,"1925282"
34-063-90019,"90019",,,OH,,, ,,1/1/1900,,UN_R,nogis_rec,,Other / Unknown,https://wellwiki.org/wiki/34-063-90019,,"1926365"
34-115-90272,"90272",,,OH,,,BOILEAU A. A. ,,1/1/1900,,UN_R,nogis_rec,,Other / Unknown,https://wellwiki.org/wiki/34-115-90272,,"1930263"
34-107-90065,"90065",,,OH,,,BAILEY G. 1 1,OHIO OIL CO.,10/30/1902,,OG_R,nogis_rec,,Other / Unknown,https://wellwiki.org/wiki/34-107-90065,,"1934745"
34-111-90779,"90779",,,OH,,,RUSSELL FEC 7 7,RENO OIL,1/1/1900,,UN_R,nogis_rec,,Other / Unknown,https://wellwiki.org/wiki/34-111-90779,,"1958371"
34-115-91837,"91837",,,OH,,,GLASS FRED 9 9,HENNING BROS.,,,OG_R,nogis_rec,,Other / Unknown,https://wellwiki.org/wiki/34-115-91837,,"1961057"
34-119-20578,"20578",,,OH,,, ,,,,OG_R,nogis_rec,,Other / Unknown,https://wellwiki.org/wiki/34-119-20578,,"1961245"
34-111-90603,"90603",,,OH,,,GATES VALENTINE ,RG,,,OG_R,nogis_rec,,Other / Unknown,https://wellwiki.org/wiki/34-111-90603,,"1961591"
34-105-90063,"90063",,,OH,,,FRENCH WALTER 1 1,,,,OG_R,nogis_rec,,Other / Unknown,https://wellwiki.org/wiki/34-105-90063,,"1963551"
34-153-21833,"21833",,,OH,,, ,,,,OG_R,nogis_rec,,Other / Unknown,https://wellwiki.org/wiki/34-153-21833,,"1963685"
34-115-93265,"93265",,,OH,,,WHITE H.W. 34 34,LADD OIL CO.,,,OG_R,nogis_rec,,Other / Unknown,https://wellwiki.org/wiki/34-115-93265,,"1964371"
34-063-91170,"91170",,,OH,,,PRICE E. 2 2,THE OHIO OIL CO,,,OG_R,nogis_rec,,Other / Unknown,https://wellwiki.org/wiki/34-063-91170,,"1965568"
34-083-02474,"2474",,,OH,,, ,,,,OG_R,nogis_rec,,Other / Unknown,https://wellwiki.org/wiki/34-083-02474,,"1967854"
34-055-91851,"91851",,,OH,,,Not in RBDMS ,,1/1/1900,,UN_R,nogis_rec,,Other / Unknown,https://wellwiki.org/wiki/34-055-91851,,"1968138"
34-123-90024,"90024",,,OH,,,JENSON J.P. 1 1,,6/21/1923,,OG_R,nogis_rec,,Other / Unknown,https://wellwiki.org/wiki/34-123-90024,,"1968304"
34-063-90369,"90369",,,OH,,,HILLSHAFFER C. 7 7,OHIO OIL CO.,1/17/1900,,OG_R,nogis_rec,,Other / Unknown,https://wellwiki.org/wiki/34-063-90369,,"1968475"
34-103-90579,"90579",,,OH,,,HOSTETTLER 6 6,BALDWIN PROD. CORP.,6/20/1919,,OG_R,nogis_rec,,Other / Unknown,https://wellwiki.org/wiki/34-103-90579,,"1970519"
34-003-91124,"91124",,,OH,,,BREESE ALVA 1 1,OHIO OIL CO,,,OG_R,nogis_rec,,Other / Unknown,https://wellwiki.org/wiki/34-003-91124,,"1976065"
34-155-20000,"20000",,,OH,,,Not in RBDMS ,,,,OG_R,nogis_rec,,Other / Unknown,https://wellwiki.org/wiki/34-155-20000,,"1976892"
34-003-90635,"90635",,,OH,,,APPLE H. FEE 6 6,OHIO OIL CO,,,OG_R,nogis_rec,,Other / Unknown,https://wellwiki.org/wiki/34-003-90635,,"1981164"
34-173-90445,"90445",,,OH,,,BAILEY JACOB 4 4,OHIO OIL CO.,,,OG_R,nogis_rec,,Other / Unknown,https://wellwiki.org/wiki/34-173-90445,,"1985872"
34-173-91564,"91564",,,OH,,,LAWRENCE B. A. 22 22,OHIO OIL CO.,1/1/1900,,UN_R,nogis_rec,,Other / Unknown,https://wellwiki.org/wiki/34-173-91564,,"1986111"
34-059-90071,"90071",,,OH,,,TINGLE J.M. & N. ,,1/1/1900,,UN_R,nogis_rec,,Other / Unknown,https://wellwiki.org/wiki/34-059-90071,,"2003689"
34-103-21716,"21716","41.1262555","-82.00791931",OH,,," 2",,,,OG_R,ex_permit,,Not Drilled,https://wellwiki.org/wiki/34-103-21716,,"2018327"
34-165-90007,"90007",,,OH,,,RICK JACK ,,1/1/1900,,UN_R,nogis_rec,,Other / Unknown,https://wellwiki.org/wiki/34-165-90007,,"2020737"
34-153-21832,"21832",,,OH,,, ,,,,OG_R,nogis_rec,,Other / Unknown,https://wellwiki.org/wiki/34-153-21832,,"2021133"
34-089-20249,"20249",,,OH,,, ,,,,OG_R,nogis_rec,,Other / Unknown,https://wellwiki.org/wiki/34-089-20249,,"2021378"
34-111-90878,"90878",,,OH,,,HOFF M. 5 5,,,,OG_R,nogis_rec,,Other / Unknown,https://wellwiki.org/wiki/34-111-90878,,"2021518"
34-157-90054,"90054",,,OH,,,JOHNSON J. E. 1 1,ARBO C & G CO,,,OG_R,nogis_rec,,Other / Unknown,https://wellwiki.org/wiki/34-157-90054,,"2021700"
34-115-90548,"90548",,,OH,,,GILLESPIE ALDEN 9 9,DAY CO.,,,OG_R,nogis_rec,,Other / Unknown,https://wellwiki.org/wiki/34-115-90548,,"2021922"
34-101-90013,"90013",,,OH,,, ,,1/1/1900,,UN_R,nogis_rec,,Other / Unknown,https://wellwiki.org/wiki/34-101-90013,,"2022502"
34-111-90652,"90652",,,OH,,,MILLIGAN HEIRS 1 1,BELL OIL & GAS CO,,,OG_R,nogis_rec,,Other / Unknown,https://wellwiki.org/wiki/34-111-90652,,"2022939"
34-067-21772,"21772",,,OH,,,Kage 210281 3A 3A,,,,OG_R,,,Other / Unknown,https://wellwiki.org/wiki/34-067-21772,,"2023189"
34-067-93832,"93832",,,OH,,,Not in RBDMS ,,,,OG_R,ex_permit,,Not Drilled,https://wellwiki.org/wiki/34-067-93832,,"2023350"
34-167-91368,"91368",,,OH,,,DANA 14 14,SCHRAMM OIL,,,OG_R,nogis_rec,,Other / Unknown,https://wellwiki.org/wiki/34-167-91368,,"2023384"
34-063-90194,"90194",,,OH,,,ALBIN GEORGE B. 15 15,,1/1/1900,,UN_R,nogis_rec,,Other / Unknown,https://wellwiki.org/wiki/34-063-90194,,"2023772"
34-067-94399,"94399",,,OH,,,Not in RBDMS ,,,,OG_R,ex_permit,,Not Drilled,https://wellwiki.org/wiki/34-067-94399,,"2026533"
34-119-22190,"22190","39.91130973","-81.9260572",OH,,,MYERS #1 ,,,,OG_R,pl_gas,,Plugged,https://wellwiki.org/wiki/34-119-22190,,"2027118"
34-013-90554,"90554",,,OH,,,KYSOR RANS 1 1,,,,OG_R,nogis_rec,,Other / Unknown,https://wellwiki.org/wiki/34-013-90554,,"2027445"
34-013-90064,"90064",,,OH,,, ,,1/1/1900,,UN_R,nogis_rec,,Other / Unknown,https://wellwiki.org/wiki/34-013-90064,,"2082929"
34-029-22016,"22016",,,OH,,,Grove CL KNX 3H 3H,,,,OG_R,permitted_loc,,Not Drilled,https://wellwiki.org/wiki/34-029-22016,,"2109977"
34-167-90071,"90071",,,OH,,,LANG J. ,,,,OG_R,nogis_rec,,Other / Unknown,https://wellwiki.org/wiki/34-167-90071,,"2139239"
34-045-90004,"90004",,,OH,,, ,,1/1/1900,,UN_R,nogis_rec,,Other / Unknown,https://wellwiki.org/wiki/34-045-90004,,"2142561"
34-067-90136,"90136",,,OH,,, ,,1/1/1900,,UN_R,nogis_rec,,Other / Unknown,https://wellwiki.org/wiki/34-067-90136,,"2143755"
34-167-90349,"90349",,,OH,,,RINARD 1 1,BLOTTER,,,OG_R,nogis_rec,,Other / Unknown,https://wellwiki.org/wiki/34-167-90349,,"2144664"
34-031-20518,"20518",,,OH,,, ,,,,OG_R,nogis_rec,,Other / Unknown,https://wellwiki.org/wiki/34-031-20518,,"2144803"
34-081-90374,"90374",,,OH,,,CULP 2 2,,,,OG_R,nogis_rec,,Other / Unknown,https://wellwiki.org/wiki/34-081-90374,,"2145396"
34-147-20000,"20000",,,OH,,,Not in RBDMS ,,1/1/1900,,UN_R,,,Other / Unknown,https://wellwiki.org/wiki/34-147-20000,,"2148849"
34-103-20090,"20090",,,OH,,, ,,1/1/1900,,UN_R,nogis_rec,,Other / Unknown,https://wellwiki.org/wiki/34-103-20090,,"2150786"
34-167-20400,"20400",,,OH,,, ,,1/1/1900,,UN_R,nogis_rec,,Other / Unknown,https://wellwiki.org/wiki/34-167-20400,,"2151038"
34-111-20599,"20599",,,OH,,, ,,,,OG_R,nogis_rec,,Other / Unknown,https://wellwiki.org/wiki/34-111-20599,,"2151135"
34-111-90670,"90670",,,OH,,,ZWICK 1 1,,,,OG_R,nogis_rec,,Other / Unknown,https://wellwiki.org/wiki/34-111-90670,,"2152128"
34-083-20462,"20462",,,OH,,, ,,,,OG_R,nogis_rec,,Other / Unknown,https://wellwiki.org/wiki/34-083-20462,,"2156543"
34-091-90029,"90029",,,OH,,, ,,1/1/1900,,UN_R,nogis_rec,,Other / Unknown,https://wellwiki.org/wiki/34-091-90029,,"2157821"
34-147-90041,"90041",,,OH,,,STUCKY HENRY ,,,,OG_R,nogis_rec,,Other / Unknown,https://wellwiki.org/wiki/34-147-90041,,"2160386"
34-067-21765,"21765",,,OH,,,Xavier HFP07 10B 10B,,,,OG_R,,,Other / Unknown,https://wellwiki.org/wiki/34-067-21765,,"2160756"
34-103-20019,"20019",,,OH,,, ,,1/1/1900,,UN_R,nogis_rec,,Other / Unknown,https://wellwiki.org/wiki/34-103-20019,,"2162353"
34-063-90493,"90493",,,OH,,, ,G. S. O.,1/1/1900,,UN_R,nogis_rec,,Other / Unknown,https://wellwiki.org/wiki/34-063-90493,,"2163671"
34-093-20141,"20141",,,OH,,, ,,,,OG_R,nogis_rec,,Other / Unknown,https://wellwiki.org/wiki/34-093-20141,,"2164656"
34-153-20212,"20212",,,OH,,, ,,,,OG_R,nogis_rec,,Other / Unknown,https://wellwiki.org/wiki/34-153-20212,,"2165238"
34-111-90293,"90293",,,OH,,,KNAPP FRANK ,RG,,,OG_R,nogis_rec,,Other / Unknown,https://wellwiki.org/wiki/34-111-90293,,"2165355"
34-111-90515,"90515",,,OH,,,KETTERER G. 11 11,,,,OG_R,nogis_rec,,Other / Unknown,https://wellwiki.org/wiki/34-111-90515,,"2165583"
34-111-91220,"91220",,,OH,,,WATSON H.R. 1 1,,,,OG_R,nogis_rec,,Other / Unknown,https://wellwiki.org/wiki/34-111-91220,,"2168115"
34-099-90016,"90016",,,OH,,,GATHIER ,,1/1/1900,,UN_R,nogis_rec,,Other / Unknown,https://wellwiki.org/wiki/34-099-90016,,"2170151"
34-067-90000,"90000",,,OH,,, ,,1/1/1900,,UN_R,nogis_rec,,Other / Unknown,https://wellwiki.org/wiki/34-067-90000,,"2170519"
34-063-90719,"90719",,,OH,,,SOLT D. B. 7 7,,,,OG_R,nogis_rec,,Other / Unknown,https://wellwiki.org/wiki/34-063-90719,,"2171535"
34-167-90656,"90656",,,OH,,,CARPENTER A.J. 2 2,,,,OG_R,nogis_rec,,Other / Unknown,https://wellwiki.org/wiki/34-167-90656,,"2173254"
34-067-93857,"93857",,,OH,,,Not in RBDMS ,,,,OG_R,ex_permit,,Not Drilled,https://wellwiki.org/wiki/34-067-93857,,"2174878"
34-063-90550,"90550",,,OH,,,REDFERN P. C. 11 11,OHIO OIL CO.,1/1/1900,,UN_R,nogis_rec,,Other / Unknown,https://wellwiki.org/wiki/34-063-90550,,"592321"
34-005-90354,"90354",,,OH,,,FUNK PAUL & ELLA 2 2,HARRY MCCLELLAND & SON,12/13/1950,,OG_R,nogis_rec,,Other / Unknown,https://wellwiki.org/wiki/34-005-90354,,"614080"
34-173-94286,"94286",,,OH,,,CROSSMAN E. 10 10,OHIO OIL CO.,9/20/1902,,OG_R,nogis_rec,,Other / Unknown,https://wellwiki.org/wiki/34-173-94286,,"509260"
34-173-94412,"94412",,,OH,,,LAWHEAD J. H. 3 3,OHIO OIL CO.,1/1/1900,,UN_R,nogis_rec,,Other / Unknown,https://wellwiki.org/wiki/34-173-94412,,"509429"
34-173-94456,"94456",,,OH,,,RILEY JOHN 1 1,OHIO OIL CO.,1/1/1900,,UN_R,nogis_rec,,Other / Unknown,https://wellwiki.org/wiki/34-173-94456,,"509796"
34-173-94569,"94569",,,OH,,,GRAHAM R. N. 5 5,OHIO OIL CO.,1/10/1900,,OG_R,nogis_rec,,Other / Unknown,https://wellwiki.org/wiki/34-173-94569,,"510240"
34-003-61323,"61323","40.77216064","-84.00950897",OH,,, ,,,,UN_R,unknown,,Other / Unknown,https://wellwiki.org/wiki/34-003-61323,,"510650"
34-167-91700,"91700",,,OH,,,POTTMEYER GILBERT 1 1,A.W. POTTMEYER,,,OG_R,nogis_rec,,Other / Unknown,https://wellwiki.org/wiki/34-167-91700,,"511259"
34-103-91113,"91113",,,OH,,,GRIGSBY J. F. X-GO-7 X-GO-7,BELMONT QUAD DRLG CORP.,3/21/1941,,OG_R,nogis_rec,,Other / Unknown,https://wellwiki.org/wiki/34-103-91113,,"511294"
34-103-91184,"91184",,,OH,,,MILLER E. G. 0-16 0-16,DYMO OIL CORP.,,,OG_R,nogis_rec,,Other / Unknown,https://wellwiki.org/wiki/34-103-91184,,"511835"
34-003-91084,"91084",,,OH,,,BUCKEYE PIPE LINE CO. 15 15,OHIO OIL CO,5/20/1903,,OG_R,nogis_rec,,Other / Unknown,https://wellwiki.org/wiki/34-003-91084,,"512763"
34-005-90177,"90177",,,OH,,,MOTTER LOTTIE M. 1 1,R. STEWART,1/22/1949,,OG_R,nogis_rec,,Other / Unknown,https://wellwiki.org/wiki/34-005-90177,,"512832"
34-009-90083,"90083",,,OH,,,KASLER A. A. 14 14,LOG CABIN OIL & GAS CO,6/1/1953,,OG_R,nogis_rec,,Other / Unknown,https://wellwiki.org/wiki/34-009-90083,,"513276"
34-009-90109,"90109",,,OH,,,MIILLS C.C. 4 4,CARPENTER & GLAZIER,,,OG_R,nogis_rec,,Other / Unknown,https://wellwiki.org/wiki/34-009-90109,,"513310"
34-009-60141,"60141","39.4449021","-81.98128616",OH,,," 6",,,,UN_R,unknown,,Other / Unknown,https://wellwiki.org/wiki/34-009-60141,,"513378"
34-013-60242,"60242","40.15909418","-80.76554048",OH,,, ,,,,UN_R,unknown,,Other / Unknown,https://wellwiki.org/wiki/34-013-60242,,"513412"
34-167-91357,"91357",,,OH,,,RICHEY T. C. & J. B. 5 5,SCHNEIDER OIL CO.,8/16/1938,,OG_R,nogis_rec,,Other / Unknown,https://wellwiki.org/wiki/34-167-91357,,"513850"
34-167-92043,"92043",,,OH,,,Not in RBDMS ,,1/1/1900,,UN_R,nogis_rec,,Other / Unknown,https://wellwiki.org/wiki/34-167-92043,,"514021"
34-003-90921,"90921",,,OH,,,HAULEY H. 5 5,OHIO OIL CO,4/17/1900,,OG_R,nogis_rec,,Other / Unknown,https://wellwiki.org/wiki/34-003-90921,,"514123"
34-003-91032,"91032",,,OH,,,SPYKER LUTHER 1 1,OHIO OIL CO,1/1/1900,,UN_R,nogis_rec,,Other / Unknown,https://wellwiki.org/wiki/34-003-91032,,"514465"
34-173-90009,"90009",,,OH,,,SOLETHER C. 10 10,OHIO OIL CO.,2/1/1900,,OG_R,nogis_rec,,Other / Unknown,https://wellwiki.org/wiki/34-173-90009,,"514601"
34-173-91191,"91191",,,OH,,,DAHN M. M. 3 3,OHIO OIL CO.,1/1/1900,,UN_R,nogis_rec,,Other / Unknown,https://wellwiki.org/wiki/34-173-91191,,"514703"
34-173-91483,"91483",,,OH,,,FREYMAN H. 16 16,OHIO OIL CO.,1/1/1900,,UN_R,nogis_rec,,Other / Unknown,https://wellwiki.org/wiki/34-173-91483,,"514803"
34-173-91771,"91771",,,OH,,,HAMMON AND FRANKS WHITE 5 5,OHIO OIL CO.,1/1/1900,,UN_R,nogis_rec,,Other / Unknown,https://wellwiki.org/wiki/34-173-91771,,"514837"
34-173-92309,"92309",,,OH,,,FELLERS ENOS 4 4,OHIO OIL CO.,6/12/1900,,OG_R,nogis_rec,,Other / Unknown,https://wellwiki.org/wiki/34-173-92309,,"514971"
34-173-92536,"92536",,,OH,,,COREY D. J. 9 9,OHIO OIL CO.,,,OG_R,nogis_rec,,Other / Unknown,https://wellwiki.org/wiki/34-173-92536,,"515070"
34-173-93574,"93574",,,OH,,,ROSE F. H. 1 1,OHIO OIL CO.,8/11/1902,,OG_R,nogis_rec,,Other / Unknown,https://wellwiki.org/wiki/34-173-93574,,"515271"
34-173-93749,"93749",,,OH,,,BAY C. 1 1,OHIO OIL CO.,1/1/1900,,UN_R,nogis_rec,,Other / Unknown,https://wellwiki.org/wiki/34-173-93749,,"515407"
34-173-94135,"94135",,,OH,,,SMITH T. 9 9,OHIO OIL CO.,6/21/1900,,OG_R,nogis_rec,,Other / Unknown,https://wellwiki.org/wiki/34-173-94135,,"515476"
34-173-94349,"94349",,,OH,,,JACKSON E. 9 9,OHIO OIL CO.,1/1/1900,,UN_R,nogis_rec,,Other / Unknown,https://wellwiki.org/wiki/34-173-94349,,"516229"
34-149-90003,"90003",,,OH,,,SIDNAY TANNING CO. ,C. N. JACKSON & SONS,1/1/1900,,UN_R,nogis_rec,,Other / Unknown,https://wellwiki.org/wiki/34-149-90003,,"517218"
34-095-90056,"90056",,,OH,,,COOK ELIZA 3 3,OHIO OIL CO.,3/18/1900,,OG_R,nogis_rec,,Other / Unknown,https://wellwiki.org/wiki/34-095-90056,,"517391"
34-103-90162,"90162",,,OH,,,WIDEMAN L. R. 04 04,DYMO OIL CORP.,1/1/1900,,UN_R,nogis_rec,,Other / Unknown,https://wellwiki.org/wiki/34-103-90162,,"517634"
34-103-91243,"91243",,,OH,,,WIDEMAN L. R. 12 12,SHANER & JORDAN CO.,1/1/1900,,UN_R,nogis_rec,,Other / Unknown,https://wellwiki.org/wiki/34-103-91243,,"518149"
34-107-90305,"90305",,,OH,,,STEARNS CHARLES N. 1 1,OHIO OIL CO.,1/1/1900,,UN_R,nogis_rec,,Other / Unknown,https://wellwiki.org/wiki/34-107-90305,,"518217"
34-009-90165,"90165",,,OH,,,BALL AARON 17 17,E. P. ALLEMANG,1/1/1900,,UN_R,nogis_rec,,Other / Unknown,https://wellwiki.org/wiki/34-009-90165,,"518521"
34-009-90484,"90484",,,OH,,,COOK HARLEY A.    HRS. 3 3,ALLEMANG & JESS WILLIAMS E.P.,,,OG_R,nogis_rec,,Other / Unknown,https://wellwiki.org/wiki/34-009-90484,,"518966"
34-011-90144,"90144",,,OH,,,COGAN JOHN 10 10,OHIO OIL CO,3/24/1900,,OG_R,nogis_rec,,Other / Unknown,https://wellwiki.org/wiki/34-011-90144,,"519172"
34-013-90061,"90061",,,OH,,,HATCHER T.J. & NANCY 1 1,NAT. GAS CO OF W. VA.,,,OG_R,nogis_rec,,Other / Unknown,https://wellwiki.org/wiki/34-013-90061,,"519242"
34-013-90604,"90604",,,OH,,,YARNELL ROSS 1 1,JOHN T. YOUNG,,,OG_R,nogis_rec,,Other / Unknown,https://wellwiki.org/wiki/34-013-90604,,"519312"
34-169-90209,"90209",,,OH,,,WALTERS J. W. 4 4,OHIO OIL CO.,11/26/1918,,OG_R,nogis_rec,,Other / Unknown,https://wellwiki.org/wiki/34-169-90209,,"520956"
34-173-92171,"92171",,,OH,,,TARR S. A. 3 3,OHIO OIL CO.,,,OG_R,nogis_rec,,Other / Unknown,https://wellwiki.org/wiki/34-173-92171,,"520990"
34-173-94529,"94529",,,OH,,,ST. CLAIR S. 8 8,OHIO OIL CO.,1/1/1900,,UN_R,nogis_rec,,Other / Unknown,https://wellwiki.org/wiki/34-173-94529,,"521024"
34-173-94564,"94564",,,OH,,,GRAHAM J.A. 4 4,OHIO OIL CO.,5/19/1900,,OG_R,nogis_rec,,Other / Unknown,https://wellwiki.org/wiki/34-173-94564,,"521302"
34-173-95011,"95011",,,OH,,,TRAPNELL J. 43 43,OHIO OIL CO.,12/30/1903,,OG_R,nogis_rec,,Other / Unknown,https://wellwiki.org/wiki/34-173-95011,,"521439"
34-001-60017,"60017",,,OH,,,RUMPKE SANITARY LANDFILL INC. ACW-1 ACW-1,RUMPKE,,,ST_R,nogis_rec,,Other / Unknown,https://wellwiki.org/wiki/34-001-60017,,"521544"
34-003-90074,"90074",,,OH,,,MILLER D.D. 1 1,OHIO OIL CO,1/1/1900,,UN_R,nogis_rec,,Other / Unknown,https://wellwiki.org/wiki/34-003-90074,,"521614"
34-019-22854,"22854","40.59058535","-81.23334923",OH,,,Rose 0816 8H 8H,,,,OG_R,,,Other / Unknown,https://wellwiki.org/wiki/34-019-22854,,"522580"
34-035-90007,"90007",,,OH,,,CLEVELAND ,J.H. WADE,1/1/1900,,OG_R,nogis_rec,,Other / Unknown,https://wellwiki.org/wiki/34-035-90007,,"522648"
34-035-90091,"90091",,,OH,,,BARNS CAR S.W. & C. 1 1,BEREA PIPE LINE CO,3/10/1915,,OG_R,nogis_rec,,Other / Unknown,https://wellwiki.org/wiki/34-035-90091,,"523123"
34-161-90174,"90174",,,OH,,,BACON S. & C. 1 1,CHAS. ANDERSON ET AL,9/10/1932,,OG_R,nogis_rec,,Other / Unknown,https://wellwiki.org/wiki/34-161-90174,,"523190"
34-163-90056,"90056",,,OH,,,BROWN RUSSEL O. 1 1,KELCH BROS.,8/1/1943,,OG_R,nogis_rec,,Other / Unknown,https://wellwiki.org/wiki/34-163-90056,,"523325"
34-163-90031,"90031",,,OH,,,BACKUS LEWIS 3 3,KELCH,7/8/1934,,OG_R,nogis_rec,,Other / Unknown,https://wellwiki.org/wiki/34-163-90031,,"523458"
34-167-22827,"22827",,,OH,,,SCHILLING JOHN P. 1 1,J. T. HALL,,,OG_R,nogis_rec,,Other / Unknown,https://wellwiki.org/wiki/34-167-22827,,"523593"
34-167-90220,"90220",,,OH,,,BOARD E.R. 2 2,WILLIAMS BROS.,9/5/1936,,OG_R,nogis_rec,,Other / Unknown,https://wellwiki.org/wiki/34-167-90220,,"523928"
34-167-90379,"90379",,,OH,,,HOFFMAN JOHN 3 3,UHL OIL & GAS CO.,1/4/1938,,OG_R,nogis_rec,,Other / Unknown,https://wellwiki.org/wiki/34-167-90379,,"524029"
34-163-60916,"60916","39.32950962","-82.35332643",OH,,, ,,,,UN_R,unknown,,Other / Unknown,https://wellwiki.org/wiki/34-163-60916,,"524129"
34-173-90578,"90578",,,OH,,,BRANDEBERRY THOS. 1 1,OHIO OIL CO.,1/1/1900,,UN_R,nogis_rec,,Other / Unknown,https://wellwiki.org/wiki/34-173-90578,,"524465"
34-173-91061,"91061",,,OH,,,BRUNING H. & J. C. 16 16,OHIO OIL CO.,6/22/1900,,OG_R,nogis_rec,,Other / Unknown,https://wellwiki.org/wiki/34-173-91061,,"525009"
34-173-92797,"92797",,,OH,,,SCHONDLEMYER M. 10 10,OHIO OIL CO.,1/1/1900,,UN_R,nogis_rec,,Other / Unknown,https://wellwiki.org/wiki/34-173-92797,,"525147"
34-173-93170,"93170",,,OH,,,DRACE  J. 1 1,OHIO OIL CO.,1/1/1900,,UN_R,nogis_rec,,Other / Unknown,https://wellwiki.org/wiki/34-173-93170,,"525285"
34-173-93726,"93726",,,OH,,,ARTER J. R. 3 3,OHIO OIL CO.,1/1/1900,,UN_R,nogis_rec,,Other / Unknown,https://wellwiki.org/wiki/34-173-93726,,"525391"
34-173-93846,"93846",,,OH,,,COOK S. M. 5 5,OHIO OIL CO.,,,OG_R,nogis_rec,,Other / Unknown,https://wellwiki.org/wiki/34-173-93846,,"525460"
34-173-94742,"94742",,,OH,,,BAIR JACOB    160 4 4,OHIO OIL CO.,1/1/1900,,UN_R,nogis_rec,,Other / Unknown,https://wellwiki.org/wiki/34-173-94742,,"525495"
34-035-62045,"62045",,,OH,,,REPURPOSE THIS ONE   1 1,,1/1/1900,,OG_R,,,Other / Unknown,https://wellwiki.org/wiki/34-035-62045,,"525566"
34-003-90357,"90357",,,OH,,,ROUSH F. 1 1,OHIO OIL CO,1/1/1900,,UN_R,nogis_rec,,Other / Unknown,https://wellwiki.org/wiki/34-003-90357,,"525705"
34-005-90426,"90426",,,OH,,,BERKLEY HATTIE 3 3,CRAMER ET AL,3/28/1951,,OG_R,nogis_rec,,Other / Unknown,https://wellwiki.org/wiki/34-005-90426,,"525844"
34-007-90013,"90013",,,OH,,,GURNLE GEO. J. ,THE OHIO FUEL GAS CO,,,OG_R,nogis_rec,,Other / Unknown,https://wellwiki.org/wiki/34-007-90013,,"525879"
34-009-90735,"90735",,,OH,,,HOCKING VALLEY PROD. CO. 5 5,CHARITERS OIL CO,,,OG_R,nogis_rec,,Other / Unknown,https://wellwiki.org/wiki/34-009-90735,,"525980"
34-011-90308,"90308",,,OH,,,NOBLE A.V. 1 1,OHIO OIL CO,1/1/1900,,UN_R,nogis_rec,,Other / Unknown,https://wellwiki.org/wiki/34-011-90308,,"526050"
34-011-90341,"90341",,,OH,,,KOLPIN & DICKMAN 3 3,OHIO OIL CO,1/1/1900,,UN_R,nogis_rec,,Other / Unknown,https://wellwiki.org/wiki/34-011-90341,,"526495"
34-167-90735,"90735",,,OH,,,READER WILLIAM 30 30,WM. READER EST.,,,OG_R,nogis_rec,,Other / Unknown,https://wellwiki.org/wiki/34-167-90735,,"527102"
34-167-91015,"91015",,,OH,,,MULLEN D.B. 16 16,LUDLOW OIL & GAS CO. JAMES T. MARSHALL,10/15/1924,,OG_R,nogis_rec,,Other / Unknown,https://wellwiki.org/wiki/34-167-91015,,"527137"
34-167-91724,"91724",,,OH,,,GLASIER E.F. HEIRS 3 3,OHIO FUEL GAS CO.,1/1/1900,,UN_R,nogis_rec,,Other / Unknown,https://wellwiki.org/wiki/34-167-91724,,"527239"
34-173-91082,"91082",,,OH,,,RISSER C. A. 15 15,OHIO OIL CO.,9/10/1902,,OG_R,nogis_rec,,Other / Unknown,https://wellwiki.org/wiki/34-173-91082,,"527510"
34-173-93055,"93055",,,OH,,,MERCER D. HSTD. 20 20,OHIO OIL CO.,1/1/1900,,UN_R,nogis_rec,,Other / Unknown,https://wellwiki.org/wiki/34-173-93055,,"527647"
34-173-93538,"93538",,,OH,,,SOULE HANNAH 5 5,OHIO OIL CO.,1/1/1900,,UN_R,nogis_rec,,Other / Unknown,https://wellwiki.org/wiki/34-173-93538,,"527682"
34-173-94223,"94223",,,OH,,,HOLLIDAY & HAMILTON 5 5,OHIO OIL CO.,1/1/1900,,UN_R,nogis_rec,,Other / Unknown,https://wellwiki.org/wiki/34-173-94223,,"527786"
34-173-94347,"94347",,,OH,,,JACKSON E. 7 7,OHIO OIL CO.,1/1/1900,,UN_R,nogis_rec,,Other / Unknown,https://wellwiki.org/wiki/34-173-94347,,"528815"
34-003-90086,"90086",,,OH,,,SHOPE JOHN 10 10,OHIO OIL CO,7/8/1902,,OG_R,nogis_rec,,Other / Unknown,https://wellwiki.org/wiki/34-003-90086,,"529395"
34-003-91165,"91165",,,OH,,,ADGATE H.C. #3 1 1,OHIO OIL CO,4/1/1903,,OG_R,nogis_rec,,Other / Unknown,https://wellwiki.org/wiki/34-003-91165,,"529566"
34-005-90001,"90001",,,OH,,,This Record Is used  for Issues other Than Wells ,,1/1/1900,,OG_R,,,Other / Unknown,https://wellwiki.org/wiki/34-005-90001,,"529601"
34-007-60002,"60002","41.57997971","-80.61026417",OH,,, ,,,,UN_R,unknown,,Other / Unknown,https://wellwiki.org/wiki/34-007-60002,,"529669"
34-009-90419,"90419",,,OH,,,SMITH JOHN 1 1,C.W. NUZUM  ET AL,9/10/1934,,OG_R,nogis_rec,,Other / Unknown,https://wellwiki.org/wiki/34-009-90419,,"529874"
34-009-90626,"90626",,,OH,,,CUNNINGHAM ELMER 10 10,FEDERAL OIL & GAS CO,1/1/1900,,UN_R,nogis_rec,,Other / Unknown,https://wellwiki.org/wiki/34-009-90626,,"530046"
34-009-90708,"90708",,,OH,,,YOUNG CATHERINE 1 1,C.S. PARKS  ET AL,1/1/1936,,OG_R,nogis_rec,,Other / Unknown,https://wellwiki.org/wiki/34-009-90708,,"530147"
34-011-90259,"90259",,,OH,,,HOFFMAN L. 5 5,OHIO OIL CO,1/1/1900,,UN_R,nogis_rec,,Other / Unknown,https://wellwiki.org/wiki/34-011-90259,,"530281"
34-011-90309,"90309",,,OH,,,MAIERS BROS. 5 5,OHIO OIL CO,3/22/1900,,OG_R,nogis_rec,,Other / Unknown,https://wellwiki.org/wiki/34-011-90309,,"530594"
34-013-90404,"90404",,,OH,,,SHEPHERD WM. & C.C. 2 2,F. STRANGES & ASS.,,,OG_R,nogis_rec,,Other / Unknown,https://wellwiki.org/wiki/34-013-90404,,"531756"
34-013-90576,"90576",,,OH,,,WHEELER H.D. 2 2,RAY LYNN,,,OG_R,nogis_rec,,Other / Unknown,https://wellwiki.org/wiki/34-013-90576,,"531826"
34-019-90074,"90074",,,OH,,,HOOBLER A.R. 1 1,DEEDS BROS. CO,8/6/1910,,OG_R,nogis_rec,,Other / Unknown,https://wellwiki.org/wiki/34-019-90074,,"531963"
34-167-20051,"20051",,,OH,,,LOWE J. W. 4 4,HELEN J. BURT,1/1/1900,,UN_R,nogis_rec,,Other / Unknown,https://wellwiki.org/wiki/34-167-20051,,"531998"
34-173-90966,"90966",,,OH,,,THOMAS D. L. 10 10,OHIO OIL CO.,5/24/1901,,OG_R,nogis_rec,,Other / Unknown,https://wellwiki.org/wiki/34-173-90966,,"532067"
34-111-64937,"64937","39.72056655","-81.12895637",OH,,, ,,,,UN_R,unknown,,Other / Unknown,https://wellwiki.org/wiki/34-111-64937,,"532240"
34-167-90054,"90054",,,OH,,,SCHWENDERMAN HEIRS 4B 4B,SCHWENDERMAN HEIRS.,1/1/1900,,UN_R,nogis_rec,,Other / Unknown,https://wellwiki.org/wiki/34-167-90054,,"532275"
34-167-90140,"90140",,,OH,,,ROBINSON CHAR. 1 1,BRADFORD SUPPLY CO,1/1/1925,,OG_R,nogis_rec,,Other / Unknown,https://wellwiki.org/wiki/34-167-90140,,"532310"
34-167-90198,"90198",,,OH,,," 1",B. H. PUTNAM,1/1/1900,,UN_R,nogis_rec,,Other / Unknown,https://wellwiki.org/wiki/34-167-90198,,"532516"
34-167-90229,"90229",,,OH,,,PERRY CHANEY F. 1 1,OHIO FUEL GAS,1/1/1900,,UN_R,nogis_rec,,Other / Unknown,https://wellwiki.org/wiki/34-167-90229,,"532653"
34-167-93693,"93693",,,OH,,,Not in RBDMS ,,1/1/1900,,UN_R,nogis_rec,,Other / Unknown,https://wellwiki.org/wiki/34-167-93693,,"532757"
34-169-90183,"90183",,,OH,,,MCCOY MARY B. 1 1,OHIO OIL CO.,7/30/1918,,OG_R,nogis_rec,,Other / Unknown,https://wellwiki.org/wiki/34-169-90183,,"532894"
34-173-90384,"90384",,,OH,,,CAMPBELL F. J. 7 7,OHIO OIL CO.,6/15/1900,,OG_R,nogis_rec,,Other / Unknown,https://wellwiki.org/wiki/34-173-90384,,"533205"
34-173-91019,"91019",,,OH,,,FUHER & VILLWOCK 67 67,OHIO OIL CO.,4/18/1900,,OG_R,nogis_rec,,Other / Unknown,https://wellwiki.org/wiki/34-173-91019,,"533517"
34-173-91482,"91482",,,OH,,,FREYMAN H. 13 13,OHIO OIL CO.,1/1/1900,,UN_R,nogis_rec,,Other / Unknown,https://wellwiki.org/wiki/34-173-91482,,"533934"
34-173-92312,"92312",,,OH,,,EWING JERRY 23 23,OHIO OIL CO.,1/1/1900,,UN_R,nogis_rec,,Other / Unknown,https://wellwiki.org/wiki/34-173-92312,,"534038"
34-173-92770,"92770",,,OH,,,LASHWAY A. M. 8 8,OHIO OIL CO.,1/1/1900,,UN_R,nogis_rec,,Other / Unknown,https://wellwiki.org/wiki/34-173-92770,,"534073"
34-173-92823,"92823",,,OH,,,FELLERS J. 1 1,OHIO OIL CO.,,,OG_R,nogis_rec,,Other / Unknown,https://wellwiki.org/wiki/34-173-92823,,"534142"
34-173-93365,"93365",,,OH,,,SANGLIER V. 9 9,OHIO OIL CO.,,,OG_R,nogis_rec,,Other / Unknown,https://wellwiki.org/wiki/34-173-93365,,"534314"
34-173-93785,"93785",,,OH,,,DOKE J. 11 11,OHIO OIL CO.,1/1/1900,,UN_R,nogis_rec,,Other / Unknown,https://wellwiki.org/wiki/34-173-93785,,"534349"
34-173-93894,"93894",,,OH,,,MERRY E. W. 15 15,OHIO OIL CO.,,,OG_R,nogis_rec,,Other / Unknown,https://wellwiki.org/wiki/34-173-93894,,"534453"
34-173-94214,"94214",,,OH,,,HALLIDAY & HAMILTON 38 38,OHIO OIL CO.,3/13/1900,,OG_R,nogis_rec,,Other / Unknown,https://wellwiki.org/wiki/34-173-94214,,"534625"
34-173-94578,"94578",,,OH,,,LESHEN C. 1 1,OHIO OIL CO.,1/1/1900,,UN_R,nogis_rec,,Other / Unknown,https://wellwiki.org/wiki/34-173-94578,,"534797"
34-173-95077,"95077",,,OH,,,SOLETHER C.W. 7 7,OHIO OIL CO.,,,OG_R,nogis_rec,,Other / Unknown,https://wellwiki.org/wiki/34-173-95077,,"534937"
34-003-90284,"90284",,,OH,,,SHULER E.W. 9 9,OHIO OIL CO,6/16/1901,,OG_R,nogis_rec,,Other / Unknown,https://wellwiki.org/wiki/34-003-90284,,"534972"
34-003-91137,"91137",,,OH,,,FISHER SUSAN 1 1,OHIO OIL CO,11/17/1900,,OG_R,nogis_rec,,Other / Unknown,https://wellwiki.org/wiki/34-003-91137,,"535353"
34-013-91306,"91306",,,OH,,,Not in RBDMS ,,1/1/1900,,UN_R,nogis_rec,,Other / Unknown,https://wellwiki.org/wiki/34-013-91306,,"535423"
34-173-92353,"92353",,,OH,,,REESE WM. T. 22 22,OHIO OIL CO.,1/1/1900,,UN_R,nogis_rec,,Other / Unknown,https://wellwiki.org/wiki/34-173-92353,,"535526"
34-173-92373,"92373",,,OH,,,COREY ANNE 1 1,OHIO OIL CO.,1/1/1900,,UN_R,nogis_rec,,Other / Unknown,https://wellwiki.org/wiki/34-173-92373,,"535876"
34-173-92724,"92724",,,OH,,,CORY D. J. 109 109,OHIO OIL CO.,5/4/1900,,OG_R,nogis_rec,,Other / Unknown,https://wellwiki.org/wiki/34-173-92724,,"535981"
34-173-93482,"93482",,,OH,,,CAMPBELL W. & H. 3 3,OHIO OIL CO.,1/1/1900,,UN_R,nogis_rec,,Other / Unknown,https://wellwiki.org/wiki/34-173-93482,,"536051"
34-009-90056,"90056",,,OH,,,BALL AARON 3 3,E. P.. ALLEMANG,1/1/1900,,UN_R,nogis_rec,,Other / Unknown,https://wellwiki.org/wiki/34-009-90056,,"536398"
34-013-90045,"90045",,,OH,,," 48",OHIO OIL CO,1/1/1900,,UN_R,nogis_rec,,Other / Unknown,https://wellwiki.org/wiki/34-013-90045,,"536538"
34-059-90133,"90133",,,OH,,,MILLER B.L. ,GILESPIE OF O.F.G. CO.,1/1/1900,,UN_R,nogis_rec,,Other / Unknown,https://wellwiki.org/wiki/34-059-90133,,"537205"
34-063-60874,"60874","41.1339812","-83.68237302",OH,,, ,,,,UN_R,unknown,,Other / Unknown,https://wellwiki.org/wiki/34-063-60874,,"537765"
34-063-65080,"65080","41.0644137","-83.54462516",OH,,, ,,,,UN_R,unknown,,Other / Unknown,https://wellwiki.org/wiki/34-063-65080,,"538600"
34-063-90145,"90145",,,OH,,,POE G. V. 3 3,OHIO OIL CO.,1/1/1900,,UN_R,nogis_rec,,Other / Unknown,https://wellwiki.org/wiki/34-063-90145,,"538704"
34-063-90684,"90684",,,OH,,,STECKER J. 9 9,OHIO OIL CO.,12/23/1901,,OG_R,nogis_rec,,Other / Unknown,https://wellwiki.org/wiki/34-063-90684,,"538773"
34-067-90266,"90266",,,OH,,,COLE F. B. 2 2,AMSLER & ROWLEY,1/1/1900,,UN_R,nogis_rec,,Other / Unknown,https://wellwiki.org/wiki/34-067-90266,,"539255"
34-067-91339,"91339",,,OH,,,SNIDER SIMON 4 4,J. D. HAINES & FRANK QUINN,,,OG_R,nogis_rec,,Other / Unknown,https://wellwiki.org/wiki/34-067-91339,,"539631"
34-115-92390,"92390",,,OH,,,GEDDES LAWSON H. 2 2,PENN CONTRACTING CO.,8/1/1941,,OG_R,nogis_rec,,Other / Unknown,https://wellwiki.org/wiki/34-115-92390,,"539943"
34-095-90105,"90105",,,OH,,,SCOTT R.R. 2 2,OHIO OIL CO,9/1/1904,,OG_R,nogis_rec,,Other / Unknown,https://wellwiki.org/wiki/34-095-90105,,"540186"
34-103-90832,"90832",,,OH,,,PACKARD CARL 9 9,DYMO OIL CORP.,,,OG_R,nogis_rec,,Other / Unknown,https://wellwiki.org/wiki/34-103-90832,,"540359"
34-103-91078,"91078",,,OH,,,GRIGSBY J. F. 6 6,BELMONT QUAD. DRLG. CORP.,1/1/1941,,OG_R,nogis_rec,,Other / Unknown,https://wellwiki.org/wiki/34-103-91078,,"540428"
34-103-91195,"91195",,,OH,,,MILLER E. G. 36 36,E. R. EDSON,11/7/1933,,OG_R,nogis_rec,,Other / Unknown,https://wellwiki.org/wiki/34-103-91195,,"540702"
34-103-91704,"91704",,,OH,,,GERSPACHEN MELVIN & LAURETTA 6 6,ROYALTON GAS & OIL CO.,3/7/1956,,OG_R,nogis_rec,,Other / Unknown,https://wellwiki.org/wiki/34-103-91704,,"541891"
34-063-64275,"64275","41.030124","-83.68730299",OH,,, ,,,,UN_R,unknown,,Other / Unknown,https://wellwiki.org/wiki/34-063-64275,,"541959"
34-063-90522,"90522",,,OH,,,FRANKS J. 12 12,OHIO OIL CO.,1/28/1903,,OG_R,nogis_rec,,Other / Unknown,https://wellwiki.org/wiki/34-063-90522,,"542029"
34-063-91322,"91322",,,OH,,,NEWHOUSE J. 5 5,OHIO OIL CO.,1/1/1900,,UN_R,nogis_rec,,Other / Unknown,https://wellwiki.org/wiki/34-063-91322,,"542098"
34-167-90024,"90024",,,OH,,,REESE M. 2 2,WILLIAM READER ESTATE,1/1/1900,,UN_R,nogis_rec,,Other / Unknown,https://wellwiki.org/wiki/34-167-90024,,"542508"
34-167-90197,"90197",,,OH,,,PIONEER SAVINGS & LOAN CO. 1 1,,11/6/1933,,OG_R,nogis_rec,,Other / Unknown,https://wellwiki.org/wiki/34-167-90197,,"542679"
34-167-90396,"90396",,,OH,,,BAKER RAY 6 6,RAY BAKER,,,OG_R,nogis_rec,,Other / Unknown,https://wellwiki.org/wiki/34-167-90396,,"542884"
34-167-90979,"90979",,,OH,,,WHITTENGER 1 1,SUTTON BROS.,,,OG_R,nogis_rec,,Other / Unknown,https://wellwiki.org/wiki/34-167-90979,,"542987"
34-169-90163,"90163",,,OH,,,LESSTER WM. 1 1,MEDINA GAS & FUEL,7/9/1920,,OG_R,nogis_rec,,Other / Unknown,https://wellwiki.org/wiki/34-169-90163,,"543157"
34-173-90141,"90141",,,OH,,,LOE A. 5 5,OHIO OIL CO.,,,OG_R,nogis_rec,,Other / Unknown,https://wellwiki.org/wiki/34-173-90141,,"543227"
34-173-90310,"90310",,,OH,,,KIGER GEO. 1 1,OHIO OIL CO.,,,OG_R,nogis_rec,,Other / Unknown,https://wellwiki.org/wiki/34-173-90310,,"543432"
34-173-90494,"90494",,,OH,,,LONG B. F. 6 6,OHIO OIL CO.,,,OG_R,nogis_rec,,Other / Unknown,https://wellwiki.org/wiki/34-173-90494,,"543604"
34-173-90525,"90525",,,OH,,,CONRAD N. B. 4 4,OHIO OIL CO.,1/1/1900,,UN_R,nogis_rec,,Other / Unknown,https://wellwiki.org/wiki/34-173-90525,,"543672"
34-173-91460,"91460",,,OH,,,HAMMAN WM. 30 30,OHIO OIL CO.,12/11/1902,,OG_R,nogis_rec,,Other / Unknown,https://wellwiki.org/wiki/34-173-91460,,"543739"
34-095-90020,"90020",,,OH,,,YOHNKE H.C. 4 4,OHIO OIL CO.,10/5/1904,,OG_R,nogis_rec,,Other / Unknown,https://wellwiki.org/wiki/34-095-90020,,"543839"
34-099-60004,"60004","41.07113558","-80.77378256",OH,,," 1",,1/1/1900,,UN_R,unknown,,Other / Unknown,https://wellwiki.org/wiki/34-099-60004,,"544518"
34-103-90007,"90007",,,OH,,,ALLIS GEO. D 24 D 24,DE FUSTO & SAWYER,10/7/1940,,OG_R,nogis_rec,,Other / Unknown,https://wellwiki.org/wiki/34-103-90007,,"544825"
34-103-90492,"90492",,,OH,,,ROSS DANIEL 19 19,DYMO OIL CORP.,,,OG_R,nogis_rec,,Other / Unknown,https://wellwiki.org/wiki/34-103-90492,,"544927"
34-103-90779,"90779",,,OH,,,PACKARD LINE GEORGE & CARL 6 6,DYMO OIL CORP.,3/25/1926,,OG_R,nogis_rec,,Other / Unknown,https://wellwiki.org/wiki/34-103-90779,,"545548"
34-103-91733,"91733",,,OH,,,BURNHAM EDWARD S. 55 55,PERRY OIL CORP.,1/1/1900,,UN_R,nogis_rec,,Other / Unknown,https://wellwiki.org/wiki/34-103-91733,,"545789"
34-105-60990,"60990","38.95740345","-81.8635231",OH,,, ,,,,UN_R,unknown,,Other / Unknown,https://wellwiki.org/wiki/34-105-60990,,"545926"
34-111-90029,"90029",,,OH,,,SCHWABEN JACOB & W. VAN 6 6,SUTTON BROTHERS,1/1/1900,,UN_R,nogis_rec,,Other / Unknown,https://wellwiki.org/wiki/34-111-90029,,"546097"
34-143-90985,"90985",,,OH,,,WILLIAMSON W. H. 7 7,OHIO OIL,5/22/1905,,OG_R,nogis_rec,,Other / Unknown,https://wellwiki.org/wiki/34-143-90985,,"546268"
34-143-91303,"91303",,,OH,,,GERWIN C. 12 12,OHIO OIL,1/1/1900,,UN_R,nogis_rec,,Other / Unknown,https://wellwiki.org/wiki/34-143-91303,,"546302"
34-155-94047,"94047",,,OH,,,Not in RBDMS ,,1/1/1900,,UN_R,nogis_rec,,Other / Unknown,https://wellwiki.org/wiki/34-155-94047,,"546336"
34-167-20787,"20787",,,OH,,,MINGUS C.E. 3 3,JOHN A. WALKER,1/1/1900,,UN_R,nogis_rec,,Other / Unknown,https://wellwiki.org/wiki/34-167-20787,,"547015"
34-167-21602,"21602",,,OH,,,MURPHY J. B. & W. H 4 4,,,,OG_R,nogis_rec,,Other / Unknown,https://wellwiki.org/wiki/34-167-21602,,"547215"
34-173-91064,"91064",,,OH,,,BRUNING H. & J. C. 17 17,OHIO OIL CO.,8/27/1900,,OG_R,nogis_rec,,Other / Unknown,https://wellwiki.org/wiki/34-173-91064,,"547387"
34-173-91409,"91409",,,OH,,,EBERLY W. S. 5 5,OHIO OIL CO.,1/1/1900,,UN_R,nogis_rec,,Other / Unknown,https://wellwiki.org/wiki/34-173-91409,,"547489"
34-173-91480,"91480",,,OH,,,FREYMAN HENRY 11 11,OHIO OIL CO.,1/1/1900,,UN_R,nogis_rec,,Other / Unknown,https://wellwiki.org/wiki/34-173-91480,,"547591"
34-173-91514,"91514",,,OH,,,MYERS E. 10 10,OHIO OIL CO.,,,OG_R,nogis_rec,,Other / Unknown,https://wellwiki.org/wiki/34-173-91514,,"548101"
34-173-91565,"91565",,,OH,,,LAWRENCE B. A. 23 23,OHIO OIL CO.,,,OG_R,nogis_rec,,Other / Unknown,https://wellwiki.org/wiki/34-173-91565,,"548240"
34-173-92598,"92598",,,OH,,,MERCER CHAS. 18 18,OHIO OIL CO.,1/1/1900,,UN_R,nogis_rec,,Other / Unknown,https://wellwiki.org/wiki/34-173-92598,,"548309"
34-173-93312,"93312",,,OH,,,MERCER C. 3 3,OHIO OIL CO.,1/1/1900,,UN_R,nogis_rec,,Other / Unknown,https://wellwiki.org/wiki/34-173-93312,,"548515"
34-173-94421,"94421",,,OH,,,LOVELACE N. E. 3 3,OHIO OIL CO.,1/1/1900,,UN_R,nogis_rec,,Other / Unknown,https://wellwiki.org/wiki/34-173-94421,,"548618"
34-173-94467,"94467",,,OH,,,SAGE D. & E. R. 12 12,OHIO OIL CO.,1/1/1900,,UN_R,nogis_rec,,Other / Unknown,https://wellwiki.org/wiki/34-173-94467,,"548994"
34-173-94572,"94572",,,OH,,,GRAHAM T. A. 4 4,OHIO OIL CO.,1/1/1900,,UN_R,nogis_rec,,Other / Unknown,https://wellwiki.org/wiki/34-173-94572,,"549505"
34-173-95215,"95215",,,OH,,,HICKS W. W. 2 2,OHIO OIL CO.,11/21/1904,,OG_R,nogis_rec,,Other / Unknown,https://wellwiki.org/wiki/34-173-95215,,"549711"
34-175-90147,"90147",,,OH,,,ARNOLD W. C. 6 6,OHIO OIL CO,3/6/1901,,OG_R,nogis_rec,,Other / Unknown,https://wellwiki.org/wiki/34-175-90147,,"550160"
34-175-90180,"90180",,,OH,,,SCHLUP E. 1 1,,9/13/1900,,OG_R,nogis_rec,,Other / Unknown,https://wellwiki.org/wiki/34-175-90180,,"550195"
34-107-90290,"90290",,,OH,,,SCHLORMAN BENJAMEN 1 1,OHIO OIL CO.,1/1/1900,,UN_R,nogis_rec,,Other / Unknown,https://wellwiki.org/wiki/34-107-90290,,"550298"
34-111-02005,"2005",,,OH,,,JACKSON ALVA S. 2 2,SUAUDT CLARK ET AL,5/6/1936,,OG_R,nogis_rec,,Other / Unknown,https://wellwiki.org/wiki/34-111-02005,,"550435"
34-067-91394,"91394",,,OH,,,MILLER MRS. E. 3 3,OIL CITY TRUST CO.,,,OG_R,nogis_rec,,Other / Unknown,https://wellwiki.org/wiki/34-067-91394,,"550470"
34-073-92245,"92245",,,OH,,,PATTON O. E. & F. 2 2,CLENDENING OIL CO,1/1/1900,,UN_R,nogis_rec,,Other / Unknown,https://wellwiki.org/wiki/34-073-92245,,"550712"
34-073-60372,"60372","39.58853165","-82.28513855",OH,,," 2",,,,OG_R,unknown,,Other / Unknown,https://wellwiki.org/wiki/34-073-60372,,"550952"
34-073-90001,"90001",,,OH,,,This Record Is used  for Issues other Than Wells ,,1/1/1900,,OG_R,,,Other / Unknown,https://wellwiki.org/wiki/34-073-90001,,"551295"
34-081-90031,"90031",,,OH,,,PERMAR W. 1-TO-9 1-TO-9,OHIO OIL CO,1/1/1900,,UN_R,nogis_rec,,Other / Unknown,https://wellwiki.org/wiki/34-081-90031,,"551401"
34-089-20134,"20134",,,OH,,,MCCLAY 1 1,MCCLAY BROS,7/6/1936,,OG_R,nogis_rec,,Other / Unknown,https://wellwiki.org/wiki/34-089-20134,,"551473"
34-093-90066,"90066",,,OH,,,BUCKINGHAM W.H. ITUX 2 2,O. F. G.,11/28/1944,,OG_R,nogis_rec,,Other / Unknown,https://wellwiki.org/wiki/34-093-90066,,"551886"
34-099-60235,"60235","40.97961428","-80.9054749",OH,,, ,,,,UN_R,unknown,,Other / Unknown,https://wellwiki.org/wiki/34-099-60235,,"551956"
34-103-60661,"60661","41.09327137","-82.01187679",OH,,, ,,,,OG_R,unknown,,Other / Unknown,https://wellwiki.org/wiki/34-103-60661,,"552059"
34-103-91200,"91200",,,OH,,,MILLER E. G. 41 41,,2/5/1934,,OG_R,nogis_rec,,Other / Unknown,https://wellwiki.org/wiki/34-103-91200,,"552195"
34-107-90089,"90089",,,OH,,,GRAUBERGER G. A. 6 6,OHIO OIL CO.,6/25/1902,,OG_R,nogis_rec,,Other / Unknown,https://wellwiki.org/wiki/34-107-90089,,"552468"
34-175-60611,"60611","40.81322114","-83.4658203",OH,,, ,,1/1/1900,,UN_R,unknown,,Other / Unknown,https://wellwiki.org/wiki/34-175-60611,,"552641"
34-067-90893,"90893",,,OH,,,HAGEY A. E. 16 16,MYERS & BROWN,1/1/1900,,UN_R,nogis_rec,,Other / Unknown,https://wellwiki.org/wiki/34-067-90893,,"552676"
34-009-60140,"60140","39.45294071","-81.98053955",OH,,, ,,,,UN_R,unknown,,Other / Unknown,https://wellwiki.org/wiki/34-009-60140,,"552915"
34-011-90508,"90508",,,OH,,,BEHRENS FRED 2 2,OHIO OIL CO,1/1/1900,,UN_R,nogis_rec,,Other / Unknown,https://wellwiki.org/wiki/34-011-90508,,"553223"
34-011-90509,"90509",,,OH,,,DICKMAN J.C. 1 1,OHIO OIL CO,1/1/1900,,UN_R,nogis_rec,,Other / Unknown,https://wellwiki.org/wiki/34-011-90509,,"553498"
34-013-90110,"90110",,,OH,,,STONEBRAKER ETTA 3 3,NATURAL GAS CO OF W. VA.,,,OG_R,nogis_rec,,Other / Unknown,https://wellwiki.org/wiki/34-013-90110,,"553532"
34-013-90177,"90177",,,OH,,,WHEELING & LAKE ERIE R.R. CO. 1 1,TERMINAL OIL & GAS CO,,,OG_R,nogis_rec,,Other / Unknown,https://wellwiki.org/wiki/34-013-90177,,"553668"
34-127-62764,"62764","39.5790427","-82.08313476",OH,,," 7",,,,UN_R,unknown,,Other / Unknown,https://wellwiki.org/wiki/34-127-62764,,"553838"
34-127-63375,"63375","39.62794443","-82.1130239",OH,,, ,,,,UN_R,unknown,,Other / Unknown,https://wellwiki.org/wiki/34-127-63375,,"553977"
34-143-90365,"90365",,,OH,,,LOTTIG B. F.HRS. 11 11,OHIO OIL,12/20/1902,,OG_R,nogis_rec,,Other / Unknown,https://wellwiki.org/wiki/34-143-90365,,"554728"
34-067-90565,"90565",,,OH,,,MCCAULEY BOOTH HEIRS 11 11,FRANK QUINN,1/1/1900,,UN_R,nogis_rec,,Other / Unknown,https://wellwiki.org/wiki/34-067-90565,,"554831"
34-067-92032,"92032",,,OH,,,AMOS  LESTER 1 1,NATURAL GAS CO. OF W. VA.,,,OG_R,nogis_rec,,Other / Unknown,https://wellwiki.org/wiki/34-067-92032,,"555309"
34-067-92064,"92064",,,OH,,,COLE S. D. 16 16,DR. GLENN CASTO,1/1/1900,,UN_R,nogis_rec,,Other / Unknown,https://wellwiki.org/wiki/34-067-92064,,"555446"
34-075-90023,"90023",,,OH,,,GARVER H. G. ,H. C. GARVER,12/3/1933,,OG_R,nogis_rec,,Other / Unknown,https://wellwiki.org/wiki/34-075-90023,,"555616"
34-081-90422,"90422",,,OH,,,MCCLELLAND JOHN 2 2,MFG. LT. & HT.,1/1/1900,,UN_R,nogis_rec,,Other / Unknown,https://wellwiki.org/wiki/34-081-90422,,"556334"
34-093-90024,"90024",,,OH,,,PARKS J. J. 2 2,WM DEMPSEY,6/20/1947,,OG_R,nogis_rec,,Other / Unknown,https://wellwiki.org/wiki/34-093-90024,,"556437"
34-103-90228,"90228",,,OH,,,GRIM B. E. 9 9,RAY GRIMM,10/18/1938,,OG_R,nogis_rec,,Other / Unknown,https://wellwiki.org/wiki/34-103-90228,,"556472"
34-103-91237,"91237",,,OH,,,WIDEMAN L. R. 3 3,SHANER & KYSER,1/1/1920,,OG_R,nogis_rec,,Other / Unknown,https://wellwiki.org/wiki/34-103-91237,,"557011"
34-103-91540,"91540",,,OH,,,CRACKER ANNA L. 21 21,J. R. PHILLIPS,1/1/1900,,UN_R,nogis_rec,,Other / Unknown,https://wellwiki.org/wiki/34-103-91540,,"557315"
34-103-91579,"91579",,,OH,,,WEBSTER P. T. 1 1,THE OHIO FUEL GAS CO.,9/22/1947,,OG_R,nogis_rec,,Other / Unknown,https://wellwiki.org/wiki/34-103-91579,,"557349"
34-105-20827,"20827",,,OH,,,GRIFFIN G. C. 5 5,H. B. WALKER & CO,1/1/1900,,UN_R,nogis_rec,,Other / Unknown,https://wellwiki.org/wiki/34-105-20827,,"557618"
34-105-90069,"90069",,,OH,,,DAVIS ALMAN H. 3 3,PURE OIL CO.,1/1/1900,,UN_R,nogis_rec,,Other / Unknown,https://wellwiki.org/wiki/34-105-90069,,"558776"
34-107-60048,"60048","40.48187964","-84.66542963",OH,,, ,,,,UN_R,unknown,,Other / Unknown,https://wellwiki.org/wiki/34-107-60048,,"558914"
34-013-61268,"61268","39.86366089","-81.09064879",OH,,, ,,,,UN_R,unknown,,Other / Unknown,https://wellwiki.org/wiki/34-013-61268,,"558983"
34-013-90669,"90669",,,OH,,,HENDERSON ROBERT 3 3,J.D. OWENS,,,OG_R,nogis_rec,,Other / Unknown,https://wellwiki.org/wiki/34-013-90669,,"559119"
34-063-91342,"91342",,,OH,,,NEWHOUSE J. 31 31,OHIO OIL CO.,4/15/1901,,OG_R,nogis_rec,,Other / Unknown,https://wellwiki.org/wiki/34-063-91342,,"559700"
34-063-91515,"91515",,,OH,,,SPAHN A. W. 9 9,OHIO OIL CO.,1/1/1900,,UN_R,nogis_rec,,Other / Unknown,https://wellwiki.org/wiki/34-063-91515,,"560007"
34-067-90600,"90600",,,OH,,,HEAVLIN C. S. 4 ? 4 ?,OHIO OIL CO.,12/26/1907,,OG_R,nogis_rec,,Other / Unknown,https://wellwiki.org/wiki/34-067-90600,,"560143"
34-067-90866,"90866",,,OH,,,CALCOTT BARNEY ,BAILY NOLAN & CO,1/1/1900,,UN_R,nogis_rec,,Other / Unknown,https://wellwiki.org/wiki/34-067-90866,,"560788"
34-067-90913,"90913",,,OH,,,TRUSHEL JAMES 17 17,,1/1/1900,,UN_R,nogis_rec,,Other / Unknown,https://wellwiki.org/wiki/34-067-90913,,"560926"
34-073-20516,"20516",,,OH,,,REID C W 2 2,O. F. G.,8/3/1955,,OG_R,nogis_rec,,Other / Unknown,https://wellwiki.org/wiki/34-073-20516,,"560960"
34-173-93601,"93601",,,OH,,,PHILLIPS M. 1 1,OHIO OIL CO.,1/1/1900,,UN_R,nogis_rec,,Other / Unknown,https://wellwiki.org/wiki/34-173-93601,,"561061"
34-173-93884,"93884",,,OH,,,MURRY E. W. 5 5,OHIO OIL CO.,,,OG_R,nogis_rec,,Other / Unknown,https://wellwiki.org/wiki/34-173-93884,,"561366"
34-173-94019,"94019",,,OH,,,WOLCOTT N. 4 4,OHIO OIL CO.,1/1/1900,,UN_R,nogis_rec,,Other / Unknown,https://wellwiki.org/wiki/34-173-94019,,"561569"
34-173-94633,"94633",,,OH,,,SHARP C. 3 3,OHIO OIL CO.,1/1/1900,,UN_R,nogis_rec,,Other / Unknown,https://wellwiki.org/wiki/34-173-94633,,"561672"
34-173-94798,"94798",,,OH,,,WININGER J. 2 2,OHIO OIL CO.,1/1/1900,,UN_R,nogis_rec,,Other / Unknown,https://wellwiki.org/wiki/34-173-94798,,"562020"
34-175-90106,"90106",,,OH,,,STEVENS S. W. 20 20,OHIO OIL CO,10/4/1905,,OG_R,nogis_rec,,Other / Unknown,https://wellwiki.org/wiki/34-175-90106,,"562265"
34-175-90114,"90114",,,OH,,,LEWERY ROBERT 1 1,OHIO OIL CO,1/1/1900,,UN_R,nogis_rec,,Other / Unknown,https://wellwiki.org/wiki/34-175-90114,,"562508"
34-143-91485,"91485",,,OH,,,BAKER S. G. 11 11,OHIO OIL CO,1/1/1900,,UN_R,nogis_rec,,Other / Unknown,https://wellwiki.org/wiki/34-143-91485,,"562647"
34-143-91565,"91565",,,OH,,,MYERS H. 7 7,OHIO OIL,1/1/1900,,UN_R,nogis_rec,,Other / Unknown,https://wellwiki.org/wiki/34-143-91565,,"562747"
34-173-93220,"93220",,,OH,,,IRELAN LAURA 7 7,OHIO OIL CO.,10/21/1902,,OG_R,nogis_rec,,Other / Unknown,https://wellwiki.org/wiki/34-173-93220,,"562973"
34-173-93489,"93489",,,OH,,,CAMPBELL W. & H. 10 10,OHIO OIL CO.,1/1/1900,,UN_R,nogis_rec,,Other / Unknown,https://wellwiki.org/wiki/34-173-93489,,"563007"
34-173-94120,"94120",,,OH,,,LT. HILL 3 3,OHIO OIL CO.,1/1/1900,,UN_R,nogis_rec,,Other / Unknown,https://wellwiki.org/wiki/34-173-94120,,"563075"
34-173-94168,"94168",,,OH,,,ADAMS THOS. 5 5,OHIO OIL CO.,1/1/1900,,UN_R,nogis_rec,,Other / Unknown,https://wellwiki.org/wiki/34-173-94168,,"563715"
34-173-94196,"94196",,,OH,,,DNOER E. H. 2 2,OHIO OIL CO.,1/1/1900,,UN_R,nogis_rec,,Other / Unknown,https://wellwiki.org/wiki/34-173-94196,,"563850"
34-173-94294,"94294",,,OH,,,HYTER A. 9 9,OHIO OIL CO.,1/1/1900,,UN_R,nogis_rec,,Other / Unknown,https://wellwiki.org/wiki/34-173-94294,,"563918"
34-173-94390,"94390",,,OH,,,BRYANT M. A. 19 19,OHIO OIL CO.,1/1/1900,,UN_R,nogis_rec,,Other / Unknown,https://wellwiki.org/wiki/34-173-94390,,"563953"
34-173-95021,"95021",,,OH,,,SHEETS J. 1 1,OHIO OIL CO.,,,OG_R,nogis_rec,,Other / Unknown,https://wellwiki.org/wiki/34-173-95021,,"564126"
34-003-91230,"91230",,,OH,,,GRATZ HENRY 3 3,OHIO OIL CO,3/7/1903,,OG_R,nogis_rec,,Other / Unknown,https://wellwiki.org/wiki/34-003-91230,,"564298"
34-009-02773,"2773",,,OH,,,GRIM GEORGE W. 1 1,GRIM BROS.,3/4/1946,,OG_R,nogis_rec,,Other / Unknown,https://wellwiki.org/wiki/34-009-02773,,"564504"
34-009-90638,"90638",,,OH,,,CUNNINGHAM HARRY 15 15,FEDERAL OIL & GAS CO,1/1/1900,,UN_R,nogis_rec,,Other / Unknown,https://wellwiki.org/wiki/34-009-90638,,"564573"
34-173-20021,"20021",,,OH,,,MERCER FRANK 1 1,E. W. HOOBLER,1/1/1900,,UN_R,nogis_rec,,Other / Unknown,https://wellwiki.org/wiki/34-173-20021,,"564984"
34-173-91180,"91180",,,OH,,,DAHN M. M. 14 14,OHIO OIL CO.,1/1/1900,,UN_R,nogis_rec,,Other / Unknown,https://wellwiki.org/wiki/34-173-91180,,"565122"
34-173-91867,"91867",,,OH,,,LAWRENCE B. A. 7 7,OHIO OIL CO.,1/1/1900,,UN_R,nogis_rec,,Other / Unknown,https://wellwiki.org/wiki/34-173-91867,,"565702"
34-173-92681,"92681",,,OH,,,CORY D. J. 47 47,OHIO OIL CO.,1/1/1900,,UN_R,nogis_rec,,Other / Unknown,https://wellwiki.org/wiki/34-173-92681,,"565839"
34-173-92732,"92732",,,OH,,,CAREY D. J. 118 118,OHIO OIL CO.,7/26/1900,,OG_R,nogis_rec,,Other / Unknown,https://wellwiki.org/wiki/34-173-92732,,"565907"
34-173-93150,"93150",,,OH,,,MCINTYRE IDA 7 7,OHIO OIL CO.,8/24/1900,,OG_R,nogis_rec,,Other / Unknown,https://wellwiki.org/wiki/34-173-93150,,"567005"
34-173-93290,"93290",,,OH,,,DUCAT M. 2 2,OHIO OIL CO.,,,OG_R,nogis_rec,,Other / Unknown,https://wellwiki.org/wiki/34-173-93290,,"567179"
34-173-93449,"93449",,,OH,,,SOULE D. L. 4 4,OHIO OIL CO.,,,OG_R,nogis_rec,,Other / Unknown,https://wellwiki.org/wiki/34-173-93449,,"567629"
34-173-93660,"93660",,,OH,,,HOUSEHOLDER E. E. 5 5,THE OHIO OIL CO.,,,OG_R,nogis_rec,,Other / Unknown,https://wellwiki.org/wiki/34-173-93660,,"567698"
34-173-93865,"93865",,,OH,,,LOE R. 6 6,OHIO OIL CO.,,,OG_R,nogis_rec,,Other / Unknown,https://wellwiki.org/wiki/34-173-93865,,"567801"
34-173-93989,"93989",,,OH,,,DUBBS A. M. 1 1,THE OHIO OIL CO.,1/1/1900,,UN_R,nogis_rec,,Other / Unknown,https://wellwiki.org/wiki/34-173-93989,,"568182"
34-173-94026,"94026",,,OH,,,CABLE L. 30 30,OHIO OIL CO.,,,OG_R,nogis_rec,,Other / Unknown,https://wellwiki.org/wiki/34-173-94026,,"568217"
34-173-94058,"94058",,,OH,,,HEMINGER S. 9 9,OHIO OIL CO.,1/1/1900,,UN_R,nogis_rec,,Other / Unknown,https://wellwiki.org/wiki/34-173-94058,,"568485"
34-173-94191,"94191",,,OH,,,BUTLER G. W. 1 1,OHIO OIL CO.,1/1/1900,,UN_R,nogis_rec,,Other / Unknown,https://wellwiki.org/wiki/34-173-94191,,"568752"
34-171-61419,"61419",,,OH,,,SMITH FRANK W ,,,,OG_R,nogis_rec,,Other / Unknown,https://wellwiki.org/wiki/34-171-61419,,"568819"
34-003-90231,"90231",,,OH,,,OSMAN B. 10 10,OHIO OIL CO,1/1/1900,,UN_R,nogis_rec,,Other / Unknown,https://wellwiki.org/wiki/34-003-90231,,"568954"
34-003-90538,"90538",,,OH,,,MCCLAIN D. 3 3,OHIO OIL CO,1/1/1900,,UN_R,nogis_rec,,Other / Unknown,https://wellwiki.org/wiki/34-003-90538,,"569091"
34-063-91870,"91870",,,OH,,,REIMAND P. J. 5 5,OHIO OIL CO,2/14/1901,,OG_R,nogis_rec,,Other / Unknown,https://wellwiki.org/wiki/34-063-91870,,"569194"
34-065-20009,"20009",,,OH,,,SHENDEWOLF GEO. W. 1 1,DIV. OF MINES,10/15/1934,,OG_R,nogis_rec,,Other / Unknown,https://wellwiki.org/wiki/34-065-20009,,"569329"
34-067-90777,"90777",,,OH,,,HAWSER C. B. 1 1,THOS. SCOTT & CO.,1/1/1900,,UN_R,nogis_rec,,Other / Unknown,https://wellwiki.org/wiki/34-067-90777,,"569432"
34-067-91375,"91375",,,OH,,,AGER JOHN W. 2 2,A. D. BARNES,,,OG_R,nogis_rec,,Other / Unknown,https://wellwiki.org/wiki/34-067-91375,,"569467"
34-073-92282,"92282",,,OH,,,ANTHONY WM. H. 1 1,PRESTON,6/18/1928,,OG_R,nogis_rec,,Other / Unknown,https://wellwiki.org/wiki/34-073-92282,,"569956"
34-023-90007,"90007",,,OH,,,GERNERAL BUSHNELL ,GEN. BUSHNELL,1/1/1900,,UN_R,nogis_rec,,Other / Unknown,https://wellwiki.org/wiki/34-023-90007,,"570228"
34-031-21030,"21030","40.26558691","-82.17291009",OH,,, ,,,,OG_R,nogis_rec,,Other / Unknown,https://wellwiki.org/wiki/34-031-21030,,"570263"
34-169-20109,"20109",,,OH,,,RAMSIER 2 2,DITCH AND GERIG,11/12/1949,,OG_R,nogis_rec,,Other / Unknown,https://wellwiki.org/wiki/34-169-20109,,"570538"
34-169-95551,"95551",,,OH,,,Not in RBDMS ,,1/1/1900,,UN_R,nogis_rec,,Other / Unknown,https://wellwiki.org/wiki/34-169-95551,,"570607"
34-003-90045,"90045",,,OH,,,MILLER H.D. 1 1,OHIO OIL CO,,,OG_R,nogis_rec,,Other / Unknown,https://wellwiki.org/wiki/34-003-90045,,"570709"
34-173-91196,"91196",,,OH,,,CABLE L. 63 63,OHIO OIL CO.,8/22/1903,,OG_R,nogis_rec,,Other / Unknown,https://wellwiki.org/wiki/34-173-91196,,"571023"
34-173-91635,"91635",,,OH,,,FOSTER CHAS. 6 6,OHIO OIL CO.,1/1/1900,,UN_R,nogis_rec,,Other / Unknown,https://wellwiki.org/wiki/34-173-91635,,"571057"
34-173-91676,"91676",,,OH,,,PETERS F. 8 8,OHIO OIL CO.,,,OG_R,nogis_rec,,Other / Unknown,https://wellwiki.org/wiki/34-173-91676,,"571229"
34-173-93181,"93181",,,OH,,,DRACE JOHN 12 12,OHIO OIL CO.,6/6/1900,,OG_R,nogis_rec,,Other / Unknown,https://wellwiki.org/wiki/34-173-93181,,"571398"
34-173-94107,"94107",,,OH,,,HALLADAY / HAMILTON 14 14,OHIO OIL CO.,,,OG_R,nogis_rec,,Other / Unknown,https://wellwiki.org/wiki/34-173-94107,,"572005"
34-173-94513,"94513",,,OH,,,RUMLER JOHN 1 1,OHIO OIL CO.,1/1/1900,,UN_R,nogis_rec,,Other / Unknown,https://wellwiki.org/wiki/34-173-94513,,"572073"
34-173-94613,"94613",,,OH,,,JACKSON D.E. 4 4,OHIO OIL CO.,1/1/1900,,UN_R,nogis_rec,,Other / Unknown,https://wellwiki.org/wiki/34-173-94613,,"572277"
34-173-94974,"94974",,,OH,,,DEWITT W.W. 22 22,OHIO OIL CO.,7/10/1903,,OG_R,nogis_rec,,Other / Unknown,https://wellwiki.org/wiki/34-173-94974,,"572380"
34-175-90178,"90178",,,OH,,,KREBS C. 13 13,OHIO OIL CO,,,OG_R,nogis_rec,,Other / Unknown,https://wellwiki.org/wiki/34-175-90178,,"572517"
34-003-90246,"90246",,,OH,,,BYERLY J.S. 6 6,OHIO OIL CO,9/6/1901,,OG_R,nogis_rec,,Other / Unknown,https://wellwiki.org/wiki/34-003-90246,,"572997"
34-003-90335,"90335",,,OH,,,OSMAN B. 2 2,OHIO OIL CO,1/1/1900,,UN_R,nogis_rec,,Other / Unknown,https://wellwiki.org/wiki/34-003-90335,,"573135"
34-003-90499,"90499",,,OH,,,PANGLE E.A . 1 1,OHIO OIL CO,1/1/1900,,UN_R,nogis_rec,,Other / Unknown,https://wellwiki.org/wiki/34-003-90499,,"573578"
34-003-90633,"90633",,,OH,,,SEVERNS J.B. 4 4,OHIO OIL CO,1/1/1900,,UN_R,nogis_rec,,Other / Unknown,https://wellwiki.org/wiki/34-003-90633,,"574253"
34-009-90066,"90066",,,OH,,,BALL MOSES 4 4,E. P. ALLEMANG,1/1/1900,,UN_R,nogis_rec,,Other / Unknown,https://wellwiki.org/wiki/34-009-90066,,"574706"
34-009-90297,"90297",,,OH,,,CARPENTER BERT 7 7,BERT CARPENTER,1/1/1941,,OG_R,nogis_rec,,Other / Unknown,https://wellwiki.org/wiki/34-009-90297,,"574808"
34-009-90702,"90702",,,OH,,,CHAMBERS JOHN 1 1,TROY OIL AND GAS,,,OG_R,nogis_rec,,Other / Unknown,https://wellwiki.org/wiki/34-009-90702,,"574875"
34-013-60927,"60927","39.93092377","-80.91870194",OH,,, ,,,,UN_R,unknown,,Other / Unknown,https://wellwiki.org/wiki/34-013-60927,,"574942"
34-017-90001,"90001",,,OH,,,This Record Is used  for Issues other Than Wells ,,,,OG_R,,,Other / Unknown,https://wellwiki.org/wiki/34-017-90001,,"575186"
34-035-62042,"62042","41.46839869","-81.79272194",OH,,,Cuyahoga 1 1,,1/1/1900,,OG_R,,,Other / Unknown,https://wellwiki.org/wiki/34-035-62042,,"575256"
34-173-90291,"90291",,,OH,,,SIMONS ALFRED 7 7,OHIO OIL CO.,2/5/1902,,OG_R,nogis_rec,,Other / Unknown,https://wellwiki.org/wiki/34-173-90291,,"575361"
34-173-90979,"90979",,,OH,,,BRUNING H. & J. 1 1,OHIO OIL CO.,1/1/1900,,UN_R,nogis_rec,,Other / Unknown,https://wellwiki.org/wiki/34-173-90979,,"575396"
34-067-90430,"90430",,,OH,,,JUNK ROBERT 1 1,HARTMAN OIL CO.,1/1/1900,,UN_R,nogis_rec,,Other / Unknown,https://wellwiki.org/wiki/34-067-90430,,"575903"
34-073-20123,"20123","39.41884265","-82.28827139",OH,,, ,,,,OG_R,nogis_rec,,Other / Unknown,https://wellwiki.org/wiki/34-073-20123,,"576279"
34-077-90000,"90000",,,OH,,,GREENWICH AT 1 1,ST. MARYS DRILLING CO.,,,OG_R,nogis_rec,,Other / Unknown,https://wellwiki.org/wiki/34-077-90000,,"576313"
34-093-20048,"20048",,,OH,,,JONES FRED S INC 1 1,KEMROW CO. & SCHNEIDER--WYLES,2/4/1936,,OG_R,nogis_rec,,Other / Unknown,https://wellwiki.org/wiki/34-093-20048,,"576381"
34-173-92050,"92050",,,OH,,,HENRY A. G. 11 11,OHIO OIL CO.,1/1/1900,,UN_R,nogis_rec,,Other / Unknown,https://wellwiki.org/wiki/34-173-92050,,"576933"
34-173-92502,"92502",,,OH,,,MERCER EMERY 2 2,OHIO OIL CO.,1/1/1900,,UN_R,nogis_rec,,Other / Unknown,https://wellwiki.org/wiki/34-173-92502,,"577002"
34-173-92552,"92552",,,OH,,,COXY D. J. 23 23,OHIO OIL CO.,1/1/1900,,UN_R,nogis_rec,,Other / Unknown,https://wellwiki.org/wiki/34-173-92552,,"577310"
34-173-92997,"92997",,,OH,,,DUCAT GILBERT 2 2,OHIO OIL CO.,,,OG_R,nogis_rec,,Other / Unknown,https://wellwiki.org/wiki/34-173-92997,,"577414"
34-173-94067,"94067",,,OH,,,HYTER A. 13 13,OHIO OIL CO.,1/1/1900,,UN_R,nogis_rec,,Other / Unknown,https://wellwiki.org/wiki/34-173-94067,,"577759"
34-173-94449,"94449",,,OH,,,CONNELL WM. 2 2,OHIO OIL CO.,5/6/1903,,OG_R,nogis_rec,,Other / Unknown,https://wellwiki.org/wiki/34-173-94449,,"577794"
34-173-94834,"94834",,,OH,,,ZAZING ,,1/1/1900,,UN_R,nogis_rec,,Other / Unknown,https://wellwiki.org/wiki/34-173-94834,,"577933"
34-003-90117,"90117",,,OH,,,CROFT ELIZA 1 1,OHIO OIL CO,1/1/1900,,UN_R,nogis_rec,,Other / Unknown,https://wellwiki.org/wiki/34-003-90117,,"578036"
34-003-90693,"90693",,,OH,,,TABLER G.W. 7 7,OHIO OIL CO,1/1/1900,,UN_R,nogis_rec,,Other / Unknown,https://wellwiki.org/wiki/34-003-90693,,"578276"
34-003-91081,"91081",,,OH,,,BUCKEYE PIPE LINE CO. 17 17,OHIO OIL CO,5/23/1903,,OG_R,nogis_rec,,Other / Unknown,https://wellwiki.org/wiki/34-003-91081,,"578448"
34-145-60186,"60186","38.86204607","-82.96707485",OH,,,BARNETT #2 #2,,1/1/1900,,OG_R,,,Other / Unknown,https://wellwiki.org/wiki/34-145-60186,,"578483"
34-067-90688,"90688",,,OH,,,MCLANDSBOROUGH JOE 4 4,ALBERT SCHOCK,,,OG_R,nogis_rec,,Other / Unknown,https://wellwiki.org/wiki/34-067-90688,,"578757"
34-067-90782,"90782",,,OH,,,FOWLER W. E. 2 2,,1/1/1900,,UN_R,nogis_rec,,Other / Unknown,https://wellwiki.org/wiki/34-067-90782,,"578894"
34-073-61491,"61491","39.46707341","-82.33133922",OH,,, ,,,,OG_R,unknown,,Other / Unknown,https://wellwiki.org/wiki/34-073-61491,,"579346"
34-079-60114,"60114",,,OH,,,MERCER WM S 1 1,O.F.G.,1/1/1900,,OG_R,nogis_rec,,Other / Unknown,https://wellwiki.org/wiki/34-079-60114,,"579416"
34-157-90002,"90002",,,OH,,,PERRY AURELIA B. 1 1,C. D. CROUP ET AL,1/21/1957,,OG_R,nogis_rec,,Other / Unknown,https://wellwiki.org/wiki/34-157-90002,,"579451"
34-167-20568,"20568",,,OH,,,GREENWOOD JUNIUS 2 2,E. W. THORNILY,,,OG_R,nogis_rec,,Other / Unknown,https://wellwiki.org/wiki/34-167-20568,,"579485"
34-167-62323,"62323","39.49384898","-81.20707961",OH,,, ,,,,OG_R,unknown,,Other / Unknown,https://wellwiki.org/wiki/34-167-62323,,"579689"
34-167-90840,"90840",,,OH,,,LEHMER 24 24,WM. READER EST.,1/1/1900,,UN_R,nogis_rec,,Other / Unknown,https://wellwiki.org/wiki/34-167-90840,,"580144"
34-167-92707,"92707",,,OH,,,Not in RBDMS ,,1/1/1900,,UN_R,nogis_rec,,Other / Unknown,https://wellwiki.org/wiki/34-167-92707,,"580249"
34-111-90634,"90634",,,OH,,,MOONEY MRS. ELIZABETH 1 1,WOODSFIELD OIL & GAS CO.,1/1/1900,,UN_R,nogis_rec,,Other / Unknown,https://wellwiki.org/wiki/34-111-90634,,"580285"
34-067-90398,"90398",,,OH,,,FOX ORVILLE 3 3,S. A. COBB & S. A. WARD,1/1/1900,,UN_R,nogis_rec,,Other / Unknown,https://wellwiki.org/wiki/34-067-90398,,"580321"
34-067-90996,"90996",,,OH,,,Not in RBDMS ,J. D. HAINES,1/1/1900,,UN_R,nogis_rec,,Other / Unknown,https://wellwiki.org/wiki/34-067-90996,,"580461"
34-067-92021,"92021",,,OH,,,DUTTON J. P. 2 2,WESTGATE & BLACK,1/1/1900,,UN_R,nogis_rec,,Other / Unknown,https://wellwiki.org/wiki/34-067-92021,,"580496"
34-103-90745,"90745",,,OH,,,HOSTETTLER MARY G. 40 40,BALDWIN PROD. CORP,1/1/1900,,UN_R,nogis_rec,,Other / Unknown,https://wellwiki.org/wiki/34-103-90745,,"580638"
34-103-90116,"90116",,,OH,,,CLINESMITH EARL 10 10,DYMO OIL CORP.,1/1/1900,,UN_R,nogis_rec,,Other / Unknown,https://wellwiki.org/wiki/34-103-90116,,"581060"
34-167-91216,"91216",,,OH,,,SHANKLAND MRS.  J.R. 16 16,S.O. DENNIS,,,OG_R,nogis_rec,,Other / Unknown,https://wellwiki.org/wiki/34-167-91216,,"581406"
34-167-91324,"91324",,,OH,,,MCCONNELL KING 4 4,B. & F. OIL CO,,,OG_R,nogis_rec,,Other / Unknown,https://wellwiki.org/wiki/34-167-91324,,"581476"
34-089-90087,"90087",,,OH,,,STRICKER WM. 5 5,WM. STRICKER J/W PURE OIL CO.,9/6/1930,,OG_R,nogis_rec,,Other / Unknown,https://wellwiki.org/wiki/34-089-90087,,"581788"
34-089-90189,"90189",,,OH,,,DENMAN M. S. 5 5,VARNER ET AL,3/22/1956,,OG_R,nogis_rec,,Other / Unknown,https://wellwiki.org/wiki/34-089-90189,,"581930"
34-063-91492,"91492",,,OH,,,BUCKEYE TANK FARM 2 2,OHIO OIL CO.,,,OG_R,nogis_rec,,Other / Unknown,https://wellwiki.org/wiki/34-063-91492,,"582102"
34-111-90017,"90017",,,OH,,,MCCOY D. E. 2 2,D. E. MCCOY CONT.,,,OG_R,nogis_rec,,Other / Unknown,https://wellwiki.org/wiki/34-111-90017,,"582172"
34-111-90002,"90002",,,OH,,,REASBECK L. F. 10 10,HOPE CONST. & REFINING CO. PGH PA.,2/26/1919,,OG_R,nogis_rec,,Other / Unknown,https://wellwiki.org/wiki/34-111-90002,,"582691"
34-111-90976,"90976",,,OH,,,CRAWFORD ,E.E. TEMPLETON,,,OG_R,nogis_rec,,Other / Unknown,https://wellwiki.org/wiki/34-111-90976,,"583002"
34-111-91056,"91056",,,OH,,,REED ORA & REED JOSIE 1 1,E.G. CUNNINGHAM ET AL,12/1/1933,,OG_R,nogis_rec,,Other / Unknown,https://wellwiki.org/wiki/34-111-91056,,"583135"
34-111-91560,"91560",,,OH,,,BATES J. L. 5 5,PURE,,,OG_R,nogis_rec,,Other / Unknown,https://wellwiki.org/wiki/34-111-91560,,"583344"
34-115-20203,"20203",,,OH,,,TAYLOR H A 2 2,N. L. ALTIER & SON,10/20/1941,,OG_R,nogis_rec,,Other / Unknown,https://wellwiki.org/wiki/34-115-20203,,"583588"
34-115-90038,"90038",,,OH,,,COWAN A. B. ,MONROE OIL & GAS CO.,1/1/1900,,UN_R,nogis_rec,,Other / Unknown,https://wellwiki.org/wiki/34-115-90038,,"584071"
34-115-60221,"60221","39.63938435","-81.94477605",OH,,, ,,,,UN_R,unknown,,Other / Unknown,https://wellwiki.org/wiki/34-115-60221,,"584106"
34-115-90444,"90444",,,OH,,,DALE SARAH V. 66 66,J. J GOLDISH,1/1/1900,,UN_R,nogis_rec,,Other / Unknown,https://wellwiki.org/wiki/34-115-90444,,"584765"
34-115-90987,"90987",,,OH,,,VANFOSSEN D. & F.-A 2 2,R. W. DEVITT,,,OG_R,nogis_rec,,Other / Unknown,https://wellwiki.org/wiki/34-115-90987,,"585253"
34-115-91802,"91802",,,OH,,,THOMPSON WM. 13 13,PATTERSON OIL CO.,,,OG_R,nogis_rec,,Other / Unknown,https://wellwiki.org/wiki/34-115-91802,,"585393"
34-115-92019,"92019",,,OH,,,GORDON EVA ET AL 11 11,C.B. GORDON,1/1/1900,,UN_R,nogis_rec,,Other / Unknown,https://wellwiki.org/wiki/34-115-92019,,"585742"
34-115-92264,"92264",,,OH,,,METZGAR S. H. 10 10,H. B. WALKER & CO.,,,OG_R,nogis_rec,,Other / Unknown,https://wellwiki.org/wiki/34-115-92264,,"585851"
34-115-92371,"92371",,,OH,,,MAYLE PEARL 2 2,METCALF -HALLOWELL & SCHOFIELD,,,OG_R,nogis_rec,,Other / Unknown,https://wellwiki.org/wiki/34-115-92371,,"585958"
34-115-93361,"93361",,,OH,,,SCHNEIDER HARVEY 2 2,MEYERS &  BROWN,1/1/1900,,UN_R,nogis_rec,,Other / Unknown,https://wellwiki.org/wiki/34-115-93361,,"586382"
34-119-90043,"90043",,,OH,,,WEAKLEY B.V. 3 3,INDUSTRIAL GAS CORP.,1/1/1900,,UN_R,nogis_rec,,Other / Unknown,https://wellwiki.org/wiki/34-119-90043,,"586523"
34-063-91882,"91882",,,OH,,,MOREHEAD J.E. 8 8,THE OHIO OIL CO.,1/10/1902,,OG_R,nogis_rec,,Other / Unknown,https://wellwiki.org/wiki/34-063-91882,,"586806"
34-121-61083,"61083","39.68877907","-81.39717406",OH,,, ,,,,UN_R,unknown,,Other / Unknown,https://wellwiki.org/wiki/34-121-61083,,"586947"
34-111-62509,"62509","39.69039569","-81.00206428",OH,,, ,,,,UN_R,unknown,,Other / Unknown,https://wellwiki.org/wiki/34-111-62509,,"587369"
34-111-90986,"90986",,,OH,,,CLINE ORVILLE 11 11,MUSKINGUM OIL & GAS CO.,1/1/1900,,UN_R,nogis_rec,,Other / Unknown,https://wellwiki.org/wiki/34-111-90986,,"587440"
34-111-91387,"91387",,,OH,,,WILLIAMS JAMES 1 1,JESSE DELONG,1/1/1900,,UN_R,nogis_rec,,Other / Unknown,https://wellwiki.org/wiki/34-111-91387,,"587971"
34-031-90006,"90006",,,OH,,,FOX IRA S. 1 1,OHIO OIL CO.,11/25/1913,,OG_R,nogis_rec,,Other / Unknown,https://wellwiki.org/wiki/34-031-90006,,"588291"
34-045-20029,"20029",,,OH,,,STEIGER DANL 4 4,CITY OF LANCASTER,2/23/1935,,OG_R,nogis_rec,,Other / Unknown,https://wellwiki.org/wiki/34-045-20029,,"588471"
34-173-91879,"91879",,,OH,,,LAWRENCE B. A. 19 19,OHIO OIL CO.,5/10/1900,,OG_R,nogis_rec,,Other / Unknown,https://wellwiki.org/wiki/34-173-91879,,"589714"
34-173-92201,"92201",,,OH,,,FEARNSIDE H. 11 11,OHIO OIL CO.,9/21/1903,,OG_R,nogis_rec,,Other / Unknown,https://wellwiki.org/wiki/34-173-92201,,"589941"
34-173-92673,"92673",,,OH,,,COREY D. J. 29 29,OHIO OIL CO.,,,OG_R,nogis_rec,,Other / Unknown,https://wellwiki.org/wiki/34-173-92673,,"590107"
34-173-93604,"93604",,,OH,,,PHILLIPS M. 4 4,OHIO OIL CO.,1/1/1900,,UN_R,nogis_rec,,Other / Unknown,https://wellwiki.org/wiki/34-173-93604,,"590517"
34-173-94414,"94414",,,OH,,,LAWHEAD T.H. 5 5,OHIO OIL CO.,1/1/1900,,UN_R,nogis_rec,,Other / Unknown,https://wellwiki.org/wiki/34-173-94414,,"590585"
34-173-94600,"94600",,,OH,,,ANDRE P. 3 3,OHIO OIL CO.,1/1/1900,,UN_R,nogis_rec,,Other / Unknown,https://wellwiki.org/wiki/34-173-94600,,"590791"
34-003-90660,"90660",,,OH,,,EBLING C. 4 4,OHIO OIL CO,1/1/1900,,UN_R,nogis_rec,,Other / Unknown,https://wellwiki.org/wiki/34-003-90660,,"590929"
34-003-90935,"90935",,,OH,,,WINAN T.B. 2 2,OHIO OIL CO,1/1/1900,,UN_R,nogis_rec,,Other / Unknown,https://wellwiki.org/wiki/34-003-90935,,"590964"
34-003-91324,"91324",,,OH,,,JACOBS J.A . 3 3,OHIO OIL CO,1/1/1900,,UN_R,nogis_rec,,Other / Unknown,https://wellwiki.org/wiki/34-003-91324,,"590999"
34-011-90281,"90281",,,OH,,,DOUTE J.P. 7 7,OHIO OIL CO,1/1/1900,,UN_R,nogis_rec,,Other / Unknown,https://wellwiki.org/wiki/34-011-90281,,"591140"
34-011-90330,"90330",,,OH,,,FOLK THERESA 1 1,OHIO OIL CO,1/1/1900,,UN_R,nogis_rec,,Other / Unknown,https://wellwiki.org/wiki/34-011-90330,,"591520"
34-013-90386,"90386",,,OH,,,BROWN MARTHA ,ANN OIL CO,9/8/1902,,OG_R,nogis_rec,,Other / Unknown,https://wellwiki.org/wiki/34-013-90386,,"591625"
34-023-90012,"90012",,,OH,,,SPRINGFIELD 2 2,,1/1/1900,,UN_R,nogis_rec,,Other / Unknown,https://wellwiki.org/wiki/34-023-90012,,"591974"
34-063-90117,"90117",,,OH,,,TROUT E. 10 10,OHIO OIL CO.,,,OG_R,nogis_rec,,Other / Unknown,https://wellwiki.org/wiki/34-063-90117,,"592113"
34-063-91064,"91064",,,OH,,,BOYD R. W. 5 5,OHIO OIL CO.,1/1/1900,,UN_R,nogis_rec,,Other / Unknown,https://wellwiki.org/wiki/34-063-91064,,"593295"
34-063-91152,"91152",,,OH,,,PRICE P. 12 12,OHIO OIL,5/18/1900,,OG_R,nogis_rec,,Other / Unknown,https://wellwiki.org/wiki/34-063-91152,,"593329"
34-063-91271,"91271",,,OH,,,BOYLES JOHN 12 12,OHIO OIL CO.,12/13/1900,,OG_R,nogis_rec,,Other / Unknown,https://wellwiki.org/wiki/34-063-91271,,"593364"
34-063-91338,"91338",,,OH,,,NEWHOUSE J. 26 26,OHIO OIL CO.,1/1/1900,,UN_R,nogis_rec,,Other / Unknown,https://wellwiki.org/wiki/34-063-91338,,"593909"
34-063-91382,"91382",,,OH,,,NEWHOUSE J. 38 38,OHIO OIL CO.,9/14/1903,,OG_R,nogis_rec,,Other / Unknown,https://wellwiki.org/wiki/34-063-91382,,"594352"
34-063-91839,"91839",,,OH,,,HENRY C. 4 4,OHIO OIL CO.,,,OG_R,nogis_rec,,Other / Unknown,https://wellwiki.org/wiki/34-063-91839,,"594387"
34-063-92072,"92072",,,OH,,,KELLEY M.D. 4 4,THE OHIO OIL CO.,1/1/1900,,UN_R,nogis_rec,,Other / Unknown,https://wellwiki.org/wiki/34-063-92072,,"595235"
34-067-90191,"90191",,,OH,,,MCLANE J. A. 4 4,C. B. WORSTELL,1/1/1900,,UN_R,nogis_rec,,Other / Unknown,https://wellwiki.org/wiki/34-067-90191,,"595640"
34-067-90371,"90371",,,OH,,,STRINGER ROENNA M. 1 1,HUGUS & SUTTON MINGO JUNCTION  O.,,,OG_R,nogis_rec,,Other / Unknown,https://wellwiki.org/wiki/34-067-90371,,"595674"
34-067-90440,"90440",,,OH,,,FRYER G. 3 3,CADIZ OIL CO,1/1/1900,,UN_R,nogis_rec,,Other / Unknown,https://wellwiki.org/wiki/34-067-90440,,"595845"
34-067-92015,"92015",,,OH,,,STEWART LEONARD & MELISS 1 1,PALMER & THOMPSON,,,OG_R,nogis_rec,,Other / Unknown,https://wellwiki.org/wiki/34-067-92015,,"596119"
34-079-90016,"90016",,,OH,,,KELLER DENNIS FARM ,CHAS. DUTIEL AND THORNE,,,OG_R,nogis_rec,,Other / Unknown,https://wellwiki.org/wiki/34-079-90016,,"596154"
34-081-90104,"90104",,,OH,,,CHAMBERS THOMAS 1 1,OHIO OIL CO,11/27/1902,,OG_R,nogis_rec,,Other / Unknown,https://wellwiki.org/wiki/34-081-90104,,"596325"
34-081-90384,"90384",,,OH,,,DINSMORE J. R. 2 2,TOPE-GLEN ET AL,1/1/1900,,UN_R,nogis_rec,,Other / Unknown,https://wellwiki.org/wiki/34-081-90384,,"596392"
34-103-90404,"90404",,,OH,,,OBERTON A. F. SCOTT 03 3,BALDWIN PROD. CORP.,1/1/1900,,UN_R,nogis_rec,,Other / Unknown,https://wellwiki.org/wiki/34-103-90404,,"596426"
34-103-91298,"91298",,,OH,,,BRANDT SAM 25 25,SCOTT & SILIER,6/29/1960,,OG_R,nogis_rec,,Other / Unknown,https://wellwiki.org/wiki/34-103-91298,,"596562"
34-103-91634,"91634",,,OH,,,CUSHING J. 2 2,WISER OIL CO.,3/15/1939,,OG_R,nogis_rec,,Other / Unknown,https://wellwiki.org/wiki/34-103-91634,,"596800"
34-111-20256,"20256",,,OH,,,HOLSCHUCH JOHN 2 2,HOLSCHUCK OIL & GAS CO.,1/1/1900,,UN_R,nogis_rec,,Other / Unknown,https://wellwiki.org/wiki/34-111-20256,,"597977"
34-173-93262,"93262",,,OH,,,WALBOLT J. 17 17,OHIO OIL CO.,8/1/1903,,OG_R,nogis_rec,,Other / Unknown,https://wellwiki.org/wiki/34-173-93262,,"598045"
34-173-93271,"93271",,,OH,,,WEILAND J.M. 4 4,OHIO OIL CO.,1/1/1900,,UN_R,nogis_rec,,Other / Unknown,https://wellwiki.org/wiki/34-173-93271,,"598801"
34-173-93680,"93680",,,OH,,,NOBLE W. P. 6 6,OHIO OIL CO.,,,OG_R,nogis_rec,,Other / Unknown,https://wellwiki.org/wiki/34-173-93680,,"598971"
34-173-93709,"93709",,,OH,,,ROE E. - 80 15 15,OHIO OIL CO.,3/5/1904,,OG_R,nogis_rec,,Other / Unknown,https://wellwiki.org/wiki/34-173-93709,,"599039"
34-173-94973,"94973",,,OH,,,DEWITT W. W. 21 21,OHIO OIL CO.,11/20/1902,,OG_R,nogis_rec,,Other / Unknown,https://wellwiki.org/wiki/34-173-94973,,"599383"
34-173-95078,"95078",,,OH,,,SOLETHER C. W. 14 14,OHIO OIL CO.,,,OG_R,nogis_rec,,Other / Unknown,https://wellwiki.org/wiki/34-173-95078,,"599453"
34-173-95095,"95095",,,OH,,,HUNSICKER J. 15 15,OHIO OIL CO.,2/8/1900,,OG_R,nogis_rec,,Other / Unknown,https://wellwiki.org/wiki/34-173-95095,,"599835"
34-003-90131,"90131",,,OH,,,ROTHE AUG. 1 1,OHIO OIL CO,4/17/1900,,OG_R,nogis_rec,,Other / Unknown,https://wellwiki.org/wiki/34-003-90131,,"600002"
34-003-90164,"90164",,,OH,,,FETTER GEO. 2 2,OHIO OIL CO,1/1/1900,,UN_R,nogis_rec,,Other / Unknown,https://wellwiki.org/wiki/34-003-90164,,"600766"
34-003-90193,"90193",,,OH,,,HAWTHORNE M. 1 1,OHIO OIL  CO,5/9/1901,,OG_R,nogis_rec,,Other / Unknown,https://wellwiki.org/wiki/34-003-90193,,"600834"
34-003-90732,"90732",,,OH,,,JUDKINS W.W. 1 1,OHIO OIL CO,3/26/1902,,OG_R,nogis_rec,,Other / Unknown,https://wellwiki.org/wiki/34-003-90732,,"601006"
34-107-90235,"90235",,,OH,,,SOCIETY LANDS 4 4,OHIO OIL CO.,1/1/1900,,UN_R,nogis_rec,,Other / Unknown,https://wellwiki.org/wiki/34-107-90235,,"601180"
34-111-90849,"90849",,,OH,,,BRADFIELD H. G. R-1 R-1,RED HEAD OIL CO.,10/19/1954,,OG_R,nogis_rec,,Other / Unknown,https://wellwiki.org/wiki/34-111-90849,,"602294"
34-011-90355,"90355",,,OH,,,MOCKENBACH WM.  #3 2 2,OHIO OIL CO,1/1/1900,,UN_R,nogis_rec,,Other / Unknown,https://wellwiki.org/wiki/34-011-90355,,"602427"
34-013-90467,"90467",,,OH,,,HUGHES A.C. 1 1,OHIO FUEL SUPPLY CO,,,OG_R,nogis_rec,,Other / Unknown,https://wellwiki.org/wiki/34-013-90467,,"602496"
34-019-90048,"90048",,,OH,,,SCOTT K.L. 1 1,FORBES O. & G. CO,,,OG_R,nogis_rec,,Other / Unknown,https://wellwiki.org/wiki/34-019-90048,,"602565"
34-161-90157,"90157",,,OH,,,DO 5 5,MARSH FOUNDATION SCHOOL,7/20/1936,,OG_R,nogis_rec,,Other / Unknown,https://wellwiki.org/wiki/34-161-90157,,"602771"
34-167-17751,"17751",,,OH,,,MCLAUGHLIN J.C. 15 15,RENO OIL CO.,,,OG_R,nogis_rec,,Other / Unknown,https://wellwiki.org/wiki/34-167-17751,,"602906"
34-103-20111,"20111",,,OH,,,MILLER     72 72,EDSON & SON,1/1/1900,,UN_R,nogis_rec,,Other / Unknown,https://wellwiki.org/wiki/34-103-20111,,"603946"
34-103-24107,"24107",,,OH,,,RIPLEY A-12 A-12,DYMO OIL CORP.,,,OG_R,nogis_rec,,Other / Unknown,https://wellwiki.org/wiki/34-103-24107,,"603981"
34-095-90090,"90090",,,OH,,,HENNINGER JACOB 2 2,OHIO OIL CO.,1/1/1900,,UN_R,nogis_rec,,Other / Unknown,https://wellwiki.org/wiki/34-095-90090,,"604461"
34-107-90051,"90051",,,OH,,,WICK S. S. 12 12,OHIO OIL CO.,5/21/1903,,OG_R,nogis_rec,,Other / Unknown,https://wellwiki.org/wiki/34-107-90051,,"604634"
34-107-90203,"90203",,,OH,,,FISK PERRY 1 1,OHIO OIL CO.,1/1/1900,,UN_R,nogis_rec,,Other / Unknown,https://wellwiki.org/wiki/34-107-90203,,"604737"
34-167-21264,"21264",,,OH,,,HRS. WILLIAM A. DAY 8 8,LAUFFER W.S.,5/18/1936,,OG_R,nogis_rec,,Other / Unknown,https://wellwiki.org/wiki/34-167-21264,,"605011"
34-111-90561,"90561",,,OH,,,AYERS S. J. 7 7,PURE OIL CO.,1/1/1900,,UN_R,nogis_rec,,Other / Unknown,https://wellwiki.org/wiki/34-111-90561,,"605045"
34-115-90818,"90818",,,OH,,,COLER W. H. 15 15,GEO. F. DOWLING,1/1/1900,,UN_R,nogis_rec,,Other / Unknown,https://wellwiki.org/wiki/34-115-90818,,"605315"
34-115-91997,"91997",,,OH,,,BROOKS WM. 9 9,DAY CO.,1/1/1900,,UN_R,nogis_rec,,Other / Unknown,https://wellwiki.org/wiki/34-115-91997,,"605654"
34-115-93065,"93065",,,OH,,,MURDOCK A. E. 1 1,SKIPTON FARM OIL,,,OG_R,nogis_rec,,Other / Unknown,https://wellwiki.org/wiki/34-115-93065,,"605757"
34-115-93127,"93127",,,OH,,,DAUGHERTY W. B. 16 16,C. H. HOOPER,,,OG_R,nogis_rec,,Other / Unknown,https://wellwiki.org/wiki/34-115-93127,,"605956"
34-167-04641,"4641",,,OH,,,THOMAS ANNA BAYLESS 1 1,AMERICAN IRON & SUPPLY CO,,,OG_R,nogis_rec,,Other / Unknown,https://wellwiki.org/wiki/34-167-04641,,"606230"
34-081-60305,"60305","40.29509856","-80.67821242",OH,,," 4",,,,OG_R,unknown,,Other / Unknown,https://wellwiki.org/wiki/34-081-60305,,"606540"
34-173-91962,"91962",,,OH,,,CAMPBELL T.J.    120 11 11,OHIO OIL CO.,9/26/1900,,OG_R,nogis_rec,,Other / Unknown,https://wellwiki.org/wiki/34-173-91962,,"606990"
34-173-92258,"92258",,,OH,,,POWELL J. W. 12 12,OHIO OIL CO.,1/1/1900,,UN_R,nogis_rec,,Other / Unknown,https://wellwiki.org/wiki/34-173-92258,,"607295"
34-173-92838,"92838",,,OH,,,ALSPSUGH J. J. 9 9,OHIO OIL CO.,4/5/1901,,OG_R,nogis_rec,,Other / Unknown,https://wellwiki.org/wiki/34-173-92838,,"607399"
34-173-92959,"92959",,,OH,,,MERCER C.A. 2 2,OHIO OIL CO.,,,OG_R,nogis_rec,,Other / Unknown,https://wellwiki.org/wiki/34-173-92959,,"607503"
34-003-90375,"90375",,,OH,,,RIDENOUR S.O. 5 5,OHIO OIL CO,1/1/1900,,UN_R,nogis_rec,,Other / Unknown,https://wellwiki.org/wiki/34-003-90375,,"607607"
34-003-91125,"91125",,,OH,,,BREESE W.A . 7 7,OHIO OIL CO,1/1/1900,,UN_R,nogis_rec,,Other / Unknown,https://wellwiki.org/wiki/34-003-91125,,"607677"
34-003-91149,"91149",,,OH,,,BERRYMAN S.C. 4 4,OHIO OIL CO,1/1/1900,,UN_R,nogis_rec,,Other / Unknown,https://wellwiki.org/wiki/34-003-91149,,"607952"
34-009-90167,"90167",,,OH,,,BALDERSON EVA LINSCOTT 5 5,E. P. ALLEMANG,1/1/1900,,UN_R,nogis_rec,,Other / Unknown,https://wellwiki.org/wiki/34-009-90167,,"608192"
34-009-90236,"90236",,,OH,,,CARPENTER MARION 11 11,E.P. ALAMANG,1/1/1900,,UN_R,nogis_rec,,Other / Unknown,https://wellwiki.org/wiki/34-009-90236,,"608294"
34-009-90734,"90734",,,OH,,,HOCKING VALLEY PROD. CO. 4 4,CHARITERS OIL CO,,,OG_R,nogis_rec,,Other / Unknown,https://wellwiki.org/wiki/34-009-90734,,"608808"
34-011-90076,"90076",,,OH,,,BRENNEMAN J.P. 1 1,OHIO OIL CO,1/1/1900,,UN_R,nogis_rec,,Other / Unknown,https://wellwiki.org/wiki/34-011-90076,,"609315"
34-011-90264,"90264",,,OH,,,J. MAIER BROS. 1 1,OHIO OIL CO,1/1/1900,,UN_R,nogis_rec,,Other / Unknown,https://wellwiki.org/wiki/34-011-90264,,"609484"
34-011-90546,"90546",,,OH,,,KOHLHORST G.H. 1 1,OHIO OIL CO,1/1/1900,,UN_R,nogis_rec,,Other / Unknown,https://wellwiki.org/wiki/34-011-90546,,"609519"
34-013-90168,"90168",,,OH,,,KEHRER ALBERT 6 6,WHITAKER - GLESSNER,4/11/1911,,OG_R,nogis_rec,,Other / Unknown,https://wellwiki.org/wiki/34-013-90168,,"609621"
34-167-90808,"90808",,,OH,,,KING HEIRS 2 2,J. T. CAMPBELL,7/23/1934,,OG_R,nogis_rec,,Other / Unknown,https://wellwiki.org/wiki/34-167-90808,,"610233"
34-167-91235,"91235",,,OH,,,REESE M. 1 1,WM. READER EST.,1/1/1900,,UN_R,nogis_rec,,Other / Unknown,https://wellwiki.org/wiki/34-167-91235,,"610335"
34-167-91450,"91450",,,OH,,,MARSHALL HRS. 10 10,WAVERLY OIL WORKS,,,OG_R,nogis_rec,,Other / Unknown,https://wellwiki.org/wiki/34-167-91450,,"610471"
34-167-91490,"91490",,,OH,,,MURDOCK MAUDE 5 5,BRADFORD SUPPLY CO,,,OG_R,nogis_rec,,Other / Unknown,https://wellwiki.org/wiki/34-167-91490,,"610774"
34-167-92966,"92966",,,OH,,,Not in RBDMS ,,1/1/1900,,UN_R,nogis_rec,,Other / Unknown,https://wellwiki.org/wiki/34-167-92966,,"610808"
34-169-20123,"20123",,,OH,,,FRYE CALVIN 8 8,OXFORD OIL,,,OG_R,nogis_rec,,Other / Unknown,https://wellwiki.org/wiki/34-169-20123,,"610876"
47-033-05218,033-05218,"39.238286241681855","-80.27448117717603",WV,"033",,KEY OIL CO.,KEY OIL COMPANY,,,Unknown,Active Well,Vertical,Other / Unknown,https://wellwiki.org/wiki/47-033-05218,,"4619961"
47-013-01167,013-01167,"38.83834506317058","-81.01375643968353",WV,"013",,STUMP (ALL),"GUNN, C. C.",,,Not Available,Active Well,Vertical,Other / Unknown,https://wellwiki.org/wiki/47-013-01167,,"4619962"
47-013-00261,013-00261,"38.82442494029355","-81.04042607954642",WV,"013",,"STUMP, W. E.","GREER, INC.",,,Unknown,Active Well,Vertical,Other / Unknown,https://wellwiki.org/wiki/47-013-00261,,"4619963"
47-041-00751,041-00751,"39.04801056335038","-80.64100187972475",WV,"041",,ALLMAN,CLEM ENERGY LLC,,,Gas Production,Active Well,Vertical,Production Well,https://wellwiki.org/wiki/47-041-00751,,"4619964"
47-039-04925,039-04925,"38.326033656039165","-81.26437731101197",WV,"039",,"DILLARD, IRA",REED GAS INC.,,,Unknown,Active Well,Vertical,Other / Unknown,https://wellwiki.org/wiki/47-039-04925,,"4619965"
47-041-05049,041-05049,"38.95683384104013","-80.38966369381576",WV,"041",,"ROSS, CARL","BERRY ENERGY, INC.",,,Unknown,Active Well,Vertical,Other / Unknown,https://wellwiki.org/wiki/47-041-05049,,"4619966"
47-061-00082,061-00082,"39.712633526145574","-80.03244153735481",WV,"061",,RABER,NOUMENON CORPORATION,,,Unknown,Active Well,Vertical,Other / Unknown,https://wellwiki.org/wiki/47-061-00082,,"4619967"
47-085-00380,085-00380,"39.0571471534242","-80.99685398133202",WV,"085",,GOFF,TERM ENERGY CORPORATION,,,Unknown,Active Well,Vertical,Other / Unknown,https://wellwiki.org/wiki/47-085-00380,,"4619968"
47-059-01235,059-01235,"37.68666382711833","-82.2724962030211",WV,"059",,"MITCHELL, EDITH","GEOEX, INC.",,,Unknown,Active Well,Vertical,Other / Unknown,https://wellwiki.org/wiki/47-059-01235,,"4619969"
47-083-00372,083-00372,"38.94686945416428","-80.05654810265794",WV,"083",,KEELEY,OWS ACQUISITION CO LLC,,,Unknown,Active Well,Vertical,Other / Unknown,https://wellwiki.org/wiki/47-083-00372,,"4619970"
47-085-08671,085-08671,"39.193176862776674","-80.92040952152932",WV,"085",,"ZINN, JUANITA",KEY OIL COMPANY,,,Unknown,Active Well,Vertical,Other / Unknown,https://wellwiki.org/wiki/47-085-08671,,"4619971"
47-097-00037,097-00037,"38.90138177036444","-80.34001011195124",WV,"097",,"HYRE, E. I.",MULE HEAD LLC,,,Unknown,Active Well,Vertical,Other / Unknown,https://wellwiki.org/wiki/47-097-00037,,"4619972"
47-099-00411,099-00411,"38.05091220524833","-82.51968862843535",WV,"099",,GLENHAYES,"ELAHS GAS CO., INC.",,,Unknown,Active Well,Vertical,Other / Unknown,https://wellwiki.org/wiki/47-099-00411,,"4619973"
47-013-02307,013-02307,"38.912791458124524","-81.21840874508051",WV,"013",,VILLERS,CRESTON OIL CORPORATION,,,House Gas,Active Well,Vertical,Production Well,https://wellwiki.org/wiki/47-013-02307,,"4619974"
47-107-01364,107-01364,"39.21001899225001","-81.33503567674111",WV,"107",,"EPLER, FRED","TAPO ENERGY, LLC",,,House Gas,Active Well,Vertical,Production Well,https://wellwiki.org/wiki/47-107-01364,,"4619975"
47-015-00765,015-00765,"38.44512150082934","-81.2090294050311",WV,"015",,"KING, E. W.",ROUZER OIL COMPANY,,,Oil Production,Active Well,Vertical,Production Well,https://wellwiki.org/wiki/47-015-00765,,"4619976"
47-015-01359,015-01359,"38.45246237709384","-81.21109458465627",WV,"015",,"COX, FRANK",ROUZER OIL COMPANY,,,Oil Production,Active Well,Vertical,Production Well,https://wellwiki.org/wiki/47-015-01359,,"4619977"
47-107-00437,107-00437,"39.235522297876955","-81.50257593881918",WV,"107",,"MARSH, BEN",OPERATOR UNKNOWN,,,Not Available,Plugged,Vertical,Plugged,https://wellwiki.org/wiki/47-107-00437,,"4619978"
47-105-00247,105-00247,"39.00916679003662","-81.2429342352195",WV,"105",,GEORGE W. HALL HEIRS,OPERATOR UNKNOWN,,,Not Available,Abandoned Well,Vertical,Orphaned / Abandoned / Unverified Plug,https://wellwiki.org/wiki/47-105-00247,,"4619979"
47-107-00074,107-00074,"39.36613825565041","-81.43825520686607",WV,"107",,"ATHEY, T. A.","LOVE, C. E.",,,Unknown,Abandoned Well,Vertical,Orphaned / Abandoned / Unverified Plug,https://wellwiki.org/wiki/47-107-00074,,"4619980"
47-107-00171,107-00171,"39.350325750763616","-81.46574693038605",WV,"107",,"UHL, D. T.",OPERATOR UNKNOWN,,,Not Available,Plugged,Vertical,Plugged,https://wellwiki.org/wiki/47-107-00171,,"4619981"
47-011-00363,011-00363,"38.316294350494296","-82.26128015050433",WV,"011",,"NICELY, J. T.",D & R ENERGY,,,Gas Production,Plugged,Vertical,Plugged,https://wellwiki.org/wiki/47-011-00363,,"4619982"
47-013-04542,013-04542,"38.93969561918128","-81.09969282031074",WV,"013",,"EDWARDS, BETTY","K. PETROLEUM, INC.",,,Unknown,Abandoned Well,Vertical,Orphaned / Abandoned / Unverified Plug,https://wellwiki.org/wiki/47-013-04542,,"4619983"
47-109-01037,109-01037,"37.530603553542925","-81.59646489894484",WV,"109",,POCAHONTAS LAND CORP.,"K. PETROLEUM, INC.",,,Gas Production,Plugged,Vertical,Plugged,https://wellwiki.org/wiki/47-109-01037,,"4619984"
47-013-00141,013-00141,"38.95872154773238","-81.0295410848672",WV,"013",,"KELLEY, LAWSON","BARKER, CREED",,,Unknown,Abandoned Well,Vertical,Orphaned / Abandoned / Unverified Plug,https://wellwiki.org/wiki/47-013-00141,,"4619985"
47-107-01017,107-01017,"37.0462224768942","-81",WV,"107",,"SCHRECKENGOST, WILLIAM",BEREA OIL & GAS CORP.,,,Unknown,Never Drilled,Vertical,Not Drilled,https://wellwiki.org/wiki/47-107-01017,,"4619986"
47-013-00212,013-00212,"38.72643380077316","-81.17260894323935",WV,"013",,"NORMAN, NANNIE",OPERATOR UNKNOWN,,,Not Available,Plugged,Vertical,Plugged,https://wellwiki.org/wiki/47-013-00212,,"4619987"
47-107-00780,107-00780,"39.278243767746304","-81.46844367460236",WV,"107",,"EDWARDS, HENRY J. ET UX","SANTA FE #1, LTD.",,,Unknown,Plugged,Vertical,Plugged,https://wellwiki.org/wiki/47-107-00780,,"4619988"
47-013-00631,013-00631,"38.94318643410515","-81.19104096744682",WV,"013",,"KNIGHT, T. H.",OPERATOR UNKNOWN,,,Not Available,Abandoned Well,Vertical,Orphaned / Abandoned / Unverified Plug,https://wellwiki.org/wiki/47-013-00631,,"4619989"
47-015-00051,015-00051,"38.517956207265144","-81.16386435915112",WV,"015",,"SUMMERS, JAMES","TRIAD HUNTER, LLC",,,Fluid Injection,Plugged,Vertical,Plugged,https://wellwiki.org/wiki/47-015-00051,,"4619990"
47-015-00095,015-00095,"38.51694648706113","-81.15956073177422",WV,"015",,"BROWN, CHESTER","TRIAD HUNTER, LLC",,,Fluid Injection,Plugged,Vertical,Plugged,https://wellwiki.org/wiki/47-015-00095,,"4619991"
47-107-01272,107-01272,"39.187752137998025","-81.43382200263808",WV,"107",,WESTVACO,"CLAY RESOURCES, INC.",,,Unknown,Plugged,Vertical,Plugged,https://wellwiki.org/wiki/47-107-01272,,"4619992"
47-013-01710,013-01710,"38.86305685940654","-81.19119289070562",WV,"013",,"CARPENTER, DAVID","LAW, DAVID",,,Not Available,Plugged,Vertical,Plugged,https://wellwiki.org/wiki/47-013-01710,,"4619993"
47-013-01914,013-01914,"38.89212835965723","-81.17966375639784",WV,"013",,"BENNETT, HUNTER",GUNN AND DIVERS,,,Gas Production,Abandoned Well,Vertical,Orphaned / Abandoned / Unverified Plug,https://wellwiki.org/wiki/47-013-01914,,"4619994"
47-017-00498,017-00498,"39.26033044515342","-80.83030145162317",WV,"017",,,KEY OIL COMPANY,,,Unknown,Abandoned Well,Vertical,Orphaned / Abandoned / Unverified Plug,https://wellwiki.org/wiki/47-017-00498,,"4619995"
47-109-01474,109-01474,"37.68500904620747","-81.59991884162916",WV,"109",,"JONES, LARRY LEE",BLAZER ENERGY CORP.,,,Unknown,Never Drilled,Vertical,Not Drilled,https://wellwiki.org/wiki/47-109-01474,,"4619996"
47-015-00639,015-00639,"38.498133622738486","-81.19313496518653",WV,"015",,"BROWN, GOSHORN & SWANN","COLUMBIA NATURAL RESOURCES, LLC",,,Not Available,Plugged,Vertical,Plugged,https://wellwiki.org/wiki/47-015-00639,,"4619997"
47-107-01550,107-01550,"39.2571989481083","-81.42173547156969",WV,"107",,"PATTERSON, DANNY","REYNOLDS, KARL L",,,Not Available,Abandoned Well,Vertical,Orphaned / Abandoned / Unverified Plug,https://wellwiki.org/wiki/47-107-01550,,"4619998"
47-085-04798,085-04798,"39.23744138782576","-80.93934063776233",WV,"085",,HORNER,"TSR ENTERPRISES, LLC",,,Unknown,Active Well,Vertical,Other / Unknown,https://wellwiki.org/wiki/47-085-04798,,"4619999"
47-017-03753,017-03753,"39.160978797636496","-80.80459569776127",WV,"017",,"HILL, W.","WV WELLS, LTD",,,Unknown,Abandoned Well,Vertical,Orphaned / Abandoned / Unverified Plug,https://wellwiki.org/wiki/47-017-03753,,"4620000"
47-015-01811,015-01811,"38.63105809212852","-81.00038488209776",WV,"015",,"HALL, SPENCER J.",STONESTREET LANDS CO.,,,Not Available,Plugged,Vertical,Plugged,https://wellwiki.org/wiki/47-015-01811,,"4620001"
47-021-01009,021-01009,"38.907145370501894","-80.85126550852398",WV,"021",,"THOMPSON, DEWEY",MASSEY JARVIS,,,Unknown,Never Drilled,Vertical,Not Drilled,https://wellwiki.org/wiki/47-021-01009,,"4620002"
47-033-00193,033-00193,"39.14444154970457","-80.44491798787529",WV,"033",,"MUSSER, J. Q.","EASTERN GAS TRANSMISSION AND STORAGE, INC",,,Not Available,Plugged,Vertical,Plugged,https://wellwiki.org/wiki/47-033-00193,,"4620003"
47-033-00113,033-00113,"39.3496878060351","-80.44168099842261",WV,"033",,"SWIGER, B. G.","HOPE GAS, INC.",,,Unknown,Plugged,Vertical,Plugged,https://wellwiki.org/wiki/47-033-00113,,"4620004"
47-109-02327,109-02327,"37.68922283506725","-81.54053179002676",WV,"109",,PLUM CREEK TIMBERLANDS,DIVERSIFIED PRODUCTION LLC,,,Gas Production,Plugged,Coal Bed Methane Well,Plugged,https://wellwiki.org/wiki/47-109-02327,,"4620005"
47-019-00453,019-00453,"38.18350768005246","-80.99745598488028",WV,"019",,HAMPDEN,BRAXTON OIL AND GAS CORP.,,,Gas Production,Abandoned Well,Vertical,Orphaned / Abandoned / Unverified Plug,https://wellwiki.org/wiki/47-019-00453,,"4620006"
47-017-04613,017-04613,"39.112480518049466","-80.80785284511569",WV,"017",,"SPERRY, JEFF",CONSOL GAS COMPANY,,,Unknown,Never Drilled,Vertical,Not Drilled,https://wellwiki.org/wiki/47-017-04613,,"4620007"
47-033-00345,033-00345,"39.1741730464127","-80.3372439905929",WV,"033",,"COOKMAN, A. C.","BERRY ENERGY, INC.",,,Unknown,Plugged,Vertical,Plugged,https://wellwiki.org/wiki/47-033-00345,,"4620008"
47-033-02393,033-02393,"39.36652382608366","-80.46262793767238",WV,"033",,SMITH,BRAXTON OIL AND GAS CORP.,,,Oil Production,Abandoned Well,Vertical,Orphaned / Abandoned / Unverified Plug,https://wellwiki.org/wiki/47-033-02393,,"4620009"
47-021-00220,021-00220,"38.97247848172056","-80.88671092693956",WV,"021",,"ELLYSON, WALTER",OPERATOR UNKNOWN,,,Not Available,Plugged,Vertical,Plugged,https://wellwiki.org/wiki/47-021-00220,,"4620010"
47-035-01165,035-01165,"39.05252321557924","-81.75630931430115",WV,"035",,"SILLMAN, FRANK",OPERATOR UNKNOWN,,,Not Available,Plugged,Vertical,Plugged,https://wellwiki.org/wiki/47-035-01165,,"4620011"
47-017-00592,017-00592,"39.223961053039794","-80.70362792910335",WV,"017",,"COX, DENVER",JACKSON FUEL CORPORATION,,,Not Available,Plugged,Vertical,Plugged,https://wellwiki.org/wiki/47-017-00592,,"4620012"
47-021-00465,021-00465,"38.907145370501894","-80.85126550852398",WV,"021",,"HERBERT, ELIA",CARNEGIE PRODUCTION COMPANY,,,Unknown,Never Drilled,Vertical,Not Drilled,https://wellwiki.org/wiki/47-021-00465,,"4620013"
47-021-05699,021-05699,"39.028367624036605","-80.75039876352832",WV,"021",,"MONTGOMERY, DAVE",KEY OIL COMPANY,,,Unknown,Plugged,Vertical,Plugged,https://wellwiki.org/wiki/47-021-05699,,"4620014"
47-039-01927,039-01927,"38.36268162339313","-81.31702222821129",WV,"039",,"CORK, CHARLOTTE, C., ETAL",OPERATOR UNKNOWN,,,Not Available,Plugged,Vertical,Plugged,https://wellwiki.org/wiki/47-039-01927,,"4620015"
47-041-00353,041-00353,"38.93491796174995","-80.41981858594406",WV,"041",,"RADABAUGH, U. S.",OPERATOR UNKNOWN,,,Not Available,Plugged,Vertical,Plugged,https://wellwiki.org/wiki/47-041-00353,,"4620016"
47-017-06649,017-06649,"39.183656451188405","-80.75850639708645",WV,"017",,"MORRIS, I.L.",CNX GAS COMPANY LLC,,,Gas Production,Never Drilled,Horizontal 6A,Not Drilled,https://wellwiki.org/wiki/47-017-06649,,"4620017"
47-039-05468,039-05468,"38.11450969047229","-81.50552295446771",WV,"039",,SHONK LAND COMPANY,"P-G&H, INC.",,,Not Available,Plugged,Vertical,Plugged,https://wellwiki.org/wiki/47-039-05468,,"4620018"
47-039-05491,039-05491,"38.31717324218869","-81.77948514674976",WV,"039",,"ELLIOTT, DAVID","PILLAR ENERGY, LLC",,,Unknown,Abandoned Well,Vertical,Orphaned / Abandoned / Unverified Plug,https://wellwiki.org/wiki/47-039-05491,,"4620019"
47-041-03131,041-03131,"38.954985426213256","-80.55364757593145",WV,"041",,"BENNETT, JAMES W.",OPERATOR UNKNOWN,,,Not Available,Never Drilled,Vertical,Not Drilled,https://wellwiki.org/wiki/47-041-03131,,"4620020"
47-033-03921,033-03921,"39.339701779442336","-80.50374596888267",WV,"033",,"SUMMERS, KENNIE & EMILY",OPERATOR UNKNOWN,,,Unknown,Never Drilled,Vertical,Not Drilled,https://wellwiki.org/wiki/47-033-03921,,"4620021"
47-043-01340,043-01340,"38.28184995613819","-81.92349713206737",WV,"043",,"ALFORD, FRED","BIG C PRODUCTION & PROCESSING, INC.",,,Unknown,Abandoned Well,Vertical,Orphaned / Abandoned / Unverified Plug,https://wellwiki.org/wiki/47-043-01340,,"4620022"
47-045-00643,045-00643,"37.746909826382236","-81.85224663453013",WV,"045",,AMHERST LAND COMPANY,OPERATOR UNKNOWN,,,Not Available,Plugged,Vertical,Plugged,https://wellwiki.org/wiki/47-045-00643,,"4620023"
47-045-00623,045-00623,"37.79846963093182","-81.82385963179055",WV,"045",,DINGESS RUN COAL CO.,"HOPE GAS, INC.",,,Unknown,Plugged,Vertical,Plugged,https://wellwiki.org/wiki/47-045-00623,,"4620024"
47-049-00026,049-00026,"39.52331801222275","-80.20851001249447",WV,"049",,"GRAY, HOWARD","OWENS-ILLINOIS, INC.",,,Unknown,Plugged,Vertical,Plugged,https://wellwiki.org/wiki/47-049-00026,,"4620025"
47-049-00783,049-00783,"39.399181348312226","-80.1551096841453",WV,"049",,"WATKINS, ARTHUR L.",EMAX OIL COMPANY,,,Not Available,Never Drilled,Vertical,Not Drilled,https://wellwiki.org/wiki/47-049-00783,,"4620026"
47-051-00618,051-00618,"39.77407272267414","-80.65865777061914",WV,"051",,BOOHER & HICKS,CNX GAS COMPANY LLC,,,Gas Production,Plugged,Vertical,Plugged,https://wellwiki.org/wiki/47-051-00618,,"4620027"
47-061-00299,061-00299,"39.67151878897081","-80.0274668092498",WV,"061",,"MARTIN, M. E. & L. M.","ALAMCO, INC.",,,Not Available,Plugged,Vertical,Plugged,https://wellwiki.org/wiki/47-061-00299,,"4620028"
47-005-01575,005-01575,"37.848297983260544","-81.7234178344122",WV,"005",,SOUTHERN LAND COMPANY,BLAZER ENERGY CORP.,,,Unknown,Never Drilled,Vertical,Not Drilled,https://wellwiki.org/wiki/47-005-01575,,"4620029"
47-067-00155,067-00155,"38.24295247820336","-81.16798672469929",WV,"067",,"PARSONS, VIRGIL E. & JUNE",NYTIS EXPLORATION COMPANY LLC,,,Gas Production,Plugged,Vertical,Plugged,https://wellwiki.org/wiki/47-067-00155,,"4620030"
47-079-01116,079-01116,"38.563857002404305","-81.84197088564348",WV,"079",,"WANDLING, DANNY",DEVON ENERGY CORPORATION (NEVADA),,,Not Available,Never Drilled,Vertical,Not Drilled,https://wellwiki.org/wiki/47-079-01116,,"4620031"
47-085-07060,085-07060,"39.04916850978074","-80.96160058742113",WV,"085",,"BYRD, WILLIAM R.","HAUGHT, INC.",,,Not Available,Never Drilled,Vertical,Not Drilled,https://wellwiki.org/wiki/47-085-07060,,"4620032"
47-085-07404,085-07404,"39.08971765483537","-81.02362159853094",WV,"085",,"CUNNINGHAM, MARVIN","SHALE SERVICE, INC.",,,Unknown,Never Drilled,Vertical,Not Drilled,https://wellwiki.org/wiki/47-085-07404,,"4620033"
47-085-01334,085-01334,"39.173464900017045","-81.19303783687066",WV,"085",,"LOWTHER, JOHN E.",OPERATOR UNKNOWN,,,Not Available,Plugged,Vertical,Plugged,https://wellwiki.org/wiki/47-085-01334,,"4620034"
47-085-06900,085-06900,"39.294607962777285","-80.96974563236452",WV,"085",,"DULANEY, ROBERT","RARE EARTH MINERALS, INC.",,,Not Available,Never Drilled,Vertical,Not Drilled,https://wellwiki.org/wiki/47-085-06900,,"4620035"
47-085-06815,085-06815,"39.27800794624912","-81.20947094780615",WV,"085",,"FRENCH, JAMES",BEACON RESOURCES CORPORATION,,,Not Available,Never Drilled,Vertical,Not Drilled,https://wellwiki.org/wiki/47-085-06815,,"4620036"
47-087-01874,087-01874,"38.76273523144051","-81.27996572250106",WV,"087",,"SPENCER, CHESTER",D & R ENERGY,,,Not Available,Plugged,Vertical,Plugged,https://wellwiki.org/wiki/47-087-01874,,"4620037"
47-085-06968,085-06968,"39.299882909083735","-81.19450141908928",WV,"085",,"EVERETT, ROGER","TAPO ENERGY, LLC",,,Gas Production,Plugged,Vertical,Plugged,https://wellwiki.org/wiki/47-085-06968,,"4620038"
47-091-00008,091-00008,"39.33745704907507","-80.18977832144394",WV,"091",,"MCELROY, A.Y.","HOPE GAS, INC.",,,Unknown,Plugged,Vertical,Plugged,https://wellwiki.org/wiki/47-091-00008,,"4620039"
47-099-00039,099-00039,"38.18175823971638","-82.37213179023132",WV,"099",,"COX, ED","FREEDOM OIL & GAS, INC.",,,Unknown,Abandoned Well,Vertical,Orphaned / Abandoned / Unverified Plug,https://wellwiki.org/wiki/47-099-00039,,"4620040"
47-073-01125,073-01125,"37.0462224768942","-81",WV,"073",,FMC CORP.,"SMITH, JOHN A.",,,Unknown,Never Drilled,Vertical,Not Drilled,https://wellwiki.org/wiki/47-073-01125,,"4620041"
47-097-00865,097-00865,"38.93210584778501","-80.32845009404406",WV,"097",,"WEST, NELL",TALKINGTON & BRADY,,,Unknown,Plugged,Vertical,Plugged,https://wellwiki.org/wiki/47-097-00865,,"4620042"
47-099-02155,099-02155,"38.1843262088952","-82.58743939555148",WV,"099",,"WORNALL, MARTHA",E 3 PETROLEUM CORP,,,Unknown,Abandoned Well,Vertical,Orphaned / Abandoned / Unverified Plug,https://wellwiki.org/wiki/47-099-02155,,"4620043"
47-099-01139,099-01139,"38.18175823971638","-82.37213179023132",WV,"099",,"PELFRY, CHARLES, ET AL",WOLF GAS COMPANY,,,Unknown,Never Drilled,Vertical,Not Drilled,https://wellwiki.org/wiki/47-099-01139,,"4620044"
47-087-00919,087-00919,"38.81522449390742","-81.26412119083552",WV,"087",,"CARPENTER, LEE","PENCE, E. G.",,,Not Available,Plugged,Vertical,Plugged,https://wellwiki.org/wiki/47-087-00919,,"4620045"
47-097-02144,097-02144,"38.79906474655041","-80.30579728258213",WV,"097",,"HUFFMAN, EDNA","UNITED PETRO, LTD.",,,Not Available,Plugged,Vertical,Plugged,https://wellwiki.org/wiki/47-097-02144,,"4620046"
47-093-00074,093-00074,"38.98178496833914","-79.48070790040948",WV,"093",,"COOPER, KENNETH",CABOT OIL & GAS CORPORATION,,,Unknown,Never Drilled,Vertical,Not Drilled,https://wellwiki.org/wiki/47-093-00074,,"4620047"
47-087-00936,087-00936,"38.68926687029533","-81.2668631733542",WV,"087",,"STONE, S.","GPO ENERGY, LLC",,,Gas Production,Abandoned Well,Vertical,Orphaned / Abandoned / Unverified Plug,https://wellwiki.org/wiki/47-087-00936,,"4620048"
47-097-02518,097-02518,"38.74555329016306","-80.31452151810119",WV,"097",,"WALTON, TERRY E.",EQT PRODUCTION COMPANY,,,Not Available,Plugged,Vertical,Plugged,https://wellwiki.org/wiki/47-097-02518,,"4620049"
47-001-01611,001-01611,"37.0462224768942","-81",WV,"001",,"LINDSEY-BOYLES, SHERMAN",MERT DEVELOPMENT INC,,,Unknown,Never Drilled,Vertical,Not Drilled,https://wellwiki.org/wiki/47-001-01611,,"4620050"
47-107-00552,107-00552,"39.31541135067176","-81.52149943982086",WV,"107",,"NESTLER, H. E.",OPERATOR UNKNOWN,,,Not Available,Plugged,Vertical,Plugged,https://wellwiki.org/wiki/47-107-00552,,"4620051"
47-105-00667,105-00667,"38.960714838490276","-81.28353286567251",WV,"105",,"ELLIOTT, HOWARD","ROWES, ALVIN",,,Not Available,Abandoned Well,Vertical,Orphaned / Abandoned / Unverified Plug,https://wellwiki.org/wiki/47-105-00667,,"4620052"
47-107-00686,107-00686,"39.21855172282842","-81.38763395473364",WV,"107",,"LOTT, MARY",OPERATOR UNKNOWN,,,Not Available,Plugged,Vertical,Plugged,https://wellwiki.org/wiki/47-107-00686,,"4620053"
47-107-00178,107-00178,"39.32486892233443","-81.39068030409163",WV,"107",,"SOUTHWORTH, DELLA M.","BICKEL, W. H.",,,Unknown,Abandoned Well,Vertical,Orphaned / Abandoned / Unverified Plug,https://wellwiki.org/wiki/47-107-00178,,"4620054"
47-001-02760,001-02760,"39.23957336568492","-79.93666946384879",WV,"001",,POOR BOY TIMBER CO.,PETROLEUM DEVELOPMENT CORPORATION,,,Unknown,Never Drilled,Vertical,Not Drilled,https://wellwiki.org/wiki/47-001-02760,,"4620055"
47-109-01128,109-01128,"37.50539193523762","-81.53734521765107",WV,"109",,"ELLIS, DON",EMAX OIL COMPANY,,,Unknown,Never Drilled,Vertical,Not Drilled,https://wellwiki.org/wiki/47-109-01128,,"4620056"
47-021-00282,021-00282,"38.94841967452762","-80.87679592628713",WV,"021",,"HART, G.",OPERATOR UNKNOWN,,,Not Available,Plugged,Vertical,Plugged,https://wellwiki.org/wiki/47-021-00282,,"4620057"
47-035-00146,035-00146,"38.587094529368706","-81.62056771982074",WV,"035",,PUTNAM CO.,OPERATOR UNKNOWN,,,Not Available,Plugged,Vertical,Plugged,https://wellwiki.org/wiki/47-035-00146,,"4620058"
47-061-00218,061-00218,"39.66470216335692","-79.9794242588966",WV,"061",,LOT #161,OPERATOR UNKNOWN,,,Not Available,Plugged,Vertical,Plugged,https://wellwiki.org/wiki/47-061-00218,,"4620059"
47-039-01171,039-01171,"38.3902768092362","-81.48213200695719",WV,"039",,"BOYD, FANNIE D.",OPERATOR UNKNOWN,,,Not Available,Abandoned Well,Vertical,Orphaned / Abandoned / Unverified Plug,https://wellwiki.org/wiki/47-039-01171,,"4620060"
47-043-00182,043-00182,"38.1264139636145","-82.02888806432618",WV,"043",,"HILL, SPENCER",OPERATOR UNKNOWN,,,Not Available,Abandoned Well,Vertical,Orphaned / Abandoned / Unverified Plug,https://wellwiki.org/wiki/47-043-00182,,"4620061"
47-049-00990,049-00990,"39.48528052041927","-80.41760005852413",WV,"049",,"HELTSLEY, EARL",CONSOLIDATION COAL COMPANY,,,Not Available,Plugged,Vertical,Plugged,https://wellwiki.org/wiki/47-049-00990,,"4620062"
47-043-02099,043-02099,"38.23485049630792","-82.1573870014887",WV,"043",,"CULVER, GARY R.","CHESAPEAKE APPALACHIA, L.L.C.",,,Unknown,Plugged,Vertical,Plugged,https://wellwiki.org/wiki/47-043-02099,,"4620063"
47-049-00452,049-00452,"39.55106363789945","-80.45772811412945",WV,"049",,BRAND,"EQUITRANS, L. P.",,,Unknown,Never Drilled,Vertical,Not Drilled,https://wellwiki.org/wiki/47-049-00452,,"4620064"
47-051-00073,051-00073,"39.75909104651893","-80.58670917262369",WV,"051",,"CONNELLY, C. F.",OPERATOR UNKNOWN,,,Not Available,Plugged,Vertical,Plugged,https://wellwiki.org/wiki/47-051-00073,,"4620065"
47-061-80002,061-80002,"37.0462224768942","-81",WV,"061",,,OPERATOR UNKNOWN,,,Not Available,Abandoned Well,Vertical,Orphaned / Abandoned / Unverified Plug,https://wellwiki.org/wiki/47-061-80002,,"4620066"
47-061-00162,061-00162,"39.692501236230925","-80.34707381399019",WV,"061",,"SHRIVER, INA & SUSANNA",A V COMPANY,,,Not Available,Plugged,Vertical,Plugged,https://wellwiki.org/wiki/47-061-00162,,"4620067"
47-007-00445,007-00445,"38.872033605847015","-80.59838803234437",WV,"007",,"BEE, FRED",OPERATOR UNKNOWN,,,Not Available,Plugged,Vertical,Plugged,https://wellwiki.org/wiki/47-007-00445,,"4620068"
47-045-80100,045-80100,"37.0462224768942","-81",WV,"045",,,OPERATOR UNKNOWN,,,Not Available,Abandoned Well,Vertical,Orphaned / Abandoned / Unverified Plug,https://wellwiki.org/wiki/47-045-80100,,"4620069"
47-061-00377,061-00377,"39.650658744877276","-80.213089209158",WV,"061",,"YOST, LARRY","YOST & YOST, INC.",,,Not Available,Plugged,Vertical,Plugged,https://wellwiki.org/wiki/47-061-00377,,"4620070"
47-005-01751,005-01751,"37.83708290486457","-81.5588672823318",WV,"005",,POCAHONTAS LAND CORP.,DIVERSIFIED PRODUCTION LLC,,,Unknown,Abandoned Well,Vertical,Orphaned / Abandoned / Unverified Plug,https://wellwiki.org/wiki/47-005-01751,,"4620071"
47-073-80303,073-80303,"37.0462224768942","-81",WV,"073",,,OPERATOR UNKNOWN,,,Not Available,Abandoned Well,Vertical,Orphaned / Abandoned / Unverified Plug,https://wellwiki.org/wiki/47-073-80303,,"4620072"
47-007-00623,007-00623,"38.836791748005744","-80.61731397529306",WV,"007",,"BROWN, WILLIAM",OPERATOR UNKNOWN,,,Not Available,Plugged,Vertical,Plugged,https://wellwiki.org/wiki/47-007-00623,,"4620073"
47-061-00498,061-00498,"39.63987549114143","-80.26108479160898",WV,"061",,"MYERS, JOHN","HG ENERGY, LLC",,,Unknown,Plugged,Vertical,Plugged,https://wellwiki.org/wiki/47-061-00498,,"4620074"
47-007-00738,007-00738,"38.744625326044066","-80.78916644596981",WV,"007",,"BENDER, W. K.",ENERGY CORPORATION OF AMERICA,,,Not Available,Plugged,Vertical,Plugged,https://wellwiki.org/wiki/47-007-00738,,"4620075"
47-079-00262,079-00262,"38.41138815591243","-82.0230928062483",WV,"079",,"DORSEY, R. V.",OPERATOR UNKNOWN,,,Not Available,Plugged,Vertical,Plugged,https://wellwiki.org/wiki/47-079-00262,,"4620076"
47-073-80004,073-80004,"37.0462224768942","-81",WV,"073",,,OPERATOR UNKNOWN,,,Not Available,Abandoned Well,Vertical,Orphaned / Abandoned / Unverified Plug,https://wellwiki.org/wiki/47-073-80004,,"4620077"
47-085-00498,085-00498,"39.249934642487574","-81.00318590595843",WV,"085",,"MORRIS, L.J. & CORA",OPERATOR UNKNOWN,,,Not Available,Plugged,Vertical,Plugged,https://wellwiki.org/wiki/47-085-00498,,"4620078"
47-073-01861,073-01861,"39.04461572169515","-81.25030032238271",WV,"073",,"STEELE, GAYNELL",PETHTEL OIL & GAS,,,Not Available,Never Drilled,Vertical,Not Drilled,https://wellwiki.org/wiki/47-073-01861,,"4620079"
47-085-06186,085-06186,"39.23744138782576","-80.93934063776233",WV,"085",,DOUGLASS/WOOD CO T. ASSOC,KEY OIL COMPANY,,,Unknown,Never Drilled,Vertical,Not Drilled,https://wellwiki.org/wiki/47-085-06186,,"4620080"
47-087-01802,087-01802,"38.644698601698956","-81.37443771561767",WV,"087",,"SCHOOLCRAFT, M.",APOLLO PETROLEUM CORPORATION,,,Not Available,Plugged,Vertical,Plugged,https://wellwiki.org/wiki/47-087-01802,,"4620081"
47-085-07928,085-07928,"39.32843807035192","-81.02430351463737",WV,"085",,"GOODWIN, WADE",PARDEE MINERALS LLC,,,Unknown,Never Drilled,Vertical,Not Drilled,https://wellwiki.org/wiki/47-085-07928,,"4620082"
47-085-01679,085-01679,"39.27133449937018","-81.22551561582578",WV,"085",,"MORRIS, GEORGE",OPERATOR UNKNOWN,,,Not Available,Plugged,Vertical,Plugged,https://wellwiki.org/wiki/47-085-01679,,"4620083"
47-087-03654,087-03654,"38.706346340296996","-81.28171811826698",WV,"087",,"LYNCH, CALVIN",TECHNOLOGY DEVELOPMENT INC,,,Unknown,Never Drilled,Vertical,Not Drilled,https://wellwiki.org/wiki/47-087-03654,,"4620084"
47-087-03442,087-03442,"38.69608689195872","-81.40259831670609",WV,"087",,"DAVIS, LOWELL & WANDA",ENERGY CORPORATION OF AMERICA,,,Gas Production,Plugged,Vertical,Plugged,https://wellwiki.org/wiki/47-087-03442,,"4620085"
47-087-00155,087-00155,"38.73920619998664","-81.18722853584393",WV,"087",,LEONARD BRANNEN HEIRS,OPERATOR UNKNOWN,,,Not Available,Plugged,Vertical,Plugged,https://wellwiki.org/wiki/47-087-00155,,"4620086"
47-087-01824,087-01824,"38.64368113348609","-81.45037162289148",WV,"087",,"PAXTON, K.",OPERATOR UNKNOWN,,,Not Available,Plugged,Vertical,Plugged,https://wellwiki.org/wiki/47-087-01824,,"4620087"
47-087-00395,087-00395,"38.717578541083085","-81.48445300976393",WV,"087",,"HINSMAN, A. G.",OPERATOR UNKNOWN,,,Not Available,Plugged,Vertical,Plugged,https://wellwiki.org/wiki/47-087-00395,,"4620088"
47-095-00416,095-00416,"39.571944450207894","-80.91558884916516",WV,"095",,"BUCK, J.","GRUSS, JOSEPH S.",,,Unknown,Abandoned Well,Vertical,Orphaned / Abandoned / Unverified Plug,https://wellwiki.org/wiki/47-095-00416,,"4620089"
47-087-03084,087-03084,"38.66833249038519","-81.20563978201022",WV,"087",,"CARPER, RENAE","TRIAD HUNTER, LLC",,,Fluid Injection,Plugged,Vertical,Plugged,https://wellwiki.org/wiki/47-087-03084,,"4620090"
47-097-00815,097-00815,"38.91765259043049","-80.26646283127175",WV,"097",,"MARSH, L. DOHR","MILLER, ALLERTON",,,Unknown,Plugged,Vertical,Plugged,https://wellwiki.org/wiki/47-097-00815,,"4620091"
47-099-01051,099-01051,"38.269109298724345","-82.48306051614236",WV,"099",,"MAYS, TALITHA",MAYS GAS COMPANY,,,Unknown,Plugged,Vertical,Plugged,https://wellwiki.org/wiki/47-099-01051,,"4620092"
47-097-00698,097-00698,"39.09021509165637","-80.19776389232082",WV,"097",,"HYRE, L.E.","HOPE GAS, INC.",,,Unknown,Plugged,Vertical,Plugged,https://wellwiki.org/wiki/47-097-00698,,"4620093"
47-069-00363,069-00363,"40.15153617227927","-80.52401170698967",WV,"069",,Roy & Debra R Riggle,"SWN PRODUCTION COMPANY, LLC",,,,Permit Application,Horizontal 6A,Not Drilled,https://wellwiki.org/wiki/47-069-00363,,"4620094"
47-069-00365,069-00365,"40.10696888162588","-80.53225545603246",WV,"069",,Douglas W Rogers,"SWN PRODUCTION COMPANY, LLC",,,,Permit Application,Horizontal 6A,Not Drilled,https://wellwiki.org/wiki/47-069-00365,,"4620095"
47-097-01470,097-01470,"38.95171628994773","-80.23751126730431",WV,"097",,"HOWES, ROBERT F., ET AL",OPERATOR UNKNOWN,,,Not Available,Plugged,Vertical,Plugged,https://wellwiki.org/wiki/47-097-01470,,"4620096"
47-091-00891,091-00891,"39.37189522196138","-80.18121797521637",WV,"091",,"STEELE, MARY","K. PETROLEUM, INC.",,,Unknown,Abandoned Well,Vertical,Orphaned / Abandoned / Unverified Plug,https://wellwiki.org/wiki/47-091-00891,,"4620097"
47-093-00033,093-00033,"39.09480352375937","-79.40264356513163",WV,"093",,"BILLINGSLEA, F. M.",OPERATOR UNKNOWN,,,Not Available,Plugged,Vertical,Plugged,https://wellwiki.org/wiki/47-093-00033,,"4620098"
47-095-00041,095-00041,"39.45434721261228","-80.94305124035478",WV,"095",,"LAWSON, BESSIE",OPERATOR UNKNOWN,,,Not Available,Plugged,Vertical,Plugged,https://wellwiki.org/wiki/47-095-00041,,"4620099"
47-011-00066,011-00066,"38.31112012018031","-82.23085010533276",WV,"011",,"HOLTON, GILBERT","CAMPBELL, D ROSS",,,Unknown,Abandoned Well,Vertical,Orphaned / Abandoned / Unverified Plug,https://wellwiki.org/wiki/47-011-00066,,"4620100"
47-107-00255,107-00255,"39.23921368093909","-81.40920712120061",WV,"107",,"SHATTUCK, C. H.",OPERATOR UNKNOWN,,,Not Available,Plugged,Vertical,Plugged,https://wellwiki.org/wiki/47-107-00255,,"4620101"
47-001-00292,001-00292,"39.20510007645211","-80.17580718868633",WV,"001",,"STOUT, ABNER","EASTERN GAS TRANSMISSION AND STORAGE, INC",,,Not Available,Plugged,Vertical,Plugged,https://wellwiki.org/wiki/47-001-00292,,"4620102"
47-001-00566,001-00566,"39.219875091532394","-80.10228577706444",WV,"001",,"CLEAVENGER, W. D.",WOLF RUN MINING LLC,,,Gas Production,Plugged,Vertical,Plugged,https://wellwiki.org/wiki/47-001-00566,,"4620103"
47-001-00215,001-00215,"39.20577235060188","-80.00808025411115",WV,"001",,"McDANIEL, NORA M.",WV MINERAL GROUP LLC,,,Gas Production,Abandoned Well,Vertical,Orphaned / Abandoned / Unverified Plug,https://wellwiki.org/wiki/47-001-00215,,"4620104"
47-091-01007,091-01007,"39.330370272296584","-80.17358073273498",WV,"091",,,"BOWIE, INC.",,,Unknown,Never Drilled,Vertical,Not Drilled,https://wellwiki.org/wiki/47-091-01007,,"4620105"
47-001-00118,001-00118,"39.150656029273634","-80.10327966886429",WV,"001",,"CALLIHAN, ETHEL",BEEKAY COMPANY,,,Unknown,Plugged,Vertical,Plugged,https://wellwiki.org/wiki/47-001-00118,,"4620106"
47-105-00345,105-00345,"38.9682528574283","-81.3233894449732",WV,"105",,"BELL, BRUCE, ET AL",OPERATOR UNKNOWN,,,Not Available,Plugged,Vertical,Plugged,https://wellwiki.org/wiki/47-105-00345,,"4620107"
47-001-02564,001-02564,"39.07581547647626","-79.93906026014163",WV,"001",,"POE, CHARLES",OPERATOR UNKNOWN,,,Unknown,Never Drilled,Vertical,Not Drilled,https://wellwiki.org/wiki/47-001-02564,,"4620108"
47-001-00638,001-00638,"37.0462224768942","-81",WV,"001",,"QUEEN, HAZEL",OPERATOR UNKNOWN,,,Not Available,Never Drilled,Vertical,Not Drilled,https://wellwiki.org/wiki/47-001-00638,,"4620109"
47-103-00841,103-00841,"39.596910556939825","-80.56083561621587",WV,"103",,HUBBARD,"EQUITRANS, L. P.",,,Unknown,Plugged,Vertical,Plugged,https://wellwiki.org/wiki/47-103-00841,,"4620110"
47-107-00837,107-00837,"39.2795494378477","-81.42696276246015",WV,"107",,WHARTON HEIRS,OPERATOR UNKNOWN,,,Not Available,Plugged,Vertical,Plugged,https://wellwiki.org/wiki/47-107-00837,,"4620111"
47-109-00717,109-00717,"37.6222088161814","-81.67633962113958",WV,"109",,"CHAMBERS, H.C.",BECK OIL & GAS CO,,,Unknown,Plugged,Vertical,Plugged,https://wellwiki.org/wiki/47-109-00717,,"4620112"
47-013-02473,013-02473,"38.9634631407189","-81.02669205397662",WV,"013",,"MILLER, G.",OPERATOR UNKNOWN,,,Not Available,Plugged,Vertical,Plugged,https://wellwiki.org/wiki/47-013-02473,,"4620113"
47-021-01413,021-01413,"38.987444050966985","-80.71228466534996",WV,"021",,HESS AND SMITH,"ALAMCO, INC.",,,Not Available,Plugged,Vertical,Plugged,https://wellwiki.org/wiki/47-021-01413,,"4620114"
47-033-05156,033-05156,"39.24316407478021","-80.4000229687428",WV,"033",,"766, LLC",CONSOL GAS COMPANY,,,Unknown,Plugged,Vertical,Plugged,https://wellwiki.org/wiki/47-033-05156,,"4620115"
47-061-00486,061-00486,"39.64149666829295","-80.15910025563122",WV,"061",,"EDDY, D. J.",NNE RESOURCES LLC,,,Unknown,Plugged,Vertical,Plugged,https://wellwiki.org/wiki/47-061-00486,,"4620116"
47-083-01041,083-01041,"38.85484730960517","-80.03222183336946",WV,"083",,WESTVACO CORP.,"ALAMCO, INC.",,,Unknown,Never Drilled,Vertical,Not Drilled,https://wellwiki.org/wiki/47-083-01041,,"4620117"
47-043-02326,043-02326,"38.295553481829764","-81.8915128105953",WV,"043",,"STOWERS, BARBARA","HG ENERGY, LLC",,,Unknown,Plugged,Vertical,Plugged,https://wellwiki.org/wiki/47-043-02326,,"4620118"
47-005-00405,005-00405,"38.09970510835086","-81.52955551728739",WV,"005",,SHONK LAND CO,"P-G&H, INC.",,,Not Available,Plugged,Vertical,Plugged,https://wellwiki.org/wiki/47-005-00405,,"4620119"
47-051-00154,051-00154,"39.72932538322938","-80.63663015861343",WV,"051",,"YOHO, JOSHUA","HOPE GAS, INC.",,,Unknown,Plugged,Vertical,Plugged,https://wellwiki.org/wiki/47-051-00154,,"4620120"
47-041-00290,041-00290,"39.13860074167107","-80.4659743775437",WV,"041",,"BEEGHLEY, W. E.","HOPE GAS, INC.",,,Unknown,Plugged,Vertical,Plugged,https://wellwiki.org/wiki/47-041-00290,,"4620121"
47-067-00515,067-00515,"38.24299482257126","-80.941083461407",WV,"067",,PANCEA,TALLWOOD CORPORATION,,,Unknown,Plugged,Vertical,Plugged,https://wellwiki.org/wiki/47-067-00515,,"4620122"
47-093-00015,093-00015,"39.206124493580944","-79.5968970656207",WV,"093",,U.S.A.,OPERATOR UNKNOWN,,,Not Available,Plugged,Vertical,Plugged,https://wellwiki.org/wiki/47-093-00015,,"4620123"
47-107-00375,107-00375,"39.21437208238587","-81.70639511562672",WV,"107",,"WIGAL, ELZA D.","PUTNAM, WILLIAM H",,,Unknown,Plugged,Vertical,Plugged,https://wellwiki.org/wiki/47-107-00375,,"4620124"
47-105-00120,105-00120,"37.0462224768942","-81",WV,"105",,"MCCONAUGHEY, W.C.",OPERATOR UNKNOWN,,,Not Available,Plugged,Vertical,Plugged,https://wellwiki.org/wiki/47-105-00120,,"4620125"
47-103-00830,103-00830,"39.5819999978293","-80.58660000111279",WV,"103",,HIGGINS,"EQUITRANS, L. P.",,,Storage,Plugged,Vertical,Plugged,https://wellwiki.org/wiki/47-103-00830,,"4620126"
47-107-00162,107-00162,"39.31485885358848","-81.39066522591258",WV,"107",,"CORBITT, R. N.",WV GAS CORP.,,,Unknown,Plugged,Vertical,Plugged,https://wellwiki.org/wiki/47-107-00162,,"4620127"
47-107-00163,107-00163,"39.31629678210072","-81.40236391736441",WV,"107",,"CORBITT, R. N.",WV GAS CORP.,,,Unknown,Plugged,Vertical,Plugged,https://wellwiki.org/wiki/47-107-00163,,"4620128"
47-107-00180,107-00180,"39.19055785410986","-81.71675755861419",WV,"107",,"TENNANT, B. H.",WV GAS CORP.,,,Unknown,Plugged,Vertical,Plugged,https://wellwiki.org/wiki/47-107-00180,,"4620129"
47-011-00344,011-00344,"38.31193960904908","-82.27637470696993",WV,"011",,"SAVAGE, G. W.",WV GAS CORP.,,,Not Available,Plugged,Vertical,Plugged,https://wellwiki.org/wiki/47-011-00344,,"4620130"
47-103-00066,103-00066,"39.678687639205506","-80.44716597980494",WV,"103",,NULL & MOORHEAD,"LEATHERWOOD, LLC",,,Unknown,Plugged,Vertical,Plugged,https://wellwiki.org/wiki/47-103-00066,,"4620131"
47-103-00103,103-00103,"39.6393315241146","-80.44300806862314",WV,"103",,"SMITH, KATE","LEATHERWOOD, LLC",,,Unknown,Plugged,Vertical,Plugged,https://wellwiki.org/wiki/47-103-00103,,"4620132"
47-103-00432,103-00432,"39.611134207085776","-80.57362401345227",WV,"103",,"ASHCRAFT, J.P.","PEMCO GAS, INC.",,,Unknown,Plugged,Vertical,Plugged,https://wellwiki.org/wiki/47-103-00432,,"4620133"
47-017-02116,017-02116,"39.160978797636496","-80.80459569776127",WV,"017",,MASON,"ALFRED, DEWAYNE L",,,Unknown,Never Drilled,Vertical,Not Drilled,https://wellwiki.org/wiki/47-017-02116,,"4620134"
47-021-00467,021-00467,"38.82055510315255","-80.89138009882245",WV,"021",,"KENNEDY, G. O.","HUNT, K METAL",,,Unknown,Plugged,Vertical,Plugged,https://wellwiki.org/wiki/47-021-00467,,"4620135"
47-039-00062,039-00062,"38.098980117929266","-81.51524600816904",WV,"039",,SHONK LAND CO.,"P-G&H, INC.",,,Not Available,Plugged,Vertical,Plugged,https://wellwiki.org/wiki/47-039-00062,,"4620136"
47-005-00013,005-00013,"38.08300265554205","-81.5638845808813",WV,"005",,LAFOLLETTE,PANTHER LLC,,,Unknown,Plugged,Vertical,Plugged,https://wellwiki.org/wiki/47-005-00013,,"4620137"
47-039-00067,039-00067,"38.10072165624346","-81.5231347877563",WV,"039",,SHONK LAND COMPANY,"P-G&H, INC.",,,Unknown,Plugged,Vertical,Plugged,https://wellwiki.org/wiki/47-039-00067,,"4620138"
47-043-00058,043-00058,"38.246027181236066","-82.10781748253312",WV,"043",,HOLBROOK,OPERATOR UNKNOWN,,,Not Available,Plugged,Vertical,Plugged,https://wellwiki.org/wiki/47-043-00058,,"4620139"
47-041-05452,041-05452,"39.0349116131609","-80.45400501734181",WV,"041",,"BENNETT, PHEOBE","BOWIE, INC.",,,Unknown,Plugged,Vertical,Plugged,https://wellwiki.org/wiki/47-041-05452,,"4620140"
47-005-02272,005-02272,"38.084480695219746","-81.57218977895319",WV,"005",,LAFOLLETE,PANTHER LLC,,,Not Available,Plugged,Vertical,Plugged,https://wellwiki.org/wiki/47-005-02272,,"4620141"
47-005-02273,005-02273,"38.08515795860005","-81.5741378886156",WV,"005",,LAFOLLETTE,PANTHER LLC,,,Not Available,Plugged,Vertical,Plugged,https://wellwiki.org/wiki/47-005-02273,,"4620142"
47-073-00288,073-00288,"39.34169359652142","-81.25580981438469",WV,"073",,"RUCKMAN, W.N.","MOORE, EMMETT C",,,Unknown,Plugged,Vertical,Plugged,https://wellwiki.org/wiki/47-073-00288,,"4620143"
47-005-00086,005-00086,"37.0462224768942","-81",WV,"005",,"ROBERTS, C. S.",OSBORN DEV.,,,Unknown,Plugged,Vertical,Plugged,https://wellwiki.org/wiki/47-005-00086,,"4620144"
47-035-00581,035-00581,"38.9202433311134","-81.81956049888561",WV,"035",,"McCOY, DAN",OPERATOR UNKNOWN,,,Not Available,Plugged,Vertical,Plugged,https://wellwiki.org/wiki/47-035-00581,,"4620145"
47-035-00205,035-00205,"38.67323553591429","-81.65626425475888",WV,"035",,"GREEN, P. C.",BLAZER ENERGY CORP.,,,Not Available,Plugged,Vertical,Plugged,https://wellwiki.org/wiki/47-035-00205,,"4620146"
47-029-00021,029-00021,"40.58776413894117","-80.63563161010234",WV,"029",,"HEWITT, E. W.",OPERATOR UNKNOWN,,,Not Available,Plugged,Vertical,Plugged,https://wellwiki.org/wiki/47-029-00021,,"4620147"
47-035-01307,035-01307,"38.85741746913927","-81.81217275819456",WV,"035",,"McCOY, E.","STALNAKER, W. C.",,,Not Available,Plugged,Vertical,Plugged,https://wellwiki.org/wiki/47-035-01307,,"4620148"
47-039-04272,039-04272,"38.46787579589223","-81.49173724751772",WV,"039",,"NEWHOUSE, DENNY",KEY OIL CO.,,,Not Available,Plugged,Vertical,Plugged,https://wellwiki.org/wiki/47-039-04272,,"4620149"
47-001-03260,001-03260,"39.201739262107125","-80.03027127958202",WV,"001",,"MCBEE, ROBERT",CNX GAS COMPANY LLC,,,Unknown,Never Drilled,Horizontal,Not Drilled,https://wellwiki.org/wiki/47-001-03260,,"4620150"
47-001-03261,001-03261,"39.201794131489294","-80.03027052511632",WV,"001",,"MCBEE, ROBERT",CNX GAS COMPANY LLC,,,Unknown,Never Drilled,Horizontal,Not Drilled,https://wellwiki.org/wiki/47-001-03261,,"4620151"
47-001-03262,001-03262,"39.20184909096843","-80.0302697694097",WV,"001",,"MCBEE, ROBERT",CNX GAS COMPANY LLC,,,Unknown,Never Drilled,Horizontal,Not Drilled,https://wellwiki.org/wiki/47-001-03262,,"4620152"
47-001-03263,001-03263,"39.20190396034954","-80.03026901493988",WV,"001",,"MCBEE, ROBERT",CNX GAS COMPANY LLC,,,Unknown,Never Issued,Horizontal,Not Drilled,https://wellwiki.org/wiki/47-001-03263,,"4620153"
47-105-00286,105-00286,"39.051482077535304","-81.54858101015252",WV,"105",,"STEPHENS, H. W.","ROBERTS, GLEN W. - ESTATE",,,Unknown,Plugged,Vertical,Plugged,https://wellwiki.org/wiki/47-105-00286,,"4620154"
47-107-00481,107-00481,"39.19813432910037","-81.35096647435728",WV,"107",,"KIRSCH, M. F.",OPERATOR UNKNOWN,,,Not Available,Plugged,Vertical,Plugged,https://wellwiki.org/wiki/47-107-00481,,"4620155"
47-107-00515,107-00515,"39.17981949676973","-81.63917440216812",WV,"107",,"LOWERS, IRA O.",OPERATOR UNKNOWN,,,Not Available,Plugged,Vertical,Plugged,https://wellwiki.org/wiki/47-107-00515,,"4620156"
47-105-00727,105-00727,"39.014896990311236","-81.46282714202898",WV,"105",,"HUGHES, C. E.","STONESTREET, VANCE",,,Not Available,Plugged,Vertical,Plugged,https://wellwiki.org/wiki/47-105-00727,,"4620157"
47-105-00729,105-00729,"39.02171756712146","-81.2438863200318",WV,"105",,WESTVACO,"STONESTREET, VANCE",,,Not Available,Plugged,Vertical,Plugged,https://wellwiki.org/wiki/47-105-00729,,"4620158"
47-105-00733,105-00733,"38.94840166919294","-81.48498739477755",WV,"105",,"MORGAN, CHARLES","STONESTREET, VANCE",,,Not Available,Plugged,Vertical,Plugged,https://wellwiki.org/wiki/47-105-00733,,"4620159"
47-105-00737,105-00737,"38.96329946215278","-81.48057818184672",WV,"105",,"SIMS, LLOYD","STONESTREET, VANCE",,,Not Available,Plugged,Vertical,Plugged,https://wellwiki.org/wiki/47-105-00737,,"4620160"
47-105-00741,105-00741,"38.997680064022475","-81.43807616809474",WV,"105",,"DEPUE, C. S.","STONESTREET, VANCE",,,Not Available,Plugged,Vertical,Plugged,https://wellwiki.org/wiki/47-105-00741,,"4620161"
47-103-02095,103-02095,"39.49344443099545","-80.63909035305596",WV,"103",,MILLS,QUAKER STATE CORPORATION,,,Not Available,Plugged,Vertical,Plugged,https://wellwiki.org/wiki/47-103-02095,,"4620162"
47-103-02096,103-02096,"39.51756774142845","-80.64563068429185",WV,"103",,MILLS,QUAKER STATE CORPORATION,,,Not Available,Plugged,Vertical,Plugged,https://wellwiki.org/wiki/47-103-02096,,"4620163"
47-107-90744,107-90744,"39.324236763263556","-81.40063669578677",WV,"107",,GRANT,OPERATOR UNKNOWN,,,Not Available,Abandoned Well,Vertical,Orphaned / Abandoned / Unverified Plug,https://wellwiki.org/wiki/47-107-90744,,"4620164"
47-109-00572,109-00572,"37.650234400387895","-81.35852835531371",WV,"109",,"MILLER, ALBERT",SMERON GAS CO.,,,Unknown,Plugged,Vertical,Plugged,https://wellwiki.org/wiki/47-109-00572,,"4620165"
47-107-00611,107-00611,"39.19819289334295","-81.4253488744085",WV,"107",,DIXON-WESTMORLAND,"HAUGHT, INC.",,,Unknown,Plugged,Vertical,Plugged,https://wellwiki.org/wiki/47-107-00611,,"4620166"
47-085-06895,085-06895,"39.23744138782576","-80.93934063776233",WV,"085",,"IRELAND, GUY","HAUGHT, INC.",,,Unknown,Plugged,Vertical,Plugged,https://wellwiki.org/wiki/47-085-06895,,"4620167"
47-105-00576,105-00576,"39.016359604981105","-81.31426132289133",WV,"105",,"KIRBY, FRED",JET OIL,,,Unknown,Plugged,Vertical,Plugged,https://wellwiki.org/wiki/47-105-00576,,"4620168"
47-011-00641,011-00641,"38.40862699747534","-82.10716659975866",WV,"011",,"CONNER, JAMES","PILLAR ENERGY, LLC",,,Gas Production,Plugged,Vertical,Plugged,https://wellwiki.org/wiki/47-011-00641,,"4620169"
47-105-01205,105-01205,"39.011208386801535","-81.31116627970515",WV,"105",,"GIBSON, HAROLD","SMITH, CARL E PETROLEUM INC",,,Unknown,Never Drilled,Vertical,Not Drilled,https://wellwiki.org/wiki/47-105-01205,,"4620170"
47-001-01194,001-01194,"37.0462224768942","-81",WV,"001",,"WAGNER, WILLIAM R.",FOX DRILLING CO,,,Unknown,Never Drilled,Vertical,Not Drilled,https://wellwiki.org/wiki/47-001-01194,,"4620171"
47-103-01529,103-01529,"39.51141620248914","-80.54522834612858",WV,"103",,"PETERSON, B.W.","EAST RESOURCES, INC.",,,Not Available,Plugged,Vertical,Plugged,https://wellwiki.org/wiki/47-103-01529,,"4620172"
47-103-02803,103-02803,"39.59926245939456","-80.64795986740539",WV,"103",,DALLISON LUMBER INC.,"HG ENERGY, LLC",,,Unknown,Never Issued,Vertical,Not Drilled,https://wellwiki.org/wiki/47-103-02803,,"4620173"
47-013-01195,013-01195,"38.879788665050036","-81.14623446122849",WV,"013",,"HATHAWAY, O. J. HEIRS","SMITH, WALTER E",,,Not Available,Plugged,Vertical,Plugged,https://wellwiki.org/wiki/47-013-01195,,"4620174"
47-013-04564,013-04564,"38.808457631477395","-81.21243475376224",WV,"013",,"MCCUMBERS, LINDA","HILDRETH, ROY G & SON  INC",,,Unknown,Never Drilled,Vertical,Not Drilled,https://wellwiki.org/wiki/47-013-04564,,"4620175"
47-013-01463,013-01463,"38.73075949432762","-81.11276248930737",WV,"013",,"PARSONS, BAILEY","HILDRETH, ROY G & SON  INC",,,Not Available,Plugged,Vertical,Plugged,https://wellwiki.org/wiki/47-013-01463,,"4620176"
47-013-01963,013-01963,"38.88583781595557","-81.19621410840313",WV,"013",,"BEE, C. C.","LAW, DAVID",,,Unknown,Never Drilled,Vertical,Not Drilled,https://wellwiki.org/wiki/47-013-01963,,"4620177"
47-109-01487,109-01487,"37.646458344738356","-81.56814339943956",WV,"109",,GEORGIA-PACIFIC CORP.,BLAZER ENERGY CORP.,,,Unknown,Never Drilled,Vertical,Not Drilled,https://wellwiki.org/wiki/47-109-01487,,"4620178"
47-019-00042,019-00042,"38.03132853810284","-80.98511963850845",WV,"019",,FRANKLIN REAL ESTATE,OXY USA INC.,,,Not Available,Plugged,Vertical,Plugged,https://wellwiki.org/wiki/47-019-00042,,"4620179"
47-013-02172,013-02172,"38.890158997065754","-81.2050388502804",WV,"013",,ROME BOARD HEIRS,"PRUSACK, JAMES",,,Unknown,Plugged,Vertical,Plugged,https://wellwiki.org/wiki/47-013-02172,,"4620180"
47-017-02032,017-02032,"39.160978797636496","-80.80459569776127",WV,"017",,SOLD,"EQUITRANS, L. P.",,,Unknown,Never Drilled,Vertical,Not Drilled,https://wellwiki.org/wiki/47-017-02032,,"4620181"
47-035-01161,035-01161,"38.92284368214075","-81.69787483487106",WV,"035",,"HILLARD, VERTA",ROCKEY DRILLING CO.,,,Not Available,Plugged,Vertical,Plugged,https://wellwiki.org/wiki/47-035-01161,,"4620182"
47-017-05211,017-05211,"39.318177147750525","-80.7886549546295",WV,"017",,"FORD, THELMA, ET AL",MURVIN & MEIER OIL CO.,,,Unknown,Never Drilled,Vertical,Not Drilled,https://wellwiki.org/wiki/47-017-05211,,"4620183"
47-035-00100,035-00100,"38.69118003558506","-81.69032215666057",WV,"035",,"MEADOWS, B. B.",BLAZER ENERGY CORP.,,,Not Available,Plugged,Vertical,Plugged,https://wellwiki.org/wiki/47-035-00100,,"4620184"
47-039-00055,039-00055,"38.28451291813232","-81.39214151477134",WV,"039",,SUNDAY CREEK CO.,OPERATOR UNKNOWN,,,Not Available,Plugged,Vertical,Plugged,https://wellwiki.org/wiki/47-039-00055,,"4620185"
47-039-00410,039-00410,"38.533642916473966","-81.6323813120166",WV,"039",,HUMPHREYS - MORTON,CABOT OIL & GAS CORPORATION,,,Not Available,Plugged,Vertical,Plugged,https://wellwiki.org/wiki/47-039-00410,,"4620186"
47-039-03924,039-03924,"38.39618912542113","-81.31001003010192",WV,"039",,"DIXON, J. W.",PRIME OPERATING COMPANY,,,Unknown,Never Drilled,Vertical,Not Drilled,https://wellwiki.org/wiki/47-039-03924,,"4620187"
47-041-01317,041-01317,"39.12134124914161","-80.59568879099274",WV,"041",,"KEMPER, A. H.","HOPE GAS, INC.",,,Unknown,Plugged,Vertical,Plugged,https://wellwiki.org/wiki/47-041-01317,,"4620188"
47-043-01314,043-01314,"38.175261115835475","-82.22033055475447",WV,"043",,"ALBRIGHT, RUSSELL",OPERATOR UNKNOWN,,,Not Available,Never Drilled,Vertical,Not Drilled,https://wellwiki.org/wiki/47-043-01314,,"4620189"
47-041-00226,041-00226,"38.970053192534564","-80.32842435119484",WV,"041",,"LINGER, C. A.","PEMCO GAS, INC.",,,Not Available,Plugged,Vertical,Plugged,https://wellwiki.org/wiki/47-041-00226,,"4620190"
47-045-00206,045-00206,"38.062273088220465","-81.91746720944124",WV,"045",,"WHITE, FANNIE",LIBBEY OWENS GAS,,,Unknown,Never Drilled,Vertical,Not Drilled,https://wellwiki.org/wiki/47-045-00206,,"4620191"
47-043-02195,043-02195,"38.29220822353434","-81.90117567467419",WV,"043",,"STOWERS, MACEL",D & R ENERGY,,,Not Available,Plugged,Vertical,Plugged,https://wellwiki.org/wiki/47-043-02195,,"4620192"
47-047-00822,047-00822,"37.0462224768942","-81",WV,"047",,POCAHONTAS LAND CORP.,"SENECA-UPSHUR PETROLEUM, LLC",,,Unknown,Never Drilled,Vertical,Not Drilled,https://wellwiki.org/wiki/47-047-00822,,"4620193"
47-059-00235,059-00235,"37.71276816094965","-82.27627799901018",WV,"059",,"LITTON, ALBERT",OPERATOR UNKNOWN,,,Not Available,Plugged,Vertical,Plugged,https://wellwiki.org/wiki/47-059-00235,,"4620194"
47-051-00461,051-00461,"39.69114340516458","-80.616923338911",WV,"051",,"WAYT, J. R.",OPERATOR UNKNOWN,,,Not Available,Plugged,Vertical,Plugged,https://wellwiki.org/wiki/47-051-00461,,"4620195"
47-067-00002,067-00002,"37.0462224768942","-81",WV,"067",,"MALCOMB, M.K.","HOPE GAS, INC.",,,Unknown,Plugged,Vertical,Plugged,https://wellwiki.org/wiki/47-067-00002,,"4620196"
47-005-01044,005-01044,"38.0565613826175","-81.48090563218632",WV,"005",,SHONK LAND CO.,CABOT OIL & GAS CORPORATION,,,Unknown,Plugged,Vertical,Plugged,https://wellwiki.org/wiki/47-005-01044,,"4620197"
47-007-00370,007-00370,"38.566299134220095","-80.64665055783016",WV,"007",,ROHRBAUGH,OPERATOR UNKNOWN,,,Not Available,Plugged,Vertical,Plugged,https://wellwiki.org/wiki/47-007-00370,,"4620198"
47-069-00085,069-00085,"40.086348731452624","-80.62215703743587",WV,"069",,"MILLER, HELEN","CHESAPEAKE APPALACHIA, L.L.C.",,,Unknown,Never Drilled,Horizontal,Not Drilled,https://wellwiki.org/wiki/47-069-00085,,"4620199"
47-073-01416,073-01416,"37.0462224768942","-81",WV,"073",,GARDNER,OPERATOR UNKNOWN,,,Not Available,Never Drilled,Vertical,Not Drilled,https://wellwiki.org/wiki/47-073-01416,,"4620200"
47-073-01769,073-01769,"39.36215836473306","-81.19300830091989",WV,"073",,"BARLEY, RALPH",HAMILTON ENERGY CORPORATION,,,Not Available,Plugged,Vertical,Plugged,https://wellwiki.org/wiki/47-073-01769,,"4620201"
47-073-02107,073-02107,"39.41799131991758","-81.0892890620771",WV,"073",,PATRICK DEAN SOLE,"SKYBOX, LLC",,,Oil Production,Plugged,Vertical,Plugged,https://wellwiki.org/wiki/47-073-02107,,"4620202"
47-007-01333,007-01333,"38.60628982611653","-80.93217034414714",WV,"007",,HALLE,OPERATOR UNKNOWN,,,Not Available,Plugged,Vertical,Plugged,https://wellwiki.org/wiki/47-007-01333,,"4620203"
47-085-00547,085-00547,"39.20826720050369","-81.08025844320629",WV,"085",,"WELL, ED.",OPERATOR UNKNOWN,,,Not Available,Plugged,Vertical,Plugged,https://wellwiki.org/wiki/47-085-00547,,"4620204"
47-073-00821,073-00821,"37.0462224768942","-81",WV,"073",,"TULLOS, STEPHEN",KEY OIL CO.,,,Unknown,Never Drilled,Vertical,Not Drilled,https://wellwiki.org/wiki/47-073-00821,,"4620205"
47-005-01994,005-01994,"38.10594563547394","-81.53726095189134",WV,"005",,SHONK LAND CO.,PANTHER LLC,,,Not Available,Plugged,Vertical,Plugged,https://wellwiki.org/wiki/47-005-01994,,"4620206"
47-085-00625,085-00625,"39.36094454666822","-80.90318640781813",WV,"085",,"DARNELL, G. H.",OPERATOR UNKNOWN,,,Not Available,Plugged,Vertical,Plugged,https://wellwiki.org/wiki/47-085-00625,,"4620207"
47-007-01428,007-01428,"38.7652591833239","-80.75483441133292",WV,"007",,"TOLLEY, RODNEY D.",BRAXTON OIL AND GAS CORP.,,,Not Available,Plugged,Vertical,Plugged,https://wellwiki.org/wiki/47-007-01428,,"4620208"
47-007-01449,007-01449,"37.0462224768942","-81",WV,"007",,"LLOYD, VENA R.",MERT DEVELOPMENT INC,,,Unknown,Never Drilled,Vertical,Not Drilled,https://wellwiki.org/wiki/47-007-01449,,"4620209"
47-083-00461,083-00461,"37.0462224768942","-81",WV,"083",,"QUICK, SUSANNA",UNITED OPERATING COMPANY,,,Unknown,Never Drilled,Vertical,Not Drilled,https://wellwiki.org/wiki/47-083-00461,,"4620210"
47-085-07291,085-07291,"39.23744138782576","-80.93934063776233",WV,"085",,"BELLETTE,MARION & MILDRED",OPERATOR UNKNOWN,,,Not Available,Never Drilled,Vertical,Not Drilled,https://wellwiki.org/wiki/47-085-07291,,"4620211"
47-085-02300,085-02300,"39.10810237881771","-81.18488346847454",WV,"085",,"PARKER, JAMES G.",WAINOCO OIL & GAS CO,,,Not Available,Plugged,Vertical,Plugged,https://wellwiki.org/wiki/47-085-02300,,"4620212"
47-085-03219,085-03219,"39.06771987292498","-81.18523929636453",WV,"085",,"CUNNINGHAM, M. P.","PRUSACK, JAMES",,,Not Available,Plugged,Vertical,Plugged,https://wellwiki.org/wiki/47-085-03219,,"4620213"
47-087-00406,087-00406,"38.685056895509014","-81.48075218331847",WV,"087",,"FIELDS, J.",OPERATOR UNKNOWN,,,Not Available,Plugged,Vertical,Plugged,https://wellwiki.org/wiki/47-087-00406,,"4620214"
47-095-01751,095-01751,"39.458416211971816","-80.66648734847634",WV,"095",,"WALTERS, JERRY","EAST RESOURCES, INC.",,,Not Available,Plugged,Vertical,Plugged,https://wellwiki.org/wiki/47-095-01751,,"4620215"
47-091-01352,091-01352,"39.25849923532326","-80.1690595892284",WV,"091",,RENEE JOHNSON,ARSENAL RESOURCES LLC,,,,Never Drilled,Horizontal 6A,Not Drilled,https://wellwiki.org/wiki/47-091-01352,,"4620216"
47-091-00988,091-00988,"39.32350883363499","-79.98567847335246",WV,"091",,"ICG TYGART VALLEY, LLC","ICG TYGART VALLEY, LLC",,,Unknown,Plugged,Vertical,Plugged,https://wellwiki.org/wiki/47-091-00988,,"4620217"
47-091-01203,091-01203,"39.29270136285994","-80.11200958629539",WV,"091",,"PATRIOT MINING COMPANY, INC.","PDC MOUNTAINEER, LLC",,,Unknown,Never Drilled,Horizontal,Not Drilled,https://wellwiki.org/wiki/47-091-01203,,"4620218"
47-099-01765,099-01765,"38.28242628328791","-82.5621145046778",WV,"099",,"CZOMPO, CHARLES C.","ADKINS, FRANKLIN",,,Not Available,Plugged,Vertical,Plugged,https://wellwiki.org/wiki/47-099-01765,,"4620219"
47-011-00882,011-00882,"38.40267649836789","-82.08577684070461",WV,"011",,"ROBERTS, S. A., ETAL","PILLAR ENERGY, LLC",,,Not Available,Plugged,Vertical,Plugged,https://wellwiki.org/wiki/47-011-00882,,"4620220"
47-107-00184,107-00184,"39.34297242047052","-81.5020727230328",WV,"107",,"WAY, H. E.",OPERATOR UNKNOWN,,,Not Available,Plugged,Vertical,Plugged,https://wellwiki.org/wiki/47-107-00184,,"4620221"
47-109-00467,109-00467,"37.74053034479139","-81.68949888698347",WV,"109",,"TOLER, CHARLES",OPERATOR UNKNOWN,,,Not Available,Plugged,Vertical,Plugged,https://wellwiki.org/wiki/47-109-00467,,"4620222"
47-001-01030,001-01030,"37.0462224768942","-81",WV,"001",,"CROSTON, A.",OPERATOR UNKNOWN,,,Not Available,Never Drilled,Vertical,Not Drilled,https://wellwiki.org/wiki/47-001-01030,,"4620223"
47-001-01217,001-01217,"37.0462224768942","-81",WV,"001",,"HARRIS, WANDA",OPERATOR UNKNOWN,,,Not Available,Never Drilled,Vertical,Not Drilled,https://wellwiki.org/wiki/47-001-01217,,"4620224"
47-033-02789,033-02789,"39.344027788355945","-80.44821540710916",WV,"033",,"SWIGER, STANLEY","MUTSCHELKNAUS, CLARENCE W",,,Not Available,Plugged,Vertical,Plugged,https://wellwiki.org/wiki/47-033-02789,,"4620225"
47-035-00062,035-00062,"38.97150477445071","-81.63876012452035",WV,"035",,"MORRISON, HENRY",BLUE CREEK GAS CO.,,,Not Available,Plugged,Vertical,Plugged,https://wellwiki.org/wiki/47-035-00062,,"4620226"
47-043-00676,043-00676,"38.28155771469518","-81.82444924042859",WV,"043",,"CHAPMAN, GEORGE",OPERATOR UNKNOWN,,,Not Available,Plugged,Vertical,Plugged,https://wellwiki.org/wiki/47-043-00676,,"4620227"
47-043-02142,043-02142,"38.261861768690245","-81.94578795026395",WV,"043",,"NAY, JAMES","EAST RESOURCES, INC.",,,Unknown,Plugged,Vertical,Plugged,https://wellwiki.org/wiki/47-043-02142,,"4620228"
47-043-02781,043-02781,"38.323787518375674","-82.05473345315177",WV,"043",,SALMONS,OPERATOR UNKNOWN,,,Not Available,Plugged,Vertical,Plugged,https://wellwiki.org/wiki/47-043-02781,,"4620229"
47-049-00040,049-00040,"39.418506884040596","-80.20144054704248",WV,"049",,"NIXON, SAMUEL","OWENS-ILLINOIS, INC.",,,Unknown,Plugged,Vertical,Plugged,https://wellwiki.org/wiki/47-049-00040,,"4620230"
47-049-01859,049-01859,"39.512302528038596","-80.45446764934661",WV,"049",,COASTAL TIMBERLANDS,CONSOLIDATION COAL COMPANY,,,Not Available,Plugged,Vertical,Plugged,https://wellwiki.org/wiki/47-049-01859,,"4620231"
47-049-02086,049-02086,"39.57382523628434","-80.37875942538396",WV,"049",,CONSOLIDATION COAL CO,CONSOLIDATION COAL COMPANY,,,Not Available,Plugged,Vertical,Plugged,https://wellwiki.org/wiki/47-049-02086,,"4620232"
47-049-00414,049-00414,"39.581059788130155","-80.47351681617786",WV,"049",,"HIBBS, D. C.",EQT PRODUCTION COMPANY,,,Unknown,Plugged,Vertical,Plugged,https://wellwiki.org/wiki/47-049-00414,,"4620233"
47-051-00680,051-00680,"39.81962388019993","-80.63176052759489",WV,"051",,"MORRIS, W.D.","EAST RESOURCES, INC.",,,Unknown,Plugged,Vertical,Plugged,https://wellwiki.org/wiki/47-051-00680,,"4620234"
47-047-01430,047-01430,"37.3997331446181","-81.43803445880421",WV,"047",,MEGA MINERALS,CONSOL GAS COMPANY,,,Unknown,Never Drilled,Vertical,Not Drilled,https://wellwiki.org/wiki/47-047-01430,,"4620235"
47-067-00830,067-00830,"38.29570279949771","-81.10598828492705",WV,"067",,AMHERST INDUSTRIES,CABOT OIL & GAS CORPORATION,,,Unknown,Plugged,Vertical,Plugged,https://wellwiki.org/wiki/47-067-00830,,"4620236"
47-073-01037,073-01037,"37.0462224768942","-81",WV,"073",,"HALL, H. KENNETH","C.W. RIGGS, INC.",,,Unknown,Never Drilled,Vertical,Not Drilled,https://wellwiki.org/wiki/47-073-01037,,"4620237"
47-059-00662,059-00662,"37.84752893875413","-82.33586329253586",WV,"059",,"NEWSOM, ANDY","WARE, E C",,,Not Available,Plugged,Vertical,Plugged,https://wellwiki.org/wiki/47-059-00662,,"4620238"
47-005-01174,005-01174,"37.9821484349272","-81.61025508891302",WV,"005",,FEDERAL COAL,EQT PRODUCTION COMPANY,,,Unknown,Plugged,Vertical,Plugged,https://wellwiki.org/wiki/47-005-01174,,"4620239"
47-073-02427,073-02427,"39.33442849070775","-81.29448280163068",WV,"073",,"LEWIS, ROBERT","LUCAS WELL SERVICE, INC.",,,Not Available,Plugged,Vertical,Plugged,https://wellwiki.org/wiki/47-073-02427,,"4620240"
47-073-00325,073-00325,"39.37917452064903","-81.25799468169001",WV,"073",,"WAGNER, MARY L.",OPERATOR UNKNOWN,,,Not Available,Plugged,Vertical,Plugged,https://wellwiki.org/wiki/47-073-00325,,"4620241"
47-085-00162,085-00162,"39.26112030806194","-81.07192667424029",WV,"085",,"FREDRICK, CHARLES H.",OPERATOR UNKNOWN,,,Not Available,Plugged,Vertical,Plugged,https://wellwiki.org/wiki/47-085-00162,,"4620242"
47-085-00325,085-00325,"39.35214792819857","-80.89760204348865",WV,"085",,"PECK, T.D.",OPERATOR UNKNOWN,,,Not Available,Plugged,Vertical,Plugged,https://wellwiki.org/wiki/47-085-00325,,"4620243"
47-005-01222,005-01222,"38.08052994924891","-81.89300950102667",WV,"005",,"HOPKINS, C. C.","EAST RESOURCES, INC.",,,Not Available,Plugged,Vertical,Plugged,https://wellwiki.org/wiki/47-005-01222,,"4620244"
47-007-01702,007-01702,"38.63046910438747","-80.89673641605451",WV,"007",,"HART, R. G., ETAL",STONESTREET LANDS CO.,,,Not Available,Plugged,Vertical,Plugged,https://wellwiki.org/wiki/47-007-01702,,"4620245"
47-085-07353,085-07353,"39.249067081997595","-80.90496220937334",WV,"085",,"NUTTER, WANDA",ENERGY CORPORATION OF AMERICA,,,Unknown,Never Drilled,Vertical,Not Drilled,https://wellwiki.org/wiki/47-085-07353,,"4620246"
47-081-00444,081-00444,"37.0462224768942","-81",WV,"081",,BEAVER COAL CO.,OPERATOR UNKNOWN,,,Not Available,Never Drilled,Vertical,Not Drilled,https://wellwiki.org/wiki/47-081-00444,,"4620247"
47-097-00091,097-00091,"38.72223682711677","-80.30479157651537",WV,"097",,"SMALLRIDGE, E. J.","COLUMBIA NATURAL RESOURCES, LLC",,,Unknown,Plugged,Vertical,Plugged,https://wellwiki.org/wiki/47-097-00091,,"4620248"
47-097-00152,097-00152,"38.85439887017413","-80.25958051948453",WV,"097",,FITZGERALD & LONG,HANLEY & BIRD,,,Unknown,Plugged,Vertical,Plugged,https://wellwiki.org/wiki/47-097-00152,,"4620249"
47-099-00955,099-00955,"38.32966140687747","-82.4699259957004",WV,"099",,"NIXON, N.B.",OPERATOR UNKNOWN,,,Not Available,Plugged,Vertical,Plugged,https://wellwiki.org/wiki/47-099-00955,,"4620250"
47-095-00850,095-00850,"39.52947475806549","-80.85270419491516",WV,"095",,"COTRILL, JACOB","ALLIANCE PETROLEUM CO., LLC",,,Unknown,Never Drilled,Vertical,Not Drilled,https://wellwiki.org/wiki/47-095-00850,,"4620251"
47-087-00157,087-00157,"38.706346340296996","-81.28171811826698",WV,"087",,"MURRAY, T.J., ET AL","HUNT, K METAL",,,Unknown,Plugged,Vertical,Plugged,https://wellwiki.org/wiki/47-087-00157,,"4620252"
47-099-01787,099-01787,"38.30994423446908","-82.30553394103917",WV,"099",,"ADKINS, VIVIAN",OPERATOR UNKNOWN,,,Not Available,Plugged,Vertical,Plugged,https://wellwiki.org/wiki/47-099-01787,,"4620253"
47-087-01425,087-01425,"38.6307646976414","-81.45240705687658",WV,"087",,"JACKSON, W. E.",OPERATOR UNKNOWN,,,Not Available,Plugged,Vertical,Plugged,https://wellwiki.org/wiki/47-087-01425,,"4620254"
47-087-01602,087-01602,"38.63163560049051","-81.3787275564206",WV,"087",,"CANTERBURY, G. W.",APOLLO PETROLEUM CORPORATION,,,Not Available,Plugged,Vertical,Plugged,https://wellwiki.org/wiki/47-087-01602,,"4620255"
47-043-00820,043-00820,"38.30621852451006","-81.88984769858205",WV,"043",,"BOWMAN, SAMUEL","HG ENERGY, LLC",,,House Gas,Plugged,Vertical,Plugged,https://wellwiki.org/wiki/47-043-00820,,"4620256"
47-005-00752,005-00752,"38.112622001607484","-81.53175682290743",WV,"005",,SHONK LAND CO,"P-G&H, INC.",,,Not Available,Plugged,Vertical,Plugged,https://wellwiki.org/wiki/47-005-00752,,"4620257"
47-005-01939,005-01939,"38.09622193815796","-81.54313158535473",WV,"005",,SHONK LAND CO.,"P-G&H, INC.",,,Not Available,Plugged,Vertical,Plugged,https://wellwiki.org/wiki/47-005-01939,,"4620258"
47-103-00556,103-00556,"37.0462224768942","-81",WV,"103",,"BARTRUG, ESSIE","NEELY, D",,,Unknown,Never Drilled,Vertical,Not Drilled,https://wellwiki.org/wiki/47-103-00556,,"4620259"
47-103-00650,103-00650,"39.549638055354926","-80.63213734902179",WV,"103",,"COX, D.",EQT PRODUCTION COMPANY,,,Unknown,Plugged,Vertical,Plugged,https://wellwiki.org/wiki/47-103-00650,,"4620260"
47-001-01895,001-01895,"37.0462224768942","-81",WV,"001",,"BOTTNER, WILLIAM",BEREA OIL & GAS CORP.,,,Unknown,Never Drilled,Vertical,Not Drilled,https://wellwiki.org/wiki/47-001-01895,,"4620261"
47-021-00159,021-00159,"38.83955780935598","-80.98451726130781",WV,"021",,"SUMMERS, A. I.",OPERATOR UNKNOWN,,,Not Available,Plugged,Vertical,Plugged,https://wellwiki.org/wiki/47-021-00159,,"4620262"
47-035-00027,035-00027,"38.75546954263773","-81.53988354450183",WV,"035",,"KELLEY, J. W.",OPERATOR UNKNOWN,,,Not Available,Plugged,Vertical,Plugged,https://wellwiki.org/wiki/47-035-00027,,"4620263"
47-017-05949,017-05949,"39.43109158631019","-80.6428867559246",WV,"017",,"MOORE, CARRIE J.","JAY-BEE OIL & GAS, INC.",,,Unknown,Never Issued,Vertical,Not Drilled,https://wellwiki.org/wiki/47-017-05949,,"4620264"
47-035-00459,035-00459,"38.71172593127866","-81.63029080330158",WV,"035",,"CHARCEY, MARY, ETAL","COLUMBIA NATURAL RESOURCES, LLC",,,Not Available,Plugged,Vertical,Plugged,https://wellwiki.org/wiki/47-035-00459,,"4620265"
47-041-00375,041-00375,"38.98601684058961","-80.48822661715539",WV,"041",,U.S.A.,"EQUITRANS, L. P.",,,Not Available,Plugged,Vertical,Plugged,https://wellwiki.org/wiki/47-041-00375,,"4620266"
47-039-02129,039-02129,"38.481917404815896","-81.41721009844039",WV,"039",,1-79 PROPERTIES,QUAKER STATE CORPORATION,,,Brine Disposal,Plugged,Vertical,Plugged,https://wellwiki.org/wiki/47-039-02129,,"4620267"
47-017-03029,017-03029,"39.160978797636496","-80.80459569776127",WV,"017",,BOWEN/RICHARDS,STUART PETROLEUM COMPANY,,,Unknown,Never Drilled,Vertical,Not Drilled,https://wellwiki.org/wiki/47-017-03029,,"4620268"
47-041-02141,041-02141,"39.04840084495708","-80.5266299377043",WV,"041",,"ROWAN, CLARA","HAUGHT, INC.",,,Not Available,Plugged,Vertical,Plugged,https://wellwiki.org/wiki/47-041-02141,,"4620269"
47-073-00824,073-00824,"37.0462224768942","-81",WV,"073",,"COX, THOMAS J.",KEY OIL CO.,,,Unknown,Never Drilled,Vertical,Not Drilled,https://wellwiki.org/wiki/47-073-00824,,"4620270"
47-033-04119,033-04119,"39.37100449259368","-80.38174783387656",WV,"033",,"ROSS, ROBERT J., ETUX",TRIO PETROLEUM CORP.,,,Unknown,Never Drilled,Vertical,Not Drilled,https://wellwiki.org/wiki/47-033-04119,,"4620271"
47-039-03931,039-03931,"38.33659900220518","-81.85750565799633",WV,"039",,"KEIFFER, JACK R.",PRIME OPERATING COMPANY,,,Not Available,Never Drilled,Vertical,Not Drilled,https://wellwiki.org/wiki/47-039-03931,,"4620272"
47-041-00222,041-00222,"38.96453874626566","-80.32118270439064",WV,"041",,"LINGER, R. B.","PEMCO GAS, INC.",,,Not Available,Plugged,Vertical,Plugged,https://wellwiki.org/wiki/47-041-00222,,"4620273"
47-043-01490,043-01490,"38.251497688998306","-81.93295751909424",WV,"043",,"MILLER, BILLY & DARLENE","EAST RESOURCES, INC.",,,Gas Production,Plugged,Vertical,Plugged,https://wellwiki.org/wiki/47-043-01490,,"4620274"
47-045-00667,045-00667,"37.75592652658307","-81.86104117497023",WV,"045",,TRIAD COMPANY,OPERATOR UNKNOWN,,,Not Available,Plugged,Vertical,Plugged,https://wellwiki.org/wiki/47-045-00667,,"4620275"
47-005-00175,005-00175,"38.10231326227606","-81.82801960162752",WV,"005",,"CABELL, S. P.",LIBBEY OWENS GAS,,,Unknown,Plugged,Vertical,Plugged,https://wellwiki.org/wiki/47-005-00175,,"4620276"
47-049-02158,049-02158,"39.59874699755895","-80.23317450580352",WV,"049",,"NEBERA, NAOMI M. & WILLIAM",EQT PRODUCTION COMPANY,,,Unknown,Never Drilled,Horizontal,Not Drilled,https://wellwiki.org/wiki/47-049-02158,,"4620277"
47-049-00210,049-00210,"39.54374672349175","-80.20883543684813",WV,"049",,"JONES, D.R.",OPERATOR UNKNOWN,,,Not Available,Plugged,Vertical,Plugged,https://wellwiki.org/wiki/47-049-00210,,"4620278"
47-047-01975,047-01975,"37.348712709405866","-81.62412665093615",WV,"047",,"ALAWEST, INC.",CNX GAS COMPANY LLC,,,Unknown,Plugged,Vertical,Plugged,https://wellwiki.org/wiki/47-047-01975,,"4620279"
47-073-01460,073-01460,"39.32743417290389","-81.24422143793561",WV,"073",,HACKATHORN,"BEALL, RUSSELL G",,,Not Available,Plugged,Vertical,Plugged,https://wellwiki.org/wiki/47-073-01460,,"4620280"
47-055-00398,055-00398,"37.450931968649904","-81.24586742271636",WV,"055",,POCAHONTAS LAND CORP.,CONSOL GAS COMPANY,,,Unknown,Never Drilled,Vertical,Not Drilled,https://wellwiki.org/wiki/47-055-00398,,"4620281"
47-007-00012,007-00012,"38.75736427507214","-80.79115689772667",WV,"007",,"BAKER, J.C. & SONS, INC.","EQUITRANS, L. P.",,,Not Available,Plugged,Vertical,Plugged,https://wellwiki.org/wiki/47-007-00012,,"4620282"
47-061-00879,061-00879,"39.61219383577339","-80.24394016294016",WV,"061",,"HAUGHT, BILLY C.","HG ENERGY, LLC",,,Gas Production,Plugged,Vertical,Plugged,https://wellwiki.org/wiki/47-061-00879,,"4620283"
47-077-00489,077-00489,"39.67831147239386","-79.52224658736229",WV,"077",,"FIKE, D. L. & ANNA  ET AL",CHIEF OIL & GAS LLC,,,Unknown,Never Drilled,Horizontal,Not Drilled,https://wellwiki.org/wiki/47-077-00489,,"4620284"
47-085-03255,085-03255,"39.160146624507476","-80.98353052863209",WV,"085",,"MARSHALL, MAE",OPERATOR UNKNOWN,,,Not Available,Plugged,Vertical,Plugged,https://wellwiki.org/wiki/47-085-03255,,"4620285"
47-087-00123,087-00123,"38.737900124147274","-81.19018909751539",WV,"087",,"SLEATH, W. H.","EAST RESOURCES, INC.",,,Unknown,Plugged,Vertical,Plugged,https://wellwiki.org/wiki/47-087-00123,,"4620286"
47-091-00773,091-00773,"39.33194345103442","-80.14738464700693",WV,"091",,"TALAGO, STANLEY","BOWIE, INC.",,,Unknown,Never Drilled,Vertical,Not Drilled,https://wellwiki.org/wiki/47-091-00773,,"4620287"
47-107-00487,107-00487,"37.0462224768942","-81",WV,"107",,"ELLIOTT, J. E.",RIDGEDALE OIL & GAS CO.,,,Unknown,Never Drilled,Vertical,Not Drilled,https://wellwiki.org/wiki/47-107-00487,,"4620288"
47-057-00059,057-00059,"39.454809851228845","-79.04201146723413",WV,"057",,WESTVACO CORP.,"COLUMBIA NATURAL RESOURCES, LLC",,,Unknown,Plugged,Vertical,Plugged,https://wellwiki.org/wiki/47-057-00059,,"4620289"
47-005-01173,005-01173,"38.01344718257689","-81.62108607805145",WV,"005",,FEDERAL COAL,EQT PRODUCTION COMPANY,,,Unknown,Plugged,Vertical,Plugged,https://wellwiki.org/wiki/47-005-01173,,"4620290"
47-073-00170,073-00170,"39.364695895922445","-81.27497302104466",WV,"073",,"HAMMAT, HARRY G., ETAL",OPERATOR UNKNOWN,,,Not Available,Plugged,Vertical,Plugged,https://wellwiki.org/wiki/47-073-00170,,"4620291"
47-085-02922,085-02922,"39.23744138782576","-80.93934063776233",WV,"085",,RITCHIE MINES,"EAST RESOURCES, INC.",,,Unknown,Never Drilled,Vertical,Not Drilled,https://wellwiki.org/wiki/47-085-02922,,"4620292"
47-085-06598,085-06598,"39.23744138782576","-80.93934063776233",WV,"085",,"CARMICHAEL, MONROE - HEIR",WRAY PETROLEUM CORP.,,,Unknown,Never Drilled,Vertical,Not Drilled,https://wellwiki.org/wiki/47-085-06598,,"4620293"
47-103-03273,103-03273,"39.47947359144364","-80.51440911694006",WV,"103",,GLADYS J. ASH,CONSOLIDATION COAL COMPANY,,,,Plugged,Vertical,Plugged,https://wellwiki.org/wiki/47-103-03273,,"4620294"
47-081-00463,081-00463,"37.0462224768942","-81",WV,"081",,"SMITH, H.H.",OPERATOR UNKNOWN,,,Not Available,Never Drilled,Vertical,Not Drilled,https://wellwiki.org/wiki/47-081-00463,,"4620295"
47-095-00871,095-00871,"39.51794270596752","-80.83690668348856",WV,"095",,"DOAN, J./CARLISLE/THACKER",OPERATOR UNKNOWN,,,Not Available,Plugged,Vertical,Plugged,https://wellwiki.org/wiki/47-095-00871,,"4620296"
47-097-00759,097-00759,"38.86916163537138","-80.35683453903873",WV,"097",,"ROBY, FRANK O.","HOPE GAS, INC.",,,Unknown,Plugged,Vertical,Plugged,https://wellwiki.org/wiki/47-097-00759,,"4620297"
47-097-00874,097-00874,"38.91573385651096","-80.26156770370079",WV,"097",,"LANE, S.A. & GENEVIEVE","MILLER, ALLERTON",,,Unknown,Plugged,Vertical,Plugged,https://wellwiki.org/wiki/47-097-00874,,"4620298"
47-097-00770,097-00770,"38.865196979033044","-80.37247477272427",WV,"097",,"WILSON, GOFF","HOPE GAS, INC.",,,Unknown,Plugged,Vertical,Plugged,https://wellwiki.org/wiki/47-097-00770,,"4620299"
47-097-00773,097-00773,"39.07264544994393","-80.28592569965186",WV,"097",,"POST, MERLIN D.","HOPE GAS, INC.",,,Unknown,Plugged,Vertical,Plugged,https://wellwiki.org/wiki/47-097-00773,,"4620300"
47-097-00775,097-00775,"37.0462224768942","-81",WV,"097",,"WILSON, W.C.","HOPE GAS, INC.",,,Unknown,Never Drilled,Vertical,Not Drilled,https://wellwiki.org/wiki/47-097-00775,,"4620301"
47-095-02871,095-02871,"39.51693502473806","-80.86949197008929",WV,"095",,N/A,OPERATOR UNKNOWN,,,,Permit Application,Not Available,Not Drilled,https://wellwiki.org/wiki/47-095-02871,,"4620302"
47-103-03622,103-03622,"39.494773992958194","-80.54466401769261",WV,"103",,N/A,OPERATOR UNKNOWN,,,,Permit Application,Not Available,Not Drilled,https://wellwiki.org/wiki/47-103-03622,,"4620303"
47-097-00791,097-00791,"39.079102277655856","-80.20019851174584",WV,"097",,"GUM, J.B.",OPERATOR UNKNOWN,,,Not Available,Plugged,Vertical,Plugged,https://wellwiki.org/wiki/47-097-00791,,"4620304"
47-097-00793,097-00793,"39.08739200634836","-80.2059358382593",WV,"097",,"GUM, W.B.",OPERATOR UNKNOWN,,,Not Available,Plugged,Vertical,Plugged,https://wellwiki.org/wiki/47-097-00793,,"4620305"
47-095-00018,095-00018,"39.57731284308884","-80.97464710434316",WV,"095",,"MCCOY, J.B.",RENO OIL CO.,,,Unknown,Plugged,Vertical,Plugged,https://wellwiki.org/wiki/47-095-00018,,"4620306"
47-093-00063,093-00063,"39.2202066904022","-79.60934493852454",WV,"093",,U. S. A.,OXY USA INC.,,,Not Available,Plugged,Vertical,Plugged,https://wellwiki.org/wiki/47-093-00063,,"4620307"
47-105-00515,105-00515,"39.01129242718181","-81.44382435270893",WV,"105",,"WOODYARD, FRED",SENECA OIL COMPANY,,,Unknown,Plugged,Vertical,Plugged,https://wellwiki.org/wiki/47-105-00515,,"4620308"
47-105-00516,105-00516,"39.013272558798974","-81.42780921095095",WV,"105",,"SIMS, ELI J.",SENECA OIL COMPANY,,,Unknown,Plugged,Vertical,Plugged,https://wellwiki.org/wiki/47-105-00516,,"4620309"
47-105-00543,105-00543,"39.017953745868695","-81.43781427081926",WV,"105",,"ALLEN, WALDO",SENECA OIL COMPANY,,,Unknown,Plugged,Vertical,Plugged,https://wellwiki.org/wiki/47-105-00543,,"4620310"
47-105-00544,105-00544,"38.93103193725596","-81.50482375600373",WV,"105",,"MCVEY, ROY",SENECA OIL COMPANY,,,Unknown,Plugged,Vertical,Plugged,https://wellwiki.org/wiki/47-105-00544,,"4620311"
47-105-00660,105-00660,"38.979996609239365","-81.28496284256042",WV,"105",,"MEAD, W.O.","AMAREX, INC.",,,Unknown,Plugged,Vertical,Plugged,https://wellwiki.org/wiki/47-105-00660,,"4620312"
47-105-00722,105-00722,"38.99645225685799","-81.24828013546178",WV,"105",,WESTVACO,"STONESTREET, VANCE",,,Not Available,Plugged,Vertical,Plugged,https://wellwiki.org/wiki/47-105-00722,,"4620313"
47-105-00298,105-00298,"39.12485886598326","-81.4317897227294",WV,"105",,"ANDERSON, T.M.",OPERATOR UNKNOWN,,,Not Available,Plugged,Vertical,Plugged,https://wellwiki.org/wiki/47-105-00298,,"4620314"
47-107-00473,107-00473,"39.376606920071204","-81.42513962174861",WV,"107",,"ATHEY, H. O.","LOVE, C. E.",,,Not Available,Plugged,Vertical,Plugged,https://wellwiki.org/wiki/47-107-00473,,"4620315"
47-105-80011,105-80011,"37.0462224768942","-81",WV,"105",,Grow,OPERATOR UNKNOWN,,,Not Available,Abandoned Well,Vertical,Orphaned / Abandoned / Unverified Plug,https://wellwiki.org/wiki/47-105-80011,,"4620316"
47-103-02529,103-02529,"39.71368235276701","-80.72760514667605",WV,"103",,BAXTER ROBERT,"CHESAPEAKE APPALACHIA, L.L.C.",,,Unknown,Never Drilled,Horizontal,Not Drilled,https://wellwiki.org/wiki/47-103-02529,,"4620317"
47-001-02984,001-02984,"39.159004856029355","-79.9536878552506",WV,"001",,"MCDANIEL, GLADYS AUVIL",DENEX PETROLEUM CORP.,,,Unknown,Never Drilled,Vertical,Not Drilled,https://wellwiki.org/wiki/47-001-02984,,"4620318"
47-103-00014,103-00014,"39.6327823066565","-80.80556245427255",WV,"103",,"HIBBS, C.","LEATHERWOOD, LLC",,,Unknown,Plugged,Vertical,Plugged,https://wellwiki.org/wiki/47-103-00014,,"4620319"
47-011-00535,011-00535,"38.35961900303072","-82.32444061217217",WV,"011",,"WALKER, E.",OPERATOR UNKNOWN,,,Not Available,Plugged,Vertical,Plugged,https://wellwiki.org/wiki/47-011-00535,,"4620320"
47-013-00099,013-00099,"38.81470025077653","-81.1026306254491",WV,"013",,"ALLEN, MARY","CAIN, MILTON",,,Unknown,Plugged,Vertical,Plugged,https://wellwiki.org/wiki/47-013-00099,,"4620321"
47-013-03782,013-03782,"38.77882068689349","-81.14727106383927",WV,"013",,"HAYS, SAMUEL A.",PRIME OPERATING COMPANY,,,Not Available,Never Drilled,Vertical,Not Drilled,https://wellwiki.org/wiki/47-013-03782,,"4620322"
47-013-04037,013-04037,"38.81051809741224","-81.06626343937725",WV,"013",,"MACE, RALPH",PRIME OPERATING COMPANY,,,Not Available,Plugged,Vertical,Plugged,https://wellwiki.org/wiki/47-013-04037,,"4620323"
47-013-01457,013-01457,"38.83282332569539","-81.11169862171825",WV,"013",,"BURCH, WILLIAM",D & R ENERGY,,,Not Available,Plugged,Vertical,Plugged,https://wellwiki.org/wiki/47-013-01457,,"4620324"
47-013-01974,013-01974,"38.69883543097563","-81.02934302485015",WV,"013",,"ARNOLD, ROY E.",OPTIMIST OIL & GAS CO.,,,Not Available,Plugged,Vertical,Plugged,https://wellwiki.org/wiki/47-013-01974,,"4620325"
47-017-00723,017-00723,"39.220780369517016","-80.7101517934649",WV,"017",,"WALTON, MARY","PRIOR, FERRELL L",,,Unknown,Plugged,Vertical,Plugged,https://wellwiki.org/wiki/47-017-00723,,"4620326"
47-013-02202,013-02202,"38.93404915888947","-81.0048446973054",WV,"013",,"WEASE, ELSIE",OPERATOR UNKNOWN,,,Not Available,Never Drilled,Vertical,Not Drilled,https://wellwiki.org/wiki/47-013-02202,,"4620327"
47-017-00553,017-00553,"39.160978797636496","-80.80459569776127",WV,"017",,"SQUIRES, S. J.","LAW, DAVID",,,Unknown,Never Drilled,Vertical,Not Drilled,https://wellwiki.org/wiki/47-017-00553,,"4620328"
47-017-00732,017-00732,"39.15630555328981","-80.63253449323187",WV,"017",,JAMES DENNISON HEIRS,SOUTHERN TRIANGLE OIL,,,Unknown,Never Drilled,Vertical,Not Drilled,https://wellwiki.org/wiki/47-017-00732,,"4620329"
47-017-03100,017-03100,"39.160978797636496","-80.80459569776127",WV,"017",,L. G. R. MINERAL CO.,OPERATOR UNKNOWN,,,Not Available,Never Drilled,Vertical,Not Drilled,https://wellwiki.org/wiki/47-017-03100,,"4620330"
47-017-04979,017-04979,"39.30177852835331","-80.70363753922557",WV,"017",,"COSTILOW, EARNEST",KEY OIL COMPANY,,,Unknown,Never Drilled,Vertical,Not Drilled,https://wellwiki.org/wiki/47-017-04979,,"4620331"
47-021-01085,021-01085,"39.082915528524055","-80.77343445777399",WV,"021",,"SIBERT, F. W.",OPERATOR UNKNOWN,,,Not Available,Abandoned Well,Vertical,Orphaned / Abandoned / Unverified Plug,https://wellwiki.org/wiki/47-021-01085,,"4620332"
47-013-02528,013-02528,"37.0462224768942","-81",WV,"013",,MARX-BENNETT,"HEETER, W. L.",,,Unknown,Never Drilled,Vertical,Not Drilled,https://wellwiki.org/wiki/47-013-02528,,"4620333"
47-109-00008,109-00008,"37.57706015642798","-81.55461459264527",WV,"109",,"COOK, RON","BOYD O & G, INC.",,,Unknown,Plugged,Vertical,Plugged,https://wellwiki.org/wiki/47-109-00008,,"4620334"
47-021-02453,021-02453,"38.92969615431634","-80.97647252373407",WV,"021",,"BENNETT, W. G.","EASTERN GAS TRANSMISSION AND STORAGE, INC",,,Not Available,Plugged,Vertical,Plugged,https://wellwiki.org/wiki/47-021-02453,,"4620335"
47-109-01069,109-01069,"37.74246623555431","-81.6261173385436",WV,"109",,POCAHONTAS LAND CORP.,CNG PRODUCING COMPANY,,,Unknown,Never Drilled,Vertical,Not Drilled,https://wellwiki.org/wiki/47-109-01069,,"4620336"
47-033-01803,033-01803,"39.39643390169302","-80.5138414148431",WV,"033",,"HASELBACHER, FANNY","PERKINS OIL AND GAS, INC.",,,Not Available,Plugged,Vertical,Plugged,https://wellwiki.org/wiki/47-033-01803,,"4620337"
47-021-02946,021-02946,"38.907145370501894","-80.85126550852398",WV,"021",,"VARNER, PEARL",STONESTREET LANDS CO.,,,Unknown,Never Drilled,Vertical,Not Drilled,https://wellwiki.org/wiki/47-021-02946,,"4620338"
47-021-00122,021-00122,"38.941004147523564","-81.00595867129562",WV,"021",,"COLLINS, EVERETT",OPERATOR UNKNOWN,,,Not Available,Plugged,Vertical,Plugged,https://wellwiki.org/wiki/47-021-00122,,"4620339"
47-019-00176,019-00176,"37.956843735385114","-81.09703494413728",WV,"019",,NEW RIVER CO,MCCORMICK OIL & GAS,,,Not Available,Plugged,Vertical,Plugged,https://wellwiki.org/wiki/47-019-00176,,"4620340"
47-021-00129,021-00129,"38.861701543586626","-80.93571927903588",WV,"021",,"MCCLAIN, DOY","SCOTT, H. B.",,,Unknown,Plugged,Vertical,Plugged,https://wellwiki.org/wiki/47-021-00129,,"4620341"
47-035-00254,035-00254,"38.97079190778094","-81.63008820941562",WV,"035",,"MORRISON, E. F.",BLUE CREEK GAS CO.,,,Not Available,Plugged,Vertical,Plugged,https://wellwiki.org/wiki/47-035-00254,,"4620342"
47-039-00019,039-00019,"38.0991250856728","-81.51671372528159",WV,"039",,SHONK LAND COMPANY,"P-G&H, INC.",,,Unknown,Plugged,Vertical,Plugged,https://wellwiki.org/wiki/47-039-00019,,"4620343"
47-035-02970,035-02970,"38.94574389006317","-81.62600380248001",WV,"035",,"MORGAN, JOHN M.","HARD ROCK EXPLORATION, INC.",,,Unknown,Never Drilled,Vertical,Not Drilled,https://wellwiki.org/wiki/47-035-02970,,"4620344"
47-025-00034,025-00034,"38.20311341702772","-80.44807969655041",WV,"025",,WEYERHAEUSER COMPANY,BRC OPERATING COMPANY LLC,,,Unknown,Plugged,Horizontal,Plugged,https://wellwiki.org/wiki/47-025-00034,,"4620345"
47-035-00386,035-00386,"38.878793441862115","-81.62111957530517",WV,"035",,"RICHARDS, URA, ETAL",OXY USA INC.,,,Not Available,Plugged,Vertical,Plugged,https://wellwiki.org/wiki/47-035-00386,,"4620346"
47-039-00643,039-00643,"38.52772289051701","-81.53985595568994",WV,"039",,"TIGNOR, S. E.",OXY USA INC.,,,Not Available,Plugged,Vertical,Plugged,https://wellwiki.org/wiki/47-039-00643,,"4620347"
47-041-01729,041-01729,"38.8668622022591","-80.40182217588541",WV,"041",,"WILFONG, ORVILLE","SENECA-UPSHUR PETROLEUM, LLC",,,Not Available,Plugged,Vertical,Plugged,https://wellwiki.org/wiki/47-041-01729,,"4620348"
47-033-03864,033-03864,"39.386770786805634","-80.51492926819863",WV,"033",,"WILLIAMS, RICHARD, ETAL",CONVEST ENERGY CORPORATION,,,Unknown,Never Drilled,Vertical,Not Drilled,https://wellwiki.org/wiki/47-033-03864,,"4620349"
47-039-04529,039-04529,"38.089991663840145","-81.5117674964527",WV,"039",,SHONK LAND CO.,PANTHER LLC,,,Gas Production,Plugged,Vertical,Plugged,https://wellwiki.org/wiki/47-039-04529,,"4620350"
47-035-00351,035-00351,"37.0462224768942","-81",WV,"035",,"NUZUM, CLAUDE L.","BOGGESS, GUY G.",,,Unknown,Never Drilled,Vertical,Not Drilled,https://wellwiki.org/wiki/47-035-00351,,"4620351"
47-043-02055,043-02055,"38.194780892123","-82.02638312872023",WV,"043",,"OXLEY, S. W.",DIVERSIFIED PRODUCTION LLC,,,Unknown,Plugged,Vertical,Plugged,https://wellwiki.org/wiki/47-043-02055,,"4620352"
47-045-00315,045-00315,"37.88337220105285","-81.80995674070826",WV,"045",,ARK LAND KH,"PETTEY, JOSEPH E.",,,Not Available,Plugged,Vertical,Plugged,https://wellwiki.org/wiki/47-045-00315,,"4620353"
47-045-01097,045-01097,"37.788272902943575","-81.62363880734635",WV,"045",,"OSBORNE, ALDA",BEREA OIL & GAS CORP.,,,Unknown,Never Drilled,Vertical,Not Drilled,https://wellwiki.org/wiki/47-045-01097,,"4620354"
47-033-04848,033-04848,"39.422666444023044","-80.26111025766929",WV,"033",,"WEAVER, JOHN & NANCY","LINN OPERATING, INC.",,,Unknown,Never Drilled,Vertical,Not Drilled,https://wellwiki.org/wiki/47-033-04848,,"4620355"
47-045-01069,045-01069,"37.0462224768942","-81",WV,"045",,LAWSON HEIRS,OPERATOR UNKNOWN,,,Not Available,Never Drilled,Vertical,Not Drilled,https://wellwiki.org/wiki/47-045-01069,,"4620356"
47-005-02103,005-02103,"38.09317414053279","-81.57342476624875",WV,"005",,LAFOLLETTE,PANTHER LLC,,,Not Available,Plugged,Vertical,Plugged,https://wellwiki.org/wiki/47-005-02103,,"4620357"
47-051-00568,051-00568,"39.81904281436622","-80.65676687272983",WV,"051",,"CHAPLIN, D.",CABOT OIL & GAS CORPORATION,,,Not Available,Plugged,Vertical,Plugged,https://wellwiki.org/wiki/47-051-00568,,"4620358"
47-005-01035,005-01035,"37.99618287740023","-81.90634607503624",WV,"005",,"HILL, G. T.",INDUSTRIAL GAS CORP.,,,Unknown,Plugged,Vertical,Plugged,https://wellwiki.org/wiki/47-005-01035,,"4620359"
47-047-02098,047-02098,"37.42259681071521","-81.75547420322161",WV,"047",,"ALAWEST, INC.",CNX GAS COMPANY LLC,,,Gas Production,Plugged,Coal Bed Methane Well,Plugged,https://wellwiki.org/wiki/47-047-02098,,"4620360"
47-067-00671,067-00671,"38.271019304402984","-81.01657535673355",WV,"067",,"NEIL, BERNICE","D. C. MALCOLM, INC.",,,Not Available,Plugged,Vertical,Plugged,https://wellwiki.org/wiki/47-067-00671,,"4620361"
47-005-00064,005-00064,"38.12989911485203","-81.94297920665166",WV,"005",,"CROFT, C. A.","EAST RESOURCES, INC.",,,Unknown,Plugged,Vertical,Plugged,https://wellwiki.org/wiki/47-005-00064,,"4620362"
47-007-00649,007-00649,"38.831856410146834","-80.73000491269832",WV,"007",,"PULLIAM, MATHEW - HEIRS",WITCO CORPORATION,,,Gas Production,Plugged,Vertical,Plugged,https://wellwiki.org/wiki/47-007-00649,,"4620363"
47-007-00011,007-00011,"38.79780450671592","-80.77626413798289",WV,"007",,"MOYER, W. B.","EQUITRANS, L. P.",,,Not Available,Plugged,Vertical,Plugged,https://wellwiki.org/wiki/47-007-00011,,"4620364"
47-073-01488,073-01488,"37.0462224768942","-81",WV,"073",,JOHN SCHAUWECKER HEIRS,"SHAFER OIL & GAS, INC.",,,Unknown,Never Drilled,Vertical,Not Drilled,https://wellwiki.org/wiki/47-073-01488,,"4620365"
47-057-00006,057-00006,"37.0462224768942","-81",WV,"057",,"BOSLEY, R. V.",OPERATOR UNKNOWN,,,Not Available,Never Drilled,Vertical,Not Drilled,https://wellwiki.org/wiki/47-057-00006,,"4620366"
47-073-01726,073-01726,"37.0462224768942","-81",WV,"073",,"HUFFORD, L. & V. WILSON","DUCKWORTH, STEVE DBA STEVE DUCKWORTH WELL SERVICE",,,Unknown,Plugged,Vertical,Plugged,https://wellwiki.org/wiki/47-073-01726,,"4620367"
47-057-00037,057-00037,"39.35986966714825","-79.06090195486688",WV,"057",,"PANCAKE, LUCY","COLUMBIA NATURAL RESOURCES, LLC",,,Unknown,Plugged,Vertical,Plugged,https://wellwiki.org/wiki/47-057-00037,,"4620368"
47-053-00337,053-00337,"38.703253215126914","-82.15440387749737",WV,"053",,"NIBERT, DALE",EQT PRODUCTION COMPANY,,,Not Available,Never Drilled,Vertical,Not Drilled,https://wellwiki.org/wiki/47-053-00337,,"4620369"
47-007-02558,007-02558,"38.77179038157252","-80.7898905888651",WV,"007",,"MCCOY, MELVIN, WETZEL LEE","P. D. L. SERVICES, INC.",,,Unknown,Never Issued,Vertical,Not Drilled,https://wellwiki.org/wiki/47-007-02558,,"4620370"
47-073-01713,073-01713,"37.0462224768942","-81",WV,"073",,"GIBONEY, S. G.","ZICKEFOOSE, R. L. AND W.F.",,,Unknown,Never Drilled,Vertical,Not Drilled,https://wellwiki.org/wiki/47-073-01713,,"4620371"
47-073-00334,073-00334,"39.379334381290825","-81.25863966242844",WV,"073",,"KEEVER, FRIEDA",OPERATOR UNKNOWN,,,Not Available,Plugged,Vertical,Plugged,https://wellwiki.org/wiki/47-073-00334,,"4620372"
47-059-01073,059-01073,"37.80652192219918","-82.1563113749973",WV,"059",,HEARTWOOD FORESTLAND FUND II,"LEATHERWOOD, LLC",,,Gas Production,Plugged,Vertical,Plugged,https://wellwiki.org/wiki/47-059-01073,,"4620373"
47-085-00179,085-00179,"39.194041978099456","-81.2433877575421",WV,"085",,"KEOHNLEIN, G.W.",OPERATOR UNKNOWN,,,Not Available,Plugged,Vertical,Plugged,https://wellwiki.org/wiki/47-085-00179,,"4620374"
47-059-01081,059-01081,"37.0462224768942","-81",WV,"059",,GEORGIA-PACIFIC,"SENECA-UPSHUR PETROLEUM, LLC",,,Unknown,Never Drilled,Vertical,Not Drilled,https://wellwiki.org/wiki/47-059-01081,,"4620375"
47-007-01257,007-01257,"38.68234494361307","-80.88468342609079",WV,"007",,"WIDEMOYER, DAVID & ANITA","EQUITRANS, L. P.",,,Not Available,Plugged,Vertical,Plugged,https://wellwiki.org/wiki/47-007-01257,,"4620376"
47-079-01533,079-01533,"38.59513108776866","-81.86948730805538",WV,"079",,"SMITH, WANDA, ET AL",MOUNTAINEER GAS SERVICES LLC,,,Unknown,Never Drilled,Vertical,Not Drilled,https://wellwiki.org/wiki/47-079-01533,,"4620377"
47-085-00701,085-00701,"39.281057964631835","-81.12510761360268",WV,"085",,"ARNETT, WILLIAM",OPERATOR UNKNOWN,,,Not Available,Plugged,Vertical,Plugged,https://wellwiki.org/wiki/47-085-00701,,"4620378"
47-059-01639,059-01639,"37.712510047746065","-82.24068309716905",WV,"059",,POCAHONTAS LAND CORP.,EQT PRODUCTION COMPANY,,,Unknown,Never Drilled,Vertical,Not Drilled,https://wellwiki.org/wiki/47-059-01639,,"4620379"
47-085-04156,085-04156,"39.14753165348232","-80.88902422801948",WV,"085",,"VERNON, ALLEN E.",KEY OIL CO.,,,Not Available,Plugged,Vertical,Plugged,https://wellwiki.org/wiki/47-085-04156,,"4620380"
47-085-04124,085-04124,"39.095323401700135","-81.0380743911495",WV,"085",,"GOFF, ERNEST C.","HAUGHT, INC.",,,Not Available,Plugged,Vertical,Plugged,https://wellwiki.org/wiki/47-085-04124,,"4620381"
47-085-04737,085-04737,"39.026364772684715","-81.10028001734055",WV,"085",,"RAY, EDWARD B.","BET-RO, INC.",,,Not Available,Plugged,Vertical,Plugged,https://wellwiki.org/wiki/47-085-04737,,"4620382"
47-081-00467,081-00467,"37.0462224768942","-81",WV,"081",,PINEY COKING COAL LAND CO,OPERATOR UNKNOWN,,,Not Available,Never Drilled,Vertical,Not Drilled,https://wellwiki.org/wiki/47-081-00467,,"4620383"
47-085-01178,085-01178,"39.15723756919144","-80.90322429264994",WV,"085",,"IRELAND, GUY","HAUGHT, INC.",,,Not Available,Plugged,Vertical,Plugged,https://wellwiki.org/wiki/47-085-01178,,"4620384"
47-085-08814,085-08814,"39.0559846125866","-81.12055570535182",WV,"085",,"ELBERT, HUBERT",BUCKEYE OIL PRODUCING CO.,,,Unknown,Plugged,Vertical,Plugged,https://wellwiki.org/wiki/47-085-08814,,"4620385"
47-087-03773,087-03773,"38.66052400347424","-81.20608788832975",WV,"087",,"CARPER, GLADYS","TRIAD HUNTER, LLC",,,Fluid Injection,Plugged,Vertical,Plugged,https://wellwiki.org/wiki/47-087-03773,,"4620386"
47-087-02192,087-02192,"38.55106451223163","-81.22054637037994",WV,"087",,"MULLINS, VIRGIE","MULLINS, OKEY",,,House Gas,Plugged,Vertical,Plugged,https://wellwiki.org/wiki/47-087-02192,,"4620387"
47-085-08314,085-08314,"39.14180818939921","-80.87325121003792",WV,"085",,"BRISSEY, IRENE","ALAMCO, INC.",,,Unknown,Never Drilled,Vertical,Not Drilled,https://wellwiki.org/wiki/47-085-08314,,"4620388"
47-085-09881,085-09881,"39.03337156223999","-81.0460373307776",WV,"085",,BBGJ INC,MURVIN & MEIER OIL CO.,,,Unknown,Never Issued,Vertical,Not Drilled,https://wellwiki.org/wiki/47-085-09881,,"4620389"
47-095-00214,095-00214,"39.40140403957146","-80.9489909247633",WV,"095",,"BARKER, OPAL T. & E.M.",OPERATOR UNKNOWN,,,Not Available,Plugged,Vertical,Plugged,https://wellwiki.org/wiki/47-095-00214,,"4620390"
47-085-09492,085-09492,"39.27324230278789","-80.99315782966067",WV,"085",,"SHAFFER, HARRY & JOANNE","DEEM, J. F. OIL & GAS, LLC",,,Unknown,Never Drilled,Vertical,Not Drilled,https://wellwiki.org/wiki/47-085-09492,,"4620391"
47-097-03783,097-03783,"38.79948948727335","-80.20615741836014",WV,"097",,"WOODY, D. J., ET AL",CNX GAS COMPANY LLC,,,Unknown,Never Drilled,Horizontal,Not Drilled,https://wellwiki.org/wiki/47-097-03783,,"4620392"
47-097-03109,097-03109,"38.80426493197461","-80.14926681792574",WV,"097",,"WOODY, DON J.",CONSOL GAS COMPANY,,,Unknown,Plugged,Vertical,Plugged,https://wellwiki.org/wiki/47-097-03109,,"4620393"
47-099-00230,099-00230,"37.98683444468154","-82.36807778247812",WV,"099",,"COPLEY, RANDY & MARCELLA",CABOT OIL & GAS CORPORATION,,,Not Available,Plugged,Vertical,Plugged,https://wellwiki.org/wiki/47-099-00230,,"4620394"
47-099-00187,099-00187,"38.21410278709266","-82.34514707238694",WV,"099",,"MILLS, LEE ROY",WAYNE GAS COMPANY,,,Gas Production,Plugged,Vertical,Plugged,https://wellwiki.org/wiki/47-099-00187,,"4620395"
47-091-01371,091-01371,"39.252965190819964","-80.1472666775459",WV,"091",,CFS FARMS LLC,ARSENAL RESOURCES LLC,,,,Permit Issued,Horizontal 6A,Not Drilled,https://wellwiki.org/wiki/47-091-01371,,"4620396"
47-099-00254,099-00254,"38.10356641930387","-82.4453712619287",WV,"099",,"ALDERSON, GEORGE P.",LIBBEY OWENS GAS,,,Unknown,Plugged,Vertical,Plugged,https://wellwiki.org/wiki/47-099-00254,,"4620397"
47-095-02648,095-02648,"39.37170983179436","-80.83540337749281",WV,"095",,JAMES E. ASH ET AL,CNX GAS COMPANY LLC,,,,Plugged,Horizontal 6A,Plugged,https://wellwiki.org/wiki/47-095-02648,,"4620398"
47-079-01540,079-01540,"37.0462224768942","-81",WV,"079",,WV STATE PROPERTY,OPERATOR UNKNOWN,,,,Never Issued,Vertical,Not Drilled,https://wellwiki.org/wiki/47-079-01540,,"4620399"
47-091-01257,091-01257,"39.322172415140436","-79.90113889161682",WV,"091",,"HOVATTER, BEATRICE M.","ICG TYGART VALLEY, LLC",,,Unknown,Plugged,Vertical,Plugged,https://wellwiki.org/wiki/47-091-01257,,"4620400"
47-011-00001,011-00001,"38.4267787719045","-82.28545858028107",WV,"011",,"COFFMAN, A. J.",OPERATOR UNKNOWN,,,Not Available,Plugged,Vertical,Plugged,https://wellwiki.org/wiki/47-011-00001,,"4620401"
47-001-03219,001-03219,"39.10194428565504","-80.0901515044207",WV,"001",,"JENKINS, DANA L.",CONSOL GAS COMPANY,,,Unknown,Never Drilled,Horizontal,Not Drilled,https://wellwiki.org/wiki/47-001-03219,,"4620402"
47-105-01081,105-01081,"37.0462224768942","-81",WV,"105",,"DEVORE, EMMA",WEVA OIL CORP.,,,Unknown,Never Drilled,Vertical,Not Drilled,https://wellwiki.org/wiki/47-105-01081,,"4620403"
47-001-01936,001-01936,"39.16182926428936","-80.01731725529537",WV,"001",,"BOGERT, R. K., JR.",BOGERT COAL & GAS,,,Unknown,Plugged,Vertical,Plugged,https://wellwiki.org/wiki/47-001-01936,,"4620404"
47-011-00572,011-00572,"38.373285213632876","-82.22767918222006",WV,"011",,"GIBSON, CARL",OPERATOR UNKNOWN,,,Not Available,Plugged,Vertical,Plugged,https://wellwiki.org/wiki/47-011-00572,,"4620405"
47-013-00378,013-00378,"39.02491240869421","-81.1510638672829",WV,"013",,"SNYDER, JAMES","SHIMER, B. B.",,,Unknown,Plugged,Vertical,Plugged,https://wellwiki.org/wiki/47-013-00378,,"4620406"
47-107-00500,107-00500,"39.0994184218845","-81.73278266670154",WV,"107",,"OREM, GEORGIA",B & G OIL COMPANY,,,Unknown,Plugged,Vertical,Plugged,https://wellwiki.org/wiki/47-107-00500,,"4620407"
47-013-00456,013-00456,"38.8970141892932","-81.13423179975327",WV,"013",,"JARVIS, L. C.",OPERATOR UNKNOWN,,,Not Available,Plugged,Vertical,Plugged,https://wellwiki.org/wiki/47-013-00456,,"4620408"
47-017-00689,017-00689,"39.280919802225455","-80.85812825366243",WV,"017",,"GRAHAM, J. J.",OPERATOR UNKNOWN,,,Not Available,Plugged,Vertical,Plugged,https://wellwiki.org/wiki/47-017-00689,,"4620409"
47-017-00891,017-00891,"39.26586938027824","-80.62269414416939",WV,"017",,"MERRYMAN, L. B.",OPERATOR UNKNOWN,,,Not Available,Plugged,Vertical,Plugged,https://wellwiki.org/wiki/47-017-00891,,"4620410"
47-109-01808,109-01808,"37.51345776683321","-81.55856880583535",WV,"109",,US STEELE MINING,CONSOL GAS COMPANY,,,Unknown,Never Drilled,Vertical,Not Drilled,https://wellwiki.org/wiki/47-109-01808,,"4620411"
47-033-00212,033-00212,"39.240221725525146","-80.28111503851453",WV,"033",,"STOUT, ABNER",OPERATOR UNKNOWN,,,Not Available,Plugged,Vertical,Plugged,https://wellwiki.org/wiki/47-033-00212,,"4620412"
47-015-01146,015-01146,"37.0462224768942","-81",WV,"015",,THE PITSTON COMPANY,OPERATOR UNKNOWN,,,Not Available,Never Drilled,Vertical,Not Drilled,https://wellwiki.org/wiki/47-015-01146,,"4620413"
47-017-02973,017-02973,"39.160978797636496","-80.80459569776127",WV,"017",,PITTS/KNIGHT,OPERATOR UNKNOWN,,,Not Available,Never Drilled,Vertical,Not Drilled,https://wellwiki.org/wiki/47-017-02973,,"4620414"
47-033-03660,033-03660,"39.256340403703","-80.56799253846135",WV,"033",,"TAYLOR, JAMES P.",OPERATOR UNKNOWN,,,Not Available,Plugged,Vertical,Plugged,https://wellwiki.org/wiki/47-033-03660,,"4620415"
47-021-00137,021-00137,"38.825575058664384","-80.98972857830616",WV,"021",,"STUMP, MARY A./SIMMONS, K",OPERATOR UNKNOWN,,,Not Available,Plugged,Vertical,Plugged,https://wellwiki.org/wiki/47-021-00137,,"4620416"
47-097-00993,097-00993,"39.05565408216302","-80.29989399597905",WV,"097",,HILDRETH,DEB OIL & GAS,,,Unknown,Plugged,Vertical,Plugged,https://wellwiki.org/wiki/47-097-00993,,"4620417"
47-099-01243,099-01243,"38.19262664733715","-82.59291790136128",WV,"099",,"BELLOMY, MARSH","HICKS, F M",,,Unknown,Plugged,Vertical,Plugged,https://wellwiki.org/wiki/47-099-01243,,"4620418"
47-103-00475,103-00475,"39.509601769442305","-80.59527643904929",WV,"103",,"WYATT, MARY","ALLEN, RICHARD",,,Not Available,Plugged,Vertical,Plugged,https://wellwiki.org/wiki/47-103-00475,,"4620419"
47-001-01678,001-01678,"37.0462224768942","-81",WV,"001",,"DUMIRE, W. C., ET AL",FOX DRILLING CO,,,Unknown,Never Drilled,Vertical,Not Drilled,https://wellwiki.org/wiki/47-001-01678,,"4620420"
47-103-00760,103-00760,"39.67401815580174","-80.47408855463662",WV,"103",,"GOODWIN, ROGER L.",EQT PRODUCTION COMPANY,,,Unknown,Plugged,Vertical,Plugged,https://wellwiki.org/wiki/47-103-00760,,"4620421"
47-011-00391,011-00391,"38.46720681854347","-82.12933385122409",WV,"011",,"LOCKE, O. A.",MONICKEL GAS CO.,,,Unknown,Plugged,Vertical,Plugged,https://wellwiki.org/wiki/47-011-00391,,"4620422"
47-001-02794,001-02794,"39.183081877468304","-80.0654579960462",WV,"001",,"MAYLE, JAMES W.","MAYLE, JAMES",,,Unknown,Never Issued,Vertical,Not Drilled,https://wellwiki.org/wiki/47-001-02794,,"4620423"
47-103-00010,103-00010,"37.0462224768942","-81",WV,"103",,"JENNINGS, H.A.",OPERATOR UNKNOWN,,,Not Available,Plugged,Vertical,Plugged,https://wellwiki.org/wiki/47-103-00010,,"4620424"
47-001-01032,001-01032,"39.217185588402046","-80.07672833268181",WV,"001",,"SAYERS, EZRA",WOLF RUN MINING LLC,,,Gas Production,Plugged,Vertical,Plugged,https://wellwiki.org/wiki/47-001-01032,,"4620425"
47-013-04566,013-04566,"38.804540919629254","-81.0733817488815",WV,"013",,"MACE, BEULAH C.","GREER, INC.",,,Unknown,Never Drilled,Vertical,Not Drilled,https://wellwiki.org/wiki/47-013-04566,,"4620426"
47-017-00167,017-00167,"39.28086320181601","-80.87310951167134",WV,"017",,"CARDER, A. A.",CARNEGIE PRODUCTION COMPANY,,,Unknown,Plugged,Vertical,Plugged,https://wellwiki.org/wiki/47-017-00167,,"4620427"
47-017-03555,017-03555,"39.141791895864934","-80.66909730999728",WV,"017",,"ADAMS, JACK D.",CONSOL GAS COMPANY,,,Gas Production,Plugged,Vertical,Plugged,https://wellwiki.org/wiki/47-017-03555,,"4620428"
47-033-03467,033-03467,"39.18804238152847","-80.52568949275279",WV,"033",,"REED, LYNN",EMAX OIL COMPANY,,,Unknown,Never Drilled,Vertical,Not Drilled,https://wellwiki.org/wiki/47-033-03467,,"4620429"
47-035-00742,035-00742,"38.848777396958795","-81.84854468476689",WV,"035",,"ANKRUM, L. O.",OPERATOR UNKNOWN,,,Not Available,Plugged,Vertical,Plugged,https://wellwiki.org/wiki/47-035-00742,,"4620430"
47-043-02173,043-02173,"38.27260347266657","-81.91498094144161",WV,"043",,"PAULEY, REXFOED D.","C. I. MCKOWN & SON, INC.",,,Not Available,Plugged,Vertical,Plugged,https://wellwiki.org/wiki/47-043-02173,,"4620431"
47-045-00632,045-00632,"37.75512046068395","-81.8523914454278",WV,"045",,"SHITE, E N",OPERATOR UNKNOWN,,,Not Available,Plugged,Vertical,Plugged,https://wellwiki.org/wiki/47-045-00632,,"4620432"
47-005-00168,005-00168,"38.04932727901898","-81.84840578307681",WV,"005",,"MYERS, LETHA",LIBBEY OWENS GAS,,,Unknown,Plugged,Vertical,Plugged,https://wellwiki.org/wiki/47-005-00168,,"4620433"
47-049-00746,049-00746,"39.41461914039794","-80.12530867904921",WV,"049",,FOSTER,EMAX OIL COMPANY,,,Not Available,Plugged,Vertical,Plugged,https://wellwiki.org/wiki/47-049-00746,,"4620434"
47-047-02626,047-02626,"37.42996513749506","-81.93617677875224",WV,"047",,WV DNR,EQT PRODUCTION COMPANY,,,Unknown,Never Issued,Vertical,Not Drilled,https://wellwiki.org/wiki/47-047-02626,,"4620435"
47-053-00020,053-00020,"38.53826988128532","-82.11275171743293",WV,"053",,"HINER, VELMA K.",OPERATOR UNKNOWN,,,Not Available,Plugged,Vertical,Plugged,https://wellwiki.org/wiki/47-053-00020,,"4620436"
47-067-00246,067-00246,"38.38086416848725","-80.71279598508013",WV,"067",,TIOGA LUMBER CO,OPERATOR UNKNOWN,,,Not Available,Plugged,Vertical,Plugged,https://wellwiki.org/wiki/47-067-00246,,"4620437"
47-007-00266,007-00266,"38.74458074601566","-80.81273441530328",WV,"007",,"MOORE, MONROE","MOORE, MONROE",,,Not Available,Plugged,Vertical,Plugged,https://wellwiki.org/wiki/47-007-00266,,"4620438"
47-073-00118,073-00118,"39.45594543610491","-81.05928404249472",WV,"073",,"DOTH, G. M.",OPERATOR UNKNOWN,,,Not Available,Plugged,Vertical,Plugged,https://wellwiki.org/wiki/47-073-00118,,"4620439"
47-081-00170,081-00170,"37.832574378975416","-81.40152055957975",WV,"081",,"JONES, LUTHER","HOPE GAS, INC.",,,Unknown,Plugged,Vertical,Plugged,https://wellwiki.org/wiki/47-081-00170,,"4620440"
47-005-01221,005-01221,"38.0828522279699","-81.89209249076424",WV,"005",,"BYRNSIDE, DORA","EAST RESOURCES, INC.",,,Not Available,Plugged,Vertical,Plugged,https://wellwiki.org/wiki/47-005-01221,,"4620441"
47-085-00372,085-00372,"39.29349771006692","-81.12987387642916",WV,"085",,"SCADDEN, A.C.",OPERATOR UNKNOWN,,,Not Available,Plugged,Vertical,Plugged,https://wellwiki.org/wiki/47-085-00372,,"4620442"
47-085-01119,085-01119,"39.08124047266578","-81.1376151434952",WV,"085",,"HAUGHT, J.",SALVAGE OIL & GAS CORP.,,,Not Available,Plugged,Vertical,Plugged,https://wellwiki.org/wiki/47-085-01119,,"4620443"
47-085-02132,085-02132,"39.03712196936038","-81.01708908157966",WV,"085",,"COX, W. C.",OPERATOR UNKNOWN,,,Not Available,Plugged,Vertical,Plugged,https://wellwiki.org/wiki/47-085-02132,,"4620444"
47-085-01496,085-01496,"39.193642137224785","-80.9756227857735",WV,"085",,"MASON, LEROY","HAUGHT, INC.",,,Not Available,Plugged,Vertical,Plugged,https://wellwiki.org/wiki/47-085-01496,,"4620445"
47-085-01712,085-01712,"39.18641864050145","-81.11232678621498",WV,"085",,LAYFIELD HEIRS,OPERATOR UNKNOWN,,,Not Available,Plugged,Vertical,Plugged,https://wellwiki.org/wiki/47-085-01712,,"4620446"
47-087-02392,087-02392,"38.706346340296996","-81.28171811826698",WV,"087",,"EPLING, J. W.","STONE, JOHN W",,,Unknown,Never Drilled,Vertical,Not Drilled,https://wellwiki.org/wiki/47-087-02392,,"4620447"
47-087-03392,087-03392,"38.706346340296996","-81.28171811826698",WV,"087",,"DODD, W.P.",OPERATOR UNKNOWN,,,Not Available,Never Drilled,Vertical,Not Drilled,https://wellwiki.org/wiki/47-087-03392,,"4620448"
47-087-03901,087-03901,"38.80352258544565","-81.40153342969127",WV,"087",,"WARD, ALMA J.",D & R ENERGY,,,Not Available,Plugged,Vertical,Plugged,https://wellwiki.org/wiki/47-087-03901,,"4620449"
47-087-00210,087-00210,"38.681138150080976","-81.45910252935141",WV,"087",,"KEE, A.N.",OPERATOR UNKNOWN,,,Not Available,Plugged,Vertical,Plugged,https://wellwiki.org/wiki/47-087-00210,,"4620450"
47-087-02716,087-02716,"38.81760070051061","-81.34689205647604",WV,"087",,"SMITH, W. R.",D & R ENERGY,,,Unknown,Plugged,Vertical,Plugged,https://wellwiki.org/wiki/47-087-02716,,"4620451"
47-095-00900,095-00900,"39.49914487631964","-81.02017909555848",WV,"095",,"GILLESPIE, H. M.","HOPE GAS, INC.",,,Unknown,Plugged,Vertical,Plugged,https://wellwiki.org/wiki/47-095-00900,,"4620452"
47-097-03368,097-03368,"39.03963625445987","-80.29406665123084",WV,"097",,TRUS JOIST,EQT PRODUCTION COMPANY,,,Unknown,Never Drilled,Vertical,Not Drilled,https://wellwiki.org/wiki/47-097-03368,,"4620453"
47-087-80002,087-80002,"37.0462224768942","-81",WV,"087",,N.C. Hively,OPERATOR UNKNOWN,,,Not Available,Plugged,Vertical,Plugged,https://wellwiki.org/wiki/47-087-80002,,"4620454"
47-097-00043,097-00043,"38.85855532698979","-80.27501247780253",WV,"097",,"TALBOTT, H.C.",OPERATOR UNKNOWN,,,Not Available,Plugged,Vertical,Plugged,https://wellwiki.org/wiki/47-097-00043,,"4620455"
47-099-00101,099-00101,"37.967146388977106","-82.47121002220278",WV,"099",,"COPLEY, DENNIE",LIBBEY OWENS GAS,,,Unknown,Plugged,Vertical,Plugged,https://wellwiki.org/wiki/47-099-00101,,"4620456"
47-043-03606,043-03606,"38.23156238502266","-81.94950400067982",WV,"043",,ANDY & REBECCA MCCLURE,"HG ENERGY, LLC",,,,Never Drilled,Vertical,Not Drilled,https://wellwiki.org/wiki/47-043-03606,,"4620457"
47-097-01679,097-01679,"38.85681221592627","-80.38611466814251",WV,"097",,"KERR, W.R.",OPERATOR UNKNOWN,,,Not Available,Plugged,Vertical,Plugged,https://wellwiki.org/wiki/47-097-01679,,"4620458"
47-087-01657,087-01657,"38.60764831005333","-81.10808799263638",WV,"087",,"FOREMAN, ANNA","GRUSS, JOSEPH S.",,,Unknown,Plugged,Vertical,Plugged,https://wellwiki.org/wiki/47-087-01657,,"4620459"
47-087-01169,087-01169,"38.74849297474109","-81.33073534736678",WV,"087",,"WEST, J. A.",OPERATOR UNKNOWN,,,Not Available,Plugged,Vertical,Plugged,https://wellwiki.org/wiki/47-087-01169,,"4620460"
