api_num,other_id,latitude,longitude,stusps,county,municipality,well_name,operator,spud_date,plug_date,well_type,well_status,well_configuration,ft_category,wellwiki,src_url,ft_uid
34-075-60630,"60630","40.53642546","-82.15601533",OH,,, ,,1/1/1900,,UN_R,ex_permit,,Not Drilled,https://wellwiki.org/wiki/34-075-60630,,"1909667"
34-003-62396,"62396","40.67380047","-84.08891898",OH,,, ,,1/1/1900,,UN_R,pl_oil,,Plugged,https://wellwiki.org/wiki/34-003-62396,,"1910206"
34-063-63906,"63906","41.05408084","-83.73450801",OH,,," 7",,1/1/1900,,OG_R,pl_oil,,Plugged,https://wellwiki.org/wiki/34-063-63906,,"1910301"
34-167-66371,"66371","39.44452946","-81.1548491",OH,,,RIGGS     4 4,,1/1/1900,,OG_R,oil_gas,,Production Well,https://wellwiki.org/wiki/34-167-66371,,"1909544"
34-151-23553,"23553","40.88607235","-81.30846309",OH,,,GREER # 1 1,MB OPERATING CO. INC.,7/30/1981,,OG_R,pl_oil_gas,,Plugged,https://wellwiki.org/wiki/34-151-23553,,"1909816"
34-163-60732,"60732","39.19570696","-82.5618744",OH,,,WORTMAN JANE A 1 1,O F G,1/1/1900,,OG_R,pl_oil_gas,,Plugged,https://wellwiki.org/wiki/34-163-60732,,"1909850"
34-099-60882,"60882","40.96746589","-80.58094477",OH,,," 9",,1/1/1900,,UN_R,pl_oil,,Plugged,https://wellwiki.org/wiki/34-099-60882,,"1909851"
34-053-20217,"20217","38.90233218","-82.19999538",OH,,,MINK D.& M. 1,W.J. LYDIC,,,OG_R,ex_permit,,Not Drilled,https://wellwiki.org/wiki/34-053-20217,,"1909955"
34-167-66260,"66260","39.42566133","-81.25163002",OH,,,KESSELRING     7 7,,1/1/1900,,OG_R,oil_gas,,Production Well,https://wellwiki.org/wiki/34-167-66260,,"1909543"
34-151-22171,"22171","40.68688337","-81.29267327",OH,,,MAGNOLIA MINING #4 4,BELDEN & BLAKE & CO LIMITED PARTNER #39,10/8/1970,,OG_R,oil_gas,,Production Well,https://wellwiki.org/wiki/34-151-22171,,"1909488"
34-151-22833,"22833","40.73954528","-81.63733933",OH,,,LEEMAN-BAKER UNIT # 1 1,NUCORP ENERGY CO.,4/20/1979,,OG_R,pl_oil_gas,,Plugged,https://wellwiki.org/wiki/34-151-22833,,"1909489"
34-151-22953,"22953","40.89650414","-81.14729257",OH,,,GATES # 1-196 1,VESCORP INDUSTRIES INC.,2/2/1979,,OG_R,oil_gas,,Production Well,https://wellwiki.org/wiki/34-151-22953,,"1909490"
34-151-23683,"23683","40.92989322","-81.285686",OH,,,JAMES BOETTLER etal # 2 2,H.& S. OPERATING CO.,5/3/1982,,OG_R,oil_gas,,Production Well,https://wellwiki.org/wiki/34-151-23683,,"1909491"
34-151-23799,"23799","40.7916687","-81.25941388",OH,,,SUTTON # 1 1,EVERFLOW EASTERN INC.,1/19/1983,,OG_R,oil_gas,,Production Well,https://wellwiki.org/wiki/34-151-23799,,"1909492"
34-151-23807,"23807","40.8372404","-81.20976665",OH,,,ROSIA # 1 1,NEW FRONTIER EXPLORATION,12/14/1982,,OG_R,dry,,Orphaned / Abandoned / Unverified Plug,https://wellwiki.org/wiki/34-151-23807,,"1909493"
34-151-23951,"23951","40.76134833","-81.223157",OH,,,D. CLAPPER # 2 2,WITCO CHEMICAL CORP.,12/2/1983,,OG_R,oil_gas,,Production Well,https://wellwiki.org/wiki/34-151-23951,,"1909494"
34-151-24167,"24167","40.74479632","-81.49037908",OH,,,R & M KLICK #1-A 1-A,MB OPERATING CO. INC.,10/22/1985,,OG_R,oil_gas,,Production Well,https://wellwiki.org/wiki/34-151-24167,,"1909495"
34-151-24245,"24245","40.73410645","-81.18109809",OH,,,H. & L. BRAWLEY #2 # 341875 341875,BELDEN & BLAKE CO,,,OG_R,ex_permit,,Not Drilled,https://wellwiki.org/wiki/34-151-24245,,"1909496"
34-151-25095,"25095","40.91954356","-81.26348633",OH,,,MCCARTY G & B COMM #1     12290-001-00 12290-001-00,,5/27/1998,,OG_R,oil_gas,,Production Well,https://wellwiki.org/wiki/34-151-25095,,"1909497"
34-151-25116,"25116","40.69028158","-81.57526842",OH,,,P&V LAUTZENHEISER #U #2-K 2-K,,9/22/1998,,OG_R,oil_gas,,Production Well,https://wellwiki.org/wiki/34-151-25116,,"1909498"
34-151-25473,"25473","40.66701956","-81.50706821",OH,,,ADKINS UNIT     1 1,GREAT LAKES ENERGY PTNSHP LLC,3/5/2006,,OG_R,oil_gas,,Production Well,https://wellwiki.org/wiki/34-151-25473,,"1909499"
34-151-25783,"25783","40.83087171","-81.13846648",OH,,,RUMMELL FARMS     1 1,ENERVEST OPERATING L,11/15/2012,,OG_R,oil_gas,,Production Well,https://wellwiki.org/wiki/34-151-25783,,"1909500"
34-153-21874,"21874","41.15463455","-81.57541834",OH,,,E. E. PEABODY # 1 1,PINE TOP ESTATES,8/24/1984,,OG_R,oil_gas,,Production Well,https://wellwiki.org/wiki/34-153-21874,,"1909501"
34-153-21958,"21958","41.14862531","-81.55954341",OH,,,THURSBY     1A 1-A,PINE TOP ESTATES,10/5/1984,,OG_R,pl_oil_gas,,Plugged,https://wellwiki.org/wiki/34-153-21958,,"1909502"
34-153-21963,"21963","40.98203594","-81.62595227",OH,,,CULP UNIT # 1 1,APPALACHIAN EXPL. INC.,11/1/1984,,OG_R,oil_gas,,Production Well,https://wellwiki.org/wiki/34-153-21963,,"1909503"
34-153-22041,"22041","41.13478513","-81.63235019",OH,,,MONTROSE CLUB INC. # UNIT #2 2,WINDSOR ASSOC. INC.,,,OG_R,ex_permit,,Not Drilled,https://wellwiki.org/wiki/34-153-22041,,"1909504"
34-153-22122,"22122","41.19972952","-81.64530409",OH,,,J. & K. SCHMID COMM. #1 # 341590 1,BELDEN & BLAKE CO,,,OG_R,ex_permit,,Not Drilled,https://wellwiki.org/wiki/34-153-22122,,"1909505"
34-153-22173,"22173","41.260163","-81.61329242",OH,,,NOVICKY # 1 1,KST OIL & GAS CO. INC.,3/15/1987,,OG_R,oil_gas,,Production Well,https://wellwiki.org/wiki/34-153-22173,,"1909506"
34-153-22422,"22422","41.1008682","-81.52702228",OH,,,FARWELL UNIT # 1 1,SUMMIT PETROLEUM INC.,3/31/1988,,OG_R,oil_gas,,Production Well,https://wellwiki.org/wiki/34-153-22422,,"1909507"
34-153-22964,"22964","41.01280425","-81.5460759",OH,,,VANDEVERE     1 1,EVERFLOW EASTERN PTNS L P,12/21/2005,,OG_R,pl_oil_gas,,Plugged,https://wellwiki.org/wiki/34-153-22964,,"1909508"
34-155-20657,"20657","41.38983794","-80.8251266",OH,,,BRAKE DOROTHY # 1 2066,FLINT OIL & GAS,3/13/1978,,OG_R,pl_oil_gas,,Plugged,https://wellwiki.org/wiki/34-155-20657,,"1909509"
34-155-23610,"23610","41.33957377","-80.83277293",OH,,,SUPERIOR PROPERTIES # 1 1,EVERFLOW EASTERN PINS L P,2/1/1996,,OG_R,oil_gas,,Production Well,https://wellwiki.org/wiki/34-155-23610,,"1909510"
34-155-23629,"23629","41.1481026","-80.86316273",OH,,,GENERAL MOTORS CORP. # L-23 L-23,EASTERN STATES OIL & GAS,10/2/1996,,OG_R,oil_gas,,Production Well,https://wellwiki.org/wiki/34-155-23629,,"1909511"
34-155-23997,"23997","41.14294234","-80.62328345",OH,,,SCHULTE     1 1,OHIO VALLEY ENERGY SYSTEM CORP,5/4/2009,,OG_R,oil_gas,,Production Well,https://wellwiki.org/wiki/34-155-23997,,"1909512"
34-157-21611,"21611","40.43553226","-81.34292378",OH,,,HASKETT EVERHARD 1,THE MUTUAL OIL & GAS CO.,12/17/1972,,OG_R,pl_gas,,Plugged,https://wellwiki.org/wiki/34-157-21611,,"1909513"
34-157-22095,"22095","40.35265547","-81.37306522",OH,,,PANCHER     1 1,RESOURCE EXPLORATION INC.,11/10/1973,,OG_R,pl_gas,,Plugged,https://wellwiki.org/wiki/34-157-22095,,"1909514"
34-157-22128,"22128","40.30061094","-81.59851853",OH,,,TRUEXF.L. # 1 1,THE OXFORD OIL CO.,11/21/1973,,OG_R,pl_gas,,Plugged,https://wellwiki.org/wiki/34-157-22128,,"1909515"
34-157-23736,"23736","40.35589603","-81.34304898",OH,,,ROY WHITE # 1 1,EVERFLOW EASTERN INC.,9/9/1982,,OG_R,oil_gas,,Production Well,https://wellwiki.org/wiki/34-157-23736,,"1909516"
34-157-24443,"24443","40.62976935","-81.62273177",OH,,,TWILIGHT MINING # 17 17,SMAIL JAMES R,,,OG_R,ex_permit,,Not Drilled,https://wellwiki.org/wiki/34-157-24443,,"1909517"
34-157-25026,"25026","40.34599233","-81.47141085",OH,,,MILLER M #1     12245-001-00 12245-001-00,BELDEN & BLAKE CORPORATION,,,OG_R,ex_permit,,Not Drilled,https://wellwiki.org/wiki/34-157-25026,,"1909518"
34-167-61196,"61196","39.58327345","-81.44767384",OH,,,HALL JOSEPH R 28 28,JOSEPH R. HALL,1/1/1900,,OG_R,pl_oil,,Plugged,https://wellwiki.org/wiki/34-167-61196,,"1909519"
34-159-60014,"60014","40.50295861","-83.29109156",OH,,,GULLIFORD SSC-20,DIV OF GEOLOGICAL SURVEY,1/1/1900,,ST_R,pl_stratigraphic,,Plugged,https://wellwiki.org/wiki/34-159-60014,,"1909520"
34-163-20146,"20146","39.26220474","-82.66930579",OH,,,SMITH WILBER E 1 1,THE OHIO FUEL GAS CO,6/16/1958,,GS_R,storage,,Injection / Storage / Service,https://wellwiki.org/wiki/34-163-20146,,"1909521"
34-163-20875,"20875","39.23172547","-82.29521113",OH,,,BECKLEY ET AL # 1 1,CHARTOR ENERGY CORP,12/6/1985,,OG_R,oil_gas,,Production Well,https://wellwiki.org/wiki/34-163-20875,,"1909522"
34-167-20370,"20370","39.40711933","-81.22510692",OH,,,WEST ELLA 4 4,F.C. HUTH ETAL,6/12/1944,,OG_R,dry,,Orphaned / Abandoned / Unverified Plug,https://wellwiki.org/wiki/34-167-20370,,"1909523"
34-167-20529,"20529","39.5104053","-81.27459316",OH,,,SMITH ALEXANDER D 1 1,LAWRENCE SMITH ETAL,5/1/1946,,OG_R,dry,,Orphaned / Abandoned / Unverified Plug,https://wellwiki.org/wiki/34-167-20529,,"1909524"
34-167-22110,"22110","39.55125481","-81.21917618",OH,,,MULENEX DB 4,HENRY OIL AND GAS CO.,8/3/1956,,OG_R,dry,,Orphaned / Abandoned / Unverified Plug,https://wellwiki.org/wiki/34-167-22110,,"1909525"
34-167-22623,"22623","39.54654851","-81.36922026",OH,,,FULTON JOHN 3 3,DYER & VANWEY,7/11/1962,,OG_R,dry,,Orphaned / Abandoned / Unverified Plug,https://wellwiki.org/wiki/34-167-22623,,"1909526"
34-167-22755,"22755","39.46593206","-81.50805916",OH,,,BUCHMAN # 1 1,PETROLEUM INVESTMENT CORP.,4/24/1963,,OG_R,oil_gas,,Production Well,https://wellwiki.org/wiki/34-167-22755,,"1909527"
34-167-23218,"23218","39.56473627","-81.51744763",OH,,,DUCKWORTH 1 1,LYNCH OIL & GAS,3/29/1969,,OG_R,oil_gas,,Production Well,https://wellwiki.org/wiki/34-167-23218,,"1909528"
34-167-25133,"25133","39.56435659","-81.5325731",OH,,,STENGEL CAROL 1,APPALACHIAN EXPLORATION INC.,11/21/1979,,OG_R,oil_gas,,Production Well,https://wellwiki.org/wiki/34-167-25133,,"1909529"
34-167-25545,"25545","39.42005208","-81.48215232",OH,,,STRAHLER HOWARD UNIT 1 1,C.W. RIGGS INC.,,,OG_R,ex_permit,,Not Drilled,https://wellwiki.org/wiki/34-167-25545,,"1909530"
34-167-25632,"25632","39.48515778","-81.26291709",OH,,,HAMILTON 1,SANDHILL ENERGY INC.,7/12/1980,,OG_R,oil_gas,,Production Well,https://wellwiki.org/wiki/34-167-25632,,"1909531"
34-167-26237,"26237","39.58616364","-81.62217678",OH,,,HALL # 2 2,BERRESFORD ENTERPRISES,3/2/1984,,OG_R,oil_gas,,Production Well,https://wellwiki.org/wiki/34-167-26237,,"1909532"
34-167-27606,"27606","39.38036321","-81.58513037",OH,,,VICKERS # 3 3,UNIVERSAL MINERALS INC.,12/18/1983,,OG_R,oil_gas,,Production Well,https://wellwiki.org/wiki/34-167-27606,,"1909533"
34-167-28570,"28570","39.57689905","-81.52721067",OH,,,RUSSELL MARTIN # 5 5,U.S. EXPLORATION CO.,,,OG_R,ex_permit,,Not Drilled,https://wellwiki.org/wiki/34-167-28570,,"1909534"
34-075-60607,"60607","40.55227638","-82.17147175",OH,,, ,,1/1/1900,,UN_R,pl_gas,,Plugged,https://wellwiki.org/wiki/34-075-60607,,"1909535"
34-167-29014,"29014","39.41138186","-81.82515826",OH,,,SCRITCHFIELD UNIT # 1 1,CENTURY WELL SERVICES INC,8/19/1993,,OG_R,gas_oilshow,,Production Well,https://wellwiki.org/wiki/34-167-29014,,"1909536"
34-167-29280,"29280","39.43490624","-81.82411721",OH,,,JEFFERS E # 13 13,,5/28/1997,,OG_R,dry,,Orphaned / Abandoned / Unverified Plug,https://wellwiki.org/wiki/34-167-29280,,"1909537"
34-167-60385,"60385","39.6195795","-81.43074668",OH,,,MCBRIDE/GILDOW     1 1,TRIAD HUNTER  LLC,1/1/1900,,OG_R,pl_oil,,Plugged,https://wellwiki.org/wiki/34-167-60385,,"1909538"
34-167-60913,"60913","39.63465361","-81.46182717",OH,,,WICKENS JA& MARY 23 23,DEAN J. PEAKER,1/1/1900,,OG_R,dry,,Orphaned / Abandoned / Unverified Plug,https://wellwiki.org/wiki/34-167-60913,,"1909539"
34-167-61711,"61711","39.55748321","-81.04154078",OH,,, ,,1/1/1900,,OG_R,pl_oil,,Plugged,https://wellwiki.org/wiki/34-167-61711,,"1909540"
34-167-64391,"64391","39.34611105","-81.35111333",OH,,,PLUMMER HAPPY     43 43,SANDBAR OIL & GAS CO,1/1/1900,,OG_R,pl_oil,,Plugged,https://wellwiki.org/wiki/34-167-64391,,"1909541"
34-167-64926,"64926","39.52807309","-81.46106955",OH,,,WUNDERLICH CARL & NELLIE 2 2,R.W. HEALEY,1/1/1900,,OG_R,pl_oil,,Plugged,https://wellwiki.org/wiki/34-167-64926,,"1909542"
34-169-21042,"21042","40.9308447","-81.94428631",OH,,,HOISINGTON H     1 1,CLAY OIL & GAS CORPORATION,12/30/1959,,OG_R,pl_oil,,Plugged,https://wellwiki.org/wiki/34-169-21042,,"1909545"
34-169-21740,"21740","40.86340661","-81.96256809",OH,,,BUCHHOLZ BROTHERS     4 4,JAMES R SMAIL INC,9/11/1989,,OG_R,pl_oil_gas,,Plugged,https://wellwiki.org/wiki/34-169-21740,,"1909546"
34-169-21796,"21796","40.89482433","-81.65976146",OH,,,KROSSE     2-3119 2-3119,THE OHIO FUEL GAS CO,9/14/1974,,GS_R,storage,,Injection / Storage / Service,https://wellwiki.org/wiki/34-169-21796,,"1909547"
34-169-23140,"23140","40.70318589","-81.95142213",OH,,,WIRT J. 4,RIMCO OPERATING INC.,1/18/1982,,OG_R,dry,,Orphaned / Abandoned / Unverified Plug,https://wellwiki.org/wiki/34-169-23140,,"1909548"
34-169-23762,"23762","40.77377731","-81.90552523",OH,,,ARMSTRONG # 1 1,SHAFER DAVID OIL PROD. INC.,,,OG_R,dry,,Orphaned / Abandoned / Unverified Plug,https://wellwiki.org/wiki/34-169-23762,,"1909549"
34-169-24591,"24591","40.92626401","-81.95028421",OH,,,D. TERRENCE EWING # 2 2,KENOIL / MILLER KEN R.,5/23/1988,,OG_R,oil_gas,,Production Well,https://wellwiki.org/wiki/34-169-24591,,"1909550"
34-169-25050,"25050","40.8997048","-81.79496374",OH,,,THUT R & S # 5 5,OBERMILLER PAUL J,7/24/1995,,OG_R,oil_gas,,Production Well,https://wellwiki.org/wiki/34-169-25050,,"1909551"
34-169-25105,"25105","40.87932092","-81.83069521",OH,,,HORST W & E # 1-11892 1-11892,BELDEN & BLAKE CO,5/29/1996,,OG_R,dry,,Orphaned / Abandoned / Unverified Plug,https://wellwiki.org/wiki/34-169-25105,,"1909552"
34-169-25473,"25473","40.88525972","-81.96922614",OH,,,JENTES ROBERT E & JANICE M     3 3,HARLEY DRILLING & PRODUCI,,,OG_R,ex_permit,,Not Drilled,https://wellwiki.org/wiki/34-169-25473,,"1909553"
34-169-25670,"25670","40.97712486","-81.85295036",OH,,,RUPP     2 2,R D WILES INC,8/25/2012,,OG_R,oil_gas,,Production Well,https://wellwiki.org/wiki/34-169-25670,,"1909554"
34-169-61385,"61385","40.78607426","-81.98307131",OH,,,FRY WYMAN S 1 1,MEDINA,1/1/1900,,OG_R,dry,,Orphaned / Abandoned / Unverified Plug,https://wellwiki.org/wiki/34-169-61385,,"1909555"
34-171-20040,"20040","41.468322","-84.36204847",OH,,,MORRISON EDW 1 1,SEMMLER OIL CO.,6/20/1965,,OG_R,pl_oil,,Plugged,https://wellwiki.org/wiki/34-171-20040,,"1909556"
34-175-20322,"20322","40.69215585","-83.42037607",OH,,,HECKATHORN ROBERT E # OP-3581 OP-3581,EQUITABLE RESOURCES EXP.,6/26/1996,,OG_R,dry,,Orphaned / Abandoned / Unverified Plug,https://wellwiki.org/wiki/34-175-20322,,"1909557"
34-003-63879,"63879","40.68045152","-84.11743247",OH,,, ,,1/1/1900,,UN_R,pl_oil,,Plugged,https://wellwiki.org/wiki/34-003-63879,,"1909558"
34-003-64201,"64201","40.76432098","-84.35987593",OH,,, ,,1/1/1900,,UN_R,dry,,Orphaned / Abandoned / Unverified Plug,https://wellwiki.org/wiki/34-003-64201,,"1909559"
34-003-64351,"64351","40.73907256","-84.35787579",OH,,, ,,1/1/1900,,UN_R,pl_oil,,Plugged,https://wellwiki.org/wiki/34-003-64351,,"1909560"
34-003-64567,"64567","40.77878316","-84.00840302",OH,,,STONER K E 6 6,ONSEL BROTHERS,1/1/1900,,OG_R,pl_oil,,Plugged,https://wellwiki.org/wiki/34-003-64567,,"1909561"
34-005-20040,"20040","40.73815079","-82.16500848",OH,,,BLACK     7 7,C.O. MOORE,9/10/1935,,OG_R,pl_oil,,Plugged,https://wellwiki.org/wiki/34-005-20040,,"1909562"
34-005-20693,"20693","40.94747361","-82.15823937",OH,,,SARGENT HERBERT A 6 6,L.E. SHERER ET AL,3/1/1952,,OG_R,oil_gas,,Production Well,https://wellwiki.org/wiki/34-005-20693,,"1909563"
34-005-21889,"21889","40.89771799","-82.14491697",OH,,,JOHN STONE FKA FERN WORST # 2 2,H & F OIL CO,4/3/1961,,ER_R,pl_oil,,Plugged,https://wellwiki.org/wiki/34-005-21889,,"1909564"
34-005-22955,"22955","40.7499426","-82.33754561",OH,,,HARLAN DAN R.     11219 11219,COLUMBIA GAS TRANSMISSION CORP.,8/8/1972,,GS_R,storage,,Injection / Storage / Service,https://wellwiki.org/wiki/34-005-22955,,"1909565"
34-005-23238,"23238","40.826901","-82.18491056",OH,,,JACOB & PAULINE TRIESLER # 28 2B,OHIO NATURAL FUEL CO,,,OG_R,ex_permit,,Not Drilled,https://wellwiki.org/wiki/34-005-23238,,"1909566"
34-005-24203,"24203","40.79622299","-82.3348154",OH,,,KENNETH D OBERHOLZER #1     12607 12607,COLUMBIA GAS TRANSMISSION LLC,9/24/2018,,GS_R,storage,,Injection / Storage / Service,https://wellwiki.org/wiki/34-005-24203,,"1909567"
34-005-60058,"60058","40.694571","-82.25230848",OH,,,KOPP ROBERT E ,OHIO FUEL GAS CO,9/30/1964,,GS_R,storage,,Injection / Storage / Service,https://wellwiki.org/wiki/34-005-60058,,"1909568"
34-005-60673,"60673","40.78631408","-82.35835459",OH,,,WAGEMAN BERTHA 1 1,O.F.S.,1/1/1900,,OG_R,pl_gas,,Plugged,https://wellwiki.org/wiki/34-005-60673,,"1909569"
34-007-20861,"20861","41.64259492","-80.71967486",OH,,,EWING TANSEY # 1 1,NATIONAL PETROLEUM CORP.,6/20/1980,,OG_R,oil_gas,,Production Well,https://wellwiki.org/wiki/34-007-20861,,"1909570"
34-007-21709,"21709","41.78571234","-80.66479624",OH,,,AMBROSE R. SPANG # 1 1,ENERGY DEVELOPMENT CORPORATION,6/22/1981,,OG_R,pl_oil_gas,,Plugged,https://wellwiki.org/wiki/34-007-21709,,"1909571"
34-007-21750,"21750","41.5703175","-80.91261839",OH,,,REVELLE # 2 2,POI ENERGY INC.,8/3/1982,,OG_R,pl_oil_gas,,Plugged,https://wellwiki.org/wiki/34-007-21750,,"1909572"
34-007-21848,"21848","41.63687546","-80.56475442",OH,,,HRABAL UNIT 4 1,P. O. I. ENERGY INC.,11/10/1981,,OG_R,oil_gas,,Production Well,https://wellwiki.org/wiki/34-007-21848,,"1909573"
34-007-22063,"22063","41.56328657","-80.72109971",OH,,,JULIA BEREGSAZY # 3 3,ENERGY DEVELOPMENT,7/13/1984,,OG_R,oil_gas,,Production Well,https://wellwiki.org/wiki/34-007-22063,,"1909574"
34-007-22559,"22559","41.51067407","-80.78186962",OH,,,S. GULLO # 2 2,GEN ELEC ENERGY DEVL.,,,OG_R,ex_permit,,Not Drilled,https://wellwiki.org/wiki/34-007-22559,,"1909575"
34-007-22720,"22720","41.81807482","-80.53140285",OH,,,W. JUHASZ # 1 1,TUSSELL CLARENCE JR.,5/29/1984,,OG_R,gas_oilshow,,Production Well,https://wellwiki.org/wiki/34-007-22720,,"1909576"
34-007-23747,"23747","41.53049109","-80.66865658",OH,,,BATES     1 1,KLEESE DEVELOPMENT ASSOCS,3/31/1987,,OG_R,pl_oil_gas,,Plugged,https://wellwiki.org/wiki/34-007-23747,,"1909577"
34-007-23890,"23890","41.75259507","-80.98243324",OH,,,KRONER # 2 2,TIPKA A. W. OIL & GAS INC.,11/14/1989,,OG_R,oil_gas,,Production Well,https://wellwiki.org/wiki/34-007-23890,,"1909578"
34-007-23892,"23892","41.53174381","-80.67848484",OH,,,SCHNELL # 1 1,ATWOOD ENERGY INC.,4/16/1990,,OG_R,oil_gas,,Production Well,https://wellwiki.org/wiki/34-007-23892,,"1909579"
34-007-23941,"23941","41.53615474","-80.70612724",OH,,,CLARK # 5 5,ATWOOD ENERGY INC.,6/13/1990,,OG_R,oil_gas,,Production Well,https://wellwiki.org/wiki/34-007-23941,,"1909580"
34-009-20447,"20447","39.23294007","-81.89011624",OH,,,ACKLET AUTMER 1 1,A.M. COOPER,12/26/1940,,OG_R,pl_gas,,Plugged,https://wellwiki.org/wiki/34-009-20447,,"1909581"
34-009-21514,"21514","39.30708875","-82.25943522",OH,,,SICKLES CLYDE 3 3,DAVID LAW,,,OG_R,ex_permit,,Not Drilled,https://wellwiki.org/wiki/34-009-21514,,"1909582"
34-009-22144,"22144","39.30256491","-81.93776952",OH,,,JEAN S HUBBARD # 3-A 3-A,G.W.F. CORPORATION,7/29/1981,,OG_R,pl_gas,,Plugged,https://wellwiki.org/wiki/34-009-22144,,"1909583"
34-009-22744,"22744","39.20522544","-82.10299754",OH,,,MERRILL H. CHASE # 1 1,ROYAL PET. PROP.  INC.,,,OG_R,ex_permit,,Not Drilled,https://wellwiki.org/wiki/34-009-22744,,"1909584"
34-009-22944,"22944","39.34926105","-82.22555905",OH,,,YOUNG ETAL UNIT # 5 5,ENTERPRISE ENERGY CORP.,,,OG_R,ex_permit,,Not Drilled,https://wellwiki.org/wiki/34-009-22944,,"1909585"
34-009-23172,"23172","39.37750816","-81.96387747",OH,,,JOHNSON H.     B-17 B-17,FROST R Z & ASSOC. INC.,8/26/1985,,OG_R,oil_gas,,Production Well,https://wellwiki.org/wiki/34-009-23172,,"1909586"
34-009-23693,"23693","39.25704082","-81.98510394",OH,,,COPPOLA     1 1,TRIAD RESOURCES INC,,,OG_R,ex_permit,,Not Drilled,https://wellwiki.org/wiki/34-009-23693,,"1909587"
34-009-23782,"23782","39.28168871","-81.93144345",OH,,,MARSHALL     1 1,HAYES JAMES BRENT,,,OG_R,ex_permit,,Not Drilled,https://wellwiki.org/wiki/34-009-23782,,"1909588"
34-009-60483,"60483","39.43602719","-81.88726399",OH,,,BLACK DIAMOND COAL CO 11 11,OHIO FUEL COAL CO,4/18/1929,,OG_R,pl_gas,,Plugged,https://wellwiki.org/wiki/34-009-60483,,"1909589"
34-011-63198,"63198","40.65363443","-84.4003441",OH,,,REED ADAM 1 1,OHIO OIL CO,,,OG_R,dry,,Orphaned / Abandoned / Unverified Plug,https://wellwiki.org/wiki/34-011-63198,,"1909590"
34-013-21383,"21383","40.04579909","-81.2133142",OH,,,ALBERT S KKW BL     6H 6H,ASCENT RESOURCES UTICA LLC,12/16/2018,,OG_R,oil_gas,,Production Well,https://wellwiki.org/wiki/34-013-21383,,"1909591"
34-013-60324,"60324","40.04020582","-80.87816043",OH,,," 1",,1/1/1900,,UN_R,oil_gas,,Production Well,https://wellwiki.org/wiki/34-013-60324,,"1909592"
34-013-61174,"61174","39.87476838","-81.10016224",OH,,, ,,1/1/1900,,UN_R,dry,,Orphaned / Abandoned / Unverified Plug,https://wellwiki.org/wiki/34-013-61174,,"1909593"
34-019-20475,"20475","40.57070981","-81.26213176",OH,,,DIERICK     3 3,DORFMAN PRODUCTION COMPANY,,,OG_R,pl_oil,,Plugged,https://wellwiki.org/wiki/34-019-20475,,"1909594"
34-019-21122,"21122","40.52861213","-81.21611028",OH,,,ASTON-BULLOCK U #2 2,MB OPERATING CO,9/19/1977,,OG_R,oil_gas,,Production Well,https://wellwiki.org/wiki/34-019-21122,,"1909595"
34-019-21296,"21296","40.44188905","-81.20628392",OH,,,GRATRELL RUBY & EDISON     2 2,K.S.T. OIL & GAS CO INC.,10/26/1979,,OG_R,gas_oilshow,,Production Well,https://wellwiki.org/wiki/34-019-21296,,"1909596"
34-019-21976,"21976","40.68259905","-81.11969816",OH,,,CAMP CONESTOGA     3 3,BELDEN & BLAKE CORPORATION,4/24/2006,,OG_R,oil_gas,,Production Well,https://wellwiki.org/wiki/34-019-21976,,"1909597"
34-019-60130,"60130","40.63231784","-80.95053583",OH,,,CLARK A C 2 2,N. G. C. W. VA.,1/1/1900,,OG_R,pl_oil,,Plugged,https://wellwiki.org/wiki/34-019-60130,,"1909598"
34-019-60340,"60340","40.55986129","-80.86952895",OH,,,WILLIAMS JOHN 1 1,ELLIOTT BROS.,1/1/1900,,OG_R,dry,,Orphaned / Abandoned / Unverified Plug,https://wellwiki.org/wiki/34-019-60340,,"1909599"
34-019-60718,"60718","40.43192545","-81.11654848",OH,,,BORELAND LEROY A 1 1,N.G.C. W. VA.,1/1/1900,,OG_R,pl_gas,,Plugged,https://wellwiki.org/wiki/34-019-60718,,"1909600"
34-019-60900,"60900","40.51266275","-81.13422834",OH,,,SELL & DAVIS 1 1,ALLEN-LEES DRILLING CO,1/1/1900,,OG_R,dry,,Orphaned / Abandoned / Unverified Plug,https://wellwiki.org/wiki/34-019-60900,,"1909601"
34-019-60928,"60928","40.61207886","-80.98496637",OH,,,RANDOLPH MELINDA 1 1,N.G.C. W. VA.,1/1/1900,,OG_R,dry,,Orphaned / Abandoned / Unverified Plug,https://wellwiki.org/wiki/34-019-60928,,"1909602"
34-029-20800,"20800","40.868684","-81.06053105",OH,,,GOTTARDI # Q-1737 1,BILL BLAIR INC.,6/12/1980,,OG_R,oil_gas,,Production Well,https://wellwiki.org/wiki/34-029-20800,,"1909603"
34-029-20881,"20881","40.81509351","-81.01291621",OH,,,STONEMETZ      1 1,LANZER OIL CO  INC.,1/18/1982,,OG_R,oil_gas,,Production Well,https://wellwiki.org/wiki/34-029-20881,,"1909604"
34-029-21437,"21437","40.77198595","-81.03374319",OH,,,HAWK-OVERHOLT # 1 1,LANGASCO ENERGY CORP,12/9/1987,,OG_R,oil_gasshow,,Production Well,https://wellwiki.org/wiki/34-029-21437,,"1909605"
34-029-21727,"21727","40.77956766","-80.60860353",OH,,,CARNEY 17-7-1     3H 3H,CHESAPEAKE EXPLORATION LLC,5/2/2012,,OG_R,permitted_loc,,Plugged,https://wellwiki.org/wiki/34-029-21727,,"1909606"
34-029-61070,"61070","40.86268016","-81.01460632",OH,,,WINDLE EARL & DORIS & HENRY RAY & CHERRY 2,ED OBERMILLER,7/1/1945,,OG_R,dry,,Orphaned / Abandoned / Unverified Plug,https://wellwiki.org/wiki/34-029-61070,,"1909607"
34-029-61438,"61438","40.82045708","-81.0512875",OH,,,BROOKE OWEN 9 9,GEORGE KIEL,1/1/1900,,OG_R,pl_oil,,Plugged,https://wellwiki.org/wiki/34-029-61438,,"1909608"
34-029-61983,"61983","40.68201179","-80.64923155",OH,,,ROSE M M 1 1,W. VA. N.,1/1/1900,,OG_R,pl_gas,,Plugged,https://wellwiki.org/wiki/34-029-61983,,"1909609"
34-029-62639,"62639","40.61770173","-80.64339544",OH,,,GRIMM WILLIAM 2 2,C. S. PETERS & CO,1/1/1900,,OG_R,dry,,Orphaned / Abandoned / Unverified Plug,https://wellwiki.org/wiki/34-029-62639,,"1909610"
34-031-20724,"20724","40.24331371","-82.12964609",OH,,,MIZER L 1 1,FRANK LYONS,4/5/1955,,OG_R,pl_oil,,Plugged,https://wellwiki.org/wiki/34-031-20724,,"1909611"
34-031-21082,"21082","40.38049495","-82.09100696",OH,,,KANUCKLE WILLIAM # J-2 2,W.E. SHRIDER,10/17/1957,,OG_R,pl_oil_gas,,Plugged,https://wellwiki.org/wiki/34-031-21082,,"1909612"
34-031-21248,"21248","40.38586977","-82.09336105",OH,,,KANUCKLE WM 5 5,WOOD RIVER INC.,10/17/1958,,OG_R,pl_gasshow,,Plugged,https://wellwiki.org/wiki/34-031-21248,,"1909613"
34-031-22300,"22300","40.24436638","-82.12088957",OH,,,ROBERT MIKESELL # 2 2,CALLANDER & KIMBREL INC.,5/17/1974,,OG_R,pl_oil_gas,,Plugged,https://wellwiki.org/wiki/34-031-22300,,"1909614"
34-031-25077,"25077","40.44110805","-81.81199626",OH,,,CARL H. YODER # 2 2,ATWOOD RESOURCES INC.,9/24/1983,,OG_R,oil_gas,,Production Well,https://wellwiki.org/wiki/34-031-25077,,"1909615"
34-031-25932,"25932","40.2939062","-81.95091258",OH,,,WRIGHT LYMAN     2 2,HOPCO RESOURCES INC.,12/21/1987,,OG_R,pl_gas,,Plugged,https://wellwiki.org/wiki/34-031-25932,,"1909616"
34-031-26115,"26115","40.24534599","-81.63297197",OH,,,JOHN HACKENBRACHT # 2 2,RED HILL DEVELOPMENT,7/15/1988,,OG_R,gas_oilshow,,Production Well,https://wellwiki.org/wiki/34-031-26115,,"1909617"
34-031-26297,"26297","40.35309446","-81.80160201",OH,,,ROBERT & BONNIE EBERWINE # 2 2,STONE RESOURCE & ENERGY CORP.,,,OG_R,ex_permit,,Not Drilled,https://wellwiki.org/wiki/34-031-26297,,"1909618"
34-031-27199,"27199","40.3918013","-81.72379",OH,,,LORENZ ANN     1 1,ELEPHANT EXPLORATION INC.,,,OG_R,ex_permit,,Not Drilled,https://wellwiki.org/wiki/34-031-27199,,"1909619"
34-031-60216,"60216","40.44286213","-81.90954084",OH,,,FAIR LD 12 12,OHIO OIL CO.,1/1/1900,,OG_R,pl_oil,,Plugged,https://wellwiki.org/wiki/34-031-60216,,"1909620"
34-035-20597,"20597","41.41243462","-81.81607744",OH,,,BROOK PARK INDUSTRIAL SITES INC 1 1,BROOK PARK INDUSTRIAL SITES INC.,,,OG_R,pl_gas,,Plugged,https://wellwiki.org/wiki/34-035-20597,,"1909621"
34-035-21941,"21941","41.46417453","-81.53186894",OH,,,CLEVELAND HIGHLAND     9-D 9-D,BASS ENERGY CO INC,12/11/2006,,OG_R,oil_gas,,Production Well,https://wellwiki.org/wiki/34-035-21941,,"1909622"
34-035-22216,"22216","41.37741908","-81.91602644",OH,,,OIP 3-D     3-D 3-D,EOS ENERGY LLC,2/17/2020,,OG_R,oil_gas,,Production Well,https://wellwiki.org/wiki/34-035-22216,,"1909623"
34-041-20265,"20265","40.32877542","-83.05873505",OH,,,BURKHART 2,SKILES CENTRAL OHIO EXPLORATION INC.,,,OG_R,ex_permit,,Not Drilled,https://wellwiki.org/wiki/34-041-20265,,"1909624"
34-041-20277,"20277","40.32104611","-83.06196957",OH,,,BERNLOHR (ERP #1)     1 1,LULING OIL & GAS CO. INC.,6/6/1968,,OG_R,pl_oil,,Plugged,https://wellwiki.org/wiki/34-041-20277,,"1909625"
34-043-20044,"20044","41.36565032","-82.3653791",OH,,,SCHMALZ CHARLES & RUSSELL 1 1,GREEN PROD. OC.,7/10/1973,,OG_R,pl_gas_oilshow,,Plugged,https://wellwiki.org/wiki/34-043-20044,,"1909626"
34-045-21056,"21056","39.92584011","-82.68076957",OH,,,FARRINGTON # 1 1,GREENLAND PETROLEUM CO,,,OG_R,ex_permit,,Not Drilled,https://wellwiki.org/wiki/34-045-21056,,"1909627"
34-045-60064,"60064","39.68615439","-82.58864938",OH,,, ,,1/1/1900,,UN_R,dry,,Orphaned / Abandoned / Unverified Plug,https://wellwiki.org/wiki/34-045-60064,,"1909628"
34-053-20118,"20118","38.86140936","-82.34703667",OH,,,GALLIPOLIS REDUCTION CO INC     1 1,RACCOON CREEK GAS CO.,,,OG_R,dry,,Orphaned / Abandoned / Unverified Plug,https://wellwiki.org/wiki/34-053-20118,,"1909629"
34-053-20538,"20538","38.9354489","-82.14301011",OH,,,BAKER B     1 1,ALTHEIRS OIL INC.,9/11/1980,,OG_R,oil_gas,,Production Well,https://wellwiki.org/wiki/34-053-20538,,"1909630"
34-053-20719,"20719","38.8807575","-82.17226651",OH,,,HARMONY 2,ROYAL PET. PROP. INC.,1/27/1982,,OG_R,oil_gas,,Production Well,https://wellwiki.org/wiki/34-053-20719,,"1909631"
34-055-20952,"20952","41.54784925","-81.03464894",OH,,,BETKAR-SPAK     1 1,GAS ACQUISITION CO.,10/17/1984,,OG_R,pl_oil_gas,,Plugged,https://wellwiki.org/wiki/34-055-20952,,"1909632"
34-055-21005,"21005","41.58969666","-81.23954185",OH,,,OSBORN # 1 1,PARK-OHIO ENERGY INC,11/17/1984,,OG_R,dry,,Orphaned / Abandoned / Unverified Plug,https://wellwiki.org/wiki/34-055-21005,,"1909633"
34-055-21411,"21411","41.4134372","-81.11549473",OH,,,BEALES 2,ENERGY DEVELOPMENT CORP.,11/9/1986,,OG_R,oil_gas,,Production Well,https://wellwiki.org/wiki/34-055-21411,,"1909634"
34-055-21932,"21932","41.53004649","-81.32250566",OH,,,WILEY     1 1,CUTTER EXPLORATION INC,7/31/2007,,OG_R,oil_gas,,Production Well,https://wellwiki.org/wiki/34-055-21932,,"1909635"
34-059-20308,"20308","40.01186298","-81.29882527",OH,,,MILLER EDWARD & MARY 2 2,PURDY M.J.,,,OG_R,pl_gas,,Plugged,https://wellwiki.org/wiki/34-059-20308,,"1909636"
34-059-21309,"21309","40.02444755","-81.67496248",OH,,,SIRON J D     1 1,PINTO RESOURCES,7/14/1970,,OG_R,pl_gas,,Plugged,https://wellwiki.org/wiki/34-059-21309,,"1909637"
34-059-23788,"23788","40.15309927","-81.23829258",OH,,,K. DUVALL # 4 4,CARLESS RESOURCES INC.,,,OG_R,ex_permit,,Not Drilled,https://wellwiki.org/wiki/34-059-23788,,"1909638"
34-059-61125,"61125","40.02175038","-81.34632306",OH,,,HOUSE SADIE 1 1,O. & W. GAS AND OIL CO.,1/1/1900,,OG_R,pl_oil_gas,,Plugged,https://wellwiki.org/wiki/34-059-61125,,"1909639"
34-063-20134,"20134","40.99731283","-83.69148498",OH,,,HUYSMAN AARON A 1 1,MILLER BROS. INC.,,,OG_R,pl_gas,,Plugged,https://wellwiki.org/wiki/34-063-20134,,"1909640"
34-063-60510,"60510","41.11502996","-83.65881166",OH,,,KNOKE ZACK 1 1,ONSEL BROS.,1/1/1900,,OG_R,pl_oil,,Plugged,https://wellwiki.org/wiki/34-063-60510,,"1909641"
34-063-62634,"62634","41.03639342","-83.73099803",OH,,,OHIO OIL CO 25 25,ONSEL BROS.,1/1/1900,,OG_R,pl_oil,,Plugged,https://wellwiki.org/wiki/34-063-62634,,"1909642"
34-063-63718,"63718","41.07908062","-83.65585516",OH,,,GIANUGUE & BARNEY 7 7,OHIO OIL,1/1/1900,,OG_R,pl_oil,,Plugged,https://wellwiki.org/wiki/34-063-63718,,"1909643"
34-067-20037,"20037","40.32201548","-80.87473971",OH,,,COLE O V 1 1,T. L. SHOP,,,OG_R,permitted_loc,,Not Drilled,https://wellwiki.org/wiki/34-067-20037,,"1909644"
34-067-21441,"21441","40.39122591","-81.07040709",OH,,,GARVEY 25-12-5     1H 1H,CHESAPEAKE EXPLORATION LLC,,,OG_R,ex_permit,,Not Drilled,https://wellwiki.org/wiki/34-067-21441,,"1909645"
34-067-60372,"60372","40.26401522","-81.08961294",OH,,,MEHOLLIN SAMUEL 3 3,MARKS & KRAFT OBLONG ILL.,1/1/1900,,OG_R,pl_oil,,Plugged,https://wellwiki.org/wiki/34-067-60372,,"1909646"
34-067-60854,"60854","40.31148304","-80.93965005",OH,,,SNYDER HEIRS 2 2,SNYDER & MARTIN FOR T.C. HUGUS & J.A. SUTTON,1/1/1900,,OG_R,pl_oil,,Plugged,https://wellwiki.org/wiki/34-067-60854,,"1909647"
34-073-21136,"21136","39.4471469","-82.39528986",OH,,,ARMSTRONG HARRY 2-A 2-A,HENRY ALTIER,7/23/1965,,OG_R,pl_oil_gas,,Plugged,https://wellwiki.org/wiki/34-073-21136,,"1909648"
34-073-22475,"22475","39.44861427","-82.46706714",OH,,,WOLFE RUTH     2-A 2-A,LEW BATES JR.,3/4/1981,,OG_R,pl_oil_gas,,Plugged,https://wellwiki.org/wiki/34-073-22475,,"1909649"
34-073-22742,"22742","39.39916261","-82.40896776",OH,,,RALPH CHERRY # 1 1,LEADER EQUITIES INC.,3/3/1983,,OG_R,oil_gas,,Production Well,https://wellwiki.org/wiki/34-073-22742,,"1909650"
34-073-23241,"23241","39.53468029","-82.26762598",OH,,,KENNETH WILLIAMS # 1 1,WOODYARD DRILLING,11/2/1987,,OG_R,oil_gas,,Production Well,https://wellwiki.org/wiki/34-073-23241,,"1909651"
34-073-60598,"60598","39.5729081","-82.54826327",OH,,,BAILEY CHARLES 1 1,LOGAN,1/1/1900,,OG_R,pl_gas,,Plugged,https://wellwiki.org/wiki/34-073-60598,,"1909652"
34-073-61696,"61696","39.4452313","-82.35288217",OH,,,FREY DA& J 1 1,PRESTON OIL CO.,1/1/1900,,OG_R,pl_oil,,Plugged,https://wellwiki.org/wiki/34-073-61696,,"1909653"
34-073-62255,"62255","39.54577663","-82.26162456",OH,,,HOCKING VALLEY PRODUCTS CO 129 129,CHARTIERS OIL CO,1/1/1900,,OG_R,pl_oil,,Plugged,https://wellwiki.org/wiki/34-073-62255,,"1909654"
34-073-62474,"62474","39.44095195","-82.41068736",OH,,,THRUSH FRED 3 3,GORDON OIL CO.,1/1/1900,,OG_R,pl_oil,,Plugged,https://wellwiki.org/wiki/34-073-62474,,"1909655"
34-075-20267,"20267","40.63499307","-82.13791521",OH,,,HARRIS NOAMI ET AL 1 1,O.F.G.,11/20/1943,,OG_R,dry_gasshow,,Orphaned / Abandoned / Unverified Plug,https://wellwiki.org/wiki/34-075-20267,,"1909656"
34-075-21832,"21832","40.51114478","-82.07312181",OH,,,BRIAR HILL STONE     1 1,AMTEX OIL AND GAS INC.,11/9/1975,,OG_R,pl_oil_gas,,Plugged,https://wellwiki.org/wiki/34-075-21832,,"1909657"
34-075-22040,"22040","40.51262214","-82.14378119",OH,,,GRASSBAUGH ,EDCO DRILLING & PRODUCING INC.,2/15/1978,,OG_R,oil_gas,,Production Well,https://wellwiki.org/wiki/34-075-22040,,"1909658"
34-075-22225,"22225","40.45552825","-81.88066024",OH,,,MILLER EUELL # 1 1,KIMBELL PRODUCTION CO. INC.,10/3/1979,,OG_R,pl_oil_gas,,Plugged,https://wellwiki.org/wiki/34-075-22225,,"1909659"
34-075-22671,"22671","40.53229424","-81.92027367",OH,,,MERLE HOOD # 2A 2A,JOHN C. MASON,8/10/1980,,OG_R,pl_oil_gas,,Plugged,https://wellwiki.org/wiki/34-075-22671,,"1909660"
34-075-23200,"23200","40.45635933","-81.94908857",OH,,,LEVENGOOD MAUDE     1 1,LAKE REGION OIL INC,7/24/1981,,OG_R,pl_oil_gas,,Plugged,https://wellwiki.org/wiki/34-075-23200,,"1909661"
34-075-23286,"23286","40.48911274","-81.89332641",OH,,,CARPENTER/ELLIOTT # 1 1,BROWN PETROLEUM CORPORATION,,,OG_R,ex_permit,,Not Drilled,https://wellwiki.org/wiki/34-075-23286,,"1909662"
34-075-23321,"23321","40.61081248","-81.87048268",OH,,,MILLER AD UNIT 1 1,SHONGUM OIL & GAS INC.,,,OG_R,ex_permit,,Not Drilled,https://wellwiki.org/wiki/34-075-23321,,"1909663"
34-075-23501,"23501","40.57934105","-81.83886256",OH,,,HOCHSTETLER JOHN 2,OILTECH INC.,,,OG_R,ex_permit,,Not Drilled,https://wellwiki.org/wiki/34-075-23501,,"1909664"
34-075-23652,"23652","40.4833901","-81.96779176",OH,,,STARNER JOHN & ROBERT 2,BANDS CO INC.,1/8/1981,,OG_R,oil_gas,,Production Well,https://wellwiki.org/wiki/34-075-23652,,"1909665"
34-075-24314,"24314","40.64850406","-82.19350472",OH,,,G. EBERT # 21 21,BAKERWELL INC.,,,OG_R,ex_permit,,Not Drilled,https://wellwiki.org/wiki/34-075-24314,,"1909666"
34-075-61066,"61066","40.60152426","-81.98907632",OH,,,BAKER J A 1 1,EAST OHIO GAS CO.,1/1/1900,,OG_R,pl_oil,,Plugged,https://wellwiki.org/wiki/34-075-61066,,"1909668"
34-075-61506,"61506","40.65870755","-82.17094532",OH,,," 1",,1/1/1900,,OG_R,dry,,Orphaned / Abandoned / Unverified Plug,https://wellwiki.org/wiki/34-075-61506,,"1909669"
34-075-61518,"61518","40.63976855","-82.17907798",OH,,, ,,1/1/1900,,UN_R,dry,,Orphaned / Abandoned / Unverified Plug,https://wellwiki.org/wiki/34-075-61518,,"1909670"
34-079-60493,"60493","39.07232142","-82.46794765",OH,,,R STEVENS 3,DIV OF GEOLOGICAL SURVEY,1/1/1900,,ST_R,pl_stratigraphic,,Plugged,https://wellwiki.org/wiki/34-079-60493,,"1909671"
34-083-21712,"21712","40.42646186","-82.42879824",OH,,,PAIGE FLOYD 1 1,KIN-ARK OIL CO.,8/23/1965,,OG_R,dry,,Orphaned / Abandoned / Unverified Plug,https://wellwiki.org/wiki/34-083-21712,,"1909672"
34-083-21732,"21732","40.44716646","-82.19212064",OH,,,SEVITS WILLIAM 2 2,C.S. KENNEDY,,,OG_R,ex_permit,,Not Drilled,https://wellwiki.org/wiki/34-083-21732,,"1909673"
34-083-22852,"22852","40.24387552","-82.22276373",OH,,,JOHN W. FROST JR. # 1 1,BERRESFORD ENTERPRISES INC.,3/30/1981,,OG_R,oil_gas,,Production Well,https://wellwiki.org/wiki/34-083-22852,,"1909674"
34-083-22883,"22883","40.51831419","-82.19464371",OH,,,HIPP MARY JO     1 1,DERRICK PETROLEUM INC.,5/18/1981,,OG_R,pl_oil_gasshow,,Plugged,https://wellwiki.org/wiki/34-083-22883,,"1909675"
34-083-60533,"60533","40.25339374","-82.30753938",OH,,,KIDWELL ROY 4 4,HYMAN ETAL,1/1/1900,,OG_R,dry,,Orphaned / Abandoned / Unverified Plug,https://wellwiki.org/wiki/34-083-60533,,"1909676"
34-085-20319,"20319","41.76267156","-81.17113884",OH,,,E. LANGSHAW # 2 2,PETRO EVLAUATION SERVICES INC,10/18/1981,,OG_R,pl_gas,,Plugged,https://wellwiki.org/wiki/34-085-20319,,"1909677"
34-087-20086,"20086","38.7306118","-82.58050792",OH,,,STRAIGHT JOHN L 1-7732-G 1,HAROLD G. NEELY,2/1/1944,,OG_R,pl_gas,,Plugged,https://wellwiki.org/wiki/34-087-20086,,"1909678"
34-087-20654,"20654","38.45203605","-82.49373281",OH,,,RICE K & M UNIT     1 1,GREAT LAKES ENERGY PTNSHP LLC,,,OG_R,ex_permit,,Not Drilled,https://wellwiki.org/wiki/34-087-20654,,"1909679"
34-087-60201,"60201","38.80604124","-82.590433",OH,,," 33",,1/1/1900,,UN_R,dry,,Orphaned / Abandoned / Unverified Plug,https://wellwiki.org/wiki/34-087-60201,,"1909680"
34-089-20224,"20224","40.14028834","-82.25739468",OH,,,TEAGARDEN/LANHAM     12 12,NETHERS GARY L,11/1/1937,,OG_R,pl_oil,,Plugged,https://wellwiki.org/wiki/34-089-20224,,"1909681"
34-089-20378,"20378","40.12103378","-82.38224051",OH,,,VAN WREY FOREST 12 12,O.F.G.,3/8/1940,,OG_R,pl_gas,,Plugged,https://wellwiki.org/wiki/34-089-20378,,"1909682"
34-089-22624,"22624","40.22151952","-82.241473",OH,,,BAILEY CHARLES 2,RELIANCE OIL CORP.,3/11/1968,,OG_R,pl_oil,,Plugged,https://wellwiki.org/wiki/34-089-22624,,"1909683"
34-089-23194,"23194","39.98932456","-82.50981401",OH,,,REES # 1 1,BUCKEYE MANAGEMENT CO,10/8/1975,,OG_R,pl_oil_gas,,Plugged,https://wellwiki.org/wiki/34-089-23194,,"1909684"
34-089-23364,"23364","40.15770753","-82.23300009",OH,,,MOHLER TERRY (PINE VIEW FARMS)     5 5,PINE VIEW,9/1/1977,,OG_R,pl_gas,,Plugged,https://wellwiki.org/wiki/34-089-23364,,"1909685"
34-089-23375,"23375","40.01846075","-82.2505835",OH,,,LAWRENCE WILLIAMS # 2 2,MCCULLOUGH & WILSON DRLG. CO. INC.,5/10/1977,,OG_R,pl_oil_gas,,Plugged,https://wellwiki.org/wiki/34-089-23375,,"1909686"
34-089-23749,"23749","40.02797414","-82.28611379",OH,,,M.E. WILLS     2 2,JADOIL INC.,4/4/1980,,OG_R,oil_gas,,Production Well,https://wellwiki.org/wiki/34-089-23749,,"1909687"
34-089-23816,"23816","40.2292379","-82.18701116",OH,,,HARRY A RINE     # 1A 1A,GREEN GAS CO.,11/18/1980,,OG_R,oil_gasshow,,Production Well,https://wellwiki.org/wiki/34-089-23816,,"1909688"
34-089-24150,"24150","40.08676091","-82.31023403",OH,,,JONES JOHN & MAGUERITE # 2 2,CALLANDER & KIMBREL INC.,,,OG_R,ex_permit,,Not Drilled,https://wellwiki.org/wiki/34-089-24150,,"1909689"
34-089-24728,"24728","40.01768171","-82.31122614",OH,,,WILLEY # 3 3,NETHERS CARL H.,,,OG_R,ex_permit,,Not Drilled,https://wellwiki.org/wiki/34-089-24728,,"1909690"
34-111-65006,"65006","39.708326","-81.17175447",OH,,,HIGHMAN SYLVESTOR 1 1,HIGHMAN OIL CO.,1/1/1900,,OG_R,pl_oil,,Plugged,https://wellwiki.org/wiki/34-111-65006,,"1909691"
34-089-25154,"25154","40.18401496","-82.2140564",OH,,,WILLIAM L. MCDONALD # 1 1,O & G CO,,,OG_R,dry,,Orphaned / Abandoned / Unverified Plug,https://wellwiki.org/wiki/34-089-25154,,"1909692"
34-089-25251,"25251","40.03914556","-82.6873073",OH,,,YEARLING UNIT 1 1,POMINEX INC.,6/28/1986,,OG_R,dry,,Orphaned / Abandoned / Unverified Plug,https://wellwiki.org/wiki/34-089-25251,,"1909693"
34-089-25483,"25483","40.24038461","-82.4171916",OH,,,RONALD & CHARLES BRANSTOOL # 2-21 2-21,MICHIGAN GEOSEARCH INC.,11/4/1992,,OG_R,dry_oilgas_show,,Orphaned / Abandoned / Unverified Plug,https://wellwiki.org/wiki/34-089-25483,,"1909694"
34-089-25540,"25540","40.13267317","-82.59941592",OH,,,STIRES M # 1-2090 1-2090,CLINTON OIL CO,8/6/1995,,OG_R,dry,,Orphaned / Abandoned / Unverified Plug,https://wellwiki.org/wiki/34-089-25540,,"1909695"
34-089-25624,"25624","40.09635984","-82.62447291",OH,,,REEVES     2-2366 2-2366,CGAS EXPLORATION,8/28/1997,,OG_R,pl_oil_gas,,Plugged,https://wellwiki.org/wiki/34-089-25624,,"1909696"
34-089-61947,"61947","39.99186242","-82.41707749",OH,,,DAVIS JOS 9 9,LOGAN,2/12/1909,,OG_R,dry,,Orphaned / Abandoned / Unverified Plug,https://wellwiki.org/wiki/34-089-61947,,"1909697"
34-089-62066,"62066","40.06733981","-82.35044487",OH,,,OWENS CATH 2 2,O.F.G.,7/1/1925,,OG_R,pl_gas,,Plugged,https://wellwiki.org/wiki/34-089-62066,,"1909698"
34-093-20361,"20361","41.25226721","-82.0725452",OH,,,SZCZASNIAK & KOZAR 1-8033 1-8033,O. F. G.,8/9/1945,,OG_R,dry,,Orphaned / Abandoned / Unverified Plug,https://wellwiki.org/wiki/34-093-20361,,"1909699"
34-093-20444,"20444","41.33790196","-82.04593314",OH,,,FEIRTAG C H 1 1,O. F. G.,9/19/1946,,OG_R,dry,,Orphaned / Abandoned / Unverified Plug,https://wellwiki.org/wiki/34-093-20444,,"1909700"
34-093-21027,"21027","41.38285632","-82.23981922",OH,,,PINECREST     1 1,DAVID S. TOWNER,,,OG_R,dry,,Orphaned / Abandoned / Unverified Plug,https://wellwiki.org/wiki/34-093-21027,,"1909701"
34-093-60346,"60346","41.21291875","-82.0052037",OH,,,NEFF AUGUSTA 1 1,M. C. ROGERS,3/24/1937,,OG_R,dry,,Orphaned / Abandoned / Unverified Plug,https://wellwiki.org/wiki/34-093-60346,,"1909702"
34-099-20256,"20256","41.01431094","-80.81707078",OH,,,HOWARD     1 1,BAIRD BROS SAWMILL INC,2/14/1971,,OG_R,pl_gas_oilshow,,Plugged,https://wellwiki.org/wiki/34-099-20256,,"1909703"
34-099-20377,"20377","41.03248588","-80.58349283",OH,,,YOUNGSTOWN SHEET & TUBE     4 4,YOUNGSTOWN SHEET & TUBE CO.,1/7/1974,,OG_R,pl_gas,,Plugged,https://wellwiki.org/wiki/34-099-20377,,"1909704"
34-099-20882,"20882","40.99395782","-80.83335012",OH,,,HENDRICKS #2 2,UNITED PETROLEUM CORP.,5/2/1977,,OG_R,oil_gas,,Production Well,https://wellwiki.org/wiki/34-099-20882,,"1909705"
34-099-21155,"21155","40.98635576","-81.0202926",OH,,,MALMSBERRY 1 1,HORTIN & HUFFMAN,1/21/1979,,OG_R,oil_gas,,Production Well,https://wellwiki.org/wiki/34-099-21155,,"1909706"
34-099-21728,"21728","40.93211263","-80.9867572",OH,,,R. DICKSON # 1 1,DORFMAN PRODUCTION CO.,6/9/1984,,OG_R,oil_gas,,Production Well,https://wellwiki.org/wiki/34-099-21728,,"1909707"
34-099-22108,"22108","40.97731038","-80.74763112",OH,,,WILTCREST FARMS # 4 1,CARLESS RESOURCES INC,5/27/1987,,OG_R,gas_oilshow,,Production Well,https://wellwiki.org/wiki/34-099-22108,,"1909708"
34-099-22565,"22565","41.03912159","-80.73536006",OH,,,ORR # 1 1,D & L ENERGY INC,1/7/1993,,OG_R,gas_oilshow,,Production Well,https://wellwiki.org/wiki/34-099-22565,,"1909709"
34-099-60756,"60756","40.98147583","-80.55184218",OH,,," 1",,1/1/1900,,UN_R,pl_oil,,Plugged,https://wellwiki.org/wiki/34-099-60756,,"1909710"
34-099-60868,"60868","40.97048377","-80.57834701",OH,,, ,,1/1/1900,,UN_R,pl_oil,,Plugged,https://wellwiki.org/wiki/34-099-60868,,"1909711"
34-103-20163,"20163","41.25183581","-81.79064807",OH,,,BENJAMIN FARMS     1-6325 1-6325,OHIO FUEL,10/26/1936,,OG_R,pl_gas,,Plugged,https://wellwiki.org/wiki/34-103-20163,,"1909712"
34-103-20531,"20531","41.11106776","-82.07991621",OH,,,MILLER FRANK I 1-6133 1-6133,OHIO FUEL GAS,,,OG_R,pl_gas,,Plugged,https://wellwiki.org/wiki/34-103-20531,,"1909713"
34-103-22422,"22422","40.99380298","-82.06297625",OH,,,T & N PAYNE # 1 1,INTERNATIONAL RES. DEV. CORP.,,,OG_R,ex_permit,,Not Drilled,https://wellwiki.org/wiki/34-103-22422,,"1909714"
34-103-22540,"22540","41.03534617","-81.90117703",OH,,,MEDINA SOD 3,BERMAN J. SHAFER,3/17/1981,,OG_R,gas_oilshow,,Production Well,https://wellwiki.org/wiki/34-103-22540,,"1909715"
34-103-23569,"23569","40.99471996","-81.985953",OH,,,LANCE # 1 1,BERNHARDT JAMES R.,6/25/1984,,OG_R,oil_gas,,Production Well,https://wellwiki.org/wiki/34-103-23569,,"1909716"
34-103-24316,"24316","41.21718421","-81.92685807",OH,,,BAUER # 18-4-4 18-4-4,GEO ENERGY INC.,12/9/1986,,OG_R,oil_gas,,Production Well,https://wellwiki.org/wiki/34-103-24316,,"1909717"
34-103-24489,"24489","41.26713624","-81.75580724",OH,,,PAY-CLARK UNIT # 1 1,PINE TOP ESTATES,6/8/1989,,OG_R,oil_gas,,Production Well,https://wellwiki.org/wiki/34-103-24489,,"1909718"
34-103-25026,"25026","41.24118514","-81.88122902",OH,,,PRIDE ONE     13 13,JOHN D OIL & GAS COMPANY,,,OG_R,ex_permit,,Not Drilled,https://wellwiki.org/wiki/34-103-25026,,"1909719"
34-115-61378,"61378","39.49704123","-81.9032397",OH,,," 11",,1/1/1900,,UN_R,pl_oil,,Plugged,https://wellwiki.org/wiki/34-115-61378,,"1909720"
34-103-61378,"61378","41.1893311","-81.84740968",OH,,,NAVRATIL EVA 1 1,MEDINA,1/1/1900,,OG_R,dry_oilgas_show,,Orphaned / Abandoned / Unverified Plug,https://wellwiki.org/wiki/34-103-61378,,"1909721"
34-103-61416,"61416","41.11230391","-81.87432692",OH,,," 1",,1/1/1900,,OG_R,dry_gasshow,,Orphaned / Abandoned / Unverified Plug,https://wellwiki.org/wiki/34-103-61416,,"1909722"
34-105-20024,"20024","39.0286925","-82.10748098",OH,,,HYSELL ADOLPH 1,THE OHIO FUEL GAS CO.,7/13/1936,,OG_R,dry_gasshow,,Orphaned / Abandoned / Unverified Plug,https://wellwiki.org/wiki/34-105-20024,,"1909723"
34-105-20076,"20076","39.0368263","-82.10290477",OH,,,ROMIE LAFAYETTE 2 2,W.G. REED ET AL,9/1/1936,,OG_R,pl_gas,,Plugged,https://wellwiki.org/wiki/34-105-20076,,"1909724"
34-105-21942,"21942","39.00282791","-82.09252591",OH,,,F. HERALD & K. DOLAN     4 4,HERALD OIL & GAS CO.,,,OG_R,ex_permit,,Not Drilled,https://wellwiki.org/wiki/34-105-21942,,"1909725"
34-105-22202,"22202","39.09475299","-82.04708615",OH,,,RIGHTHOUSEWILLIAM     1 1,HERALD OIL & GAS CO.,9/25/1981,,OG_R,gas_oilshow,,Production Well,https://wellwiki.org/wiki/34-105-22202,,"1909726"
34-105-22346,"22346","39.13527445","-82.08241614",OH,,,LUTZ AVA     1 1,KRAMER EXPLORATION CO.,3/1/1982,,OG_R,oil_gas,,Production Well,https://wellwiki.org/wiki/34-105-22346,,"1909727"
34-105-22724,"22724","39.14329388","-82.04287919",OH,,,NORWOOD FERRELL     2 2,DELTA RESOURCES INC.,9/1/1983,,OG_R,gas_oilshow,,Production Well,https://wellwiki.org/wiki/34-105-22724,,"1909728"
34-105-23450,"23450","39.01981279","-81.79797132",OH,,,BELINDA & BOBBY JOE ADAMS JR. # 1 1,J D DRILLING CO.,,,OG_R,ex_permit,,Not Drilled,https://wellwiki.org/wiki/34-105-23450,,"1909729"
34-105-60349,"60349","39.10313416","-82.13225036",OH,,,MUSSER HARLEY 2 2,PURE OIL CO.,4/24/1930,,OG_R,pl_gas,,Plugged,https://wellwiki.org/wiki/34-105-60349,,"1909730"
34-111-21038,"21038","39.65418771","-81.23020577",OH,,,LUBERG HRS 3 3,O.C. BODE ET AL,4/1/1950,,OG_R,dry,,Orphaned / Abandoned / Unverified Plug,https://wellwiki.org/wiki/34-111-21038,,"1909731"
34-111-22027,"22027","39.58892893","-81.15444294",OH,,,HINES 1,CARBONIT EXPLORATION INC.,,,OG_R,ex_permit,,Not Drilled,https://wellwiki.org/wiki/34-111-22027,,"1909732"
34-111-22293,"22293","39.57850247","-81.186435",OH,,,USA     # 3 3,FRONTIER PETROLEUM LTD.,4/23/1981,,OG_R,oil_gas,,Production Well,https://wellwiki.org/wiki/34-111-22293,,"1909733"
34-111-22567,"22567","39.8596316","-81.15953995",OH,,,GALLAGHER 4,SUPERIOR PETROLEUM INC.,,,OG_R,ex_permit,,Not Drilled,https://wellwiki.org/wiki/34-111-22567,,"1909734"
34-111-22642,"22642","39.61377713","-81.27398636",OH,,,L. HAMILTON # 1 1,RESERVE EXPLORATION CO.,12/2/1981,,OG_R,oil_gasshow,,Production Well,https://wellwiki.org/wiki/34-111-22642,,"1909735"
34-111-23115,"23115","39.63618233","-81.06550042",OH,,,G. W. DYE     6-M 6-M,VICTOR PETROLEUM CORP.,,,ER_R,ex_permit,,Not Drilled,https://wellwiki.org/wiki/34-111-23115,,"1909736"
34-111-60352,"60352","39.58661374","-81.24994292",OH,,,MCCAULEY FREDERICK     1 1,MCCAULEY OIL & GAS CO.,2/1/1932,,OG_R,pl_gas,,Plugged,https://wellwiki.org/wiki/34-111-60352,,"1909737"
34-111-60506,"60506","39.63971058","-81.27137891",OH,,,NIEB FREDERICK SR 5 5,NIEB FARM OIL & GAS CO.,1/1/1900,,OG_R,pl_oil_gas,,Plugged,https://wellwiki.org/wiki/34-111-60506,,"1909738"
34-111-61410,"61410","39.7603971","-81.08434519",OH,,,BOTTS LD 2 2,SUGAR TREE OIL CO.,1/1/1900,,OG_R,pl_oil,,Plugged,https://wellwiki.org/wiki/34-111-61410,,"1909739"
34-111-61430,"61430","39.77339113","-81.05770129",OH,,,REASBECK LUCETTA F 13 13,H. B. WALKER AND CO.,5/1/1919,,OG_R,pl_oil_gas,,Plugged,https://wellwiki.org/wiki/34-111-61430,,"1909740"
34-111-63361,"63361","39.63523689","-81.05740563",OH,,, ,,1/1/1900,,UN_R,pl_oil,,Plugged,https://wellwiki.org/wiki/34-111-63361,,"1909741"
34-111-64575,"64575","39.66326432","-81.16704188",OH,,,DELAPLAINE WA     12 12,N. V.V. FRANCHOT,1/1/1900,,OG_R,pl_oil,,Plugged,https://wellwiki.org/wiki/34-111-64575,,"1909742"
34-115-21637,"21637","39.6898826","-81.65818425",OH,,,JOHN PHILLIS # 1 1,SPENCER RESOURCES INC.,5/4/1978,,OG_R,dry,,Orphaned / Abandoned / Unverified Plug,https://wellwiki.org/wiki/34-115-21637,,"1909743"
34-115-21869,"21869","39.60459621","-81.81186328",OH,,,MORROW # 1 1,W. J. LYDIC INC.,10/2/1979,,OG_R,pl_gas,,Plugged,https://wellwiki.org/wiki/34-115-21869,,"1909744"
34-115-21957,"21957","39.5461367","-81.88971038",OH,,,WILSON     # 5 5,WILLISTON OIL & DEVELOPMENT CORP.,,,OG_R,ex_permit,,Not Drilled,https://wellwiki.org/wiki/34-115-21957,,"1909745"
34-115-22427,"22427","39.63290421","-81.9348966",OH,,,MCCONKEY #4 4,GREAT NATIONAL CORPORATION,5/7/1981,,OG_R,oil_gas,,Production Well,https://wellwiki.org/wiki/34-115-22427,,"1909746"
34-075-60292,"60292","40.49669184","-82.01130299",OH,,, ,,1/1/1900,,UN_R,ex_permit,,Not Drilled,https://wellwiki.org/wiki/34-075-60292,,"1909747"
34-115-22927,"22927","39.63701551","-81.80625303",OH,,,BARNETT UNIT     3 3,O'NEAL PETROLEUM INC.,11/15/1982,,OG_R,pl_oil_gas,,Plugged,https://wellwiki.org/wiki/34-115-22927,,"1909748"
34-115-23083,"23083","39.6403974","-81.80707166",OH,,,BARNETT-BARNES-WORTMAN UNIT     4 4,STONEBRIDGE OPERATING CO,12/21/1982,,OG_R,pl_oil_gas,,Plugged,https://wellwiki.org/wiki/34-115-23083,,"1909749"
34-115-23338,"23338","39.70575956","-81.68248224",OH,,,DRUMMOND C W # 1 1,REDMAN OIL CO. INC.,1/11/1984,,OG_R,pl_oil_gas,,Plugged,https://wellwiki.org/wiki/34-115-23338,,"1909750"
34-115-23504,"23504","39.74106555","-81.84970111",OH,,,W. WILLIAMS # 7 7,GEM ENERGY CORP.,2/1/1984,,OG_R,oil_gas,,Production Well,https://wellwiki.org/wiki/34-115-23504,,"1909751"
34-115-62912,"62912","39.76355262","-81.98037295",OH,,,WILLIAMS WF 5 5,PURE OIL CO.,1/1/1900,,OG_R,pl_oil,,Plugged,https://wellwiki.org/wiki/34-115-62912,,"1909752"
34-117-20013,"20013","40.58620176","-82.90846894",OH,,,W.E. SCHMELZER 1 1,C. E. THOMPSON,8/24/1961,,OG_R,dry,,Orphaned / Abandoned / Unverified Plug,https://wellwiki.org/wiki/34-117-20013,,"1909753"
34-117-20227,"20227","40.486537","-82.84723925",OH,,,COOPER CARL & ANN 2 2,CAVALIER OIL CO,9/21/1963,,OG_R,dry,,Orphaned / Abandoned / Unverified Plug,https://wellwiki.org/wiki/34-117-20227,,"1909754"
34-117-20412,"20412","40.5109386","-82.86000387",OH,,,AULD J & J 2 2,BILL D. VAUGHT,1/4/1964,,OG_R,dry,,Orphaned / Abandoned / Unverified Plug,https://wellwiki.org/wiki/34-117-20412,,"1909755"
34-117-20614,"20614","40.50933917","-82.88089633",OH,,,HOBBS G RILEY 2 2,KEMMERLY-LOFFLAND-BASORE,2/3/1964,,OG_R,pl_oil,,Plugged,https://wellwiki.org/wiki/34-117-20614,,"1909756"
34-117-21744,"21744","40.56131902","-82.8034195",OH,,,MORROW CO INFIRMARY 1 1,BLAIR & MORSE INC.,5/30/1964,,OG_R,dry,,Orphaned / Abandoned / Unverified Plug,https://wellwiki.org/wiki/34-117-21744,,"1909757"
34-117-22396,"22396","40.61515145","-82.85631808",OH,,,LEPP J 2 2,SANDS OIL CORP.,2/25/1965,,OG_R,dry,,Orphaned / Abandoned / Unverified Plug,https://wellwiki.org/wiki/34-117-22396,,"1909758"
34-117-23572,"23572","40.55795913","-82.75756609",OH,,,GRAHAM ET AL # 1 1,BROCK ENERGY CORP.,4/9/1985,,OG_R,pl_oil_gas,,Plugged,https://wellwiki.org/wiki/34-117-23572,,"1909759"
34-117-24230,"24230","40.6166474","-82.81516245",OH,,,REDMOND     2 2,FISHBURN PRODUCING INC,7/25/2011,,OG_R,pl_oilshow,,Plugged,https://wellwiki.org/wiki/34-117-24230,,"1909760"
34-119-20066,"20066","40.05572695","-82.0140429",OH,,,ELLIS COAL CO 1 1,G E GREEN,,,OG_R,dry_gasshow,,Orphaned / Abandoned / Unverified Plug,https://wellwiki.org/wiki/34-119-20066,,"1909761"
34-119-21617,"21617","40.01455925","-81.86942795",OH,,,W. & D. WINEGARDNER 1 1-B,BARCO CORPORATION,6/17/1959,,OG_R,dry_gasshow,,Orphaned / Abandoned / Unverified Plug,https://wellwiki.org/wiki/34-119-21617,,"1909762"
34-119-22080,"22080","40.08754234","-81.79041776",OH,,,WHITE  CHARLESTON 1 1,DUCHSCHERER & ASSOCIATES INC.,5/27/1969,,OG_R,pl_oil_gas,,Plugged,https://wellwiki.org/wiki/34-119-22080,,"1909763"
34-119-22135,"22135","40.02471555","-81.80087925",OH,,,ALPINE FARMS # J-1 J-1,OXFORD OIL CO.,7/17/1969,,SW_R,pl_injection,,Plugged,https://wellwiki.org/wiki/34-119-22135,,"1909764"
34-119-23849,"23849","39.78665061","-81.77992492",OH,,,MILLER UNIT     1-MC 1-MC,GUERNSEY PETROLEUM CORP.,11/19/1976,,OG_R,oil_gas,,Production Well,https://wellwiki.org/wiki/34-119-23849,,"1909765"
34-119-24493,"24493","39.78431128","-81.81173134",OH,,,OHIO POWER 25 25,WILLISTON OIL & DEVELOPMENT CORP.,11/20/1978,,OG_R,oil_gas,,Production Well,https://wellwiki.org/wiki/34-119-24493,,"1909766"
34-119-24797,"24797","39.95387024","-82.15457955",OH,,,M. R. GERMAN # 1 1,PORTER BROTHERS,6/7/1979,,OG_R,pl_gas,,Plugged,https://wellwiki.org/wiki/34-119-24797,,"1909767"
34-119-25074,"25074","40.10375817","-82.15083021",OH,,,WAYNE & CAROLYN GRAHAM # 1A 1-A,HOPCO RESOURCES INC.,1/9/1980,,OG_R,oil_gasshow,,Production Well,https://wellwiki.org/wiki/34-119-25074,,"1909768"
34-119-25431,"25431","39.91251834","-81.76093962",OH,,,FRICK     2 2,G-R CONTRACTING INC,1/19/1982,,OG_R,pl_oil_gas,,Plugged,https://wellwiki.org/wiki/34-119-25431,,"1909769"
34-119-25686,"25686","39.8593135","-82.1513265",OH,,,CARSON HARKNESS # 1 1,L.A. MOORE & SON INC.,6/2/1981,,OG_R,oil_gas,,Production Well,https://wellwiki.org/wiki/34-119-25686,,"1909770"
34-119-25754,"25754","39.85970549","-82.07695822",OH,,,PHILO P-15 P-15,WBC EXPLORATION & DEV. INC.,,,OG_R,ex_permit,,Not Drilled,https://wellwiki.org/wiki/34-119-25754,,"1909771"
34-119-26265,"26265","39.7732792","-81.9346832",OH,,,SHAFER # 2 2,LOMAK PET. INC.,4/22/1982,,OG_R,pl_gas,,Plugged,https://wellwiki.org/wiki/34-119-26265,,"1909772"
34-119-27636,"27636","39.97348451","-81.81402559",OH,,,ANDERSON D     3 3,NORTHWOOD ENERGY CORP,11/24/1990,,OG_R,oil_gas,,Production Well,https://wellwiki.org/wiki/34-119-27636,,"1909773"
34-119-60036,"60036","39.83425599","-81.9517644",OH,,,PYATT RALPH 1 1,LUPHER DRILLING,1/1/1900,,OG_R,dry,,Orphaned / Abandoned / Unverified Plug,https://wellwiki.org/wiki/34-119-60036,,"1909774"
34-119-60634,"60634","39.81101731","-81.90042474",OH,,,RUSH BROTHERS 1 1,ATHA OIL CO,1/1/1900,,OG_R,dry,,Orphaned / Abandoned / Unverified Plug,https://wellwiki.org/wiki/34-119-60634,,"1909775"
34-121-22055,"22055","39.80939933","-81.46091664",OH,,,MCWILLIAMS # 2-ME 2-ME,GUERNSEY PETROLEUM CORP.,5/15/1978,,OG_R,dry_oilgas_show,,Orphaned / Abandoned / Unverified Plug,https://wellwiki.org/wiki/34-121-22055,,"1909776"
34-121-22292,"22292","39.61133705","-81.3234308",OH,,,ORANGE COAL COMPANY     # 1 1,NEIHART EXPLORATION & DEVELOPMENT CO.,,,OG_R,ex_permit,,Not Drilled,https://wellwiki.org/wiki/34-121-22292,,"1909777"
34-121-22584,"22584","39.59665328","-81.52087765",OH,,,CARREL WAYNE 4,APPALACHIAN PETROLEUM CORPORATION,,,OG_R,ex_permit,,Not Drilled,https://wellwiki.org/wiki/34-121-22584,,"1909778"
34-121-22664,"22664","39.60158936","-81.38147903",OH,,,MITCHELL L. #1 1,SANTA FE DRILLING CO. INC.,10/14/1981,,OG_R,oil_gas,,Production Well,https://wellwiki.org/wiki/34-121-22664,,"1909779"
34-121-22816,"22816","39.70601095","-81.45888471",OH,,,D. NAU # 1 1,FREDERICK PETROLEUM CORP.,5/13/1982,,OG_R,gas_oilshow,,Production Well,https://wellwiki.org/wiki/34-121-22816,,"1909780"
34-121-23250,"23250","39.60963017","-81.57415872",OH,,,DOROTHY MINCKS # 1 1,BERRESFORD ENTERPRISES INC.,,,OG_R,ex_permit,,Not Drilled,https://wellwiki.org/wiki/34-121-23250,,"1909781"
34-121-61821,"61821","39.59407834","-81.48336434",OH,,,MURRAY JOHN W 1 1,BEASON AND ATHEY CO,1/1/1900,,OG_R,pl_oil_gas,,Plugged,https://wellwiki.org/wiki/34-121-61821,,"1909782"
34-127-20303,"20303","39.79096336","-82.18650012",OH,,,TAGUE JOHN 1 1,B.G. DAVIS ET AL,8/4/1941,,OG_R,dry,,Orphaned / Abandoned / Unverified Plug,https://wellwiki.org/wiki/34-127-20303,,"1909783"
34-127-20317,"20317","39.6761599","-82.32515306",OH,,,POLING W T 2 2,HOOVER OIL CO.,7/15/1941,,OG_R,dry_oilshow,,Orphaned / Abandoned / Unverified Plug,https://wellwiki.org/wiki/34-127-20317,,"1909784"
34-127-20882,"20882","39.79254579","-82.35321275",OH,,,JAMES WE ET AL 2 2,DON MCKEE DRLG. CO.,11/9/1946,,OG_R,pl_gas,,Plugged,https://wellwiki.org/wiki/34-127-20882,,"1909785"
34-127-20903,"20903","39.66761719","-82.0797887",OH,,,RIDGERS ADDIE 1 1,OHIO FUEL,3/12/1947,,OG_R,pl_gas,,Plugged,https://wellwiki.org/wiki/34-127-20903,,"1909786"
34-127-21855,"21855","39.85415909","-82.28400511",OH,,,IVES MARY PARKS 1 1,L.L. DITTOE LEASES,6/15/1957,,OG_R,dry,,Orphaned / Abandoned / Unverified Plug,https://wellwiki.org/wiki/34-127-21855,,"1909787"
34-127-23255,"23255","39.68636668","-82.23441314",OH,,,GOOD DAVID ET AL 1-A 1-A,KENTUCKY DRLG. & OPERATING CORP.,11/27/1972,,OG_R,dry,,Orphaned / Abandoned / Unverified Plug,https://wellwiki.org/wiki/34-127-23255,,"1909788"
34-127-24983,"24983","39.73270526","-82.29198325",OH,,,WOLFE     1 1,WOLFE PERRY T,4/21/1981,,OG_R,pl_oil_gas,,Plugged,https://wellwiki.org/wiki/34-127-24983,,"1909789"
34-127-25482,"25482","39.8885569","-82.26373561",OH,,,MILLER # B1 1,HOPCO RESOURCES INC.,2/10/1982,,OG_R,pl_gas_oilshow,,Plugged,https://wellwiki.org/wiki/34-127-25482,,"1909790"
34-127-26992,"26992","39.76528736","-82.39118345",OH,,,BIGHAM-STRAIT UNIT # 1 1,HOPEWELL OIL & GAS DEV. CO.,,,OG_R,ex_permit,,Not Drilled,https://wellwiki.org/wiki/34-127-26992,,"1909791"
34-127-60311,"60311","39.56677424","-82.1692449",OH,,,TRIMMER CHARLES E 6 6,OHIO FUEL GAS CO.,1/1/1900,,OG_R,pl_oil_gasshow,,Plugged,https://wellwiki.org/wiki/34-127-60311,,"1909792"
34-127-60547,"60547","39.59335191","-82.23771556",OH,,,BARNEY-BOLT & GARDNER CO 6 6,ZANESVILLE TOOL & SUPPLY CO.,1/1/1900,,OG_R,dry,,Orphaned / Abandoned / Unverified Plug,https://wellwiki.org/wiki/34-127-60547,,"1909793"
34-127-63123,"63123","39.57570377","-82.08922825",OH,,,LETT # 22 22,C. Z. RUTH,1/3/1944,,OG_R,pl_oil_gas,,Plugged,https://wellwiki.org/wiki/34-127-63123,,"1909794"
34-127-63224,"63224","39.70022644","-82.21832847",OH,,,KING WA 2 2,PURE OIL CO.,1/1/1900,,OG_R,dry,,Orphaned / Abandoned / Unverified Plug,https://wellwiki.org/wiki/34-127-63224,,"1909795"
34-127-63515,"63515","39.64990077","-82.10664104",OH,,,POWELL BAIRD BULLOCK & BERG 9 9,N. L. ALTIER & SONS,1/1/1900,,OG_R,pl_oil,,Plugged,https://wellwiki.org/wiki/34-127-63515,,"1909796"
34-133-21339,"21339","41.2180582","-81.20385054",OH,,,NEWBERGER     # 1 1,PARK OHIO INDUSTRIAL ENERGY INC.,1/30/1978,,OG_R,oil_gas,,Production Well,https://wellwiki.org/wiki/34-133-21339,,"1909797"
34-133-21349,"21349","41.10920473","-81.00973353",OH,,,ROGERS # 1 1,WARREN ENERGY INC.,2/15/1978,,OG_R,oil_gas,,Production Well,https://wellwiki.org/wiki/34-133-21349,,"1909798"
34-133-21448,"21448","40.99659517","-81.12658441",OH,,,HAISS # 1 1,VIKING RESOURCES CORP.,5/13/1978,,OG_R,oil_gas,,Production Well,https://wellwiki.org/wiki/34-133-21448,,"1909799"
34-133-21930,"21930","41.28012137","-81.19398589",OH,,,BURNETT 1,NUCORP ENERGY CO.,6/7/1979,,OG_R,oil_gas,,Production Well,https://wellwiki.org/wiki/34-133-21930,,"1909800"
34-133-22568,"22568","41.34592965","-81.01726006",OH,,,PRINCE     1 1,WRAY PETROLEUM CORPORATION,9/17/1981,,OG_R,oil_gas,,Production Well,https://wellwiki.org/wiki/34-133-22568,,"1909801"
34-133-22840,"22840","41.08221963","-81.0246732",OH,,,MCKENZIE # 5 4,NOBLE OIL CORP.,,,OG_R,ex_permit,,Not Drilled,https://wellwiki.org/wiki/34-133-22840,,"1909802"
34-133-23027,"23027","41.30098343","-81.34216688",OH,,,T. & N. INVESTMENT CO. COMM. # 1-341322 1,BELDEN & BLAKE CO,8/25/1983,,OG_R,oil_gas,,Production Well,https://wellwiki.org/wiki/34-133-23027,,"1909803"
34-133-23221,"23221","40.98915096","-81.18252878",OH,,,W. PITTMAN # 1 1,ACTION PETROLEUM INC.,5/12/1984,,OG_R,gas_oilshow,,Production Well,https://wellwiki.org/wiki/34-133-23221,,"1909804"
34-133-23381,"23381","41.02679291","-81.19754555",OH,,,RATLIFF UNIT # 1 1,PIPES PURSIE E.,5/21/1985,,OG_R,oil_gas,,Production Well,https://wellwiki.org/wiki/34-133-23381,,"1909805"
34-157-60214,"60214","40.22849634","-81.5467677",OH,,,MCFADDEN HARRY 1 1,OHIO FUEL GAS,1/1/1900,,OG_R,pl_gas,,Plugged,https://wellwiki.org/wiki/34-157-60214,,"1909806"
34-133-23676,"23676","41.07978593","-81.38168858",OH,,,WALSH # 1 1,PIPES PURSIE E.,8/12/1989,,OG_R,oil_gas,,Production Well,https://wellwiki.org/wiki/34-133-23676,,"1909807"
34-003-61938,"61938","40.77475549","-84.22794359",OH,,, ,,1/1/1900,,UN_R,pl_oil,,Plugged,https://wellwiki.org/wiki/34-003-61938,,"1909808"
34-133-24377,"24377","41.31945549","-81.38252366",OH,,,AURORA HILL     1 1,PIPES PURSIE E,12/17/2008,,OG_R,oil_gas,,Production Well,https://wellwiki.org/wiki/34-133-24377,,"1909809"
34-133-24404,"24404","41.04671515","-81.30793292",OH,,,M & L WOHLWEND     1-KA 1-KA,M & M ROYALTY LTD,12/1/2010,,OG_R,oil_gas,,Production Well,https://wellwiki.org/wiki/34-133-24404,,"1909810"
34-139-20315,"20315","40.79135128","-82.61151125",OH,,,NABER DAN 1 1,MANSFIELD OIL & DEVELOPMENT CO. INC.,8/26/1964,,OG_R,dry,,Orphaned / Abandoned / Unverified Plug,https://wellwiki.org/wiki/34-139-20315,,"1909811"
34-151-20220,"20220","40.7101964","-81.36225749",OH,,,FRY HAROLD 4 4,DALTON & HANNA (FRANK LYONS),,,OG_R,pl_gas,,Plugged,https://wellwiki.org/wiki/34-151-20220,,"1909812"
34-151-21656,"21656","40.78809098","-81.19379896",OH,,,LAWYER ROBERT D & DAWN 2 2,MANSFIELD DRILLING CO.,,,OG_R,ex_permit,,Not Drilled,https://wellwiki.org/wiki/34-151-21656,,"1909813"
34-151-21745,"21745","40.80377121","-81.23642848",OH,,,SCHMUCK H. 6,BELDEN & BLAKE & CO LIMITED PARTNERSHIP # 5A,12/29/1967,,OG_R,pl_oil_gas,,Plugged,https://wellwiki.org/wiki/34-151-21745,,"1909814"
34-151-23079,"23079","40.67423351","-81.35221251",OH,,,FRY HAROLD S     1 1,ENERVEST OPERATING LLC,12/10/1979,,OG_R,pl_gas,,Plugged,https://wellwiki.org/wiki/34-151-23079,,"1909815"
34-151-23613,"23613","40.9001535","-81.26159479",OH,,,MOUNTCASTLE 1 1,ZENITH EXPLORATION CO.,9/16/1981,,OG_R,oil_gas,,Production Well,https://wellwiki.org/wiki/34-151-23613,,"1909817"
34-151-25409,"25409","40.84187871","-81.29037206",OH,,,WASSON     2 2,GREAT LAKES ENERGY PTNSHP LLC,2/7/2005,,OG_R,oil_gas,,Production Well,https://wellwiki.org/wiki/34-151-25409,,"1909818"
34-151-25460,"25460","40.81450888","-81.62781887",OH,,,ROHR     2 2,GREAT LAKES ENERGY PTNSHP LLC,,,OG_R,ex_permit,,Not Drilled,https://wellwiki.org/wiki/34-151-25460,,"1909819"
34-151-25806,"25806","40.87003114","-81.17714264",OH,,,MASON UNIT     4 4,ENERVEST OPERATING L,9/20/2012,,OG_R,oil_gas,,Production Well,https://wellwiki.org/wiki/34-151-25806,,"1909820"
34-151-60051,"60051","40.77093148","-81.40953214",OH,,,ASHLAND OIL  #GS-2 G.S. 2,ASHLAND OIL & REFINING CO,5/12/1960,,GS_R,storage,,Injection / Storage / Service,https://wellwiki.org/wiki/34-151-60051,,"1909821"
34-151-60368,"60368","40.86466243","-81.4371626",OH,,,KENT STATE UNIVERSITY     1-1372 1-1372,E.O.G. CO.,1/1/1900,,GS_R,storage,,Injection / Storage / Service,https://wellwiki.org/wiki/34-151-60368,,"1909822"
34-153-20017,"20017","40.91019099","-81.51714456",OH,,,DAILY C (P SCHEMBECHLER MINERAL RIGHTS) 1 1,WILLIS BACON & CLAUDE BETTLER,5/3/1937,,OG_R,dry_gasshow,,Orphaned / Abandoned / Unverified Plug,https://wellwiki.org/wiki/34-153-20017,,"1909823"
34-153-20057,"20057","41.02241228","-81.68673697",OH,,,SEIBERLING CARMON 1 1,J.C. STEINER,9/11/1944,,OG_R,dry_oilgas_show,,Orphaned / Abandoned / Unverified Plug,https://wellwiki.org/wiki/34-153-20057,,"1909824"
34-153-21177,"21177","41.03174072","-81.6695893",OH,,,DAVIS S     3 3,APPALACHIAN EXPLORATION INC.,12/15/1982,,OG_R,pl_oil_gas,,Plugged,https://wellwiki.org/wiki/34-153-21177,,"1909825"
34-153-21421,"21421","41.08562208","-81.5929099",OH,,,HANLA UNIT # 1 1,WALDRON DAVID A.,7/16/1983,,OG_R,oil_gas,,Production Well,https://wellwiki.org/wiki/34-153-21421,,"1909826"
34-153-22417,"22417","40.93050989","-81.43072107",OH,,,BLAINE # 1 1,BRANNEY OPERATING CO INC.,1/26/1988,,OG_R,oil_gas,,Production Well,https://wellwiki.org/wiki/34-153-22417,,"1909827"
34-153-22538,"22538","41.05033743","-81.53861549",OH,,,EKUS-DUNN UNIT     1 1,ENERVEST OPERATING LLC,1/3/1991,,OG_R,pl_oil_gas,,Plugged,https://wellwiki.org/wiki/34-153-22538,,"1909828"
34-155-20788,"20788","41.37007396","-80.99507091",OH,,,SPANGLER RAY     1 1,INLAND DRILLING CO. INC.,7/15/1978,,OG_R,pl_oil_gas,,Plugged,https://wellwiki.org/wiki/34-155-20788,,"1909829"
34-155-21082,"21082","41.36099649","-80.96230673",OH,,,EIERMANN 1 LEON     1 1,BOIS D' ARC CORP.,3/9/1979,,OG_R,gas_oilshow,,Production Well,https://wellwiki.org/wiki/34-155-21082,,"1909830"
34-155-21225,"21225","41.34062945","-80.96861076",OH,,,TOTH-ANDERSON     2 2,PYRAMID OIL & GAS CO.,,,OG_R,ex_permit,,Not Drilled,https://wellwiki.org/wiki/34-155-21225,,"1909831"
34-155-21408,"21408","41.35859697","-80.67435869",OH,,,BOYAZIS # 2 2,OHIO OIL & GAS,5/7/1980,,OG_R,pl_gas,,Plugged,https://wellwiki.org/wiki/34-155-21408,,"1909832"
34-155-23443,"23443","41.17482099","-80.81845738",OH,,,GIFFORD-LYNTZ # 2 2,GM / ENERGY SUPPLY DIVISION,10/29/1991,,OG_R,oil_gas,,Production Well,https://wellwiki.org/wiki/34-155-23443,,"1909833"
34-155-23691,"23691","41.2269036","-80.57047481",OH,,,STRIMBU     2 2,D & L ENERGY INC,4/4/1999,,OG_R,gas_oilshow,,Production Well,https://wellwiki.org/wiki/34-155-23691,,"1909834"
34-155-23905,"23905","41.31483579","-80.53857849",OH,,,O'BRIEN     1 1,COBRA RESOURCES LLC,,,OG_R,ex_permit,,Not Drilled,https://wellwiki.org/wiki/34-155-23905,,"1909835"
34-157-21758,"21758","40.28277337","-81.50363511",OH,,,CARRUTHERS R. 1,LENHART & BENNETT,1/8/1973,,OG_R,gas_oilshow,,Production Well,https://wellwiki.org/wiki/34-157-21758,,"1909836"
34-157-22698,"22698","40.54884613","-81.37801864",OH,,,TRAILS DEV CO #1 1,MB OPERATING CO. INC.,11/10/1976,,OG_R,oil_gas,,Production Well,https://wellwiki.org/wiki/34-157-22698,,"1909837"
34-157-23436,"23436","40.34830215","-81.36316468",OH,,,H & L BURDETTE # 2 2,HADDAD & BROOKS INC.,10/6/1994,,OG_R,pl_oil_gas,,Plugged,https://wellwiki.org/wiki/34-157-23436,,"1909838"
34-157-23546,"23546","40.23809085","-81.52511505",OH,,,STEINER-HROMETZ     2 2,AW TIPKA OIL & GAS INC,7/8/1995,,OG_R,pl_gas,,Plugged,https://wellwiki.org/wiki/34-157-23546,,"1909839"
34-157-23562,"23562","40.61509329","-81.53204476",OH,,,SAM AMISTADI # 1 1,LAKE REGION OIL INC.,12/13/1980,,OG_R,oil_gas,,Production Well,https://wellwiki.org/wiki/34-157-23562,,"1909840"
34-157-23732,"23732","40.59581264","-81.54719787",OH,,,THOMAS & HENSEL # 2 2,RED HILL DEVELOPMENT,6/1/1982,,OG_R,oil_gas,,Production Well,https://wellwiki.org/wiki/34-157-23732,,"1909841"
34-157-23927,"23927","40.46524262","-81.29586391",OH,,,W. CRUM # 4 4,MUTUAL OIL & GAS CO.,12/8/1983,,OG_R,oil_gas,,Production Well,https://wellwiki.org/wiki/34-157-23927,,"1909842"
34-157-24280,"24280","40.2541715","-81.49761278",OH,,,RUTH CARRUTHERS # 11-A 11-A,ATWOOD RESOURCES INC.,6/17/1985,,OG_R,dry,,Orphaned / Abandoned / Unverified Plug,https://wellwiki.org/wiki/34-157-24280,,"1909843"
34-157-24731,"24731","40.61678471","-81.48025632",OH,,,RICHARDS # 1 1,HAMMOND W ENTERPRISES INC.,11/14/1989,,OG_R,oil_gas,,Production Well,https://wellwiki.org/wiki/34-157-24731,,"1909844"
34-161-20017,"20017","40.77987096","-84.45582735",OH,,,CITY STREET NO NAME 1 1,CITY VENEDOCIA,,,OG_R,pl_oil,,Plugged,https://wellwiki.org/wiki/34-161-20017,,"1909845"
34-163-20514,"20514","39.31488133","-82.42206612",OH,,,HAROLD CROW # 4 4,OHIO HYDROCARBONS INC.,,,OG_R,ex_permit,,Not Drilled,https://wellwiki.org/wiki/34-163-20514,,"1909846"
34-163-60199,"60199","39.24899684","-82.670132",OH,,,MAXWELL ASA 1 1,OFS,1/1/1900,,OG_R,dry,,Orphaned / Abandoned / Unverified Plug,https://wellwiki.org/wiki/34-163-60199,,"1909847"
34-163-60300,"60300","39.32217967","-82.56856067",OH,,,WESCOAT JOHN Z 1 1,,1/1/1900,,OG_R,dry,,Orphaned / Abandoned / Unverified Plug,https://wellwiki.org/wiki/34-163-60300,,"1909848"
34-163-60631,"60631","39.23611707","-82.58494974",OH,,,MARTINDILL C O 1 1,O F G,1/1/1900,,OG_R,pl_oil_gas,,Plugged,https://wellwiki.org/wiki/34-163-60631,,"1909849"
34-167-20807,"20807","39.50271795","-81.37374941",OH,,,LAUER ANNA & ALBERT 12 12,BIEHL & BIEHL OIL CO,6/1/1948,,OG_R,dry,,Orphaned / Abandoned / Unverified Plug,https://wellwiki.org/wiki/34-167-20807,,"1909852"
34-167-22133,"22133","39.50590455","-81.38993472",OH,,,BIEHL IVA D 1 1,RIEHL DRILLING CO.,10/28/1956,,OG_R,dry_oilshow,,Orphaned / Abandoned / Unverified Plug,https://wellwiki.org/wiki/34-167-22133,,"1909853"
34-167-22219,"22219","39.58334758","-81.32538531",OH,,,HENDERSHOTT GM 27 27,BARRON KIDD,10/1/1957,,OG_R,pl_oil,,Plugged,https://wellwiki.org/wiki/34-167-22219,,"1909854"
34-167-22524,"22524","39.52986051","-81.53887578",OH,,,JARRELL HE & GRACE A-1,O.A. VESS ETAL,11/1/1961,,OG_R,oil_gas,,Production Well,https://wellwiki.org/wiki/34-167-22524,,"1909855"
34-167-24006,"24006","39.38300879","-81.663003",OH,,,WALLS 1,WINSTON OIL CO.,12/2/1977,,OG_R,oil_gas,,Production Well,https://wellwiki.org/wiki/34-167-24006,,"1909856"
34-167-24369,"24369","39.36264455","-81.33812121",OH,,,THORNILEY C. #3B 3-B,C.W. RIGGS INC.,11/24/1978,,OG_R,oil_gas,,Production Well,https://wellwiki.org/wiki/34-167-24369,,"1909857"
34-167-24767,"24767","39.53274088","-81.20041061",OH,,,WILBER RINARD # 1 1,SHIELD DRILLING CO.,2/22/1980,,OG_R,oil_gas,,Production Well,https://wellwiki.org/wiki/34-167-24767,,"1909858"
34-167-25370,"25370","39.46795222","-81.16562521",OH,,,USA # 1 1,NEIHART EXPLORATION & DEVELOPMENT CO.,6/20/1980,,OG_R,oil_gas,,Production Well,https://wellwiki.org/wiki/34-167-25370,,"1909859"
34-167-25606,"25606","39.60989269","-81.4081953",OH,,,HAAS GOLDIE     3 3,ARAPAHO VENTURES OF NEW YORK INC.,5/29/1980,,OG_R,oil_gasshow,,Production Well,https://wellwiki.org/wiki/34-167-25606,,"1909860"
34-167-26610,"26610","39.52934149","-81.09141302",OH,,,HACKATHORN LEWIS     2 2,SANDHILL ENERGY INC.,11/9/1981,,OG_R,oil_gas,,Production Well,https://wellwiki.org/wiki/34-167-26610,,"1909861"
34-167-27603,"27603","39.4362795","-81.70265927",OH,,,RALPH TEPE # 3 3,DOVER OIL CO.,,,OG_R,ex_permit,,Not Drilled,https://wellwiki.org/wiki/34-167-27603,,"1909862"
34-167-29761,"29761","39.56729831","-81.58851521",OH,,,MASON     2H 2H,PDC ENERGY INC,10/4/2015,,OG_R,oil_gas,,Plugged,https://wellwiki.org/wiki/34-167-29761,,"1909863"
34-167-61656,"61656","39.49141193","-81.42591951",OH,,,KUNTZ CHAS 3 3,BIG SIX OIL CO,10/1/1941,,OG_R,pl_oil,,Plugged,https://wellwiki.org/wiki/34-167-61656,,"1909864"
34-167-61894,"61894","39.55269008","-81.08623581",OH,,, ,,1/1/1900,,OG_R,dry,,Orphaned / Abandoned / Unverified Plug,https://wellwiki.org/wiki/34-167-61894,,"1909865"
34-167-62937,"62937","39.43485303","-81.28576942",OH,,,WHISTON 8 8,UNION WELL SUPPLY,1/1/1900,,OG_R,pl_oil,,Plugged,https://wellwiki.org/wiki/34-167-62937,,"1909866"
34-167-64859,"64859","39.55978122","-81.4691927",OH,,,THOS SAMUEL & BAY TE 14 14,NATIONAL SUPPLY CO.,1/1/1900,,OG_R,pl_oil,,Plugged,https://wellwiki.org/wiki/34-167-64859,,"1909867"
34-167-65321,"65321","39.58184744","-81.44179473",OH,,,RIPLEY LILLY A 30 30,MAURICE HOROWITZ,1/1/1900,,OG_R,pl_oil,,Plugged,https://wellwiki.org/wiki/34-167-65321,,"1909868"
34-167-65368,"65368","39.37991469","-81.50602186",OH,,,COOK JOHN 16 16,NORTHERN OIL CO.,1/1/1900,,OG_R,pl_oil,,Plugged,https://wellwiki.org/wiki/34-167-65368,,"1909869"
34-167-65658,"65658","39.49293556","-81.81378009",OH,,,RUSSELL JOHN M 5 5,BAKER & BODA,1/1/1900,,OG_R,pl_oil,,Plugged,https://wellwiki.org/wiki/34-167-65658,,"1909870"
34-169-20478,"20478","40.97000288","-81.72286397",OH,,,BENSINGER HERMAN 2 2,REGIONAL OIL & GAS CO.,12/1/1955,,OG_R,pl_gas_oilshow,,Plugged,https://wellwiki.org/wiki/34-169-20478,,"1909871"
34-169-21293,"21293","40.94969969","-81.97772315",OH,,,LOVINA PARMENTER # 4B 4-B,DALTON & HANNA CO.,2/13/1962,,OG_R,pl_oil_gas,,Plugged,https://wellwiki.org/wiki/34-169-21293,,"1909872"
34-169-21492,"21492","40.89761357","-81.99892114",OH,,,CRATER WILLIAM 1,OHIO FUEL GAS CO.,4/16/1920,,OG_R,pl_gas,,Plugged,https://wellwiki.org/wiki/34-169-21492,,"1909873"
34-169-21830,"21830","40.78860874","-82.02519989",OH,,,SIGLER D     1 1,JOHNSTON PET. CORP.,,,OG_R,ex_permit,,Not Drilled,https://wellwiki.org/wiki/34-169-21830,,"1909874"
34-169-23116,"23116","40.80128765","-81.6717544",OH,,,BLOSSER HARRY     1 1,LAKE REGION OIL INC,,,OG_R,pl_gas,,Plugged,https://wellwiki.org/wiki/34-169-23116,,"1909875"
34-169-23214,"23214","40.67800479","-81.83553667",OH,,,MILLER CHRIST     1 1,BERMAN J. SHAFER,2/10/1982,,OG_R,gas_oilshow,,Production Well,https://wellwiki.org/wiki/34-169-23214,,"1909876"
34-169-24058,"24058","40.95873224","-81.71359335",OH,,,BARAT     1 1,WALDRON DAVID A & ASSOC. INC.,10/17/1985,,OG_R,pl_gas,,Plugged,https://wellwiki.org/wiki/34-169-24058,,"1909877"
34-169-24668,"24668","40.87075373","-81.94875417",OH,,,TERRENCE EWING # 1 1,VIKING RESOURCES CORP.,8/11/1989,,OG_R,oil_gas,,Production Well,https://wellwiki.org/wiki/34-169-24668,,"1909878"
34-169-24853,"24853","40.8988865","-82.04222433",OH,,,PEACOCK     7 7,DERBY OPERATING CORP.,,,OG_R,ex_permit,,Not Drilled,https://wellwiki.org/wiki/34-169-24853,,"1909879"
34-169-25188,"25188","40.93898423","-81.92477582",OH,,,FETZER     2 2,,10/9/1997,,OG_R,oil_gas,,Production Well,https://wellwiki.org/wiki/34-169-25188,,"1909880"
34-169-60704,"60704","40.94392867","-82.05511413",OH,,,STARLEY W N 1 1,O. F. S.,1/1/1900,,OG_R,dry,,Orphaned / Abandoned / Unverified Plug,https://wellwiki.org/wiki/34-169-60704,,"1909881"
34-169-60723,"60723","40.94437134","-82.00300668",OH,,,MULLINEAS JNO C & DELL 1 1,MEDINA,10/6/1913,,OG_R,dry_gasshow,,Orphaned / Abandoned / Unverified Plug,https://wellwiki.org/wiki/34-169-60723,,"1909882"
34-169-60901,"60901","40.72498555","-81.96694358",OH,,," 1",,1/1/1900,,UN_R,dry,,Orphaned / Abandoned / Unverified Plug,https://wellwiki.org/wiki/34-169-60901,,"1909883"
34-173-61063,"61063","41.3368733","-83.6875812",OH,,,RIES FM 3 3,LLOYD MERCER,1/1/1900,,OG_R,pl_oil,,Plugged,https://wellwiki.org/wiki/34-173-61063,,"1909884"
34-173-61181,"61181","41.28545635","-83.5520505",OH,,,CARPENTER ROBERT (BATESON RICHARD)     2 2,LANDOWNER GRANT PROGRAM 2011,1/1/1900,,OG_R,pl_oil,,Plugged,https://wellwiki.org/wiki/34-173-61181,,"1909885"
34-005-22194,"22194","40.92016134","-82.16356219",OH,,,MCFADDEN MINNIE 15 15,DALE LINNABARY,10/4/1963,,OG_R,dry,,Orphaned / Abandoned / Unverified Plug,https://wellwiki.org/wiki/34-005-22194,,"1909886"
34-005-23627,"23627","41.03750754","-82.21363029",OH,,,ZIDANA HAWLEY # 4 4,JAMES R. SMAIL,,,OG_R,ex_permit,,Not Drilled,https://wellwiki.org/wiki/34-005-23627,,"1909887"
34-005-60204,"60204","40.7057179","-82.2771749",OH,,,HUMPHREY HS 1 1,O.F.G.,10/23/1921,,OG_R,pl_gas,,Plugged,https://wellwiki.org/wiki/34-005-60204,,"1909888"
34-005-60472,"60472","40.98578867","-82.2014885",OH,,,SHOEMAKER TE 1 1,O.F.S.,7/18/1921,,OG_R,dry,,Orphaned / Abandoned / Unverified Plug,https://wellwiki.org/wiki/34-005-60472,,"1909889"
34-005-61068,"61068","40.95933324","-82.33275889",OH,,,HARMON CLAYTON I 2 2,LOGAN,9/9/1927,,OG_R,dry,,Orphaned / Abandoned / Unverified Plug,https://wellwiki.org/wiki/34-005-61068,,"1909890"
34-005-61562,"61562","40.74843238","-82.29322733",OH,,,GRANER MARY E 1 1,O. F. G.,1/1/1900,,GS_R,storage,,Injection / Storage / Service,https://wellwiki.org/wiki/34-005-61562,,"1909891"
34-005-61574,"61574","40.73845771","-82.3065219",OH,,,MOWERS ED & FLORA 1 1,LOGAN,7/21/1913,,OG_R,pl_gas,,Plugged,https://wellwiki.org/wiki/34-005-61574,,"1909892"
34-007-21385,"21385","41.59303769","-80.8442429",OH,,,KENNETH BENTLEY # 1 1,P. O. I. ENERGY INC.,8/20/1980,,OG_R,pl_oil_gas,,Plugged,https://wellwiki.org/wiki/34-007-21385,,"1909893"
34-007-22026,"22026","41.90415021","-80.54646356",OH,,,F. SCHOR # 1 1,GEN. ELEC. ENERGY DEV.,,,OG_R,ex_permit,,Not Drilled,https://wellwiki.org/wiki/34-007-22026,,"1909894"
34-007-22482,"22482","41.83630297","-80.87795964",OH,,,BLASCO # 2 2,APPALACHIAN EXPL. INC.,,,OG_R,ex_permit,,Not Drilled,https://wellwiki.org/wiki/34-007-22482,,"1909895"
34-007-23526,"23526","41.82405274","-80.82300488",OH,,,MEAD # 1 1,APPALACHIAN EXPL INC,,,OG_R,ex_permit,,Not Drilled,https://wellwiki.org/wiki/34-007-23526,,"1909896"
34-007-24543,"24543","41.54549583","-80.63265596",OH,,,CLAY     6-K 6-K,ENERVEST OPERATING L,9/12/2012,,OG_R,pl_oil,,Plugged,https://wellwiki.org/wiki/34-007-24543,,"1909897"
34-009-20412,"20412","39.36042223","-81.92598424",OH,,,PARMITER JE 3 3,O.A. VESS,8/20/1940,,OG_R,pl_oil,,Plugged,https://wellwiki.org/wiki/34-009-20412,,"1909898"
34-009-20691,"20691","39.3734278","-81.99510879",OH,,,BEAN LENA L 16 16,CHAS. D. MOSHER ET AL,5/4/1944,,OG_R,dry,,Orphaned / Abandoned / Unverified Plug,https://wellwiki.org/wiki/34-009-20691,,"1909899"
34-009-21375,"21375","39.36838449","-82.21195465",OH,,,YOUNG GROVER 1 1,DAVID LAW,1/1/1961,,OG_R,pl_oil,,Plugged,https://wellwiki.org/wiki/34-009-21375,,"1909900"
34-009-21981,"21981","39.4171977","-81.88366605",OH,,,BLACK DIAMOND COAL CO. 3,FORAKER PRODUCING CO INC.,,,OG_R,ex_permit,,Not Drilled,https://wellwiki.org/wiki/34-009-21981,,"1909901"
34-009-22561,"22561","39.38248165","-81.99543273",OH,,,T & S & A & F WAGNER # 2 4,MAGNUM PET. CORP.,3/8/1982,,OG_R,oil_gas,,Production Well,https://wellwiki.org/wiki/34-009-22561,,"1909902"
34-009-23387,"23387","39.41206266","-81.84826408",OH,,,HARSHBERGER # 5 5,MANITOU EXPLORATION CO INC,,,OG_R,ex_permit,,Not Drilled,https://wellwiki.org/wiki/34-009-23387,,"1909903"
34-009-61695,"61695","39.44651216","-82.27906237",OH,,,LICK RUN COAL CO 1 1,GLENDALE OIL CO,1/1/1900,,OG_R,dry,,Orphaned / Abandoned / Unverified Plug,https://wellwiki.org/wiki/34-009-61695,,"1909904"
34-011-61052,"61052","40.60676025","-84.33826968",OH,,, ,,1/1/1900,,UN_R,dry,,Orphaned / Abandoned / Unverified Plug,https://wellwiki.org/wiki/34-011-61052,,"1909905"
34-011-61620,"61620","40.60382686","-84.38507706",OH,,, ,,1/1/1900,,UN_R,pl_oil,,Plugged,https://wellwiki.org/wiki/34-011-61620,,"1909906"
34-011-62010,"62010","40.55030922","-84.44866006",OH,,, ,,1/1/1900,,UN_R,oil_gas,,Production Well,https://wellwiki.org/wiki/34-011-62010,,"1909907"
34-011-63265,"63265","40.54284602","-84.42536553",OH,,,GORDON R B #1 3 3,OHIO OIL CO,,,OG_R,oil_gas,,Production Well,https://wellwiki.org/wiki/34-011-63265,,"1909908"
34-011-63363,"63363","40.52098918","-84.40845374",OH,,,KISHLER W G 3 3,OHIO OIL CO,,,OG_R,pl_oil,,Plugged,https://wellwiki.org/wiki/34-011-63363,,"1909909"
34-013-20109,"20109","39.93797723","-80.89023652",OH,,,RAMSEY EDNA & FULTON 1 1,SHORTS BROS.,1/1/1941,,OG_R,gas_oilshow,,Production Well,https://wellwiki.org/wiki/34-013-20109,,"1909910"
34-013-20318,"20318","39.88125636","-81.03920757",OH,,,RAVEN ROCK INC # 1 1,VIKING RESOURCES CORP.,2/17/1981,,OG_R,dry,,Orphaned / Abandoned / Unverified Plug,https://wellwiki.org/wiki/34-013-20318,,"1909911"
34-013-21355,"21355","39.98974993","-80.79163239",OH,,,WASSMANN UNIT A     2H 2H,XTO ENERGY INC.,,,OG_R,ex_permit,,Not Drilled,https://wellwiki.org/wiki/34-013-21355,,"1909912"
34-013-60033,"60033","40.13364998","-80.82395333",OH,,, ,,1/1/1900,,UN_R,dry,,Orphaned / Abandoned / Unverified Plug,https://wellwiki.org/wiki/34-013-60033,,"1909913"
34-013-60569,"60569","39.91027528","-81.23149028",OH,,,POULTON W C 1 1,,11/5/1904,,OG_R,pl_oil,,Plugged,https://wellwiki.org/wiki/34-013-60569,,"1909914"
34-013-60681,"60681","39.91936574","-81.22718846",OH,,,WINEMAN JOHN 1,,1/20/1904,,OG_R,pl_oil,,Plugged,https://wellwiki.org/wiki/34-013-60681,,"1909915"
34-019-21367,"21367","40.61883354","-81.1597894",OH,,,CRAMBLET 3,SUPERIOR PETROLEUM INC.,,,OG_R,ex_permit,,Not Drilled,https://wellwiki.org/wiki/34-019-21367,,"1909916"
34-019-21931,"21931","40.70511625","-81.15998775",OH,,,PEARCE UNIT     2 2,GREAT LAKES ENERGY PTNSHP LLC,3/23/2003,,OG_R,oil_gas,,Production Well,https://wellwiki.org/wiki/34-019-21931,,"1909917"
34-019-60240,"60240","40.60481461","-80.9089157",OH,,,MORROW J C 4 4,UNION GASOLINE & OIL,8/5/1943,,OG_R,dry,,Orphaned / Abandoned / Unverified Plug,https://wellwiki.org/wiki/34-019-60240,,"1909918"
34-019-60463,"60463","40.47105808","-80.99468773",OH,,,COLAR GEORGE B 5 5,SCOTT OIL & GAS CO,1/1/1900,,OG_R,pl_gas,,Plugged,https://wellwiki.org/wiki/34-019-60463,,"1909919"
34-029-21310,"21310","40.77279566","-80.96963026",OH,,,ELLYSON C #5 5,LANGASCO ENERGY CORP.,12/7/1986,,OG_R,gas_oilshow,,Production Well,https://wellwiki.org/wiki/34-029-21310,,"1909920"
34-029-21333,"21333","40.76614862","-80.96527036",OH,,,ELLYSON C #8 8,LANGASCO ENERGY CORP.,12/20/1986,,OG_R,gas_oilshow,,Production Well,https://wellwiki.org/wiki/34-029-21333,,"1909921"
34-029-60007,"60007","40.89472424","-80.93890025",OH,,,CARLIN KEZIAH 1 1,FAIRFIELD GAS CO,1/1/1900,,OG_R,pl_gas,,Plugged,https://wellwiki.org/wiki/34-029-60007,,"1909922"
34-029-60222,"60222","40.73077306","-80.70292943",OH,,,DOWD FRANK ,,1/1/1900,,OG_R,dry,,Orphaned / Abandoned / Unverified Plug,https://wellwiki.org/wiki/34-029-60222,,"1909923"
34-029-60424,"60424","40.86774212","-80.69679199",OH,,,ROLLER AC 1 1,WISCONSIN-OHO OIL CO,1/1/1900,,OG_R,pl_oil,,Plugged,https://wellwiki.org/wiki/34-029-60424,,"1909924"
34-029-60619,"60619","40.88111844","-80.70488442",OH,,,AMERICAN REALTY & SECURITY CO 1 1,WILLIAM A GREEN,1/1/1900,,OG_R,pl_oil,,Plugged,https://wellwiki.org/wiki/34-029-60619,,"1909925"
34-029-60667,"60667","40.83817893","-80.68546562",OH,,,FERRALL HH 1 1,L.A. HOFFMAN JR.,1/1/1900,,OG_R,dry,,Orphaned / Abandoned / Unverified Plug,https://wellwiki.org/wiki/34-029-60667,,"1909926"
34-029-61472,"61472","40.86654332","-81.06518807",OH,,,PAULI FRED 2 2,GEORGE KIEL,1/1/1900,,OG_R,pl_oil,,Plugged,https://wellwiki.org/wiki/34-029-61472,,"1909927"
34-029-61606,"61606","40.84936271","-81.00592137",OH,,, ,,1/1/1900,,UN_R,dry,,Orphaned / Abandoned / Unverified Plug,https://wellwiki.org/wiki/34-029-61606,,"1909928"
34-029-61976,"61976","40.64534653","-80.72013709",OH,,,WILSON FM 3 3,BOYCLE DRILLING CO,6/26/1920,,OG_R,dry,,Orphaned / Abandoned / Unverified Plug,https://wellwiki.org/wiki/34-029-61976,,"1909929"
34-029-62494,"62494","40.62231556","-80.64398355",OH,,,WELLS FLORENCE 2 2,C. S. PETERS & CO,1/1/1900,,OG_R,dry,,Orphaned / Abandoned / Unverified Plug,https://wellwiki.org/wiki/34-029-62494,,"1909930"
34-031-20393,"20393","40.31197869","-82.1478994",OH,,,TAYLOR     1 1,BRATTON ENERGY,1/3/1952,,OG_R,pl_oil_gas,,Plugged,https://wellwiki.org/wiki/34-031-20393,,"1909931"
34-031-21926,"21926","40.42074523","-82.0207091",OH,,,RITCHIE GARY 1 1,FRANK  W. HOOVER PRODUCER,3/1/1984,,OG_R,pl_oil_gas,,Plugged,https://wellwiki.org/wiki/34-031-21926,,"1909932"
34-031-22078,"22078","40.20856884","-82.05897898",OH,,,HUFF GLENN # 1 1,CLINTON OIL CO,12/11/1971,,OG_R,pl_gas_oilshow,,Plugged,https://wellwiki.org/wiki/34-031-22078,,"1909933"
34-031-22237,"22237","40.22117428","-81.71797199",OH,,,BAIRD #1 1,JERRY MOORE INC.,1/10/1974,,OG_R,oil_gas,,Production Well,https://wellwiki.org/wiki/34-031-22237,,"1909934"
34-031-22475,"22475","40.30933191","-81.68484882",OH,,,SEWELL RIVER COAL & LAND CORP. # 1 1,SEWELL RIVER COAL & LAND CORP.,,,OG_R,pl_gas_oilshow,,Plugged,https://wellwiki.org/wiki/34-031-22475,,"1909935"
34-031-22526,"22526","40.37752105","-82.15006578",OH,,,MWCD     1A 1,MIDWEST EXPLORATION INC.,11/30/1974,,OG_R,pl_oil_gas,,Plugged,https://wellwiki.org/wiki/34-031-22526,,"1909936"
34-031-23151,"23151","40.36704233","-81.9915073",OH,,,GEHRKE (JAD) 1,JADOIL INC.,8/4/1978,,OG_R,oil_gas,,Production Well,https://wellwiki.org/wiki/34-031-23151,,"1909937"
34-031-23820,"23820","40.35117342","-81.72118429",OH,,,STEIN & CUTSHALL 1,FLOYE E. KIMBLE DBA RED HILL DEVELOPMENT,2/26/1980,,OG_R,gas_oilshow,,Production Well,https://wellwiki.org/wiki/34-031-23820,,"1909938"
34-031-23918,"23918","40.27230195","-81.9256116",OH,,,STARCHER # 1 1,CYCLOPS CORP.,8/27/1980,,OG_R,gas_oilshow,,Production Well,https://wellwiki.org/wiki/34-031-23918,,"1909939"
34-031-24212,"24212","40.35921178","-81.94057975",OH,,,RONALD DAVIS # 1 1,LAKE REGION OIL INC.,2/21/1981,,OG_R,oil_gas,,Production Well,https://wellwiki.org/wiki/34-031-24212,,"1909940"
34-031-25876,"25876","40.33192072","-81.91706437",OH,,,CRAWFORD # 2 2,HOPCO RESOURCES INC.,11/4/1986,,OG_R,oil_gas,,Production Well,https://wellwiki.org/wiki/34-031-25876,,"1909941"
34-031-60070,"60070","40.34648839","-81.95766202",OH,,,STROME A& D 4 4,O.F.G.,1/1/1913,,OG_R,pl_oil,,Plugged,https://wellwiki.org/wiki/34-031-60070,,"1909942"
34-031-60228,"60228","40.44435619","-81.90651688",OH,,,FAIR L D 3 3,OHIO OIL CO,1/1/1900,,OG_R,pl_oil,,Plugged,https://wellwiki.org/wiki/34-031-60228,,"1909943"
34-031-60334,"60334","40.16855187","-81.71351702",OH,,,HAMILTON E 1 1,G. JEWELL,1/1/1900,,OG_R,dry,,Orphaned / Abandoned / Unverified Plug,https://wellwiki.org/wiki/34-031-60334,,"1909944"
34-035-20326,"20326","41.43622095","-81.8051984",OH,,,RULONG MICK (ROGERS ROBERT)     1 1,ROBERT ROGERS,,,OG_R,pl_gas,,Plugged,https://wellwiki.org/wiki/34-035-20326,,"1909945"
34-035-21191,"21191","41.61469897","-81.51974994",OH,,,MICHAEL HOSTELNIK # 1 1,ROWAN DRILLING,,,OG_R,pl_oil_gas,,Plugged,https://wellwiki.org/wiki/34-035-21191,,"1909946"
34-035-21410,"21410","41.33368134","-81.84602406",OH,,,ORBAN # 1,PETRO EVALUATION SERVICES,,,OG_R,pl_gas,,Plugged,https://wellwiki.org/wiki/34-035-21410,,"1909947"
34-035-21657,"21657","41.50829108","-81.49742572",OH,,,ACACIA COUNTRY CLUB     4-D 4-D,,5/21/1998,,OG_R,oil_gas,,Production Well,https://wellwiki.org/wiki/34-035-21657,,"1909948"
34-035-61263,"61263","41.52590739","-81.4078953",OH,,,"MLAKER, KATHERINE     1 1",,1/1/1900,,OG_R,pl_oil,,Plugged,https://wellwiki.org/wiki/34-035-61263,,"1909949"
34-041-20137,"20137","40.25258543","-82.87391961",OH,,,MALLERNCE-MORRIS UNIT 2 2,KIN-ARK OIL CO.,7/21/1964,,OG_R,dry,,Orphaned / Abandoned / Unverified Plug,https://wellwiki.org/wiki/34-041-20137,,"1909950"
34-041-20372,"20372","40.26234831","-82.83356627",OH,,,FISHER RICHARD     1 1,MFC DRILLING INC,,,OG_R,ex_permit,,Not Drilled,https://wellwiki.org/wiki/34-041-20372,,"1909951"
34-043-20126,"20126","41.2990169","-82.45505417",OH,,,SOVIAK  W     1 1,HUWER DRILLING,1/24/1986,,OG_R,pl_gas,,Plugged,https://wellwiki.org/wiki/34-043-20126,,"1909952"
34-045-20296,"20296","39.66518926","-82.39683116",OH,,,ANDREWS CURTIS & NORMA 1 1,ALTIER BROS. INC.,9/15/1960,,OG_R,pl_oil_gas,,Plugged,https://wellwiki.org/wiki/34-045-20296,,"1909953"
34-045-20423,"20423","39.69061244","-82.42640804",OH,,,MERCKLE  #6 6,WAVERLY OIL WORKS,8/9/1964,,OG_R,oil_gas,,Production Well,https://wellwiki.org/wiki/34-045-20423,,"1909954"
34-055-20100,"20100","41.4446502","-81.09750875",OH,,,RUMMEL-GINGERICH     1 1,LEW BATES JR.,9/8/1973,,OG_R,oil_gas,,Production Well,https://wellwiki.org/wiki/34-055-20100,,"1909956"
34-055-20381,"20381","41.51882307","-81.16552862",OH,,,DEL BALSO/SCHMITT UNIT # 2 2,PENN-OHIO INVESTMENT CORP,11/10/1982,,OG_R,oil_gas,,Production Well,https://wellwiki.org/wiki/34-055-20381,,"1909957"
34-153-60235,"60235","40.96542949","-81.51525869",OH,,, ,,1/1/1900,,UN_R,gas,,Production Well,https://wellwiki.org/wiki/34-153-60235,,"1909958"
34-055-21365,"21365","41.56109005","-81.04641228",OH,,,GALM UNIT # 1 2,FORTUNE OIL & GAS,3/8/1986,,OG_R,pl_oil_gas,,Plugged,https://wellwiki.org/wiki/34-055-21365,,"1909959"
34-059-20560,"20560","39.94128391","-81.40724132",OH,,,KEIFFER PAUL 1 1,EDGE WATER OIL CO.,3/7/1954,,OG_R,dry,,Orphaned / Abandoned / Unverified Plug,https://wellwiki.org/wiki/34-059-20560,,"1909960"
34-059-22026,"22026","40.04164544","-81.53601935",OH,,,J. WADE # 1 1,GASPRO INC.,9/27/1977,,OG_R,pl_gas,,Plugged,https://wellwiki.org/wiki/34-059-22026,,"1909961"
34-059-22695,"22695","39.94676533","-81.51597052",OH,,,ROGERS T.C. 1,POMINEX INC.,,,OG_R,ex_permit,,Not Drilled,https://wellwiki.org/wiki/34-059-22695,,"1909962"
34-059-22974,"22974","40.0197941","-81.5195771",OH,,,ADAM ETAL 1,ENTERPRISE ENERGY CORPORATION,,,OG_R,ex_permit,,Not Drilled,https://wellwiki.org/wiki/34-059-22974,,"1909963"
34-059-60158,"60158","40.05601708","-81.59009089",OH,,,MILLER GRACE B 1 1,OFG,7/25/1929,,OG_R,dry,,Orphaned / Abandoned / Unverified Plug,https://wellwiki.org/wiki/34-059-60158,,"1909964"
34-059-60309,"60309","39.98023832","-81.51517519",OH,,,HAGUE 1 1,CAMBRIDGE GLASS,1/1/1900,,OG_R,dry,,Orphaned / Abandoned / Unverified Plug,https://wellwiki.org/wiki/34-059-60309,,"1909965"
34-059-60512,"60512","40.19406266","-81.46284809",OH,,,BEAL JOHN 4 4,FEDERAL OIL & GAS CO.,11/15/1918,,OG_R,dry,,Orphaned / Abandoned / Unverified Plug,https://wellwiki.org/wiki/34-059-60512,,"1909966"
34-063-60308,"60308","41.10836823","-83.62270091",OH,,, ,,1/1/1900,,UN_R,oil_gas,,Production Well,https://wellwiki.org/wiki/34-063-60308,,"1909967"
34-063-62342,"62342","40.98153939","-83.75099247",OH,,,FOX AMOS 9 9,BRADFORD SUPPLY CO,1/1/1900,,OG_R,pl_oil,,Plugged,https://wellwiki.org/wiki/34-063-62342,,"1909968"
34-063-62420,"62420","41.00645989","-83.72852703",OH,,," 2",,1/1/1900,,UN_R,pl_oil,,Plugged,https://wellwiki.org/wiki/34-063-62420,,"1909969"
34-063-65804,"65804","40.86299779","-83.84297975",OH,,, ,,1/1/1900,,UN_R,pl_oil,,Plugged,https://wellwiki.org/wiki/34-063-65804,,"1909970"
34-067-21206,"21206","40.35977862","-81.05973025",OH,,,HELEN HALTER 23-11-5     8H (6H) 8H (6H),CHESAPEAKE EXPLORATION LLC,8/12/2013,,OG_R,oil_gas,,Production Well,https://wellwiki.org/wiki/34-067-21206,,"1909971"
34-067-21392,"21392","40.41698999","-81.10181667",OH,,,R ALAN 3-13-6     8H 8H,CHESAPEAKE EXPLORATION LLC,10/11/2014,,OG_R,oil_gas,,Production Well,https://wellwiki.org/wiki/34-067-21392,,"1909972"
34-067-21407,"21407","40.37600216","-80.9410733",OH,,,DULKOSKI 24-10-4     5 5,CHESAPEAKE EXPLORATION LLC,,,ST_R,ex_permit,,Not Drilled,https://wellwiki.org/wiki/34-067-21407,,"1909973"
34-067-61646,"61646","40.39744704","-81.09205791",OH,,," 3",,1/1/1900,,UN_R,pl_oil,,Plugged,https://wellwiki.org/wiki/34-067-61646,,"1909974"
34-069-20008,"20008","41.29919363","-83.9350051",OH,,,JL SWISHER & ROBERT SHIVELY 1 1,C. J. NEAL ETAL.,7/10/1944,,OG_R,dry_oilgas_show,,Orphaned / Abandoned / Unverified Plug,https://wellwiki.org/wiki/34-069-20008,,"1909975"
34-073-21005,"21005","39.57857845","-82.40763068",OH,,,SEXTON ROY     2 2,STEWART OIL CO.,9/1/1962,,OG_R,pl_oil_gas,,Plugged,https://wellwiki.org/wiki/34-073-21005,,"1909976"
34-073-21390,"21390","39.59623387","-82.4213974",OH,,,M FEATHEROLF 1,KENTUCKY DRILLING & OPER. CORP.,4/18/1969,,OG_R,oil_gas,,Production Well,https://wellwiki.org/wiki/34-073-21390,,"1909977"
34-073-21820,"21820","39.48536295","-82.25739094",OH,,,TUSSING-HUPRICH # 11 11,CARL M. POSTON,8/6/1975,,OG_R,oil_gas,,Production Well,https://wellwiki.org/wiki/34-073-21820,,"1909978"
34-073-21865,"21865","39.48741037","-82.25180339",OH,,,TUSSING - HUPRICH # 13 13,CARL M. POSTON,3/30/1976,,OG_R,oil_gas,,Production Well,https://wellwiki.org/wiki/34-073-21865,,"1909979"
34-073-22079,"22079","39.53950274","-82.36643078",OH,,,OXFORD FEE     2 2,OXFORD OIL,5/30/1978,,OG_R,pl_oil_gas,,Plugged,https://wellwiki.org/wiki/34-073-22079,,"1909980"
34-073-22343,"22343","39.58774686","-82.37119962",OH,,,TIMBERLAKE WAYNE & M     1 1,JAMES F. DIDDLE,,,OG_R,ex_permit,,Not Drilled,https://wellwiki.org/wiki/34-073-22343,,"1909981"
34-073-22658,"22658","39.58773377","-82.35984533",OH,,,HOWDYSHELL # 1 1,GREENLAND PET. CO.,,,OG_R,ex_permit,,Not Drilled,https://wellwiki.org/wiki/34-073-22658,,"1909982"
34-073-22661,"22661","39.62895133","-82.39313557",OH,,,STIVISON     1 1,GREENLAND PET. CO.,1/10/1983,,OG_R,pl_gas,,Plugged,https://wellwiki.org/wiki/34-073-22661,,"1909983"
34-073-22844,"22844","39.38652586","-82.559262",OH,,,JOHN SCHWAB # 1 1,OXI OIL CORP.,5/13/1983,,OG_R,oil_gas,,Production Well,https://wellwiki.org/wiki/34-073-22844,,"1909984"
34-073-22870,"22870","39.4855998","-82.38485121",OH,,,JOE L. & RUTH FUNK # 3 3,LUDCO INC.,9/22/1983,,OG_R,pl_oil_gas,,Plugged,https://wellwiki.org/wiki/34-073-22870,,"1909985"
34-073-23029,"23029","39.4095364","-82.44553184",OH,,,LANE # 1 1,GREENLAND PETROLEUM CO.,,,OG_R,ex_permit,,Not Drilled,https://wellwiki.org/wiki/34-073-23029,,"1909986"
34-073-61933,"61933","39.55297592","-82.23878204",OH,,,COBB & BRADLEY 12 12,NATIONAL SUPPLY CO.,1/1/1900,,OG_R,pl_oil,,Plugged,https://wellwiki.org/wiki/34-073-61933,,"1909987"
34-075-21314,"21314","40.61370902","-81.79926334",OH,,,KEIM AJ 1 1,TRANS-WORLD OIL CO,4/1/1965,,OG_R,pl_gas_oilshow,,Plugged,https://wellwiki.org/wiki/34-075-21314,,"1909988"
34-075-21814,"21814","40.54626876","-82.02826066",OH,,,ABE & SUSAN SCHLABACH # 1 1,VAUGHT OIL CO.,6/30/1975,,OG_R,pl_oil,,Plugged,https://wellwiki.org/wiki/34-075-21814,,"1909989"
34-075-25009,"25009","40.50296248","-81.92815239",OH,,,MEYERS-SHEPLERS # 1 1,BAKERWELL INC.,10/3/1991,,OG_R,gasshow,,Production Well,https://wellwiki.org/wiki/34-075-25009,,"1909990"
34-075-60151,"60151","40.55582075","-81.97642508",OH,,,CLOSE JESSIE P 2 2,EMPIRE,1/1/1900,,OG_R,oil_gas,,Production Well,https://wellwiki.org/wiki/34-075-60151,,"1909991"
34-075-60247,"60247","40.51708532","-82.04135063",OH,,,MCDOWELL WD 4 4,KILLBUCK & MILLERSBURG O&G CO.,1/1/1900,,OG_R,oil_gas,,Production Well,https://wellwiki.org/wiki/34-075-60247,,"1909992"
34-075-60747,"60747","40.58219486","-82.02956466",OH,,,SNYDER SR 1 1,COLUMBIA GAS,1/1/1900,,OG_R,pl_gas_oilshow,,Plugged,https://wellwiki.org/wiki/34-075-60747,,"1909993"
34-075-61152,"61152","40.49598124","-82.06864916",OH,,,CARVER CHARLES 1 1,O. F. G.,7/16/1929,,OG_R,pl_gas,,Plugged,https://wellwiki.org/wiki/34-075-61152,,"1909994"
34-075-61257,"61257","40.61889497","-82.06131713",OH,,,BAKER AMMON 1 1,O. F. S.,1/1/1900,,OG_R,dry,,Orphaned / Abandoned / Unverified Plug,https://wellwiki.org/wiki/34-075-61257,,"1909995"
34-089-61979,"61979","40.08179115","-82.33688804",OH,,, ,,1/1/1900,,OG_R,dry,,Orphaned / Abandoned / Unverified Plug,https://wellwiki.org/wiki/34-089-61979,,"1910030"
34-081-20302,"20302","40.40030796","-80.83000577",OH,,,PERKINS GERTRUDE 1 1,BLACKBURN & BLACKBURN,8/23/1955,,OG_R,dry_oilshow,,Orphaned / Abandoned / Unverified Plug,https://wellwiki.org/wiki/34-081-20302,,"1909996"
34-081-60270,"60270","40.29388434","-80.70444359",OH,,,ELENORA FELL & HEIRS 2 2,PETERS & HEATH,1/1/1900,,OG_R,dry,,Orphaned / Abandoned / Unverified Plug,https://wellwiki.org/wiki/34-081-60270,,"1909997"
34-081-60589,"60589","40.430027","-80.68939024",OH,,,MORRISON 9 9,W.C. KENNEDY AND CO.,1/1/1900,,OG_R,pl_oil_gas,,Plugged,https://wellwiki.org/wiki/34-081-60589,,"1909998"
34-081-61273,"61273","40.51877478","-80.69155531",OH,,,PITTENGER TG 7 7,H.T. COYLER,1/1/1912,,OG_R,pl_oil,,Plugged,https://wellwiki.org/wiki/34-081-61273,,"1909999"
34-081-61727,"61727","40.30758429","-80.64414446",OH,,,GEORGE 1 1,CHARLES E. PALMER,1/1/1900,,OG_R,dry,,Orphaned / Abandoned / Unverified Plug,https://wellwiki.org/wiki/34-081-61727,,"1910000"
34-083-20194,"20194","40.39354072","-82.24418183",OH,,,FRAZEE 5,ELKHEAD GAS & OIL CO.,8/9/1979,,OG_R,oil_gas,,Production Well,https://wellwiki.org/wiki/34-083-20194,,"1910001"
34-083-21263,"21263","40.33682795","-82.33141696",OH,,,CUNNINGHAM-DAVIS # 1 1,ALBERT DILORETO,11/25/1958,,OG_R,pl_oil,,Plugged,https://wellwiki.org/wiki/34-083-21263,,"1910002"
34-083-21369,"21369","40.42808509","-82.21271079",OH,,,BUSENBURG W A     1 1,ROY STEWART,8/30/1960,,OG_R,oil_gas,,Production Well,https://wellwiki.org/wiki/34-083-21369,,"1910003"
34-083-22190,"22190","40.30179095","-82.30676893",OH,,,C NOFFSINGER 1,LEW BATES JR.,8/22/1975,,OG_R,oil_gas,,Production Well,https://wellwiki.org/wiki/34-083-22190,,"1910004"
34-083-22551,"22551","40.271763","-82.30118601",OH,,,ORA JOHNSON     # 7 7,JERRY C. OLDS,11/7/1978,,OG_R,oil_gas,,Production Well,https://wellwiki.org/wiki/34-083-22551,,"1910005"
34-083-22772,"22772","40.47602884","-82.27121824",OH,,,DAVID & SHIRLEY WORKMAN # 2 2,MARAN ENERGY CO.,8/15/1980,,OG_R,oil_gas,,Production Well,https://wellwiki.org/wiki/34-083-22772,,"1910006"
34-083-24541,"24541","40.34147349","-82.29830678",OH,,,CLUTTER     5-B 5-B,HARDESTY PRODUCTION,12/15/2011,,OG_R,oil_gas,,Production Well,https://wellwiki.org/wiki/34-083-24541,,"1910007"
34-083-60312,"60312","40.5228278","-82.35333295",OH,,,WORKMAN JH 1 1,O.F.G.,11/25/1921,,OG_R,pl_gas,,Plugged,https://wellwiki.org/wiki/34-083-60312,,"1910008"
34-083-60820,"60820","40.34406106","-82.34713961",OH,,, ,,1/1/1900,,UN_R,dry,,Orphaned / Abandoned / Unverified Plug,https://wellwiki.org/wiki/34-083-60820,,"1910009"
34-083-62179,"62179","40.34393451","-82.44162104",OH,,,GORSUCH TB 2 2,O.F.S.,1/1/1900,,OG_R,pl_gas,,Plugged,https://wellwiki.org/wiki/34-083-62179,,"1910010"
34-085-20112,"20112","41.74063983","-81.2414551",OH,,,DIAMOND SHAMROCK COMPANY 36 36,,,,OG_R,dry,,Orphaned / Abandoned / Unverified Plug,https://wellwiki.org/wiki/34-085-20112,,"1910011"
34-085-20278,"20278","41.78146383","-81.19226119",OH,,,THE LUBRIZOL CORPORATION     IRC NO. O5 IRC NO. O5,IRC FIBERS CO.,4/27/1979,,OG_R,pl_gas,,Plugged,https://wellwiki.org/wiki/34-085-20278,,"1910012"
34-085-20344,"20344","41.76176288","-81.12827022",OH,,,SINES & SONS # 2 2,VIKING RESOURCES CORP.,10/4/1982,,OG_R,pl_gas,,Plugged,https://wellwiki.org/wiki/34-085-20344,,"1910013"
34-085-20803,"20803","41.75566669","-81.03233158",OH,,,SIDCO # 1 (2051) 1,CNG DEVELOPMENT CO,9/3/1985,,OG_R,gas_oilshow,,Production Well,https://wellwiki.org/wiki/34-085-20803,,"1910014"
34-085-60044,"60044","41.79443318","-81.06014672",OH,,,FOSTER 1 1,COMMERCIAL OIL & GAS,10/2/1920,,OG_R,pl_gas,,Plugged,https://wellwiki.org/wiki/34-085-60044,,"1910015"
34-087-20148,"20148","38.56996006","-82.47933459",OH,,,WHITE DEWEY E ETAL 1 1,OHIO FUEL GAS CO.,8/4/1952,,OG_R,dry_gasshow,,Orphaned / Abandoned / Unverified Plug,https://wellwiki.org/wiki/34-087-20148,,"1910016"
34-087-20358,"20358","38.47189261","-82.32565697",OH,,,DINGUS/GILLEN # 2 2,MARK RESOURCES CORP.,,,OG_R,ex_permit,,Not Drilled,https://wellwiki.org/wiki/34-087-20358,,"1910017"
34-087-60060,"60060","38.45476606","-82.356077",OH,,,ASH 1 1,F. & W. FRANKLIN & WOLFE,1/1/1900,,OG_R,gasshow,,Production Well,https://wellwiki.org/wiki/34-087-60060,,"1910018"
34-089-20991,"20991","40.23197427","-82.29248115",OH,,,KIDD J W 1 1,MID-EAST OIL CO.,3/5/1953,,OG_R,dry,,Orphaned / Abandoned / Unverified Plug,https://wellwiki.org/wiki/34-089-20991,,"1910019"
34-089-21572,"21572","39.98341915","-82.23820907",OH,,,GREGG HENRY H 1 1,OXFORD OIL CO,8/24/1957,,OG_R,oil_gas,,Production Well,https://wellwiki.org/wiki/34-089-21572,,"1910020"
34-089-21710,"21710","40.08886387","-82.22436975",OH,,,ROMINE MERRILL 1 1,CHARLES J. SEIBERT,12/30/1958,,OG_R,dry_gasshow,,Orphaned / Abandoned / Unverified Plug,https://wellwiki.org/wiki/34-089-21710,,"1910021"
34-089-22419,"22419","40.03744561","-82.317472",OH,,,HARRIS PAUL R 10 10,W. P. HOOVER,,,OG_R,dry,,Orphaned / Abandoned / Unverified Plug,https://wellwiki.org/wiki/34-089-22419,,"1910022"
34-089-22444,"22444","40.1310895","-82.2995276",OH,,,DAILY CLYDE & HELEN 1 1,A. & Z. PRODUCTION,12/8/1966,,OG_R,pl_oil,,Plugged,https://wellwiki.org/wiki/34-089-22444,,"1910023"
34-089-23779,"23779","40.14747143","-82.30754802",OH,,,RAYMOND SMITH # 1 1,R.F. MORAN,1/2/1983,,OG_R,oil_gas,,Production Well,https://wellwiki.org/wiki/34-089-23779,,"1910024"
34-089-24643,"24643","40.03300186","-82.22833754",OH,,,GERALDINE SUTTON # 2 2,JADOIL INC.,3/24/1983,,OG_R,pl_oil_gasshow,,Plugged,https://wellwiki.org/wiki/34-089-24643,,"1910025"
34-089-25618,"25618","40.14845776","-82.22799146",OH,,,WHYDE ROBERT & KATHLEEN # 14 14,,4/20/1997,,OG_R,pl_oil,,Plugged,https://wellwiki.org/wiki/34-089-25618,,"1910026"
34-089-25686,"25686","40.18648538","-82.24384059",OH,,,BIBART/PRIEST UNIT     1 1,KENOIL,11/8/1999,,OG_R,oil_gas,,Production Well,https://wellwiki.org/wiki/34-089-25686,,"1910027"
34-089-60336,"60336","40.20538193","-82.53020692",OH,,,HOUCK GABRIEL 5 5,O.F.S.,1/1/1900,,OG_R,pl_gas,,Plugged,https://wellwiki.org/wiki/34-089-60336,,"1910028"
34-089-60640,"60640","40.18948126","-82.21562651",OH,,, ,,1/1/1900,,OG_R,pl_oil,,Plugged,https://wellwiki.org/wiki/34-089-60640,,"1910029"
34-089-62357,"62357","40.14182023","-82.49367302",OH,,,CARPENTER T N 1 1,O.F.G.,12/7/1908,,OG_R,pl_gas,,Plugged,https://wellwiki.org/wiki/34-089-62357,,"1910031"
34-089-62430,"62430","40.07960873","-82.41477497",OH,,,ANGELETTI (RACCOON VALLEY OIL CO.)     1 1,ANGELETTI TERRY,1/1/1900,,OG_R,pl_gas,,Plugged,https://wellwiki.org/wiki/34-089-62430,,"1910032"
34-093-20744,"20744","41.49299634","-82.02848466",OH,,,COTABOSH 1 1,AVON ACRES DEVELOPMENT,,,OG_R,pl_gas,,Plugged,https://wellwiki.org/wiki/34-093-20744,,"1910033"
34-093-20868,"20868","41.2629464","-82.25168913",OH,,,HANMER CLINTON 1 1,CLINTON HANMER,1/14/1966,,OG_R,dry_gasshow,,Orphaned / Abandoned / Unverified Plug,https://wellwiki.org/wiki/34-093-20868,,"1910034"
34-093-21398,"21398","41.29546375","-82.25090041",OH,,,CHISNELL MARTHA E. # 1 1,MARTHA E. CHISWELL,,,OG_R,dry,,Orphaned / Abandoned / Unverified Plug,https://wellwiki.org/wiki/34-093-21398,,"1910035"
34-093-21508,"21508","41.3433704","-82.06844564",OH,,,F C CHESTNUT INC     1 1,F C CHESTNUT INC,,,OG_R,losthole,,Orphaned / Abandoned / Unverified Plug,https://wellwiki.org/wiki/34-093-21508,,"1910036"
34-099-60845,"60845","40.97036593","-80.59072722",OH,,," 11",,1/1/1900,,UN_R,pl_oil,,Plugged,https://wellwiki.org/wiki/34-099-60845,,"1910037"
34-095-60001,"60001","41.67284382","-83.47353373",OH,,,CHEVRON PRODUCTS (FASSETT E S)     1 (5) 1 (5),OHIO OIL CO,5/6/1904,,OG_R,pl_oil,,Plugged,https://wellwiki.org/wiki/34-095-60001,,"1910038"
34-099-20408,"20408","40.93585532","-80.93816466",OH,,,RICHARDS #2 2,L.& M. GAS CO.,12/3/1973,,OG_R,oil_gas,,Production Well,https://wellwiki.org/wiki/34-099-20408,,"1910039"
34-099-20450,"20450","40.92465568","-80.97299352",OH,,,EARLEY ELMER 2,L.& M. GAS CO.,,,OG_R,ex_permit,,Not Drilled,https://wellwiki.org/wiki/34-099-20450,,"1910040"
34-099-20716,"20716","41.02837543","-80.88867006",OH,,,BROWN H # 2 2,UNITED PETROLEUM CORP.,9/7/1976,,OG_R,pl_oil_gas,,Plugged,https://wellwiki.org/wiki/34-099-20716,,"1910041"
34-099-21466,"21466","41.09792133","-80.88533842",OH,,,NATIONAL NORTHERN INC. # 1 1,GASEARCH INC,6/14/1982,,OG_R,oil_gas,,Production Well,https://wellwiki.org/wiki/34-099-21466,,"1910042"
34-099-21535,"21535","40.9937412","-80.68299076",OH,,,BIEBER UNIT # 3 3,POMINEX INC,11/24/1982,,OG_R,oil_gas,,Production Well,https://wellwiki.org/wiki/34-099-21535,,"1910043"
34-099-22027,"22027","41.11200391","-80.86194539",OH,,,YOUNGSTOWN WELDING # 3 3,G M / ENERGY SUPPLY DIV.,8/17/1988,,OG_R,gas_oilshow,,Production Well,https://wellwiki.org/wiki/34-099-22027,,"1910044"
34-103-22858,"22858","41.16077606","-81.80179716",OH,,,IRENE C. HOOD # 2 2,ENERGY DEVELOPMENT CORP.,10/15/1984,,OG_R,oil_gas,,Production Well,https://wellwiki.org/wiki/34-103-22858,,"1910045"
34-103-22880,"22880","41.27385798","-81.93131213",OH,,,KLOOZ 1,POWER RESOURCES INC.,,,OG_R,ex_permit,,Not Drilled,https://wellwiki.org/wiki/34-103-22880,,"1910046"
34-103-23128,"23128","41.02373645","-81.70220016",OH,,,LONG PAUL     1 1,BARTLO OIL & GAS,11/10/1982,,OG_R,pl_oil_gas,,Plugged,https://wellwiki.org/wiki/34-103-23128,,"1910047"
34-103-23192,"23192","41.06431678","-81.92513912",OH,,,W. PALMER # 2 2,APPALACHIAN EXPLORATION INC.,,,OG_R,ex_permit,,Not Drilled,https://wellwiki.org/wiki/34-103-23192,,"1910048"
34-103-24705,"24705","41.11925464","-82.03125825",OH,,,CLAPP # W-15 W-15,NOVA A. CHRISTMAN,8/31/1960,,ER_R,dry,,Orphaned / Abandoned / Unverified Plug,https://wellwiki.org/wiki/34-103-24705,,"1910049"
34-103-60214,"60214","41.07865804","-82.02107112",OH,,, ,,1/1/1900,,OG_R,dry,,Orphaned / Abandoned / Unverified Plug,https://wellwiki.org/wiki/34-103-60214,,"1910050"
34-103-61284,"61284","41.21314227","-81.96603133",OH,,,OTTERBACKER CH 5 5,O.F.G. CO.,1/1/1900,,OG_R,pl_gas,,Plugged,https://wellwiki.org/wiki/34-103-61284,,"1910051"
34-103-61540,"61540","41.00853032","-81.9246462",OH,,,FREEMAN JOSEPH H H J 1,LOGAN,12/15/1910,,OG_R,dry,,Orphaned / Abandoned / Unverified Plug,https://wellwiki.org/wiki/34-103-61540,,"1910052"
34-105-21214,"21214","39.11782385","-82.11217366",OH,,,STANLEY DUANE 1 1,PETROLEUM DRLG. CORP.,2/26/1957,,OG_R,oil_gas,,Production Well,https://wellwiki.org/wiki/34-105-21214,,"1910053"
34-105-21560,"21560","38.90759661","-81.86044425",OH,,,ROUSH RUSSELL 1,ROGER ADAMS DBA ADAMS DRLG. CO.,2/7/1974,,OG_R,dry,,Orphaned / Abandoned / Unverified Plug,https://wellwiki.org/wiki/34-105-21560,,"1910054"
34-105-22529,"22529","39.03171609","-82.17596436",OH,,,SUZANNE ATKINS # 1 1,MOLZ KENNETH F.,11/27/1983,,OG_R,gasshow,,Production Well,https://wellwiki.org/wiki/34-105-22529,,"1910055"
34-105-60038,"60038","39.14598247","-82.04650404",OH,,,BARNHART HERBERT 1 1,OHIO FUEL GAS CO.,1/1/1900,,OG_R,pl_gas,,Plugged,https://wellwiki.org/wiki/34-105-60038,,"1910056"
34-105-60172,"60172","39.19916302","-82.2289541",OH,,,BOBO CHARLES 1 1,A E WRIGHT,1/1/1900,,OG_R,dry_oilgas_show,,Orphaned / Abandoned / Unverified Plug,https://wellwiki.org/wiki/34-105-60172,,"1910057"
34-105-60866,"60866","38.9944391","-81.93158671",OH,,,KRIDER J 4 4,PURE,1/1/1900,,OG_R,dry,,Orphaned / Abandoned / Unverified Plug,https://wellwiki.org/wiki/34-105-60866,,"1910058"
34-105-60903,"60903","38.98337616","-81.92877018",OH,,,JIVIDEN CLARK 1 1,H. B. GOODARD,1/1/1900,,OG_R,pl_gas,,Plugged,https://wellwiki.org/wiki/34-105-60903,,"1910059"
34-105-61069,"61069","39.02519833","-81.93120825",OH,,,BAILEY JULIA 2 2,WHEELER DRLG. CO.,1/1/1900,,OG_R,pl_oil,,Plugged,https://wellwiki.org/wiki/34-105-61069,,"1910060"
34-175-60324,"60324","40.9103552","-83.35850525",OH,,, ,,1/1/1900,,UN_R,oil,,Production Well,https://wellwiki.org/wiki/34-175-60324,,"1910061"
34-111-21671,"21671","39.65647897","-81.18296409",OH,,,PIATT LANA 2 2,O. C. BODE,10/8/1966,,OG_R,dry_oilshow,,Orphaned / Abandoned / Unverified Plug,https://wellwiki.org/wiki/34-111-21671,,"1910062"
34-111-21892,"21892","39.66162651","-81.17755262",OH,,,QUINGLEY G H 1 1,TWIN RIVER SUPPLY CO.,,,OG_R,dry,,Orphaned / Abandoned / Unverified Plug,https://wellwiki.org/wiki/34-111-21892,,"1910063"
34-111-22418,"22418","39.81699644","-81.21376486",OH,,,J & D THOMPSON # 2 2,NATIONAL PETROLEUM CORPORATION,,,OG_R,ex_permit,,Not Drilled,https://wellwiki.org/wiki/34-111-22418,,"1910064"
34-111-23662,"23662","39.67427532","-81.19383432",OH,,,B. GREENE # 3 3,KLJ INC.,5/14/1994,,OG_R,oil_gas,,Production Well,https://wellwiki.org/wiki/34-111-23662,,"1910065"
34-111-23740,"23740","39.58474456","-81.19213708",OH,,,HOWELL DONALD     8 8,HOWELLS' OIL & GAS,9/15/1999,,OG_R,gas_oilshow,,Production Well,https://wellwiki.org/wiki/34-111-23740,,"1910066"
34-111-60272,"60272","39.59312962","-81.04877463",OH,,," 4",,1/1/1900,,UN_R,pl_oil,,Plugged,https://wellwiki.org/wiki/34-111-60272,,"1910067"
34-111-60672,"60672","39.67592029","-81.22266863",OH,,,WINLAND CARRIE & HOMER WM 10 10,CITIES SERVICE OIL CO,1/1/1900,,OG_R,pl_oil,,Plugged,https://wellwiki.org/wiki/34-111-60672,,"1910068"
34-111-61326,"61326","39.72118739","-81.10139672",OH,,,MOFFETT NATHANIEL 20 20,PURE OIL CO.,1/1/1900,,OG_R,pl_oil,,Plugged,https://wellwiki.org/wiki/34-111-61326,,"1910069"
34-111-61753,"61753","39.77656646","-81.07889985",OH,,,GLASER J 3 3,HOPE CONSTR. & REFIN.,1/1/1906,,OG_R,pl_oil,,Plugged,https://wellwiki.org/wiki/34-111-61753,,"1910070"
34-115-23999,"23999","39.65437554","-81.96432596",OH,,,DILLON     3 3,DUSTY DRILL & PRO  CORP,2/3/1987,,OG_R,oil_gas,,Production Well,https://wellwiki.org/wiki/34-115-23999,,"1910071"
34-115-60076,"60076","39.61500994","-81.60815467",OH,,, ,,1/1/1900,,UN_R,dry,,Orphaned / Abandoned / Unverified Plug,https://wellwiki.org/wiki/34-115-60076,,"1910072"
34-115-60150,"60150","39.65359206","-82.01831307",OH,,, ,,1/1/1900,,UN_R,pl_oil,,Plugged,https://wellwiki.org/wiki/34-115-60150,,"1910073"
34-115-61165,"61165","39.53031188","-81.84238633",OH,,,GEDDES W V 2 2,L. H. GEDDES,1/1/1900,,OG_R,pl_oil,,Plugged,https://wellwiki.org/wiki/34-115-61165,,"1910074"
34-003-60142,"60142","40.75709343","-84.32889088",OH,,," 2",,1/1/1900,,UN_R,pl_oil,,Plugged,https://wellwiki.org/wiki/34-003-60142,,"1910075"
34-115-61954,"61954","39.56477611","-81.91702014",OH,,,HARRIS SAMUEL 4 4,SPEARS & DEPUY BROS. -BRADEN,1/1/1900,,OG_R,pl_oil,,Plugged,https://wellwiki.org/wiki/34-115-61954,,"1910076"
34-115-62685,"62685","39.59686474","-81.97942325",OH,,,HARRISON FRANK E 3 3,FRANKS E. HARRISON,1/1/1900,,OG_R,pl_oil,,Plugged,https://wellwiki.org/wiki/34-115-62685,,"1910077"
34-115-63101,"63101","39.72920138","-81.98090272",OH,,,KIRKWOOD WILSON 1 1,PURE OIL CO.,1/1/1900,,OG_R,pl_oil,,Plugged,https://wellwiki.org/wiki/34-115-63101,,"1910078"
34-117-20651,"20651","40.50841266","-82.88133336",OH,,,PATTERSON J L & R E 1 1,MAMMOTH PRODUCING CO.,1/9/1964,,OG_R,pl_oil,,Plugged,https://wellwiki.org/wiki/34-117-20651,,"1910079"
34-117-21461,"21461","40.38963991","-82.84455935",OH,,,STEWART F & E 1 1,KIN-ARK OIL CO.,4/8/1964,,OG_R,pl_gas,,Plugged,https://wellwiki.org/wiki/34-117-21461,,"1910080"
34-117-21525,"21525","40.58509293","-82.86969411",OH,,,KELLY J H 4 4,ASHLAND OIL & REF. CO,,,OG_R,ex_permit,,Not Drilled,https://wellwiki.org/wiki/34-117-21525,,"1910081"
34-117-21589,"21589","40.46021339","-82.95560937",OH,,,FAUST A & L 1 1,GIBBS OIL CO.,4/27/1964,,OG_R,dry,,Orphaned / Abandoned / Unverified Plug,https://wellwiki.org/wiki/34-117-21589,,"1910082"
34-117-23821,"23821","40.44198711","-82.79099558",OH,,,JACK P. & MARY JO PATTON # 1 1,HART DICK,1/11/1988,,OG_R,dry,,Orphaned / Abandoned / Unverified Plug,https://wellwiki.org/wiki/34-117-23821,,"1910083"
34-119-20233,"20233","39.77075781","-81.93901903",OH,,,WENTZ PJ ETAL 2 2,O.F.G.,10/18/1941,,OG_R,pl_gas,,Plugged,https://wellwiki.org/wiki/34-119-20233,,"1910084"
34-119-20431,"20431","39.85212622","-81.91391522",OH,,,MONROE WAXLER     1 1,GORMLEY JOSEPH A,6/1/1944,,OG_R,pl_oil_gas,,Plugged,https://wellwiki.org/wiki/34-119-20431,,"1910085"
34-119-20485,"20485","40.06830263","-82.12501637",OH,,,HOHMAN PH 2 2,PURE OIL,,,OG_R,pl_oil_gas,,Plugged,https://wellwiki.org/wiki/34-119-20485,,"1910086"
34-119-21077,"21077","40.14212977","-82.11014944",OH,,,FLUKER W.F. 1,HILLTOP DEVELOPMENT CORP.,6/1/1978,,OG_R,pl_oil_gas,,Plugged,https://wellwiki.org/wiki/34-119-21077,,"1910087"
34-119-21454,"21454","40.10361093","-81.87634307",OH,,,HANKS ALBERT 1 1,MID-ATLANTIC OIL AND GAS CO.,12/31/1956,,OG_R,dry,,Orphaned / Abandoned / Unverified Plug,https://wellwiki.org/wiki/34-119-21454,,"1910088"
34-119-21524,"21524","40.09024125","-82.1545008",OH,,,FAIRALL GENEVIEVE 4 4,MUTUAL OIL CO,10/8/1957,,OG_R,pl_oil_gas,,Plugged,https://wellwiki.org/wiki/34-119-21524,,"1910089"
34-119-21592,"21592","40.00375642","-82.14731378",OH,,,WISE WALTER 1 1,OXFORD OIL CO,11/17/1958,,OG_R,pl_gas_oilshow,,Plugged,https://wellwiki.org/wiki/34-119-21592,,"1910090"
34-119-22052,"22052","39.79032118","-81.99308385",OH,,,LANE WISDOM # 1 1,TEMPLE OIL & GAS,3/31/1969,,OG_R,pl_gas,,Plugged,https://wellwiki.org/wiki/34-119-22052,,"1910091"
34-119-22676,"22676","40.07810604","-82.0536932",OH,,,R. PICKRELL # 1-1295 1-1295,CLINTON OIL CO,1/29/1972,,OG_R,pl_gas,,Plugged,https://wellwiki.org/wiki/34-119-22676,,"1910092"
34-119-22987,"22987","39.86675902","-81.69915183",OH,,,OHIO POWER     40C 40-C,GUERNSEY PET. CORP.,2/9/1973,,OG_R,oil_gas,,Production Well,https://wellwiki.org/wiki/34-119-22987,,"1910093"
34-119-23148,"23148","40.094704","-82.05108445",OH,,,HARRY G. FULTON # 2 2,LIBERTY PETROLEUM CORP.,9/5/1973,,OG_R,pl_oil_gas,,Plugged,https://wellwiki.org/wiki/34-119-23148,,"1910094"
34-119-23719,"23719","39.76443728","-81.80676323",OH,,,HENRY & SYLVIA HANS # 1MB 1-MB,GUERNSEY PET. CORP.,4/1/1976,,OG_R,pl_oil_gas,,Plugged,https://wellwiki.org/wiki/34-119-23719,,"1910095"
34-119-24391,"24391","39.77766461","-81.80579549",OH,,,LYON REN     5 5,WILLISTON OIL & DEVELOPMENT CORP.,9/14/1978,,OG_R,oil_gas,,Production Well,https://wellwiki.org/wiki/34-119-24391,,"1910096"
34-119-24998,"24998","39.85628536","-81.82323095",OH,,,WILKINS B.     3 3,ATLAS NOBLE LLC,11/13/1979,,OG_R,oil_gas,,Production Well,https://wellwiki.org/wiki/34-119-24998,,"1910097"
34-119-25023,"25023","40.0447647","-81.94390119",OH,,,LOREN CAMP # 1 1,IRVIN PRODUCING CO.,2/14/1980,,OG_R,oil_gas,,Production Well,https://wellwiki.org/wiki/34-119-25023,,"1910098"
34-119-25720,"25720","39.97157027","-81.84413987",OH,,,GOFF 1 1,DERBY OIL & GAS CORPORATION,7/13/1981,,OG_R,oil_gas,,Production Well,https://wellwiki.org/wiki/34-119-25720,,"1910099"
34-119-26210,"26210","40.14358258","-82.14871602",OH,,,ROBERT & BONNIE KILPATRICK # 4 4,B-J INC.,1/29/1982,,OG_R,pl_oil,,Plugged,https://wellwiki.org/wiki/34-119-26210,,"1910100"
34-119-26827,"26827","39.80455052","-81.76660575",OH,,,OHIO POWER CO. # 22M 22M,ENTERPRISE ENERGY CORP.,2/1/1984,,OG_R,dry,,Orphaned / Abandoned / Unverified Plug,https://wellwiki.org/wiki/34-119-26827,,"1910101"
34-119-27421,"27421","40.14315928","-81.74767102",OH,,,COLUMBUS & SOUTHERN # 13 13,BENATTY CORP,2/23/1987,,OG_R,oil_gas,,Production Well,https://wellwiki.org/wiki/34-119-27421,,"1910102"
34-119-60039,"60039","39.81598978","-81.94335374",OH,,,HARROP ORA 4 4,SWINGLE OIL & GAS CO.,1/1/1900,,OG_R,pl_gas,,Plugged,https://wellwiki.org/wiki/34-119-60039,,"1910103"
34-119-60159,"60159","39.79743891","-81.96448208",OH,,,PERDUE CHRIS 1 1,ATHA DRILLING,1/1/1900,,OG_R,pl_gas,,Plugged,https://wellwiki.org/wiki/34-119-60159,,"1910104"
34-119-60464,"60464","39.8001986","-82.07127277",OH,,, ,,1/1/1900,,UN_R,oil_gas,,Production Well,https://wellwiki.org/wiki/34-119-60464,,"1910105"
34-119-60469,"60469","39.80190762","-82.04615586",OH,,,THORP ALBERT 3 3,CLAY CITY OIL & GAS CO,1/1/1900,,OG_R,pl_oil,,Plugged,https://wellwiki.org/wiki/34-119-60469,,"1910106"
34-119-60688,"60688","39.80486065","-81.92980326",OH,,,BOYCE WM 2 2,J.J.& G.D.KELLER,1/1/1900,,OG_R,pl_oil,,Plugged,https://wellwiki.org/wiki/34-119-60688,,"1910107"
34-119-61299,"61299","40.11531644","-81.75212055",OH,,,MCLAUGHLIN TV 4 4,MCLAUGHLIN BROS.,1/1/1900,,OG_R,pl_oil,,Plugged,https://wellwiki.org/wiki/34-119-61299,,"1910108"
34-119-61525,"61525","39.98554395","-81.88371603",OH,,,SUTTER J L 1 1,O.F.G.,4/12/1930,,OG_R,pl_gas,,Plugged,https://wellwiki.org/wiki/34-119-61525,,"1910109"
34-119-61658,"61658","39.86121141","-81.89516901",OH,,," 1",,1/1/1900,,OG_R,pl_oil_gasshow,,Plugged,https://wellwiki.org/wiki/34-119-61658,,"1910110"
34-121-20315,"20315","39.74297802","-81.50952262",OH,,,DAVIS WC 1 1,ROY HOGUE ETAL,12/1/1941,,OG_R,dry,,Orphaned / Abandoned / Unverified Plug,https://wellwiki.org/wiki/34-121-20315,,"1910111"
34-121-22188,"22188","39.61412566","-81.31167282",OH,,,KEHL VON & IDA #1 1,SANTE FE DRILLING,2/1/1980,,OG_R,gas_oilshow,,Production Well,https://wellwiki.org/wiki/34-121-22188,,"1910112"
34-121-22476,"22476","39.6446567","-81.49521461",OH,,,WICKENS # 1 1,CARLTON OIL CORPORATION,12/17/1980,,OG_R,gas_oilshow,,Production Well,https://wellwiki.org/wiki/34-121-22476,,"1910113"
34-121-22884,"22884","39.80649528","-81.44077702",OH,,,M. SLEMBOSKI # 1 1,FREDERICK PETROLEUM CORP.,,,OG_R,dry,,Orphaned / Abandoned / Unverified Plug,https://wellwiki.org/wiki/34-121-22884,,"1910114"
34-121-23065,"23065","39.63110972","-81.55877315",OH,,,MITCHELL/BELL # 1 1,BENATTY CORP.,,,OG_R,ex_permit,,Not Drilled,https://wellwiki.org/wiki/34-121-23065,,"1910115"
34-121-23395,"23395","39.64854145","-81.58395972",OH,,,OHIO POWER #87 # 87 87,BELDEN & BLAKE CO,2/24/1985,,OG_R,pl_gas,,Plugged,https://wellwiki.org/wiki/34-121-23395,,"1910116"
34-121-24347,"24347","39.77975894","-81.65692398",OH,,,FREC NOBL BROOKFIELD     A-1 A-1,ARTEX OIL COMPANY,10/4/2012,,OG_R,permitted_loc,,Not Drilled,https://wellwiki.org/wiki/34-121-24347,,"1910117"
34-121-60927,"60927","39.71261241","-81.45285318",OH,,,SCHAFER HUBERT 1 1,ANDREW GERST,9/8/1947,,OG_R,pl_oil,,Plugged,https://wellwiki.org/wiki/34-121-60927,,"1910118"
34-121-62273,"62273","39.62756707","-81.40971194",OH,,,BELL OIL & GAS CO 2 2,MOSELEY W.O.,1/1/1900,,OG_R,dry,,Orphaned / Abandoned / Unverified Plug,https://wellwiki.org/wiki/34-121-62273,,"1910119"
34-127-21647,"21647","39.8452996","-82.24053416",OH,,,WOODYARD CE & BLANCHE 1 1,CARL E. SMITH,9/26/1953,,OG_R,pl_oil_gas,,Plugged,https://wellwiki.org/wiki/34-127-21647,,"1910120"
34-127-21678,"21678","39.88118525","-82.35437618",OH,,,FOUCHT EVAN R 5 5,OXFORD OIL CO.,3/22/1954,,OG_R,pl_oil_gas,,Plugged,https://wellwiki.org/wiki/34-127-21678,,"1910121"
34-127-22240,"22240","39.73632332","-82.27688169",OH,,,HAGUE ZELMA 2 2,DAVID M. HEINZ,9/26/1962,,OG_R,pl_oil_gas,,Plugged,https://wellwiki.org/wiki/34-127-22240,,"1910122"
34-127-23527,"23527","39.61626245","-82.14233458",OH,,,MAXWELL     4A 4A,KENOIL,8/8/1974,,OG_R,pl_oil_gas,,Plugged,https://wellwiki.org/wiki/34-127-23527,,"1910123"
34-127-24063,"24063","39.87242318","-82.23560905",OH,,,FRED & MILDRED TAYLOR # 3 3,DAL-KEN CORP.,6/26/1978,,OG_R,pl_oil_gas,,Plugged,https://wellwiki.org/wiki/34-127-24063,,"1910124"
34-127-24450,"24450","39.75165905","-82.14380935",OH,,,MCELWEE/LEWIS #2 2,FORAKER PRODUCING CO. INC.,10/16/1979,,OG_R,oil_gas,,Production Well,https://wellwiki.org/wiki/34-127-24450,,"1910125"
34-127-25751,"25751","39.78799707","-82.13579498",OH,,,MCARTOR # 2 2,GREENLAND PETROLEUM CO.,12/26/1982,,OG_R,dry,,Orphaned / Abandoned / Unverified Plug,https://wellwiki.org/wiki/34-127-25751,,"1910126"
34-127-25832,"25832","39.90703865","-82.32150712",OH,,,LULU V. SHRIDER     2 2,AMERICAN WELL MANAGEMENT,,,OG_R,ex_permit,,Not Drilled,https://wellwiki.org/wiki/34-127-25832,,"1910127"
34-127-26783,"26783","39.60351628","-82.33564481",OH,,,FRANK HOWDYSHELL # B-2 B-2,SHRIDER W.E. CO.,,,OG_R,ex_permit,,Not Drilled,https://wellwiki.org/wiki/34-127-26783,,"1910128"
34-127-27023,"27023","39.57181523","-82.11723334",OH,,,W. PALMER # 6-A 6-A,FOUTS CARL JR.,,,OG_R,ex_permit,,Not Drilled,https://wellwiki.org/wiki/34-127-27023,,"1910129"
34-127-27183,"27183","39.86065902","-82.1905391",OH,,,KOPPY # 4 4,,3/11/1997,,OG_R,dry,,Orphaned / Abandoned / Unverified Plug,https://wellwiki.org/wiki/34-127-27183,,"1910130"
34-127-60905,"60905","39.76985489","-82.08527691",OH,,,SOWERS JC     3 3,WM. CLINE ET AL,1/1/1900,,OG_R,pl_oil_gas,,Plugged,https://wellwiki.org/wiki/34-127-60905,,"1910131"
34-127-62122,"62122","39.6047501","-82.03680014",OH,,,NEWBERRY E 5 5,MARSHALL BROS.,1/1/1900,,OG_R,pl_oil,,Plugged,https://wellwiki.org/wiki/34-127-62122,,"1910132"
34-127-63882,"63882","39.77875304","-82.33270531",OH,,,DITTOE SAM B 10 10,PERRY STURM ET. AL.,7/26/1929,,OG_R,pl_gas,,Plugged,https://wellwiki.org/wiki/34-127-63882,,"1910133"
34-011-60230,"60230","40.65327274","-84.13286147",OH,,," 1",,1/1/1900,,UN_R,oil_gas,,Production Well,https://wellwiki.org/wiki/34-011-60230,,"1910235"
34-133-20498,"20498","41.11482677","-81.08244329",OH,,,FRANCIS WB 1 1,TEXACO INC.,7/6/1970,,OG_R,dry,,Orphaned / Abandoned / Unverified Plug,https://wellwiki.org/wiki/34-133-20498,,"1910134"
34-133-20724,"20724","41.26359686","-81.21359408",OH,,,FRANK GOODELL # 1-A 1-A,EASTERN-NOBLE-PARK-OHIO DBA J. NOBLE,,,OG_R,pl_oil_gas,,Plugged,https://wellwiki.org/wiki/34-133-20724,,"1910135"
34-133-21363,"21363","41.10029584","-81.04295773",OH,,,NICKLES # 1 1,WARREN ENERGY INC.,3/16/1978,,OG_R,pl_oil_gas,,Plugged,https://wellwiki.org/wiki/34-133-21363,,"1910136"
34-133-21849,"21849","41.03319216","-81.0950813",OH,,,TIMMONS #1 1,VIKING RESOURCES CORP.,3/5/1979,,OG_R,oil_gas,,Production Well,https://wellwiki.org/wiki/34-133-21849,,"1910137"
34-133-23337,"23337","41.06422692","-81.218749",OH,,,HLUCH     1 1,EVERFLOW EASTERN INC.,,,OG_R,ex_permit,,Not Drilled,https://wellwiki.org/wiki/34-133-23337,,"1910138"
34-133-24022,"24022","41.08053392","-81.32445046",OH,,,KLEIN P & J COMM #1 # 8158-001 8158-001,BELDEN & BLAKE CO,5/24/1995,,OG_R,pl_gas_oilshow,,Plugged,https://wellwiki.org/wiki/34-133-24022,,"1910139"
34-133-24393,"24393","41.16655256","-81.31266916",OH,,,BRADY LAKE UNIT     1-D 1-D,OHIO VALLEY ENERGY SYSTEM CORP,10/18/2010,,OG_R,oil_gas,,Production Well,https://wellwiki.org/wiki/34-133-24393,,"1910140"
34-139-20229,"20229","40.67919019","-82.45502307",OH,,,MABEE JOHN 1 1,DEVONIAN OHIO OIL & GAS CO.,10/26/1961,,OG_R,dry,,Orphaned / Abandoned / Unverified Plug,https://wellwiki.org/wiki/34-139-20229,,"1910141"
34-139-20300,"20300","40.55611372","-82.44408348",OH,,,NALEZINCH E 1 1,C.E. RINGLER,11/20/1965,,OG_R,dry,,Orphaned / Abandoned / Unverified Plug,https://wellwiki.org/wiki/34-139-20300,,"1910142"
34-139-20462,"20462","40.66854101","-82.34846534",OH,,,BARNHILL DAVID P 2 2,OHIO FUEL GAS CO.,10/14/1968,,GS_R,storage,,Injection / Storage / Service,https://wellwiki.org/wiki/34-139-20462,,"1910143"
34-139-60124,"60124","40.67347212","-82.35734793",OH,,,IRVIN NC& MAY 1 1,O.F.G.,2/26/1918,,OG_R,pl_gas,,Plugged,https://wellwiki.org/wiki/34-139-60124,,"1910144"
34-145-60124,"60124","38.90357207","-82.82286035",OH,,,BARBER WH 1-5141 1-5141,OHIO FUEL GAS CO,5/6/1930,,OG_R,dry_gasshow,,Orphaned / Abandoned / Unverified Plug,https://wellwiki.org/wiki/34-145-60124,,"1910145"
34-147-60072,"60072","41.13492529","-83.16994241",OH,,, ,,1/1/1900,,UN_R,pl_oil,,Plugged,https://wellwiki.org/wiki/34-147-60072,,"1910146"
34-151-20372,"20372","40.83393152","-81.35847339",OH,,,HAUSER CHAS 1 1,EAST OHIO GAS CO. - BURTNER-MORGAN-STEPHENS,12/6/1945,,OG_R,pl_gas,,Plugged,https://wellwiki.org/wiki/34-151-20372,,"1910147"
34-151-21030,"21030","40.82076653","-81.44221571",OH,,,BLAKE JM 2 2,KENROW CO.,10/27/1930,,OG_R,pl_gas,,Plugged,https://wellwiki.org/wiki/34-151-21030,,"1910148"
34-151-22791,"22791","40.90365321","-81.26718054",OH,,,M. & L. SLUSS     1-828 1,BELDEN & BLAKE & CO LIMITED PARTNERSHIP,1/4/1978,,OG_R,oil_gas,,Production Well,https://wellwiki.org/wiki/34-151-22791,,"1910149"
34-151-25533,"25533","40.94001278","-81.27982051",OH,,,VAUGHN UNIT ETAL     1A 1A,ENERVEST OPERATING LLC,12/17/2006,,OG_R,oil_gas,,Production Well,https://wellwiki.org/wiki/34-151-25533,,"1910150"
34-151-23297,"23297","40.71207675","-81.38121128",OH,,,MALAVITE WELL     1 1,ENERGY DEVELOPMENT CORP.,10/4/1980,,OG_R,pl_oil_gas,,Plugged,https://wellwiki.org/wiki/34-151-23297,,"1910151"
34-151-24176,"24176","40.67396987","-81.56103838",OH,,,R. & M. PUTT COMM. #1     341588 1,BELDEN & BLAKE CO,11/19/1985,,OG_R,oil_gas,,Production Well,https://wellwiki.org/wiki/34-151-24176,,"1910152"
34-151-24215,"24215","40.68491287","-81.34110173",OH,,,J. HOWENSTINE #4 # 341596 341596,BELDEN & BLAKE CO,1/15/1986,,OG_R,oil_gas,,Production Well,https://wellwiki.org/wiki/34-151-24215,,"1910153"
34-151-24722,"24722","40.6984101","-81.42444159",OH,,,LEHMILLER #1 1,MB OPERATING CO. INC.,3/9/1991,,OG_R,oil_gas,,Production Well,https://wellwiki.org/wiki/34-151-24722,,"1910154"
34-151-24765,"24765","40.82592462","-81.47613378",OH,,,UNDERWOOD # 4 4,MB OPERATING CO. INC.,,,OG_R,ex_permit,,Not Drilled,https://wellwiki.org/wiki/34-151-24765,,"1910155"
34-151-24947,"24947","40.98562801","-81.12771796",OH,,,CITY OF ALLIANCE # 11 11,VIKING RESOURCES CORP,,,OG_R,ex_permit,,Not Drilled,https://wellwiki.org/wiki/34-151-24947,,"1910156"
34-151-25586,"25586","40.85464705","-81.31705441",OH,,,MARTIN-FARBER UNIT     3 3,GREAT LAKES ENERGY PTNSHP LLC,1/18/2008,,OG_R,oil_gas,,Production Well,https://wellwiki.org/wiki/34-151-25586,,"1910157"
34-151-60142,"60142","40.89789273","-81.4373532",OH,,,SMART MANAGEMENT     5-2316 5,EAST OHIO GAS CO.,7/31/1963,,GS_R,storage,,Injection / Storage / Service,https://wellwiki.org/wiki/34-151-60142,,"1910158"
34-151-60346,"60346","40.88934311","-81.51102953",OH,,,HALTER     1-1377 1-1377,E.O.G. CO.,1/1/1900,,GS_R,storage,,Injection / Storage / Service,https://wellwiki.org/wiki/34-151-60346,,"1910159"
34-031-23707,"23707","40.42243255","-81.97379149",OH,,,WILLIAMSON ARCHIE 3 3,JADOIL,,,OG_R,ex_permit,,Not Drilled,https://wellwiki.org/wiki/34-031-23707,,"1910265"
34-151-60505,"60505","40.90812607","-81.09232106",OH,,,ALLIANCE REALTY CO 1 1,KEYSTONE PIPE AND SUPPLY CO.,1/1/1900,,OG_R,pl_oil_gas,,Plugged,https://wellwiki.org/wiki/34-151-60505,,"1910160"
34-153-21513,"21513","41.19437998","-81.62916704",OH,,,BATH CENTER ESTATES # 2 2,BATH OIL 7 GAS EXP. CO,11/2/1983,,OG_R,oil_gas,,Production Well,https://wellwiki.org/wiki/34-153-21513,,"1910161"
34-153-21766,"21766","41.27944154","-81.48126529",OH,,,JENKS UNIT # 1 1,KST OIL & GAS CO. INC.,11/12/1984,,OG_R,oil_gas,,Production Well,https://wellwiki.org/wiki/34-153-21766,,"1910162"
34-153-22671,"22671","41.26426372","-81.62191285",OH,,,NEMETZ UNIT # 1 1,SUMMIT PETROLEUM INC.,7/5/1990,,OG_R,oil_gas,,Production Well,https://wellwiki.org/wiki/34-153-22671,,"1910163"
34-153-60161,"60161","40.91439769","-81.59207329",OH,,,SHIEBER H ,S.J. BRENDEL,1/1/1900,,OG_R,dry,,Orphaned / Abandoned / Unverified Plug,https://wellwiki.org/wiki/34-153-60161,,"1910164"
34-155-21891,"21891","41.49030034","-80.66156489",OH,,,LOBAUGH V. 1,ATLAS ENERGY GROUP INC.,,,OG_R,ex_permit,,Not Drilled,https://wellwiki.org/wiki/34-155-21891,,"1910165"
34-155-22649,"22649","41.48848731","-80.87079364",OH,,,KINGDOM # 3 3,GASEARCH INC.,10/18/1984,,OG_R,oil_gas,,Production Well,https://wellwiki.org/wiki/34-155-22649,,"1910166"
34-155-22946,"22946","41.19002297","-80.88450141",OH,,,SHAFFER UNIT # 1 1,GM / ENERGY SUPPLY DIV.,5/15/1986,,OG_R,gas_oilshow,,Production Well,https://wellwiki.org/wiki/34-155-22946,,"1910167"
34-157-20020,"20020","40.58951802","-81.38246343",OH,,,MURPHY     2 2,STATUS DEVEL. CO.,3/18/1937,,OG_R,pl_gas,,Plugged,https://wellwiki.org/wiki/34-157-20020,,"1910168"
34-157-21351,"21351","40.5783842","-81.46842467",OH,,,R & H GERBER UNIT #1 1,PYRAMID PETROLEUM CO.,6/5/1971,,OG_R,oil_gas,,Production Well,https://wellwiki.org/wiki/34-157-21351,,"1910169"
34-157-21582,"21582","40.2662114","-81.46538647",OH,,,BERGER CHARLES & ANNA     1 1,NORTH EAST NATURAL GAS CO.,5/25/1972,,OG_R,pl_gas,,Plugged,https://wellwiki.org/wiki/34-157-21582,,"1910170"
34-157-22797,"22797","40.25139426","-81.36277123",OH,,,GARDNER K. & H. 1,MUTUAL OIL & GAS CO.,,,OG_R,ex_permit,,Not Drilled,https://wellwiki.org/wiki/34-157-22797,,"1910171"
34-157-23220,"23220","40.49767496","-81.3394166",OH,,,M & A NEIDIG UNIT #3 3,MB OPERATING CO. INC.,10/8/1978,,OG_R,oil_gas,,Production Well,https://wellwiki.org/wiki/34-157-23220,,"1910172"
34-157-23438,"23438","40.62233405","-81.55096048",OH,,,ANDREAS F #1 1,BELDEN & BLAKE CO,12/3/1979,,OG_R,oil_gas,,Production Well,https://wellwiki.org/wiki/34-157-23438,,"1910173"
34-157-24529,"24529","40.52421751","-81.57016565",OH,,,GORDON/MILLER UNIT     1 1,NORTH COAST ENERGY INC,12/10/1998,,OG_R,gas_oilshow,,Production Well,https://wellwiki.org/wiki/34-157-24529,,"1910174"
34-161-20028,"20028","40.80565843","-84.46989939",OH,,,REESE DL 1 1,HOLT ENTERPRISES,,,OG_R,ex_permit,,Not Drilled,https://wellwiki.org/wiki/34-161-20028,,"1910175"
34-163-20783,"20783","39.27613374","-82.38192734",OH,,,STOUT     1 1,STOUT G dba/OH VALLEY DRL,1/1/1900,,OG_R,losthole,,Orphaned / Abandoned / Unverified Plug,https://wellwiki.org/wiki/34-163-20783,,"1910176"
34-163-60183,"60183","39.3004895","-82.51131134",OH,,,HARTLEY CYNTHIA ETAL 1-2181-S 1-2181-S,O.F.G.,11/16/1917,,OG_R,dry,,Orphaned / Abandoned / Unverified Plug,https://wellwiki.org/wiki/34-163-60183,,"1910177"
34-163-60500,"60500","39.29459255","-82.39602633",OH,,,STRONG EW 3 3,PRESTON,1/1/1900,,OG_R,pl_oil,,Plugged,https://wellwiki.org/wiki/34-163-60500,,"1910178"
34-163-60751,"60751","39.19878287","-82.54177128",OH,,,SNOOK ETHA A 2 2,OHIO FUEL GAS,12/14/1922,,OG_R,pl_gas,,Plugged,https://wellwiki.org/wiki/34-163-60751,,"1910179"
34-167-25151,"25151","39.47705701","-81.37177221",OH,,,ELMER MILLER # 1 1,L.& M. OPERATING,1/11/1980,,OG_R,oil_gas,,Production Well,https://wellwiki.org/wiki/34-167-25151,,"1910180"
34-167-25662,"25662","39.4787434","-81.28482005",OH,,,METZ-RAKE UNIT 1,L.& M. OPERATING INC.,,,OG_R,ex_permit,,Not Drilled,https://wellwiki.org/wiki/34-167-25662,,"1910181"
34-167-25787,"25787","39.50769657","-81.46224767",OH,,,OLIVER-POTTMEYER     1 1,WHITNAM OIL & GAS CORP.,9/8/1980,,OG_R,oil_gas,,Production Well,https://wellwiki.org/wiki/34-167-25787,,"1910182"
34-167-25997,"25997","39.4141191","-81.32346242",OH,,,HUPP PATRICIA #1 1,C.W. RIGGS INC.,11/23/1980,,OG_R,oil_gas,,Production Well,https://wellwiki.org/wiki/34-167-25997,,"1910183"
34-167-26248,"26248","39.57799948","-81.2726272",OH,,,KENDALL #1 1,HADDAD & BROOKS,12/19/1980,,OG_R,oil_gas,,Production Well,https://wellwiki.org/wiki/34-167-26248,,"1910184"
34-167-26624,"26624","39.48303711","-81.3070678",OH,,,CECIL & JUNE BIEHL     # 2 2,C.W. RIGGS INC.,,,OG_R,ex_permit,,Not Drilled,https://wellwiki.org/wiki/34-167-26624,,"1910185"
34-167-28146,"28146","39.33517135","-81.56485979",OH,,,RUDOLPH BROTHERS # 2A 2A,BIEHL JAMES O.,10/29/1985,,OG_R,oil_gas,,Production Well,https://wellwiki.org/wiki/34-167-28146,,"1910186"
34-167-28432,"28432","39.50094449","-81.53110211",OH,,,FRANCIS HUCK # 2 2,REPUBLIC MINERAL CORP.,,,OG_R,ex_permit,,Not Drilled,https://wellwiki.org/wiki/34-167-28432,,"1910187"
34-167-29354,"29354","39.38555773","-81.84663542",OH,,,REYNOLDS     498 498,CENTURY WELL SERVICE,5/5/1998,,OG_R,dry,,Orphaned / Abandoned / Unverified Plug,https://wellwiki.org/wiki/34-167-29354,,"1910189"
34-167-60487,"60487","39.60418972","-81.4205757",OH,,,STEPHENS FRANCIS A 5 5,H.B. CAMPBELL,1/1/1900,,OG_R,pl_oil,,Plugged,https://wellwiki.org/wiki/34-167-60487,,"1910190"
34-167-61059,"61059","39.63595446","-81.4633063",OH,,,MARIETTA REALTY CO 5 5,H.F. LONGFELLOW ETAL,5/13/1939,,OG_R,dry,,Orphaned / Abandoned / Unverified Plug,https://wellwiki.org/wiki/34-167-61059,,"1910191"
34-167-61168,"61168","39.58452832","-81.43677941",OH,,,RIPLEY LILLY A 22 22,MAURICE HOROWITZ,1/1/1900,,OG_R,pl_oil,,Plugged,https://wellwiki.org/wiki/34-167-61168,,"1910192"
34-167-61750,"61750","39.51262074","-81.16169612",OH,,," 6",,1/1/1900,,OG_R,dry,,Orphaned / Abandoned / Unverified Plug,https://wellwiki.org/wiki/34-167-61750,,"1910193"
34-167-63882,"63882","39.55447015","-81.16003295",OH,,, ,,1/1/1900,,OG_R,dry,,Orphaned / Abandoned / Unverified Plug,https://wellwiki.org/wiki/34-167-63882,,"1910194"
34-169-21131,"21131","40.93509692","-81.91664549",OH,,,RENNECKER QT 1-3 1-3,B.B.MULVANEY,9/16/1960,,OG_R,oil_gas,,Production Well,https://wellwiki.org/wiki/34-169-21131,,"1910195"
34-169-21368,"21368","40.74954298","-82.02659479",OH,,,ACKER CLYDE E 1 1,OXFORD OIL CO.,9/4/1963,,OG_R,dry,,Orphaned / Abandoned / Unverified Plug,https://wellwiki.org/wiki/34-169-21368,,"1910196"
34-169-22047,"22047","40.9617629","-81.82327061",OH,,,RUPP # 4 4,WENNER PETROLEUM CORP.,10/3/1978,,OG_R,pl_oil_gas,,Plugged,https://wellwiki.org/wiki/34-169-22047,,"1910197"
34-169-22058,"22058","40.75813326","-81.92864514",OH,,,SCHMID COMM 1,KENOIL,7/13/1978,,OG_R,oil_gasshow,,Production Well,https://wellwiki.org/wiki/34-169-22058,,"1910198"
34-169-22373,"22373","40.78987834","-81.86240428",OH,,,BELL     1 1,BERMAN J. SHAFER,2/27/1981,,OG_R,dry,,Orphaned / Abandoned / Unverified Plug,https://wellwiki.org/wiki/34-169-22373,,"1910199"
34-169-23388,"23388","40.97609511","-81.80946304",OH,,,ROBERT & WANDA LENGACHER # 2 2,FRANK CSAPO,9/23/1982,,OG_R,oil_gas,,Production Well,https://wellwiki.org/wiki/34-169-23388,,"1910200"
34-169-24439,"24439","40.89568357","-82.0642377",OH,,,M & L FLINN # 7-342714 1,BELDEN & BLAKE CO,11/25/1986,,OG_R,oil_gas,,Production Well,https://wellwiki.org/wiki/34-169-24439,,"1910201"
34-169-24722,"24722","40.9107665","-81.88258604",OH,,,RALPH TOBIAS # 1 1,CSAPO FRANK A JR.,8/23/1989,,OG_R,pl_oil_gas,,Plugged,https://wellwiki.org/wiki/34-169-24722,,"1910202"
34-169-25121,"25121","40.67726767","-81.66390564",OH,,,MULLET UNIT     1 1,HUTCHESON RH/BoCOR PROD,8/5/1996,,OG_R,pl_oil_gas,,Plugged,https://wellwiki.org/wiki/34-169-25121,,"1910203"
34-169-25162,"25162","40.9211439","-81.96449332",OH,,,CROFT # 2 2,,6/19/1997,,OG_R,gas_oilshow,,Production Well,https://wellwiki.org/wiki/34-169-25162,,"1910204"
34-173-20519,"20519","41.36153995","-83.70183089",OH,,,CONKLIN ROGER W ET AL # 4 4,ROGER W. CONKLIN,,,OG_R,dry,,Orphaned / Abandoned / Unverified Plug,https://wellwiki.org/wiki/34-173-20519,,"1910205"
34-173-60127,"60127","41.3430438","-83.61758602",OH,,,NELSON JOHN 1 1,PORTAGE RIVER OIL CO.,1/1/1900,,OG_R,dry,,Orphaned / Abandoned / Unverified Plug,https://wellwiki.org/wiki/34-173-60127,,"1910207"
34-175-20061,"20061","40.95058728","-83.26986997",OH,,,CRESWELL R & R 3 3,J. H. MURPHY & SONS,5/14/1935,,OG_R,pl_oil_gasshow,,Plugged,https://wellwiki.org/wiki/34-175-20061,,"1910208"
34-175-60008,"60008","40.90086982","-83.30090206",OH,,," 10",,1/1/1900,,UN_R,pl_oil,,Plugged,https://wellwiki.org/wiki/34-175-60008,,"1910209"
34-003-61364,"61364","40.76652841","-84.06654134",OH,,," 5",,1/1/1900,,UN_R,pl_oil,,Plugged,https://wellwiki.org/wiki/34-003-61364,,"1910210"
34-005-22125,"22125","40.86492638","-82.13927909",OH,,,GRUENKE E B 1 1,J. H. KISTE JR.,3/1/1963,,OG_R,dry,,Orphaned / Abandoned / Unverified Plug,https://wellwiki.org/wiki/34-005-22125,,"1910211"
34-005-22159,"22159","40.89474174","-82.2281595",OH,,,SMITH ARTHUR 1 1,H. & F. OIL CO,6/17/1963,,OG_R,dry,,Orphaned / Abandoned / Unverified Plug,https://wellwiki.org/wiki/34-005-22159,,"1910212"
34-005-22270,"22270","40.88660545","-82.14011213",OH,,,KLINE JH & MR 2 2,G.M.S. OIL CO,6/18/1964,,OG_R,dry,,Orphaned / Abandoned / Unverified Plug,https://wellwiki.org/wiki/34-005-22270,,"1910213"
34-005-22349,"22349","40.90307812","-82.30213724",OH,,,MILLHEIN EUGENE 1 1,D. & P. DRILLING INC.,2/15/1965,,OG_R,pl_gas,,Plugged,https://wellwiki.org/wiki/34-005-22349,,"1910214"
34-005-22561,"22561","40.80520222","-82.35435522",OH,,,SEISS HARRISON 1 1,OHIO FUEL GAS CO,8/29/1911,,OG_R,pl_gas,,Plugged,https://wellwiki.org/wiki/34-005-22561,,"1910215"
34-005-23088,"23088","40.89621874","-82.15373656",OH,,,MANN GLADYS C 51 51,QUAKER STATE OIL REF. CORP.,,,OG_R,dry,,Orphaned / Abandoned / Unverified Plug,https://wellwiki.org/wiki/34-005-23088,,"1910216"
34-005-23351,"23351","40.88583543","-82.17558117",OH,,,BARR DONALD & JANET     3 3,SHORTS RALPH E DRILLING,11/4/1980,,OG_R,pl_oil,,Plugged,https://wellwiki.org/wiki/34-005-23351,,"1910217"
34-005-23759,"23759","40.94430403","-82.15756436",OH,,,ALLEN & JUDITH KESTNER # A A,SHORTS  RALPH E. DRILLING,,,OG_R,dry,,Orphaned / Abandoned / Unverified Plug,https://wellwiki.org/wiki/34-005-23759,,"1910218"
34-005-23983,"23983","40.98816281","-82.39607848",OH,,,HARTSEL THELMA     2 2,BASS ENERGY CO INC.,11/6/1994,,OG_R,pl_gas,,Plugged,https://wellwiki.org/wiki/34-005-23983,,"1910219"
34-007-20500,"20500","41.67507794","-80.72574632",OH,,,R WOLF E ROBINSON M BRADLEY # 2 2,NATIONAL PETROLEUM CORP.,6/19/1975,,OG_R,pl_oil_gas,,Plugged,https://wellwiki.org/wiki/34-007-20500,,"1910220"
34-007-21197,"21197","41.67318032","-80.80274963",OH,,,SCOLARO # 4 4,CHASE PETROLEUM CORP.,3/16/1980,,OG_R,gs_oilshow,,Production Well,https://wellwiki.org/wiki/34-007-21197,,"1910221"
34-007-23152,"23152","41.62584669","-80.75561568",OH,,,REEVE     RMII 1 RMII 1,PARK-OHIO ENERGY INC.,12/6/1984,,OG_R,pl_oil_gas,,Plugged,https://wellwiki.org/wiki/34-007-23152,,"1910222"
34-007-23319,"23319","41.6032141","-80.97087848",OH,,,J. DANIS UNIT # 1-1081 1,CLINTON OIL CO,6/23/1985,,OG_R,pl_gs_oilshow,,Plugged,https://wellwiki.org/wiki/34-007-23319,,"1910223"
34-007-23523,"23523","41.53153515","-80.67830799",OH,,,SCHNELL # 1 1,GASEARCH INC,,,OG_R,ex_permit,,Not Drilled,https://wellwiki.org/wiki/34-007-23523,,"1910224"
34-007-24230,"24230","41.7843454","-80.73986503",OH,,,NAGY JOSEPH     1 1,,6/7/2001,,OG_R,oil_gas,,Production Well,https://wellwiki.org/wiki/34-007-24230,,"1910225"
34-007-60173,"60173","41.68414811","-80.78250617",OH,,,WATSON ALBERTINE ,,1/1/1900,,OG_R,dry_gasshow,,Orphaned / Abandoned / Unverified Plug,https://wellwiki.org/wiki/34-007-60173,,"1910226"
34-009-20070,"20070","39.23978051","-82.00514006",OH,,,STATE OF OHIO 4 4,OHIO FUEL GAS CO,5/14/1937,,OG_R,dry_gasshow,,Orphaned / Abandoned / Unverified Plug,https://wellwiki.org/wiki/34-009-20070,,"1910227"
34-009-22032,"22032","39.25093008","-82.14172386",OH,,,COILING     # 1 1,WORTHINGTON OIL CO INC.,,,OG_R,ex_permit,,Not Drilled,https://wellwiki.org/wiki/34-009-22032,,"1910228"
34-009-22654,"22654","39.33866643","-81.90919456",OH,,,DANIEL NEFF # 1 1,STRATA CORP.,5/10/1983,,OG_R,pl_gas_oilshow,,Plugged,https://wellwiki.org/wiki/34-009-22654,,"1910229"
34-009-23514,"23514","39.43431585","-81.86306883",OH,,,YOST A     1 1,M & R INVESTMENTS OHIO LLC,1/18/1993,,OG_R,pl_oil_gas,,Plugged,https://wellwiki.org/wiki/34-009-23514,,"1910230"
34-009-60094,"60094","39.25763","-82.11857911",OH,,,WOOD J M 9 9,WOOD FARM OIL CO,1/1/1900,,OG_R,pl_oil,,Plugged,https://wellwiki.org/wiki/34-009-60094,,"1910231"
34-009-60749,"60749","39.2427467","-81.85188706",OH,,,COLE ARTHUR A     5 5,OHIO FUEL GAS CO,1/1/1900,,OG_R,pl_gas,,Plugged,https://wellwiki.org/wiki/34-009-60749,,"1910232"
34-009-61186,"61186","39.3410361","-81.9408731",OH,,,PARKER SARAH J 1 1,FEDERAL OIL & GAS CO,1/1/1900,,OG_R,pl_gas,,Plugged,https://wellwiki.org/wiki/34-009-61186,,"1910233"
34-009-61577,"61577","39.24101991","-81.83782574",OH,,, ,,1/1/1900,,UN_R,dry,,Orphaned / Abandoned / Unverified Plug,https://wellwiki.org/wiki/34-009-61577,,"1910234"
34-011-60561,"60561","40.65396214","-84.22968892",OH,,, ,,1/1/1900,,UN_R,oil_gas,,Production Well,https://wellwiki.org/wiki/34-011-60561,,"1910236"
34-011-60778,"60778","40.63181267","-84.3175071",OH,,, ,,1/1/1900,,UN_R,dry,,Orphaned / Abandoned / Unverified Plug,https://wellwiki.org/wiki/34-011-60778,,"1910237"
34-011-62473,"62473","40.62682139","-84.21448301",OH,,," 5",,1/1/1900,,UN_R,oil_gas,,Production Well,https://wellwiki.org/wiki/34-011-62473,,"1910238"
34-011-62747,"62747","40.60350843","-84.23749615",OH,,,COPELAND A 11 11,OHIO OIL CO,7/16/1900,,OG_R,oil_gas,,Production Well,https://wellwiki.org/wiki/34-011-62747,,"1910239"
34-013-20597,"20597","40.02778082","-80.78341439",OH,,,RONEVICH     3 3,EQUITY OIL & GAS FUNDS INC,8/4/2008,,OG_R,pl_oil_gas,,Plugged,https://wellwiki.org/wiki/34-013-20597,,"1910240"
34-013-20610,"20610","39.86792978","-80.93322071",OH,,,BOAN UNIT     4 4,PHILLIPS EXPLORATION INC,,,OG_R,ex_permit,,Not Drilled,https://wellwiki.org/wiki/34-013-20610,,"1910241"
34-013-20696,"20696","39.91974748","-81.21511576",OH,,,MCCORT     4-28H 4-28H,GULFPORT ENERGY CORPORATION,6/18/2013,,OG_R,oil_gas,,Production Well,https://wellwiki.org/wiki/34-013-20696,,"1910242"
34-019-21095,"21095","40.57572822","-81.28209097",OH,,,BUHECKER HELEN I ETAL     5 5,ENERVEST OPERATING L,5/10/1977,,OG_R,pl_oil,,Plugged,https://wellwiki.org/wiki/34-019-21095,,"1910243"
34-019-22020,"22020","40.62429164","-81.18181855",OH,,,DAWSON JACK UNIT     2 2,GREAT LAKES ENERGY PTNSHP LLC,9/30/2007,,OG_R,oil_gas,,Production Well,https://wellwiki.org/wiki/34-019-22020,,"1910244"
34-019-22352,"22352","40.51702852","-80.98469118",OH,,,SHAW PROPERTIES 4-13-5     5H 5H,CHESAPEAKE EXPLORATION LLC,6/27/2013,,OG_R,oil_gas,,Production Well,https://wellwiki.org/wiki/34-019-22352,,"1910245"
34-019-22642,"22642","40.46491483","-81.13107043",OH,,,WIANDT 12-13-6     10H 10H,CHESAPEAKE EXPLORATION LLC,1/12/2018,,OG_R,oil_gas,,Production Well,https://wellwiki.org/wiki/34-019-22642,,"1910246"
34-029-20207,"20207","40.83230427","-81.03883047",OH,,,D F HAHN     5 5,FOLTZ & FOLTZ LTD PARTNERSHIP,4/1/1946,,OG_R,pl_oil,,Plugged,https://wellwiki.org/wiki/34-029-20207,,"1910247"
34-029-20914,"20914","40.81698029","-80.99968498",OH,,,R.E. & K. SANOR # 6 6,BLAIR BILL INC.,7/30/1982,,OG_R,oil_gas,,Production Well,https://wellwiki.org/wiki/34-029-20914,,"1910248"
34-029-21280,"21280","40.76181127","-81.00057217",OH,,,OYSTER 1,LANGASCO ENERGY CORP,11/30/1986,,OG_R,oil_gas,,Production Well,https://wellwiki.org/wiki/34-029-21280,,"1910249"
34-029-21347,"21347","40.79542881","-81.02076247",OH,,,WOOLF BRUCE #3 3,LANGASCO ENERGY CORP.,12/10/1986,,OG_R,oil_gas,,Production Well,https://wellwiki.org/wiki/34-029-21347,,"1910250"
34-029-21529,"21529","40.87994736","-80.9921137",OH,,,WAFLER # 9 9,BLAIR BILL INC.,7/12/1991,,OG_R,oil_gas,,Production Well,https://wellwiki.org/wiki/34-029-21529,,"1910251"
34-029-21753,"21753","40.71703444","-80.86596637",OH,,,MILLTREE 1-14-4     3H 3H,CHESAPEAKE EXPLORATION LLC,12/23/2012,,OG_R,oil_gas,,Production Well,https://wellwiki.org/wiki/34-029-21753,,"1910252"
34-029-60377,"60377","40.86325447","-80.69128023",OH,,,LEHMAN AR 11 11,THOMAS B. HYLAND,1/1/1900,,OG_R,pl_oil,,Plugged,https://wellwiki.org/wiki/34-029-60377,,"1910253"
34-029-60643,"60643","40.88537806","-80.71855825",OH,,,KENNY ,,1/1/1900,,OG_R,dry,,Orphaned / Abandoned / Unverified Plug,https://wellwiki.org/wiki/34-029-60643,,"1910254"
34-029-60713,"60713","40.87090607","-80.71638717",OH,,,DETWILER HARRY E 1 1,WISCONSIN-OHIO OIL CO,1/1/1900,,OG_R,dry,,Orphaned / Abandoned / Unverified Plug,https://wellwiki.org/wiki/34-029-60713,,"1910255"
34-029-61464,"61464","40.87987837","-81.05981381",OH,,,BRUNNER JAC 1 1,GEORGE KIEL,1/1/1900,,OG_R,pl_oil,,Plugged,https://wellwiki.org/wiki/34-029-61464,,"1910256"
34-029-61585,"61585","40.8569024","-81.06346267",OH,,, ,,1/1/1900,,UN_R,dry,,Orphaned / Abandoned / Unverified Plug,https://wellwiki.org/wiki/34-029-61585,,"1910257"
34-029-62685,"62685","40.69682876","-80.74210508",OH,,,CRUBAUGH W W 1 1,J. H. JOHNSON,1/1/1900,,OG_R,pl_gas,,Plugged,https://wellwiki.org/wiki/34-029-62685,,"1910258"
34-029-62728,"62728","40.61578441","-80.63506542",OH,,,BANK FIRESTONE  GRADY WO 1 1,J.E. WHEATON,1/1/1900,,OG_R,dry,,Orphaned / Abandoned / Unverified Plug,https://wellwiki.org/wiki/34-029-62728,,"1910259"
34-031-20698,"20698","40.43776597","-81.96726881",OH,,,MOHLER EARL & RUTH 1 1,DITCH & HANNA,2/28/1955,,OG_R,pl_oil_gas,,Plugged,https://wellwiki.org/wiki/34-031-20698,,"1910260"
34-031-22195,"22195","40.28950601","-81.88232523",OH,,,NORRIS UNIT     1 1,CYCLOPS CORP.,7/18/1973,,OG_R,pl_gas,,Plugged,https://wellwiki.org/wiki/34-031-22195,,"1910261"
34-031-22691,"22691","40.43876528","-82.17471126",OH,,,OTIS & DOROTHY LEMMONS # 2 2,BURWELL ENERGY INC.,11/13/1975,,OG_R,pl_oil_gas,,Plugged,https://wellwiki.org/wiki/34-031-22691,,"1910262"
34-031-22737,"22737","40.34091525","-82.06215787",OH,,,HARTLE GLENN # JB1 B-1,W.E. SHRIDER CO.,1/7/1977,,OG_R,oil_gas,,Production Well,https://wellwiki.org/wiki/34-031-22737,,"1910263"
34-031-23051,"23051","40.40839864","-82.15353037",OH,,,BRIAR HILL STONE CO 12 12,J.A. WILBURN,8/4/1977,,OG_R,oil_gas,,Production Well,https://wellwiki.org/wiki/34-031-23051,,"1910264"
34-031-24981,"24981","40.3772257","-81.9249593",OH,,,GUTHRIE # 2A 2A,GUARDIAN MANAGEMENT INC.,8/18/1983,,OG_R,oil_gas,,Production Well,https://wellwiki.org/wiki/34-031-24981,,"1910266"
34-031-25268,"25268","40.34995835","-81.84436416",OH,,,CONNOR # 1 1,HOPCO RESOURCES INC.,12/22/1984,,OG_R,pl_oil_gas,,Plugged,https://wellwiki.org/wiki/34-031-25268,,"1910267"
34-031-25802,"25802","40.30476642","-81.89478617",OH,,,BARRICKLOW     1 1,HOPCO RESOURCES INC.,1/11/1986,,OG_R,oil_gas,,Production Well,https://wellwiki.org/wiki/34-031-25802,,"1910268"
34-031-26109,"26109","40.33444722","-81.62535804",OH,,,HUFF # 5 5,STONE RESOUR & ENER CORP.,4/29/1988,,OG_R,pl_oil_gas,,Plugged,https://wellwiki.org/wiki/34-031-26109,,"1910269"
34-031-26674,"26674","40.36592283","-81.70256679",OH,,,WILSON UNIT     7 7,NGO DEVELOPMENT CORP.,10/13/1999,,OG_R,oil_gas,,Production Well,https://wellwiki.org/wiki/34-031-26674,,"1910270"
34-031-26894,"26894","40.28412449","-81.82178511",OH,,,WAGGONER     1 1,NGO DEVELOPMENT CORP.,7/26/2003,,OG_R,oil_gas,,Production Well,https://wellwiki.org/wiki/34-031-26894,,"1910271"
34-031-60454,"60454","40.37498204","-82.18691607",OH,,," 2",,1/1/1900,,OG_R,dry,,Orphaned / Abandoned / Unverified Plug,https://wellwiki.org/wiki/34-031-60454,,"1910272"
34-031-60685,"60685","40.19595855","-82.16425929",OH,,,ASHCRAFT NEWTON 1 1,PURE OIL CO.,1/1/1900,,OG_R,pl_oil_gas,,Plugged,https://wellwiki.org/wiki/34-031-60685,,"1910273"
34-035-20323,"20323","41.44757094","-81.81922397",OH,,,ANNA K COLBRUNN 1 1,NONE SHOWN,,,OG_R,pl_gas,,Plugged,https://wellwiki.org/wiki/34-035-20323,,"1910274"
34-035-20877,"20877","41.37538985","-81.53115507",OH,,,S. K. WELLMAN CORP. # 1 1,DART OIL CORP.,8/9/1977,,OG_R,dry,,Orphaned / Abandoned / Unverified Plug,https://wellwiki.org/wiki/34-035-20877,,"1910275"
34-035-21149,"21149","41.38461147","-81.90980021",OH,,,G E BROOKINS # 6 6,GREEN GAS CO.,4/30/1982,,OG_R,oil_gas,,Production Well,https://wellwiki.org/wiki/34-035-21149,,"1910276"
34-035-21334,"21334","41.33369322","-81.62007508",OH,,,NORTHWESTERN MUTUAL LIFE INS. CO. # 4 4,BOYAS EXCAVATING INC.,2/2/1986,,OG_R,oil_gas,,Production Well,https://wellwiki.org/wiki/34-035-21334,,"1910277"
34-035-21942,"21942","41.51423106","-81.44758265",OH,,,KNOLLWOOD CEMETERY UNIT     4-D 4-D,BASS ENERGY CO INC,,,OG_R,ex_permit,,Not Drilled,https://wellwiki.org/wiki/34-035-21942,,"1910278"
34-035-60693,"60693","41.46142306","-81.78147187",OH,,, ,,1/1/1900,,UN_R,dry,,Orphaned / Abandoned / Unverified Plug,https://wellwiki.org/wiki/34-035-60693,,"1910279"
34-041-20051,"20051","40.21638669","-82.97240876",OH,,,VELINOFF C 1 1,BARRON OIL CO,,,OG_R,dry,,Orphaned / Abandoned / Unverified Plug,https://wellwiki.org/wiki/34-041-20051,,"1910280"
34-045-20227,"20227","39.70693796","-82.40869048",OH,,,ASHBAUGH KATE 8 8,ELMER T. BAUM,,,OG_R,pl_oil,,Plugged,https://wellwiki.org/wiki/34-045-20227,,"1910281"
34-045-21118,"21118","39.69899095","-82.70680029",OH,,,G.ALLEN COMM.#1 # 3464-001 3464-001,BELDEN & BLAKE CO,8/5/1992,,OG_R,gas_oilshow,,Production Well,https://wellwiki.org/wiki/34-045-21118,,"1910282"
34-045-21296,"21296","39.85705295","-82.63278948",OH,,,LANDIS FARMS INC     1 1,OXFORD OIL CO,10/15/2002,,OG_R,pl_oil_gas,,Plugged,https://wellwiki.org/wiki/34-045-21296,,"1910283"
34-045-60713,"60713","39.76385756","-82.42726979",OH,,, ,,1/1/1900,,UN_R,pl_oil,,Plugged,https://wellwiki.org/wiki/34-045-60713,,"1910284"
34-045-61669,"61669","39.92156365","-82.46869351",OH,,,KENNEY SILAS W 4 4,LOGAN,1/1/1900,,OG_R,dry_gasshow,,Orphaned / Abandoned / Unverified Plug,https://wellwiki.org/wiki/34-045-61669,,"1910285"
34-053-60073,"60073","38.97528676","-82.33708155",OH,,,MILLER WT 1 1,BARTON & UTSINGER,1/1/1900,,OG_R,dry_gasshow,,Orphaned / Abandoned / Unverified Plug,https://wellwiki.org/wiki/34-053-60073,,"1910286"
34-055-21312,"21312","41.39106432","-81.29981207",OH,,,V. HOWARD UNIT # 2-1138 2-1138,CLINTON OIL CO,1/25/1986,,OG_R,oil_gas,,Production Well,https://wellwiki.org/wiki/34-055-21312,,"1910287"
34-063-66479,"66479","41.14538026","-83.70343868",OH,,," 3",,1/1/1900,,UN_R,pl_oil,,Plugged,https://wellwiki.org/wiki/34-063-66479,,"1910288"
34-059-20257,"20257","40.01209038","-81.42571285",OH,,,ROBINSON ROSS K 1 1,JEWELL GAS CO.,,,OG_R,dry_oilshow,,Orphaned / Abandoned / Unverified Plug,https://wellwiki.org/wiki/34-059-20257,,"1910289"
34-059-20415,"20415","40.19865666","-81.50662758",OH,,,HICKS LUDY 1 1,MURRAY ETAL,,,OG_R,dry_oilshow,,Orphaned / Abandoned / Unverified Plug,https://wellwiki.org/wiki/34-059-20415,,"1910290"
34-059-20943,"20943","39.90961874","-81.60846887",OH,,,CUBBISON     1 1,DUCHSCHERER & ASSOCIATES INC.,4/28/1969,,OG_R,pl_oil_gas,,Plugged,https://wellwiki.org/wiki/34-059-20943,,"1910291"
34-059-21242,"21242","40.00382996","-81.63296082",OH,,,FORD # 1 1,B.K.T. OIL & GAS CO,,,OG_R,pl_oil_gas,,Plugged,https://wellwiki.org/wiki/34-059-21242,,"1910292"
34-063-62071,"62071","41.14264546","-83.5844874",OH,,," 7",,1/1/1900,,UN_R,pl_oil,,Plugged,https://wellwiki.org/wiki/34-063-62071,,"1910293"
34-059-24604,"24604","40.122601","-81.360999",OH,,,KROBY NE MDS GR 7H 7H,,5/11/2022,,OG_R,permitted_loc,,Not Drilled,https://wellwiki.org/wiki/34-059-24604,,"1910294"
34-059-60062,"60062","40.03247967","-81.68789437",OH,,,PATTEN H W 1 1,OHIO FUEL CO.,10/8/1925,,OG_R,pl_gas,,Plugged,https://wellwiki.org/wiki/34-059-60062,,"1910295"
34-059-60109,"60109","40.00884617","-81.66447032",OH,,," 3",,1/1/1900,,OG_R,pl_oil_gas,,Plugged,https://wellwiki.org/wiki/34-059-60109,,"1910296"
34-059-60239,"60239","39.99566783","-81.62993965",OH,,,MCBRIDE 1 1,AM. NAT. GAS,1/1/1900,,OG_R,pl_gas,,Plugged,https://wellwiki.org/wiki/34-059-60239,,"1910297"
34-059-61132,"61132","39.98818202","-81.44213921",OH,,,JOHNSON JOHN A 7,FRIDAY OIL CO,1/1/1900,,OG_R,pl_oil,,Plugged,https://wellwiki.org/wiki/34-059-61132,,"1910298"
34-063-63666,"63666","41.06768111","-83.74739868",OH,,,CLAPPER GEORGE 16 16,OHIO OIL CO.,,,OG_R,pl_oil,,Plugged,https://wellwiki.org/wiki/34-063-63666,,"1910299"
34-063-63735,"63735","41.06936852","-83.66866248",OH,,," 12",,1/1/1900,,UN_R,pl_oil,,Plugged,https://wellwiki.org/wiki/34-063-63735,,"1910300"
34-065-60139,"60139","40.54134963","-83.63305973",OH,,, ,,1/1/1900,,UN_R,dry,,Orphaned / Abandoned / Unverified Plug,https://wellwiki.org/wiki/34-065-60139,,"1910302"
34-067-20171,"20171","40.27723089","-81.31215551",OH,,,MILLHORN # 1 1,RESOURCE EXPLORATION INC,3/25/1973,,OG_R,pl_gas,,Plugged,https://wellwiki.org/wiki/34-067-20171,,"1910303"
34-067-20418,"20418","40.42447408","-81.10364607",OH,,,DARR ROY & ELIZABETH     1 1,D'APPOLONIA PETROELUM INC.,9/10/1981,,OG_R,oilshow,,Production Well,https://wellwiki.org/wiki/34-067-20418,,"1910304"
34-067-20565,"20565","40.38380164","-81.16828187",OH,,,HAMILL  L     2 2,NEW FRONTIER EXPLORATION INC.,8/27/1982,,OG_R,pl_oil_gas,,Plugged,https://wellwiki.org/wiki/34-067-20565,,"1910305"
34-067-20700,"20700","40.32520751","-81.267366",OH,,,D. WHITE # 6 6,RESOURCE EXPLORATION INC.,,,OG_R,ex_permit,,Not Drilled,https://wellwiki.org/wiki/34-067-20700,,"1910306"
34-067-20874,"20874","40.37656592","-81.21232486",OH,,,H. HUFF # 3 3,LANGASCO ENERGY CORP,12/21/1988,,OG_R,oil_gas,,Production Well,https://wellwiki.org/wiki/34-067-20874,,"1910307"
34-073-21056,"21056","39.37494366","-82.65528247",OH,,,GARRETT PEARL 1,THE OHIO FUEL GAS CO.,7/18/1963,,GS_R,storage,,Injection / Storage / Service,https://wellwiki.org/wiki/34-073-21056,,"1910308"
34-073-21392,"21392","39.5293452","-82.32557333",OH,,,GREENHILL # 6 6,THE OXFORD OIL CO.,4/17/1969,,OG_R,pl_oil_gas,,Plugged,https://wellwiki.org/wiki/34-073-21392,,"1910309"
34-073-21424,"21424","39.57708833","-82.33583468",OH,,,CASPER H C & J 1 1,FARMS OIL CO.,,,OG_R,ex_permit,,Not Drilled,https://wellwiki.org/wiki/34-073-21424,,"1910310"
34-073-22313,"22313","39.48180095","-82.40416598",OH,,,LEAMAN BARBARA J     1 1,LARKMAN PROPERTIES,8/12/1980,,OG_R,pl_oil_gas,,Plugged,https://wellwiki.org/wiki/34-073-22313,,"1910311"
34-073-22993,"22993","39.48700473","-82.38970296",OH,,,JOE L. & RUTH F. FUNK # 5 5,LUDCO INC.,6/20/1984,,OG_R,oil_gas,,Production Well,https://wellwiki.org/wiki/34-073-22993,,"1910312"
34-073-60035,"60035","39.38901231","-82.57535564",OH,,,DAVIS ELIZ 1 1,O.F.G.,1/1/1900,,OG_R,dry,,Orphaned / Abandoned / Unverified Plug,https://wellwiki.org/wiki/34-073-60035,,"1910313"
34-003-62856,"62856","40.71154131","-84.08890627",OH,,," 6",,1/1/1900,,UN_R,pl_oil,,Plugged,https://wellwiki.org/wiki/34-003-62856,,"1910314"
34-073-60514,"60514","39.57955001","-82.29679945",OH,,,H V PRODUCTS CO 28 28,CHARTIERS OIL CO,1/1/1900,,OG_R,pl_oil,,Plugged,https://wellwiki.org/wiki/34-073-60514,,"1910315"
34-073-60515,"60515","39.58107214","-82.2943044",OH,,,HOCKING VALLEY PRODUCTS CO 62 62,CHARTIERS OIL CO,7/1/1912,,OG_R,pl_oil,,Plugged,https://wellwiki.org/wiki/34-073-60515,,"1910316"
34-073-60721,"60721","39.48136082","-82.34476754",OH,,,WYSKIVER JW& SARAH 2 2,PRESTON,11/14/1916,,OG_R,pl_oil,,Plugged,https://wellwiki.org/wiki/34-073-60721,,"1910317"
34-073-62283,"62283","39.40327408","-82.44073445",OH,,,RIGGS ASBURY 1 1,M. M. & C. D. INNIS,1/1/1900,,OG_R,dry,,Orphaned / Abandoned / Unverified Plug,https://wellwiki.org/wiki/34-073-62283,,"1910318"
34-075-20082,"20082","40.53046564","-82.03085486",OH,,,MOHR ALBERTUS 1 1,O.F.G. CO.,2/27/1941,,OG_R,dry,,Orphaned / Abandoned / Unverified Plug,https://wellwiki.org/wiki/34-075-20082,,"1910319"
34-075-20801,"20801","40.61021935","-81.94807626",OH,,,KING ROBERT 1 1,R.G. SMITH,3/29/1956,,OG_R,pl_oil_gas,,Plugged,https://wellwiki.org/wiki/34-075-20801,,"1910320"
34-075-20803,"20803","40.46523334","-82.05467419",OH,,,SPAIN F C-2 C-2,RGIONAL OIL & GAS CO.,,,OG_R,pl_oil,,Plugged,https://wellwiki.org/wiki/34-075-20803,,"1910321"
34-075-21771,"21771","40.59174595","-82.12250948",OH,,,WAYNE POWER # 1 1,THE OXFORD OIL CO.,8/6/1974,,OG_R,pl_oil_gas,,Plugged,https://wellwiki.org/wiki/34-075-21771,,"1910322"
34-075-22773,"22773","40.54837146","-82.08187875",OH,,,HILL     1 1,WILLIAM F. HILL,11/2/1980,,OG_R,pl_oil_gas,,Plugged,https://wellwiki.org/wiki/34-075-22773,,"1910323"
34-075-24091,"24091","40.64260664","-82.17511854",OH,,,KICK LARRY     23 23,OHIO PURE OIL CORP.,7/23/1983,,OG_R,pl_oil_gas,,Plugged,https://wellwiki.org/wiki/34-075-24091,,"1910324"
34-075-24099,"24099","40.64502664","-82.17669226",OH,,,KICK LARRY     K4 K4,OHIO PURE OIL CORP.,8/2/1983,,OG_R,pl_oil_gas,,Plugged,https://wellwiki.org/wiki/34-075-24099,,"1910325"
34-075-60138,"60138","40.57821652","-81.95399741",OH,,,CONN ETHEL 1 1,JARECKI MFG. CO.,1/1/1900,,OG_R,pl_oil,,Plugged,https://wellwiki.org/wiki/34-075-60138,,"1910326"
34-075-60622,"60622","40.55529261","-82.1351066",OH,,,GRAY W & W H 1 1,E. O. G. CO.,6/27/1922,,OG_R,dry_oilgas_show,,Orphaned / Abandoned / Unverified Plug,https://wellwiki.org/wiki/34-075-60622,,"1910327"
34-075-60876,"60876","40.55022664","-82.03150716",OH,,, ,,1/1/1900,,UN_R,ex_permit,,Not Drilled,https://wellwiki.org/wiki/34-075-60876,,"1910328"
34-077-60030,"60030","41.19018684","-82.5189053",OH,,,PLYMOUTH AT     1 1,,1/1/1900,,OG_R,dry,,Orphaned / Abandoned / Unverified Plug,https://wellwiki.org/wiki/34-077-60030,,"1910329"
34-079-60026,"60026","39.09831479","-82.59686911",OH,,,EVANS DAVID 1 1,OFG,8/28/1924,,OG_R,pl_gas,,Plugged,https://wellwiki.org/wiki/34-079-60026,,"1910330"
34-081-20402,"20402","40.16412989","-80.7068881",OH,,,STATE OF OHIO 1 1,DANIS INDUSTRIES CORP.,,,OG_R,pl_oil_gas,,Plugged,https://wellwiki.org/wiki/34-081-20402,,"1910331"
34-081-60774,"60774","40.38068289","-80.70230766",OH,,,POWELL UG 4 4,COLLINS AND ELLIOTT,1/1/1900,,OG_R,dry,,Orphaned / Abandoned / Unverified Plug,https://wellwiki.org/wiki/34-081-60774,,"1910332"
34-083-20451,"20451","40.3220469","-82.26103788",OH,,,ELLA A WILSON #7990 (JOHNSON) 2,THE OHIO FUEL GAS CO,8/27/1945,,OG_R,oil_gas,,Production Well,https://wellwiki.org/wiki/34-083-20451,,"1910333"
34-083-21540,"21540","40.32803519","-82.57791093",OH,,,HINES 1-C 1-C,COMMANCHE OIL INC.,5/30/1964,,OG_R,dry,,Orphaned / Abandoned / Unverified Plug,https://wellwiki.org/wiki/34-083-21540,,"1910334"
34-083-21717,"21717","40.45757023","-82.21117863",OH,,,PURDY CO INC 1 1,C. S. KENNEDY,,,OG_R,ex_permit,,Not Drilled,https://wellwiki.org/wiki/34-083-21717,,"1910335"
34-083-22296,"22296","40.274998","-82.28987827",OH,,,RICE 3,A. & Z. PRODUCTION,12/16/1976,,OG_R,oil_gasshow,,Production Well,https://wellwiki.org/wiki/34-083-22296,,"1910336"
34-083-22503,"22503","40.24097671","-82.27990381",OH,,,TAYLOR     1 1,LEW BATES JR.,4/6/1978,,OG_R,pl_oil_gas,,Plugged,https://wellwiki.org/wiki/34-083-22503,,"1910337"
34-083-24398,"24398","40.36972196","-82.25888976",OH,,,REESE ELIZABETH     4 4,ELKHEAD GAS & OIL CO,11/29/2008,,OG_R,oil_gas,,Production Well,https://wellwiki.org/wiki/34-083-24398,,"1910338"
34-083-60449,"60449","40.25873941","-82.33646134",OH,,,MEDLIN JW 1 1,O.F.G.,3/13/1911,,OG_R,permitted_loc,,Not Drilled,https://wellwiki.org/wiki/34-083-60449,,"1910339"
34-083-60898,"60898","40.33509934","-82.30277366",OH,,," 2",,1/1/1900,,UN_R,dry,,Orphaned / Abandoned / Unverified Plug,https://wellwiki.org/wiki/34-083-60898,,"1910340"
34-083-61642,"61642","40.28493412","-82.57420131",OH,,,VANRHEDEN BB 3 3,LOGAN,12/13/1906,,OG_R,pl_gas,,Plugged,https://wellwiki.org/wiki/34-083-61642,,"1910341"
34-083-61689,"61689","40.3054244","-82.50265662",OH,,,BROWN C 1 1,LOGAN,8/15/1904,,OG_R,pl_gas,,Plugged,https://wellwiki.org/wiki/34-083-61689,,"1910342"
34-083-61906,"61906","40.24636515","-82.45770355",OH,,,TORREUS ET AL J T 2 2,LOGAN,11/1/1907,,OG_R,pl_gas,,Plugged,https://wellwiki.org/wiki/34-083-61906,,"1910343"
34-085-20128,"20128","41.74207672","-81.26750691",OH,,,DIAMOND SHAMROCK CORPORATION 31 31,DIAMOND SHAMROCK CORPORATION,,,OG_R,dry,,Orphaned / Abandoned / Unverified Plug,https://wellwiki.org/wiki/34-085-20128,,"1910344"
34-085-20521,"20521","41.61256733","-81.46540205",OH,,,RISMAN # 1 1,BOREMAN DRILLING,,,OG_R,pl_oil_gas,,Plugged,https://wellwiki.org/wiki/34-085-20521,,"1910345"
34-085-20600,"20600","41.82955023","-81.00520305",OH,,,CRUMP # 1 1,AMER ENERGY DEVELOP. INC.,8/2/1984,,OG_R,gas_oilshow,,Production Well,https://wellwiki.org/wiki/34-085-20600,,"1910346"
34-085-21110,"21110","41.79248031","-81.02752462",OH,,,SUNLEAF NURSERY WELL     1 1,BROAD STREET ENERGY CO,,,OG_R,ex_permit,,Not Drilled,https://wellwiki.org/wiki/34-085-21110,,"1910347"
34-085-60233,"60233","41.6145028","-81.39856623",OH,,,SHERWIN JOHN SR 2 2,JOHN SHERWIN SR,1/1/1900,,OG_R,dry,,Orphaned / Abandoned / Unverified Plug,https://wellwiki.org/wiki/34-085-60233,,"1910348"
34-089-20810,"20810","39.99630731","-82.2429645",OH,,,EMCH CHESTER F 1 1,CLINTON OIL CO ETAL,9/25/1950,,OG_R,dry,,Orphaned / Abandoned / Unverified Plug,https://wellwiki.org/wiki/34-089-20810,,"1910349"
34-105-21844,"21844","39.10389041","-82.17685473",OH,,,WOODYARD TIM  1 1,ADAMS DRILLING CO,,,OG_R,ex_permit,,Not Drilled,https://wellwiki.org/wiki/34-105-21844,,"1910350"
34-089-21147,"21147","40.09178853","-82.23078779",OH,,,OSBORNE A L 1 1,DISBENNETT PETROLEUM CO.,2/7/1955,,OG_R,dry_oilshow,,Orphaned / Abandoned / Unverified Plug,https://wellwiki.org/wiki/34-089-21147,,"1910351"
34-089-22247,"22247","40.19790108","-82.25516326",OH,,,ROSE ALBERT E. & ADA J. 1,LINCOLN OIL WELL SERVICE CO.,7/30/1965,,OG_R,pl_oil_gas,,Plugged,https://wellwiki.org/wiki/34-089-22247,,"1910352"
34-089-22540,"22540","40.1476569","-82.28467133",OH,,,HARRY BROSEUS     1 1,CHARLES J. SEIBERT,3/7/1967,,OG_R,pl_oil,,Plugged,https://wellwiki.org/wiki/34-089-22540,,"1910353"
34-089-23183,"23183","40.01261556","-82.27898552",OH,,,ZIMMERMAN ED     1 1,OXFORD OIL CO.,4/3/1975,,OG_R,pl_oil_gas,,Plugged,https://wellwiki.org/wiki/34-089-23183,,"1910354"
34-089-23330,"23330","40.11941474","-82.23314757",OH,,,DEEDS DWIGHT     1 1,SAMPLES JAMES F,,,OG_R,pl_oil,,Plugged,https://wellwiki.org/wiki/34-089-23330,,"1910355"
34-089-24527,"24527","40.21948829","-82.24148059",OH,,,BAILEY     1-A 1,DELRAY DRILLING INC.,8/29/1982,,OG_R,oil_gas,,Production Well,https://wellwiki.org/wiki/34-089-24527,,"1910356"
34-089-24596,"24596","40.04181234","-82.38660707",OH,,,RAYMOND H. PENICK # 1-B 1-B,EVERETT EDWARD H. CO.,,,OG_R,ex_permit,,Not Drilled,https://wellwiki.org/wiki/34-089-24596,,"1910357"
34-089-24660,"24660","40.09673041","-82.2814339",OH,,,HOWARD & JEANE MOODY     1 1,EVERETT EDWARD H. CO.,,,OG_R,ex_permit,,Not Drilled,https://wellwiki.org/wiki/34-089-24660,,"1910358"
34-089-24867,"24867","40.10513023","-82.29668927",OH,,,WEEKLEY # 9 9,BRYANT & URBAN,,,OG_R,ex_permit,,Not Drilled,https://wellwiki.org/wiki/34-089-24867,,"1910359"
34-089-25444,"25444","40.03479329","-82.65416311",OH,,,LAMP-GRIMM UNIT # 1-1559 1-1559,CLINTON OIL CO,6/9/1992,,OG_R,pl_gas,,Plugged,https://wellwiki.org/wiki/34-089-25444,,"1910360"
34-089-26197,"26197","39.96949156","-82.50210999",OH,,,WATTS UNIT     1 1,DAVID R HILL INC,10/2/2020,,OG_R,oil_gas,,Production Well,https://wellwiki.org/wiki/34-089-26197,,"1910361"
34-089-62386,"62386","40.18274598","-82.47724307",OH,,,SIMPSON WM A 7 7,O.F.S.,1/1/1900,,OG_R,pl_gas,,Plugged,https://wellwiki.org/wiki/34-089-62386,,"1910362"
34-093-20363,"20363","41.28321875","-82.08748392",OH,,,O'CONNER GT 1 1,O.F.G.,8/23/1945,,OG_R,dry_oilshow,,Orphaned / Abandoned / Unverified Plug,https://wellwiki.org/wiki/34-093-20363,,"1910363"
34-099-20235,"20235","40.91146473","-81.0302866",OH,,,BARNETT RAYMOND 1 1,PROFESSIONAL PET EXPLORATION INC.,,,OG_R,ex_permit,,Not Drilled,https://wellwiki.org/wiki/34-099-20235,,"1910364"
34-099-20245,"20245","40.94680611","-80.96650815",OH,,,MYERS WILSON 1 1,DORFMAN PRODUCTION CO.,12/18/1968,,OG_R,oil_gas,,Production Well,https://wellwiki.org/wiki/34-099-20245,,"1910365"
34-099-20254,"20254","41.03840521","-80.82091986",OH,,,DROUHARD MARY J 3 3,LENHART & BENNETT INC.,,,OG_R,ex_permit,,Not Drilled,https://wellwiki.org/wiki/34-099-20254,,"1910366"
34-099-20607,"20607","41.02696181","-80.93546638",OH,,,OESCH EUGENE H.  ETUX ,MUTUAL  OIL & GAS CO.,3/25/1976,,OG_R,dry_oilgas_show,,Orphaned / Abandoned / Unverified Plug,https://wellwiki.org/wiki/34-099-20607,,"1910367"
34-099-20709,"20709","41.02984122","-80.89534077",OH,,,HAROLD BROWN 1 1,UNITED PETROLEUM CORP.,8/6/1976,,OG_R,oil_gas,,Production Well,https://wellwiki.org/wiki/34-099-20709,,"1910368"
34-099-21503,"21503","40.99168457","-80.70061979",OH,,,MAYO # 2 2,POMINEX INC.,9/7/1982,,OG_R,gas_oilshow,,Production Well,https://wellwiki.org/wiki/34-099-21503,,"1910369"
34-099-21567,"21567","40.98608526","-80.93752094",OH,,,KILE UNIT # 2 2,DORFMAN PRODUCTION CO.,5/18/1983,,OG_R,oil_gas,,Production Well,https://wellwiki.org/wiki/34-099-21567,,"1910370"
34-099-22728,"22728","41.10895603","-80.87470251",OH,,,MAHONING NATIONAL BANK # L-19 L-19,EASTERN STATES OIL & GAS,,,OG_R,ex_permit,,Not Drilled,https://wellwiki.org/wiki/34-099-22728,,"1910371"
34-099-22905,"22905","41.09375074","-80.67447743",OH,,,THIRD BAPTIST     1 1,,10/31/2001,,OG_R,gas_oilshow,,Production Well,https://wellwiki.org/wiki/34-099-22905,,"1910372"
34-099-22928,"22928","40.93513394","-80.91354462",OH,,,BURTON-MCCRACKEN   1 1,NORTH AMERICAN PETROLEUM,10/1/2002,,OG_R,oil_gas,,Production Well,https://wellwiki.org/wiki/34-099-22928,,"1910373"
34-099-23174,"23174","40.96366637","-80.84670952",OH,,,MAHAR 7-16-3     3H 3H,CHESAPEAKE EXPLORATION LLC,,,OG_R,ex_permit,,Not Drilled,https://wellwiki.org/wiki/34-099-23174,,"1910374"
34-099-60057,"60057","40.98774507","-80.71243286",OH,,,SWANEY T W 3 3,W. VA. N.,1/1/1900,,OG_R,pl_gas_oilshow,,Plugged,https://wellwiki.org/wiki/34-099-60057,,"1910375"
34-099-60621,"60621","40.98534332","-80.59806566",OH,,," 5",,1/1/1900,,UN_R,pl_oil,,Plugged,https://wellwiki.org/wiki/34-099-60621,,"1910376"
34-103-20927,"20927","41.20555388","-81.94927356",OH,,,WUENSCH ROSA 3,JOHN W. CUSHING,7/29/1953,,OG_R,dry_oilshow,,Orphaned / Abandoned / Unverified Plug,https://wellwiki.org/wiki/34-103-20927,,"1910377"
34-103-22602,"22602","41.08728756","-81.72729809",OH,,,RUHLING DEVELOPMENT CO. 2,MUTUAL OIL & GAS CO.,,,OG_R,ex_permit,,Not Drilled,https://wellwiki.org/wiki/34-103-22602,,"1910378"
34-103-22884,"22884","41.13012713","-82.05631918",OH,,,MUNZ     5-H 5-H,HARLEY DRILLING & PRODUCING,2/24/1982,,OG_R,dry,,Orphaned / Abandoned / Unverified Plug,https://wellwiki.org/wiki/34-103-22884,,"1910379"
34-103-23627,"23627","41.00502888","-81.88297332",OH,,,CAMPBELL # 1 1,AMERICAN WAY PROD. INC.,,,OG_R,ex_permit,,Not Drilled,https://wellwiki.org/wiki/34-103-23627,,"1910380"
34-103-24210,"24210","41.09476201","-82.01845082",OH,,,GRIM 06,DYMO OIL CORP.,,,OG_R,dry,,Orphaned / Abandoned / Unverified Plug,https://wellwiki.org/wiki/34-103-24210,,"1910381"
34-103-24897,"24897","41.0992727","-82.01999261",OH,,,WIDEMAN     W-16 W-16,SHORTS RALPH E DRILLING,,,OG_R,pl_Oil_Gas,,Plugged,https://wellwiki.org/wiki/34-103-24897,,"1910382"
34-103-24912,"24912","41.09748386","-81.97907498",OH,,,ACKERMAN CARL     1 1,MFC DRILLING INC,,,OG_R,ex_permit,,Not Drilled,https://wellwiki.org/wiki/34-103-24912,,"1910383"
34-103-61537,"61537","41.05371642","-81.92906036",OH,,,GESKE 2,DITCH & GERIG,6/12/1952,,OG_R,dry,,Orphaned / Abandoned / Unverified Plug,https://wellwiki.org/wiki/34-103-61537,,"1910384"
34-105-21002,"21002","39.01413342","-81.98407437",OH,,,ROSE HILL COAL CO 1 1,C.H. WILLIAMS ET AL,2/5/1952,,OG_R,pl_gas,,Plugged,https://wellwiki.org/wiki/34-105-21002,,"1910385"
34-105-23668,"23668","39.06359072","-82.10819856",OH,,,STEWART WILLIAM     4 4,J D DRILLING CO,,,OG_R,ex_permit,,Not Drilled,https://wellwiki.org/wiki/34-105-23668,,"1910386"
34-105-60318,"60318","39.13607231","-81.93957652",OH,,,GAUL DELBERT 1 1,KOEHLER & GAUL,1/1/1900,,OG_R,dry,,Orphaned / Abandoned / Unverified Plug,https://wellwiki.org/wiki/34-105-60318,,"1910387"
34-107-60033,"60033","40.50245782","-84.6829614",OH,,,WILEY WM 2 2,ARCHER PIPE & SUPPLY,1/1/1900,,OG_R,dry,,Orphaned / Abandoned / Unverified Plug,https://wellwiki.org/wiki/34-107-60033,,"1910388"
34-107-60507,"60507","40.6742202","-84.48154157",OH,,,DETRICH CHARLES 3 3,ARCHER PIPE & SUPPLY CO,1/1/1900,,OG_R,pl_oil,,Plugged,https://wellwiki.org/wiki/34-107-60507,,"1910389"
34-111-20570,"20570","39.71084422","-81.15545719",OH,,," 1",,1/1/1900,,OG_R,dry,,Orphaned / Abandoned / Unverified Plug,https://wellwiki.org/wiki/34-111-20570,,"1910390"
34-111-20656,"20656","39.71282592","-81.09835779",OH,,,AGIN FRED 1 1,MILLHONE CO.,5/27/1947,,OG_R,pl_oil,,Plugged,https://wellwiki.org/wiki/34-111-20656,,"1910391"
34-111-21587,"21587","39.763074","-81.3010433",OH,,,BEARDMORE HARLEY 1 1,SWAZEY CO.,4/2/1962,,OG_R,oil_gas,,Production Well,https://wellwiki.org/wiki/34-111-21587,,"1910392"
34-111-22055,"22055","39.6612021","-81.17257319",OH,,,ANDERSON WILLIS 1 1,CARBONIT EXPLORATION INC.,,,OG_R,ex_permit,,Not Drilled,https://wellwiki.org/wiki/34-111-22055,,"1910393"
34-111-22164,"22164","39.78917114","-81.21765954",OH,,,CLYDE RUBLE # 3 3,NATIONAL PETROLEUM CORP.,11/22/1980,,OG_R,oil_gas,,Production Well,https://wellwiki.org/wiki/34-111-22164,,"1910394"
34-111-22770,"22770","39.71399124","-81.28676437",OH,,,GIARAMITA     # 5 5,FREDERICK PET. CORP.,,,OG_R,ex_permit,,Not Drilled,https://wellwiki.org/wiki/34-111-22770,,"1910395"
34-111-23320,"23320","39.85416858","-80.95453047",OH,,,CHAS. CALDWELL # 3 3,PETRO DRILLING CORP.,,,OG_R,ex_permit,,Not Drilled,https://wellwiki.org/wiki/34-111-23320,,"1910396"
34-111-24638,"24638","39.8525123","-81.23738399",OH,,,ATWATER UNIT     2H 2H,ANTERO RESOURCES  CORPORATION,12/31/2015,,ST_R,permitted_loc,,Not Drilled,https://wellwiki.org/wiki/34-111-24638,,"1910397"
34-111-60412,"60412","39.611706","-81.27103381",OH,,,PABST CHARLES 1 1,R. VOLPER & A. L. BRYAN,1/1/1900,,OG_R,pl_oil,,Plugged,https://wellwiki.org/wiki/34-111-60412,,"1910398"
34-111-61253,"61253","39.72097833","-81.11311958",OH,,,( CLEM DAUGHERTY ( FOR R P YOGO ) 4 4,PURE OIL CO.,1/1/1900,,OG_R,pl_oil,,Plugged,https://wellwiki.org/wiki/34-111-61253,,"1910399"
34-111-63146,"63146","39.81980283","-81.22812552",OH,,,BINTZ ELMER & SAMUEL     1 1,N.T. STAUDT ETAL,1/1/1915,,OG_R,pl_oil,,Plugged,https://wellwiki.org/wiki/34-111-63146,,"1910400"
34-111-63935,"63935","39.75634517","-81.18582927",OH,,,ULRICH 1,F.H. HILLIARDS & CO.,1/1/1900,,OG_R,pl_oil,,Plugged,https://wellwiki.org/wiki/34-111-63935,,"1910401"
34-111-63983,"63983","39.75299303","-81.19887554",OH,,,YOUNG HENRY 1 1,F. H. HIILIARDS & CO.,1/1/1900,,OG_R,pl_oil,,Plugged,https://wellwiki.org/wiki/34-111-63983,,"1910402"
34-111-64421,"64421","39.63230186","-81.14285499",OH,,, ,,1/1/1900,,UN_R,dry,,Orphaned / Abandoned / Unverified Plug,https://wellwiki.org/wiki/34-111-64421,,"1910403"
34-113-20008,"20008","39.64709253","-84.28323716",OH,,,CITY OF MIAMISBURG     1 1,CITY OF MIAMISBURG,,,OG_R,pl_gas,,Plugged,https://wellwiki.org/wiki/34-113-20008,,"1910404"
34-115-20819,"20819","39.48833449","-81.96179526",OH,,,W. ANDERSON     3 3,E.N. CALHOUN GAS CO.,4/12/1954,,OG_R,dry,,Orphaned / Abandoned / Unverified Plug,https://wellwiki.org/wiki/34-115-20819,,"1910405"
34-115-21103,"21103","39.67742899","-82.0191291",OH,,,DEARING     1 1,JOHNSTON PET. CORP.,3/3/1966,,OG_R,pl_gas,,Plugged,https://wellwiki.org/wiki/34-115-21103,,"1910406"
34-115-21385,"21385","39.72256495","-81.69077509",OH,,,ST HARPER JOHN 1 1,REDMAN OIL CO. INC.,,,OG_R,ex_permit,,Not Drilled,https://wellwiki.org/wiki/34-115-21385,,"1910407"
34-115-22620,"22620","39.60254412","-81.63173105",OH,,,WELCH HERMAN     2 2,HANLEY F. HARDIN,12/3/1981,,OG_R,pl_oil_gas,,Plugged,https://wellwiki.org/wiki/34-115-22620,,"1910408"
34-115-22653,"22653","39.66377844","-81.86303501",OH,,,KNOX ALLEN TAYLOR # 2 2,CONSOLIDATED RESOURCES OF AMERICA INC.,,,OG_R,ex_permit,,Not Drilled,https://wellwiki.org/wiki/34-115-22653,,"1910409"
34-115-23560,"23560","39.56231903","-81.93000863",OH,,,MYRON & MARY JANES # 6MJ 6MJ,R.& W. ENERGY,6/7/1984,,OG_R,oil_gas,,Production Well,https://wellwiki.org/wiki/34-115-23560,,"1910410"
34-115-23690,"23690","39.67092859","-81.91792737",OH,,,MASSEY # 2A 2A,B B ENERGY CORP.,,,OG_R,ex_permit,,Not Drilled,https://wellwiki.org/wiki/34-115-23690,,"1910411"
34-115-24392,"24392","39.55136125","-82.00754837",OH,,,KERNS     3-3316 3,QUAKER STATE OIL REF CORP.,6/29/1994,,OG_R,pl_gas,,Plugged,https://wellwiki.org/wiki/34-115-24392,,"1910412"
34-115-24622,"24622","39.68073238","-81.97340762",OH,,,NELSON     4 4,POLING R C CO INC,4/7/2008,,OG_R,oil_gas,,Production Well,https://wellwiki.org/wiki/34-115-24622,,"1910413"
34-115-60839,"60839","39.46649872","-81.86377485",OH,,,MAYLE PEARL & SCOFIELD STEPHEN 6 6,L. H. GEDDES,1/1/1900,,OG_R,pl_oil,,Plugged,https://wellwiki.org/wiki/34-115-60839,,"1910414"
34-115-61370,"61370","39.48568919","-81.84565084",OH,,, ,,1/1/1900,,UN_R,dry,,Orphaned / Abandoned / Unverified Plug,https://wellwiki.org/wiki/34-115-61370,,"1910415"
34-115-61479,"61479","39.53584354","-81.86857939",OH,,,SYPHERS RETTA 3 3,CHOGUIL HALLOWELL & CO,1/1/1900,,OG_R,dry,,Orphaned / Abandoned / Unverified Plug,https://wellwiki.org/wiki/34-115-61479,,"1910416"
34-117-20415,"20415","40.51066701","-82.84390911",OH,,,BURNS CHAS 1 1,H.F. FAUST,,,OG_R,ex_permit,,Not Drilled,https://wellwiki.org/wiki/34-117-20415,,"1910417"
34-117-21595,"21595","40.5641817","-82.95637191",OH,,,BAILEY V 1 1,BILL ALLEN,5/30/1964,,OG_R,dry,,Orphaned / Abandoned / Unverified Plug,https://wellwiki.org/wiki/34-117-21595,,"1910418"
34-117-21875,"21875","40.39742394","-82.77392741",OH,,,FISHBURN W & K     2 2,JAMES WRAY,7/20/1964,,OG_R,pl_oil,,Plugged,https://wellwiki.org/wiki/34-117-21875,,"1910419"
34-117-22319,"22319","40.43419142","-82.83033492",OH,,,GERKEN 1 1,ASHLAND OIL & REF. CO,12/30/1964,,OG_R,pl_oil,,Plugged,https://wellwiki.org/wiki/34-117-22319,,"1910420"
34-117-22692,"22692","40.45654319","-82.86041065",OH,,,MOORE-LONGSHORE-SHOEMAKER UNIT # 1 1,BATES LEW JR.,11/18/1986,,OG_R,pl_oil,,Plugged,https://wellwiki.org/wiki/34-117-22692,,"1910421"
34-117-24106,"24106","40.55726512","-82.73571886",OH,,,P. & C. DUMBAUGH # 1-A 1-A,UNITED OPERATING CO.,9/2/1993,,OG_R,dry,,Orphaned / Abandoned / Unverified Plug,https://wellwiki.org/wiki/34-117-24106,,"1910422"
34-167-62736,"62736","39.4969452","-81.2683258",OH,,,DEPUY MARTHA J 5 5,WILLIAM B. DEPUY,1/1/1900,,OG_R,pl_gas,,Plugged,https://wellwiki.org/wiki/34-167-62736,,"1910423"
34-117-60047,"60047","40.40713216","-82.88204673",OH,,,N SMITH OHMW-12,PHILLIPS PET CO,1/1/1900,,ST_R,pl_stratigraphic,,Plugged,https://wellwiki.org/wiki/34-117-60047,,"1910424"
34-119-20999,"20999","39.8329747","-81.99403024",OH,,,BEISSER-WENTWORTH 1 1,THE OHIO FUEL GAS CO,3/17/1948,,OG_R,dry,,Orphaned / Abandoned / Unverified Plug,https://wellwiki.org/wiki/34-119-20999,,"1910425"
34-119-21231,"21231","39.81705241","-81.91742864",OH,,,DUTRO J H 2 2,NATIONAL GAS & OIL CORP.,7/23/1952,,OG_R,dry_oilgas_show,,Orphaned / Abandoned / Unverified Plug,https://wellwiki.org/wiki/34-119-21231,,"1910426"
34-119-21255,"21255","39.97337394","-82.15890682",OH,,,ROBERT BENDURE # 1-A 1-A,MIDLAND OIL CO.,1/12/1984,,OG_R,pl_oil_gas,,Plugged,https://wellwiki.org/wiki/34-119-21255,,"1910427"
34-119-21296,"21296","40.09575022","-82.17258042",OH,,,ARDREY RC 1 1,MID-WEST OIL & GAS CO.,12/11/1954,,OG_R,pl_oil_gas,,Plugged,https://wellwiki.org/wiki/34-119-21296,,"1910428"
34-119-22137,"22137","39.85062591","-82.16591934",OH,,,WILLIAMS E DONALD # 1 1,THE OXFORD OIL CO.,7/11/1969,,OG_R,pl_oil_gas,,Plugged,https://wellwiki.org/wiki/34-119-22137,,"1910429"
34-119-22572,"22572","40.06190947","-81.78073385",OH,,,CALDWELL JT 1 1,WESTLAND MINERALS CORP.,8/20/1971,,OG_R,pl_gas,,Plugged,https://wellwiki.org/wiki/34-119-22572,,"1910430"
34-119-22822,"22822","39.99246874","-81.82600836",OH,,,JOHN BIRD     2 2,CAMERON PRODUCTION  CO INC,8/7/1972,,OG_R,pl_oil_gas,,Plugged,https://wellwiki.org/wiki/34-119-22822,,"1910431"
34-119-23347,"23347","40.09974768","-82.18384247",OH,,,VAN VOOHRIS     2 2,KENTUCKY DRLG. & OPER. CORP.,3/28/1974,,OG_R,pl_oil_gas,,Plugged,https://wellwiki.org/wiki/34-119-23347,,"1910432"
34-119-24495,"24495","39.78268212","-81.81867973",OH,,,OHIO POWER 27 27,WILLISTON OIL & DEVELOPMENT CORP.,11/10/1978,,OG_R,oil_gas,,Production Well,https://wellwiki.org/wiki/34-119-24495,,"1910433"
34-119-24801,"24801","40.15382251","-82.163134",OH,,,DUDAS # 3 3,TWINOAKS OIL & GAS CO.,6/9/1979,,OG_R,pl_oil_gas,,Plugged,https://wellwiki.org/wiki/34-119-24801,,"1910434"
34-119-24957,"24957","39.91058332","-81.79443369",OH,,,HERBERT CAIN     1 1,BEREA OIL & GAS CORP.,11/6/1980,,OG_R,gs_oilshow,,Production Well,https://wellwiki.org/wiki/34-119-24957,,"1910435"
34-119-24966,"24966","39.8867837","-81.83718851",OH,,,WINTERS GLEN E     3 3,TIGER OIL INC.,5/14/2008,,OG_R,oil_gas,,Production Well,https://wellwiki.org/wiki/34-119-24966,,"1910436"
34-119-25282,"25282","39.77938963","-81.72212746",OH,,,M. JOHNSON # 1-80 1-80,ARTEX OIL CO,6/9/1980,,OG_R,pl_gas,,Plugged,https://wellwiki.org/wiki/34-119-25282,,"1910437"
34-119-26511,"26511","40.14455571","-82.13919693",OH,,,MCNAUGHT MARTHA     1 1,FROST W K INC.,10/28/1982,,OG_R,oil_gas,,Production Well,https://wellwiki.org/wiki/34-119-26511,,"1910438"
34-119-26637,"26637","39.92663092","-82.15236163",OH,,,C. S. BERRY # 3 3,DUBLIN CORP THE,4/25/1983,,OG_R,pl_oil_gas,,Plugged,https://wellwiki.org/wiki/34-119-26637,,"1910439"
34-119-26924,"26924","39.94152044","-82.15585346",OH,,,EDWARD TRAPP # 1 1,PEPPER OIL CO.,1/14/1984,,OG_R,dry_oilgas_show,,Orphaned / Abandoned / Unverified Plug,https://wellwiki.org/wiki/34-119-26924,,"1910440"
34-119-26933,"26933","40.03285255","-81.72512025",OH,,,GAIL GREENWALD # 2 2,NEW FRONTIER EXPLORATION,1/7/1984,,OG_R,oil_gas,,Production Well,https://wellwiki.org/wiki/34-119-26933,,"1910441"
34-119-27067,"27067","39.85085456","-81.743287",OH,,,OHIO POWER CO. # 99A 99A,ENTERPRISE ENERGY CORP.,,,OG_R,ex_permit,,Not Drilled,https://wellwiki.org/wiki/34-119-27067,,"1910442"
34-119-27683,"27683","39.95066504","-81.98435273",OH,,,CAMERON-MILLRUN UNIT # R-1 R-1,,8/19/1991,,OG_R,dry,,Orphaned / Abandoned / Unverified Plug,https://wellwiki.org/wiki/34-119-27683,,"1910443"
34-119-28076,"28076","39.9592524","-81.72819408",OH,,,EOC-RICE UNIT # 1 1,ENNEY OILFIELD CO,,,OG_R,ex_permit,,Not Drilled,https://wellwiki.org/wiki/34-119-28076,,"1910444"
34-119-28199,"28199","40.03872018","-82.02059035",OH,,,OBENOUR SCOTT     1 1,OXFORD OIL CO,7/16/1999,,OG_R,oil_gas,,Production Well,https://wellwiki.org/wiki/34-119-28199,,"1910445"
34-119-28373,"28373","40.09663019","-81.94017904",OH,,,CONSOLIDATION COAL     CR 583 CR 583,ENERVEST OPERATING L,2/24/2002,,OG_R,pl_gas,,Plugged,https://wellwiki.org/wiki/34-119-28373,,"1910446"
34-119-28494,"28494","39.88824136","-81.89877201",OH,,,HARMON-STAKER UNIT     1 1,CAMERON PROD CO INC,7/7/2004,,OG_R,pl_oil_gas,,Plugged,https://wellwiki.org/wiki/34-119-28494,,"1910447"
34-119-60242,"60242","39.79121824","-81.94627761",OH,,,STAKER FRANK E 10 10,RAY LYNN,1/1/1900,,OG_R,pl_oil,,Plugged,https://wellwiki.org/wiki/34-119-60242,,"1910448"
34-119-61008,"61008","40.02197442","-82.19367971",OH,,,VARNER JOSEPH 2 2,WAVERLY OIL WORKS CO.,1/1/1900,,OG_R,pl_oil,,Plugged,https://wellwiki.org/wiki/34-119-61008,,"1910449"
34-119-61215,"61215","40.14665394","-81.76594708",OH,,,SIMMONS JOSEPH 1 1,THE THISTLE OIL CO. C/O C.D. KELLER,1/1/1904,,OG_R,pl_oil,,Plugged,https://wellwiki.org/wiki/34-119-61215,,"1910450"
34-121-20391,"20391","39.84334222","-81.40137102",OH,,,STEVENS W E 1 1,RUBY GAS & OIL CO.,9/5/1943,,OG_R,dry,,Orphaned / Abandoned / Unverified Plug,https://wellwiki.org/wiki/34-121-20391,,"1910451"
34-121-21156,"21156","39.86582855","-81.34047187",OH,,,MCVICKER WARD & EDNA 1A 1A,BRADY ARCHER ETAL,5/24/1960,,OG_R,dry,,Orphaned / Abandoned / Unverified Plug,https://wellwiki.org/wiki/34-121-21156,,"1910452"
34-121-21450,"21450","39.70665314","-81.59224612",OH,,,SMITH VICTOR 1 1,LIBERTY PETROLEUM CORP.,12/28/1971,,OG_R,pl_gas,,Plugged,https://wellwiki.org/wiki/34-121-21450,,"1910453"
34-121-22751,"22751","39.6322076","-81.43503786",OH,,,PARKS     1 1,TRIAD HUNTER  LLC,1/6/1982,,OG_R,pl_gas,,Plugged,https://wellwiki.org/wiki/34-121-22751,,"1910454"
34-121-23207,"23207","39.7730505","-81.52330526",OH,,,VILLAGE OF CALDWELL # 1 1,LOMAK PETRO INC.,,,OG_R,ex_permit,,Not Drilled,https://wellwiki.org/wiki/34-121-23207,,"1910455"
34-133-24085,"24085","41.04072239","-81.1787474",OH,,,WISE # 1 1,,11/18/1996,,OG_R,oil_gas,,Production Well,https://wellwiki.org/wiki/34-133-24085,,"1910456"
34-121-23350,"23350","39.65780178","-81.57448231",OH,,,MITCHELL/OHIO POWER # 2-MI 2,GUERSNEY PETROL CORP.,,,OG_R,ex_permit,,Not Drilled,https://wellwiki.org/wiki/34-121-23350,,"1910457"
34-121-23805,"23805","39.82402153","-81.50836618",OH,,,KIRKBRIDE C     1NA 1NA,ATLAS NOBLE LLC,4/10/1991,,OG_R,oil_gas,,Production Well,https://wellwiki.org/wiki/34-121-23805,,"1910458"
34-121-61890,"61890","39.67500129","-81.39251366",OH,,,CLARK JW 14 14,J.M. SPEARY & CO.,10/1/1910,,OG_R,pl_oil,,Plugged,https://wellwiki.org/wiki/34-121-61890,,"1910459"
34-121-62476,"62476","39.6481174","-81.45833822",OH,,,ROTHLEY GEORGE 8 8,D.& O. OIL CO.,1/1/1900,,OG_R,dry,,Orphaned / Abandoned / Unverified Plug,https://wellwiki.org/wiki/34-121-62476,,"1910460"
34-127-20083,"20083","39.57179736","-82.15928476",OH,,,HEMLOCK COAL CO 19 19,KACHELMACHER ESTATE,6/21/1937,,OG_R,pl_oil,,Plugged,https://wellwiki.org/wiki/34-127-20083,,"1910461"
34-127-20689,"20689","39.86166868","-82.26060311",OH,,,STURGEON ALBERT 4 4,FOUR WAY OIL & GAS,5/30/1945,,OG_R,pl_oil,,Plugged,https://wellwiki.org/wiki/34-127-20689,,"1910462"
34-127-21475,"21475","39.84585737","-82.29163799",OH,,,SWINEHART DORA 6 6,L.L. DITTOE,9/18/1950,,OG_R,pl_oil,,Plugged,https://wellwiki.org/wiki/34-127-21475,,"1910463"
34-127-22081,"22081","39.68167068","-82.22437244",OH,,,KING JOHN 1 1,CARL E. SMITH,8/21/1960,,OG_R,pl_oil_gas,,Plugged,https://wellwiki.org/wiki/34-127-22081,,"1910464"
34-127-22695,"22695","39.66412484","-82.30996242",OH,,,ADCOCK WILLIS     2 2,W. E. SHRIDER,5/25/1967,,OG_R,pl_oil_gas,,Plugged,https://wellwiki.org/wiki/34-127-22695,,"1910465"
34-127-23822,"23822","39.7522392","-82.30171984",OH,,,MOORE 1,JERRY C. OLDS,9/13/1976,,OG_R,oil_gas,,Production Well,https://wellwiki.org/wiki/34-127-23822,,"1910466"
34-127-23844,"23844","39.86680284","-82.2389613",OH,,,COOPERIDER     # 1 1,JADOIL INC.,8/24/1973,,OG_R,pl_gas_oilshow,,Plugged,https://wellwiki.org/wiki/34-127-23844,,"1910467"
34-127-24586,"24586","39.65483891","-82.34266275",OH,,,HOWDYSHELL JAMES & CORA     1 1,DUSTY DRILLING CO. INC.,3/18/1980,,OG_R,pl_oil_gas,,Plugged,https://wellwiki.org/wiki/34-127-24586,,"1910468"
34-127-24825,"24825","39.6391133","-82.37477642",OH,,,NOEL R. BURCHMAN # 1 1,DUSTY DRILLING CO. INC.,5/19/1981,,OG_R,pl_oil_gasshow,,Plugged,https://wellwiki.org/wiki/34-127-24825,,"1910469"
34-127-25204,"25204","39.89418877","-82.27273305",OH,,,SHELLY CHARLES & MARY 2,HOPCO RESOURCES INC.,,,OG_R,ex_permit,,Not Drilled,https://wellwiki.org/wiki/34-127-25204,,"1910470"
34-127-25789,"25789","39.86924814","-82.19967458",OH,,,THOMAS H. JOHNSON     4 4,TIGER OIL INC.,6/15/1983,,OG_R,oil_gas,,Production Well,https://wellwiki.org/wiki/34-127-25789,,"1910471"
34-127-26049,"26049","39.6434115","-82.1889276",OH,,,WARNER # 1 1,AKRON OIL CORP.,,,OG_R,ex_permit,,Not Drilled,https://wellwiki.org/wiki/34-127-26049,,"1910472"
34-127-26291,"26291","39.75625661","-82.36619325",OH,,,PAULINE QUEEN     1 1,HOPEWELL OIL  & GAS DEV CORP.,8/10/1984,,OG_R,pl_oil_gas,,Plugged,https://wellwiki.org/wiki/34-127-26291,,"1910473"
34-127-26297,"26297","39.78812163","-82.22110809",OH,,,JACOB L. DOWNS # 2 2,SNIDER BROTHERS,4/25/1984,,OG_R,pl_oil_gas,,Plugged,https://wellwiki.org/wiki/34-127-26297,,"1910474"
34-127-26425,"26425","39.7483441","-82.38669328",OH,,,WACKENSCHWANZ # 1 1,HOPEWELL OIL & GAS DEV. CO.,12/14/1984,,OG_R,pl_oil_gas,,Plugged,https://wellwiki.org/wiki/34-127-26425,,"1910475"
34-127-26596,"26596","39.59670141","-82.29692699",OH,,,D. TERRELL     # 2 2,BELL DRILLING & PROD. CO,,,OG_R,ex_permit,,Not Drilled,https://wellwiki.org/wiki/34-127-26596,,"1910476"
34-127-26679,"26679","39.87439625","-82.40198636",OH,,,FOUCHT # 2 2,MERIDIAN DRLG. & EQUIP. INC.,12/3/1985,,OG_R,pl_gas_oilshow,,Plugged,https://wellwiki.org/wiki/34-127-26679,,"1910477"
34-127-60313,"60313","39.56451752","-82.16928041",OH,,,TRIMMER CHARLES E 3 3,OHIO FUEL GAS CO.,1/1/1900,,OG_R,oil_gasshow,,Production Well,https://wellwiki.org/wiki/34-127-60313,,"1910478"
34-127-61794,"61794","39.66162172","-82.31382669",OH,,,ADCOCK ROBERT J & SARAH C 1 1,PURE OIL CO.,1/1/1900,,OG_R,dry,,Orphaned / Abandoned / Unverified Plug,https://wellwiki.org/wiki/34-127-61794,,"1910479"
34-127-62733,"62733","39.57405178","-82.09338151",OH,,,SUNDAY CREEK COAL CO 1 1,HERMEY BROS.,1/1/1900,,OG_R,pl_oil,,Plugged,https://wellwiki.org/wiki/34-127-62733,,"1910480"
34-127-63143,"63143","39.59050278","-82.08397123",OH,,,KETCHAM ALVIN 18 18,RUTH CO.,1/1/1900,,OG_R,dry,,Orphaned / Abandoned / Unverified Plug,https://wellwiki.org/wiki/34-127-63143,,"1910481"
34-127-63424,"63424","39.65204439","-82.10973654",OH,,,MONESI FLORENCE 9 9,NATIONAL GAS & OIL CORP.,1/1/1900,,OG_R,pl_oil,,Plugged,https://wellwiki.org/wiki/34-127-63424,,"1910482"
34-127-64093,"64093","39.59466324","-82.20399906",OH,,,SHAWNEE FLASH BRICK CO 2 2,SISTERS STATE OIL & GAS CO.,1/1/1900,,OG_R,dry_oilshow,,Orphaned / Abandoned / Unverified Plug,https://wellwiki.org/wiki/34-127-64093,,"1910483"
34-133-20352,"20352","40.99948328","-81.0404923",OH,,,HARTZELL     2 2,ATLAS MINERAL CORP.,4/3/1965,,OG_R,dry_oilgas_show,,Orphaned / Abandoned / Unverified Plug,https://wellwiki.org/wiki/34-133-20352,,"1910484"
34-133-21359,"21359","41.27215056","-81.33421549",OH,,,WASON CRANE CENTRE-J.K. DUNLAP # 2 2,ATWOOD ENERGY INC.,4/11/1978,,OG_R,dry_oilgas_show,,Orphaned / Abandoned / Unverified Plug,https://wellwiki.org/wiki/34-133-21359,,"1910485"
34-133-23482,"23482","41.34573576","-81.2546378",OH,,,FROST UNIT # 7 7,PARTNERS PETROLEUM INC.,2/28/1986,,OG_R,oil_gas,,Production Well,https://wellwiki.org/wiki/34-133-23482,,"1910486"
34-133-23535,"23535","41.03035441","-81.0696948",OH,,,USA/MCKIBBEN UNIT # 3 3,VIKING RESOURCES CORP.,12/7/1986,,OG_R,oil_gas,,Production Well,https://wellwiki.org/wiki/34-133-23535,,"1910487"
34-133-23571,"23571","41.06236323","-81.24899537",OH,,,MOSS-STOKES-BAILEY # 1 1,SPEARMAN J. DANIEL,2/6/1987,,OG_R,gas_oilshow,,Production Well,https://wellwiki.org/wiki/34-133-23571,,"1910488"
37-019-22905,,"40.80841899998978","-79.97851900017827",PA,Butler,Forward,RUTLEDGE A UNIT DP,XTO ENERGY INC,,,,Active,,Other / Unknown,https://wellwiki.org/wiki/37-019-22905,,"2621299"
37-115-21170,,"41.861905999825325","-75.96895000000305",PA,Susquehanna,Forest Lake,FOREST LAKE TWP SUSQUEHANNA CTY BRINESPREADING,FOREST LAKE TWP SUSQUEHANNA CNTY,,,,Active,,Other / Unknown,https://wellwiki.org/wiki/37-115-21170,,"2621300"
37-117-21641,,"41.636956000266586","-77.27713899963149",PA,Tioga,Duncan,DUNCAN TOWNSHIP TIOGA COUNTY BRINESPREADING,DUNCAN TOWNSHIP TIOGA COUNTY BRINESPREADING,,,,Active,,Other / Unknown,https://wellwiki.org/wiki/37-117-21641,,"2621301"
37-015-22680,,"41.93544999985559","-76.27482200011156",PA,Bradford,Warren,WARREN TWP BRADFORD CNTY BRINESPREADING,WARREN TWP BRADFORD CNTY,,,,Active,,Other / Unknown,https://wellwiki.org/wiki/37-015-22680,,"2621302"
37-115-22196,,"41.81256900018788","-75.9587950002636",PA,Susquehanna,Jessup,JESSUP TWP SUSQUEHANNA CNTY BRINESPREADING,JESSUP TWP SUSQUEHANNA CNTY,,,,Active,,Other / Unknown,https://wellwiki.org/wiki/37-115-22196,,"2621303"
37-105-21835,,"41.92118100006893","-78.01859999996323",PA,Potter,Oswayo,OSWAYO BOROUGH POTTER COUNTY BRINESPREADING,OSWAYO BOROUGH POTTER COUNTY BRINESPREADING,,,,Active,,Other / Unknown,https://wellwiki.org/wiki/37-105-21835,,"2621304"
37-081-21276,,"41.56555000029137","-76.95240599966537",PA,Lycoming,McNett,MCNETT TWP LYCOMING CNTY BRINESPREADING,MCNETT TWP LYCOMING CNTY BRINESPREADING,,,,Active,,Other / Unknown,https://wellwiki.org/wiki/37-081-21276,,"2621305"
37-WO21 16,,"41.78638900023585","-75.68444400043093",PA,Susquehanna,Harford,HARFORD TWP SUSQUEHANNA CNTY BRINESPREADING,HARFORD TWP SUSQUEHANNA CNTY,,,,Active,,Other / Unknown,https://wellwiki.org/wiki/37-WO21 16,,"2621306"
37-760449,,"41.92779699981016","-76.02000300033122",PA,Susquehanna,Choconut,CHOCONUT TWP SUSQUEHANNA CNTY BRINESPREADING,CHOCONUT TWP SUSQUEHANNA CNTY,,,,Active,,Other / Unknown,https://wellwiki.org/wiki/37-760449,,"2621307"
37-083-10934,,"41.93232100024379","-78.50540900002088",PA,McKean,Otto,HANNA 2,WILLARD M CLINE,1800-01-01,,OIL,Active,Vertical Well,Production Well,https://wellwiki.org/wiki/37-083-10934,,"2621339"
37-115-22364,,"41.6816660003002","-75.92133299994109",PA,Susquehanna,Springville,SPRINGVILLE TWP SUSQUEHANNA CNTY BRINESPREADING,SPRINGVILLE TWP SUSQUEHANNA CNTY,,,,Active,,Other / Unknown,https://wellwiki.org/wiki/37-115-22364,,"2621308"
37-95-065-012,,"41.09133199991727","-79.13432899957436",PA,Jefferson,Beaver,ALLEGHENY RIVER MINING / 5915 / 5915,NATL FUEL GAS SUPPLY CORP,,,,Active,,Other / Unknown,https://wellwiki.org/wiki/37-95-065-012,,"2621309"
37-115-21289,,"41.958835999866885","-75.93505000034344",PA,Susquehanna,Silver Lake,SILVER LAKE TWP SUSQUEHANNA CNTY BRINESPREADING,SILVER LAKE TWP SUSQUEHANNA CNTY,,,,Active,,Other / Unknown,https://wellwiki.org/wiki/37-115-21289,,"2621310"
37-121-04777,,"41.27940100028689","-79.83397900017161",PA,Venango,Rockland,MYERS 7,SAR GAS INC,1800-01-01,,GAS,Active,Vertical Well,Production Well,https://wellwiki.org/wiki/37-121-04777,,"2621343"
37-763114,,"41.978189000328804","-77.23645799967606",PA,Tioga,Nelson,NELSON TWP TIOGA CNTY BRINESPREADING,NELSON TWP TIOGA CNTY BRINESPREADING,,,,Active,,Other / Unknown,https://wellwiki.org/wiki/37-763114,,"2621311"
37-005-00445,,"40.86046699987981","-79.42834200005402",PA,Armstrong,Boggs,YOCKEY 2,BLX INC,1800-01-01,,GAS,Active,Vertical Well,Production Well,https://wellwiki.org/wiki/37-005-00445,,"2621312"
37-053-29906,,"41.618977999883924","-79.04578899970763",PA,Forest,Howe,WELD 7,MCCOOL JOHN E,2011-02-28,,OIL,Active,Vertical Well,Production Well,https://wellwiki.org/wiki/37-053-29906,,"2621313"
37-047-20160,,"41.604270999900166","-78.64225700023577",PA,Elk,Jones,CLOPP 5F,HOWARD DRILLING INC,1970-04-18,,OIL,Active,Vertical Well,Production Well,https://wellwiki.org/wiki/37-047-20160,,"2621314"
37-049-22488,,"42.1155319997243","-80.07846800031035",PA,Erie,Erie,YOUNG 1,ST VINCENT HEALTH CTR,1800-01-01,,GAS,Active,Vertical Well,Production Well,https://wellwiki.org/wiki/37-049-22488,,"2621315"
37-123-27755,,"41.81829600020911","-79.19559799974132",PA,Warren,Pleasant,WENTZ 041,KCS ENERGY INC,1980-11-14,,OIL,Active,Vertical Well,Production Well,https://wellwiki.org/wiki/37-123-27755,,"2621316"
37-083-42368,,"41.86984300028207","-78.45706899988565",PA,McKean,Keating,YOUNG 5,HERZOG ROBERT L,1800-01-01,,OIL,Active,Vertical Well,Production Well,https://wellwiki.org/wiki/37-083-42368,,"2621317"
37-123-28320,,"41.81294499998585","-79.235062999704",PA,Warren,Pleasant,JONES 07,KCS ENERGY INC,1981-03-16,,OIL,Active,Vertical Well,Production Well,https://wellwiki.org/wiki/37-123-28320,,"2621318"
37-065-23630,,"41.03392200006963","-79.19603399975942",PA,Jefferson,Ringgold,AMES 1,FAIRMAN CORP,1992-12-26,,GAS,Active,Vertical Well,Production Well,https://wellwiki.org/wiki/37-065-23630,,"2621319"
37-031-01366,,"41.34395399985011","-79.25348599989367",PA,Clarion,Farmington,BLACK 1,G & G GAS INC,1800-01-01,,GAS,Active,Vertical Well,Production Well,https://wellwiki.org/wiki/37-031-01366,,"2621320"
37-083-50452,,"41.637658999811066","-78.92114999982425",PA,McKean,Wetmore,VAN 4,TITUS ENERGY LLC,2005-06-03,,GAS,Active,Vertical Well,Production Well,https://wellwiki.org/wiki/37-083-50452,,"2621321"
37-083-48582,,"41.836653999922945","-78.84901600026338",PA,McKean,Hamilton,LOT 2 37,SNYDER BROS INC,2002-07-30,,OIL,Active,Vertical Well,Production Well,https://wellwiki.org/wiki/37-083-48582,,"2621322"
37-049-25192,,"42.099615999879596","-80.17359899960377",PA,Erie,Millcreek,BARRON 1,KEVIN W BARRON,2006-05-15,,GAS,Active,Vertical Well,Production Well,https://wellwiki.org/wiki/37-049-25192,,"2621323"
37-123-43294,,"41.86793800003441","-78.92061300042214",PA,Warren,Mead,FOGEL 16,BEARCAT OIL CO LLC,2003-10-15,,OIL,Active,Vertical Well,Production Well,https://wellwiki.org/wiki/37-123-43294,,"2621324"
37-031-23711,,"41.177316999838524","-79.51713600036398",PA,Clarion,Beaver,FOX 6,L & H ENERGY CO INC,2003-07-15,,GAS,Active,Vertical Well,Production Well,https://wellwiki.org/wiki/37-031-23711,,"2621325"
37-121-45296,,"41.57504400020714","-79.56475599990065",PA,Venango,Allegheny,HOLTZ HI 8,5M OIL LLC,2013-09-24,,OIL,Active,Vertical Well,Production Well,https://wellwiki.org/wiki/37-121-45296,,"2621326"
37-049-25154,,"42.05628399998904","-80.25910200031078",PA,Erie,Fairview,E LESKO 1,LESKO EUGENE,2004-10-01,,GAS,Active,Vertical Well,Production Well,https://wellwiki.org/wiki/37-049-25154,,"2621327"
37-085-20533,,"41.30971999991509","-80.13828999960754",PA,Mercer,Lake,M HALLIDAY 1,CRS ENERGY LLC,1983-07-29,,GAS,Active,Vertical Well,Production Well,https://wellwiki.org/wiki/37-085-20533,,"2621328"
37-123-37467,,"41.79059999970541","-79.1002980003935",PA,Warren,Mead,STREICH 3,WHILTON BROOKS A,1985-03-25,,OIL,Active,Vertical Well,Production Well,https://wellwiki.org/wiki/37-123-37467,,"2621329"
37-123-43318,,"41.80897799986634","-79.19741399978372",PA,Warren,Pleasant,MCMAHAN S4,MCCOOL JOHN E,2003-02-10,,OIL,Active,Vertical Well,Production Well,https://wellwiki.org/wiki/37-123-43318,,"2621330"
37-083-00049,,"41.909586999672335","-78.64485400007776",PA,McKean,Bradford,PALMER 10,ZAWATSKI CHAZ E,1800-01-01,,OIL,Active,Vertical Well,Production Well,https://wellwiki.org/wiki/37-083-00049,,"2621331"
37-049-21824,,"42.013132000107426","-80.01466199967753",PA,Erie,Summit,K OSBORN 1,STEDMAN ENERGY INC,1800-01-01,,GAS,Active,Vertical Well,Production Well,https://wellwiki.org/wiki/37-049-21824,,"2621332"
37-125-28932,,"40.166610000326024","-79.98109000008097",PA,Washington,Fallowfield,Kevech 32H,EQT PROD CO,,,GAS,Active,Horizontal Well,Production Well,https://wellwiki.org/wiki/37-125-28932,,"2621333"
37-121-04764,,"41.249737000062986","-79.83634500003492",PA,Venango,Clinton,KERIN 12,ED KAYLOR,1800-01-01,,OIL,Active,Vertical Well,Production Well,https://wellwiki.org/wiki/37-121-04764,,"2621334"
37-121-41388,,"41.47530699988794","-79.90066600032853",PA,Venango,Canal,W BEAN 2A,OWS ENERGY LLC,1985-09-02,,GAS,Active,Vertical Well,Production Well,https://wellwiki.org/wiki/37-121-41388,,"2621335"
37-083-00050,,"41.90914199977512","-78.6450480002465",PA,McKean,Bradford,PALMER 11,ZAWATSKI CHAZ E,1800-01-01,,OIL,Active,Vertical Well,Production Well,https://wellwiki.org/wiki/37-083-00050,,"2621336"
37-053-27668,,"41.61245099990051","-79.13959400030176",PA,Forest,Howe,PROPER 1,CAMERON ENERGY CO,2004-03-01,,GAS,Active,Vertical Well,Production Well,https://wellwiki.org/wiki/37-053-27668,,"2621337"
37-123-42717,,"41.786827999978684","-79.13025700017182",PA,Warren,Mead,LOT 492 34,PIERCE & PETERSEN,2000-02-16,,OIL,Active,Vertical Well,Production Well,https://wellwiki.org/wiki/37-123-42717,,"2621338"
37-123-28328,,"41.81623900008634","-79.23268000012226",PA,Warren,Pleasant,JONES 027,KCS ENERGY INC,1981-03-09,,OIL,Active,Vertical Well,Production Well,https://wellwiki.org/wiki/37-123-28328,,"2621340"
37-123-27742,,"41.8187070001258","-79.1978909998097",PA,Warren,Pleasant,WENTZ 028,KCS ENERGY INC,1980-10-29,,OIL,Active,Vertical Well,Production Well,https://wellwiki.org/wiki/37-123-27742,,"2621341"
37-121-43424,,"41.61067500009614","-79.81939399993104",PA,Venango,Plum,FEEVEY 2,OWS ENERGY LLC,1998-09-14,,GAS,Active,Vertical Well,Production Well,https://wellwiki.org/wiki/37-121-43424,,"2621342"
37-123-24885,,"41.749662999988615","-79.08617799958502",PA,Warren,Mead,BELL 4F,CAMERON ENERGY CO,1975-01-10,,OIL,Active,Vertical Well,Production Well,https://wellwiki.org/wiki/37-123-24885,,"2621344"
37-123-45769,,"41.80558800017714","-79.0085080000334",PA,Warren,Mead,LOT 49 13,PIERCE & PETERSEN,2009-12-08,,OIL,Active,Vertical Well,Production Well,https://wellwiki.org/wiki/37-123-45769,,"2621345"
37-049-23203,,"41.90281499979353","-79.9175260001958",PA,Erie,Le Boeuf,SPOTTS 1,PHILLIP L SPOTTS,1800-01-01,,GAS,Active,Vertical Well,Production Well,https://wellwiki.org/wiki/37-049-23203,,"2621346"
37-105-20879,,"41.94487600001273","-78.03473699975724",PA,Potter,Oswayo,MAXSON 4,MAXSON GAS CORP,1800-01-01,,GAS,Active,Vertical Well,Production Well,https://wellwiki.org/wiki/37-105-20879,,"2621347"
37-123-27753,,"41.8202170003165","-79.19633300040849",PA,Warren,Pleasant,WENTZ 039,KCS ENERGY INC,1980-12-08,,OIL,Active,Vertical Well,Production Well,https://wellwiki.org/wiki/37-123-27753,,"2621348"
37-123-27720,,"41.820515999721735","-79.20330299995186",PA,Warren,Pleasant,WENTZ 06,KCS ENERGY INC,1980-10-13,,OIL,Active,Vertical Well,Production Well,https://wellwiki.org/wiki/37-123-27720,,"2621349"
37-053-26617,,"41.622261000105674","-79.10087499997857",PA,Forest,Howe,HAIGHT 42P,CAMERON ENERGY CO,1993-06-24,,OIL,Active,Vertical Well,Production Well,https://wellwiki.org/wiki/37-053-26617,,"2621350"
37-031-01618,,"41.188310000223446","-79.58508100034646",PA,Clarion,Beaver,ELI BERLIN 1,HOMER HENRY,1800-01-01,,OIL,Active,Vertical Well,Production Well,https://wellwiki.org/wiki/37-031-01618,,"2621351"
37-053-30828,,"41.587981000219976","-79.02354699983543",PA,Forest,Howe,RUHLMAN 6,BALD HILL OIL,2016-08-29,,OIL,Active,Vertical Well,Production Well,https://wellwiki.org/wiki/37-053-30828,,"2621352"
37-123-40145,,"41.85167299997696","-79.12105200028638",PA,Warren,Glade,NUHFER 1,KYLANDER OIL INC,1988-07-20,,OIL,Active,Vertical Well,Production Well,https://wellwiki.org/wiki/37-123-40145,,"2621353"
37-083-00046,,"41.9100309997021","-78.6451319999121",PA,McKean,Bradford,PALMER 6,ZAWATSKI CHAZ E,1800-01-01,,OIL,Active,Vertical Well,Production Well,https://wellwiki.org/wiki/37-083-00046,,"2621354"
37-123-38460,,"41.80932399968381","-79.06542100021738",PA,Warren,Mead,EAGAN E-4,BRANCH JOHN D,1985-12-28,,OIL,Active,Vertical Well,Production Well,https://wellwiki.org/wiki/37-123-38460,,"2621355"
37-039-21528,,"41.51999599967546","-80.00359600044216",PA,Crawford,Wayne,DALE GUM 2,OWS ENERGY LLC,1800-01-01,,GAS,Active,Vertical Well,Production Well,https://wellwiki.org/wiki/37-039-21528,,"2621356"
37-049-25225,,"42.01381200027591","-80.34985499987992",PA,Erie,Lake City,ORANGE 1,SMITH PAUL E,2007-02-20,,GAS,Active,Vertical Well,Production Well,https://wellwiki.org/wiki/37-049-25225,,"2621357"
37-031-01738,,"41.23011299969232","-79.47662399956462",PA,Clarion,Elk,WENNER 95,DEITZ GAS & OIL INC,1800-01-01,,GAS,Active,Vertical Well,Production Well,https://wellwiki.org/wiki/37-031-01738,,"2621358"
37-053-24712,,"41.58905699999282","-79.50065899991301",PA,Forest,Harmony,HR DEV 86,RED VALLEY LTD,1982-11-18,,OIL,Active,Vertical Well,Production Well,https://wellwiki.org/wiki/37-053-24712,,"2621359"
37-053-24000,,"41.5560349999611","-79.45917299986856",PA,Forest,Harmony,BAIRD H21,PASSAUER MELVIN,1981-11-04,,OIL,Active,Vertical Well,Production Well,https://wellwiki.org/wiki/37-053-24000,,"2621360"
37-083-14896,,"41.89039200009613","-78.34364900029684",PA,McKean,Eldred,COPELAND 5,SUSAN M BELL,1800-01-01,,OIL,Active,Vertical Well,Production Well,https://wellwiki.org/wiki/37-083-14896,,"2621361"
37-123-45872,,"41.82794399982508","-79.04933299992888",PA,Warren,Mead,CLARK BF5,RICK & SONS OIL LLC,2010-09-03,,OIL,Active,Vertical Well,Production Well,https://wellwiki.org/wiki/37-123-45872,,"2621362"
37-121-43342,,"41.50748000004532","-79.72009799955204",PA,Venango,Oakland,HANCOX 11,MCCOOL JOHN E,1995-11-29,,OIL,Active,Vertical Well,Production Well,https://wellwiki.org/wiki/37-121-43342,,"2621363"
37-083-55217,,"41.83818600019506","-78.86573600038857",PA,McKean,Hamilton,LOT 3 64,SNYDER BROS INC,2011-09-02,,OIL,Active,Vertical Well,Production Well,https://wellwiki.org/wiki/37-083-55217,,"2621364"
37-083-49766,,"41.63999500001693","-78.92534799962348",PA,McKean,Wetmore,KEANE 1,TITUS ENERGY LLC,2004-11-11,,GAS,Active,Vertical Well,Production Well,https://wellwiki.org/wiki/37-083-49766,,"2621365"
37-083-15734,,"41.96433600013922","-78.41012300001842",PA,McKean,Eldred,WRIGHT 2,GREELEY JOHN M,1800-01-01,,OIL,Active,Vertical Well,Production Well,https://wellwiki.org/wiki/37-083-15734,,"2621366"
37-083-25364,,"41.95380799995436","-78.42813899960402",PA,McKean,Otto,WINDFALL BW 8,SNOW & SNOW OIL,1800-01-01,,OIL,Active,Vertical Well,Production Well,https://wellwiki.org/wiki/37-083-25364,,"2621367"
37-123-42841,,"41.7885689997118","-79.14145100035203",PA,Warren,Mead,HERTZEL 15,PIERCE & PETERSEN,2000-10-27,,OIL,Active,Vertical Well,Production Well,https://wellwiki.org/wiki/37-123-42841,,"2621368"
37-031-01534,,"41.26224199993355","-79.51474899968595",PA,Clarion,Elk,WELLS 1,MELVIN W KAPP,1800-01-01,,OIL,Active,Vertical Well,Production Well,https://wellwiki.org/wiki/37-031-01534,,"2621369"
37-065-26856,,"41.066833000235334","-79.07130600018759",PA,Jefferson,Knox,SHAFFER 9,JWS ENERGY LLC,2010-06-29,,GAS,Active,Vertical Well,Production Well,https://wellwiki.org/wiki/37-065-26856,,"2621370"
37-121-39150,,"41.24713000012083","-79.83581799978022",PA,Venango,Clinton,KERIN 19,ED KAYLOR,1985-04-16,,OIL,Active,Vertical Well,Production Well,https://wellwiki.org/wiki/37-121-39150,,"2621371"
37-083-50570,,"41.84692699967095","-78.85280499980868",PA,McKean,Hamilton,LOT 2 89,SNYDER BROS INC,2006-05-05,,OIL,Active,Vertical Well,Production Well,https://wellwiki.org/wiki/37-083-50570,,"2621372"
37-105-00254,,"41.95260600012035","-78.05730800041574",PA,Potter,Oswayo,GREEN 2A,11 MILE OIL CORP,1800-01-01,,OIL,Active,Vertical Well,Production Well,https://wellwiki.org/wiki/37-105-00254,,"2621373"
37-125-22940,,"40.2686670002308","-80.02531699990749",PA,Washington,Union,TRAX FARMS 5,DORSO LP,2008-01-09,,GAS,Active,Vertical Well,Production Well,https://wellwiki.org/wiki/37-125-22940,,"2621374"
37-083-47970,,"41.833703999845106","-78.85131099998156",PA,McKean,Hamilton,LOT 2 25,SNYDER BROS INC,2001-02-12,,OIL,Active,Vertical Well,Production Well,https://wellwiki.org/wiki/37-083-47970,,"2621375"
37-121-34436,,"41.38895799980316","-79.80017200039842",PA,Venango,Cranberry,FRANK 11,BEST JOHN B,1983-05-19,,OIL,Active,Vertical Well,Production Well,https://wellwiki.org/wiki/37-121-34436,,"2621376"
37-031-21194,,"41.127157000149886","-79.66659999971786",PA,Clarion,Richland,CUB 2,RIVERSTONE FARM,1983-02-04,,OIL,Active,Vertical Well,Production Well,https://wellwiki.org/wiki/37-031-21194,,"2621377"
37-083-55255,,"41.84016400011743","-78.87262800011416",PA,McKean,Hamilton,LOT 4 49,SNYDER BROS INC,2011-02-01,,OIL,Active,Vertical Well,Production Well,https://wellwiki.org/wiki/37-083-55255,,"2621378"
37-083-10998,,"41.91795000009341","-78.70235300006767",PA,McKean,Bradford,JOYCE 7,WILLARD M CLINE,1800-01-01,,OIL,Active,Vertical Well,Production Well,https://wellwiki.org/wiki/37-083-10998,,"2621379"
37-039-00203,,"41.70477299985386","-79.63313400042652",PA,Crawford,Rome,HUMMER 7,HARGER JAMES,1800-01-01,,OIL,Active,Vertical Well,Production Well,https://wellwiki.org/wiki/37-039-00203,,"2621380"
37-123-43854,,"41.8389770000285","-79.11209199972501",PA,Warren,Glade,KLARK 8,BF ADVENTURES LLC,2005-08-05,,OIL,Active,Vertical Well,Production Well,https://wellwiki.org/wiki/37-123-43854,,"2621381"
37-123-37466,,"41.79059999970541","-79.10158100033343",PA,Warren,Mead,STREICH 2,WHILTON BROOKS A,1985-03-23,,OIL,Active,Vertical Well,Production Well,https://wellwiki.org/wiki/37-123-37466,,"2621382"
37-019-00914,,"41.1699199999237","-79.89500800013907",PA,Butler,Marion,ATWELL 6,LAZY OIL CO,1800-01-01,,OIL,Active,Vertical Well,Production Well,https://wellwiki.org/wiki/37-019-00914,,"2621383"
37-063-26908,,"40.570995999724644","-79.35827300005757",PA,Indiana,Young,BENNETT 5,JACK SCALICI,1982-03-23,,GAS,Active,Vertical Well,Production Well,https://wellwiki.org/wiki/37-063-26908,,"2621384"
37-065-24925,,"40.94262399992986","-78.886394000022",PA,Jefferson,Gaskill,DEAN 3,HAROLD R ELKIN,2003-05-15,,GAS,Active,Vertical Well,Production Well,https://wellwiki.org/wiki/37-065-24925,,"2621385"
37-023-00005,,"41.33932499971286","-78.19732099983688",PA,Cameron,Gibson,MOATE 1,EQT PROD CO,1800-01-01,,GAS,Active,Vertical Well,Production Well,https://wellwiki.org/wiki/37-023-00005,,"2621386"
37-123-31102,,"41.762034000057085","-79.09288699991082",PA,Warren,Mead,YOUNG 6,CAMERON ENERGY CO,1800-01-01,,OIL,Active,Vertical Well,Production Well,https://wellwiki.org/wiki/37-123-31102,,"2621387"
37-053-30123,,"41.60201899980738","-79.03309200037779",PA,Forest,Howe,BALD 1,BALD HILL OIL,2012-02-20,,OIL,Active,Vertical Well,Production Well,https://wellwiki.org/wiki/37-053-30123,,"2621388"
37-123-45491,,"41.78056699988662","-79.08402500015704",PA,Warren,Mead,ROBINSON 20,BRANCH JOHN D,1800-01-01,,OIL,Active,Vertical Well,Production Well,https://wellwiki.org/wiki/37-123-45491,,"2621389"
37-033-23146,,"40.88532000011939","-78.72740299966907",PA,Clearfield,Bell,POWELL 003,FAIRMAN CORP,1989-05-16,,GAS,Active,Vertical Well,Production Well,https://wellwiki.org/wiki/37-033-23146,,"2621390"
37-053-27930,,"41.62585400019813","-79.1228490000622",PA,Forest,Howe,SOUTHWELL 2,CAMERON ENERGY CO,2005-05-10,,OIL,Active,Vertical Well,Production Well,https://wellwiki.org/wiki/37-053-27930,,"2621391"
37-083-48761,,"41.84715200029967","-78.82845700036415",PA,McKean,Corydon,LOT 7 7 5,SNYDER BROS INC,2002-11-01,,OIL,Active,Vertical Well,Production Well,https://wellwiki.org/wiki/37-083-48761,,"2621392"
37-123-45494,,"41.7797109997614","-79.07626100039528",PA,Warren,Mead,ROBINSON 33,BRANCH JOHN D,1800-01-01,,OIL,Active,Vertical Well,Production Well,https://wellwiki.org/wiki/37-123-45494,,"2621393"
37-019-21706,,"40.929144000037965","-80.15242200011159",PA,Butler,Muddycreek,CHEESEMAN UNIT 1,GEOPETRO LLC,2011-04-20,,GAS,Active,Horizontal Well,Production Well,https://wellwiki.org/wiki/37-019-21706,,"2621394"
37-003-01084,,"40.55713099972209","-80.08756900043872",PA,Allegheny,Ohio,ANDERSON 1,PA DEP OFC OIL & GAS MGMT,1800-01-01,2013-06-24,OIL,DEP Plugged,Vertical Well,Plugged,https://wellwiki.org/wiki/37-003-01084,,"2621395"
37-005-29055,,"40.662580999763875","-79.63250300041474",PA,Armstrong,Gilpin,T MANOL 2-13,BLX INC,,,GAS,Operator Reported Not Drilled,Vertical Well,Not Drilled,https://wellwiki.org/wiki/37-005-29055,,"2621396"
37-083-23316,,"41.99256000016168","-78.41094999984877",PA,McKean,Eldred,HUFFMAN 1,WOOD OIL CO,1965-02-03,,OIL,Active,Vertical Well,Production Well,https://wellwiki.org/wiki/37-083-23316,,"2621397"
37-121-46224,,"41.3985399999697","-79.76433000029971",PA,Venango,Cranberry,BEDOW 4,UNKNOWN OPR,1800-01-01,2021-03-26,OIL,DEP Plugged,Undetermined,Plugged,https://wellwiki.org/wiki/37-121-46224,,"2621398"
37-063-34779,,"40.56445299986444","-79.19701499957554",PA,Indiana,Center,P J BECK 1,DL RESOURCES INC,2006-06-13,,GAS,Active,Vertical Well,Production Well,https://wellwiki.org/wiki/37-063-34779,,"2621399"
37-117-21575,,"41.59464400032083","-77.04522200004745",PA,Tioga,Liberty,HARER K 713W 1H,SWEPI LP,,,GAS,Operator Reported Not Drilled,Horizontal Well,Not Drilled,https://wellwiki.org/wiki/37-117-21575,,"2621400"
37-728337,,"41.38339500026225","-78.72374999966789",PA,Elk,Ridgway,SGL 3H 44,EOG RESOURCES INC,,,GAS,Operator Reported Not Drilled,Vertical Well,Not Drilled,https://wellwiki.org/wiki/37-728337,,"2621401"
37-081-20131,,"41.579437000226896","-76.84868700025456",PA,Lycoming,McNett,JOHNSON 1,SWEPI LP,,,GAS,Operator Reported Not Drilled,Vertical Well,Not Drilled,https://wellwiki.org/wiki/37-081-20131,,"2621402"
37-031-24470,,"41.092169000164134","-79.32441600005566",PA,Clarion,Porter,CYPHER 7,DIVERSIFIED PROD LLC,2006-10-19,,GAS,Active,Vertical Well,Production Well,https://wellwiki.org/wiki/37-031-24470,,"2621403"
37-083-42398,,"41.96480800025848","-78.42759399980596",PA,McKean,Otto,WINDFALL BW-20,SNOW & SNOW OIL,1984-06-20,,OIL,Active,Vertical Well,Production Well,https://wellwiki.org/wiki/37-083-42398,,"2621404"
37-063-31820,,"40.68240900018042","-78.86533700018039",PA,Indiana,Green,KEITH 2,TURM OIL INC,1997-09-18,,GAS,Active,Vertical Well,Production Well,https://wellwiki.org/wiki/37-063-31820,,"2621405"
37-063-29434,,"40.454503999683716","-79.2414909998224",PA,Indiana,Burrell,TORRANCE 2,FAIRMAN CORP,1988-01-15,,GAS,Active,Vertical Well,Production Well,https://wellwiki.org/wiki/37-063-29434,,"2621406"
37-123-28329,,"41.815415999832624","-79.23194600017834",PA,Warren,Pleasant,JONES 028,KCS ENERGY INC,1981-03-10,,OIL,Active,Vertical Well,Production Well,https://wellwiki.org/wiki/37-123-28329,,"2621407"
37-065-25874,,"40.94968000014722","-79.03889899963187",PA,Jefferson,Perry,FC DOUTHET 4,DIVERSIFIED PROD LLC,2008-01-04,,GAS,Active,Vertical Well,Production Well,https://wellwiki.org/wiki/37-065-25874,,"2621408"
37-123-40263,,"41.90676399978295","-79.34743500042785",PA,Warren,Sugar Grove,STASIOWSKI 30,MOORE JASON S,1988-05-07,,OIL,Active,Vertical Well,Production Well,https://wellwiki.org/wiki/37-123-40263,,"2621409"
37-051-22075,,"39.84438600001033","-79.87269099992378",PA,Fayette,German,HERRING 3,DIVERSIFIED PROD LLC,2004-03-09,,GAS,Active,Vertical Well,Production Well,https://wellwiki.org/wiki/37-051-22075,,"2621410"
37-123-44265,,"41.81275499977977","-79.04120099992107",PA,Warren,Mead,LOT 38 54,PIERCE & PETERSEN,2006-10-17,,OIL,Active,Vertical Well,Production Well,https://wellwiki.org/wiki/37-123-44265,,"2621411"
37-065-01561,,"41.25065799985277","-78.96644299985572",PA,Jefferson,Warsaw,COOK 2,DIVERSIFIED PROD LLC,1800-01-01,,GAS,Active,Vertical Well,Production Well,https://wellwiki.org/wiki/37-065-01561,,"2621412"
37-059-27846,,"39.790456000203484","-80.20218599975371",PA,Greene,Wayne,IRISH PUG 5,RICE DRILLING B LLC,2020-01-21,,GAS,Active,Horizontal Well,Production Well,https://wellwiki.org/wiki/37-059-27846,,"2621413"
37-083-32498,,"41.922798999971","-78.53728400029902",PA,McKean,Foster,EVANS 137,BLAST PRODUCING CO,1800-01-01,,OIL,Active,Vertical Well,Production Well,https://wellwiki.org/wiki/37-083-32498,,"2621414"
37-121-04906,,"41.39107099976969","-79.73980399968164",PA,Venango,Cranberry,BAUM 33,PEASTER EDWIN,1800-01-01,,OIL,Active,Vertical Well,Production Well,https://wellwiki.org/wiki/37-121-04906,,"2621415"
37-121-27077,,"41.54057799967566","-79.57812400032356",PA,Venango,Oilcreek,HUIDEKOPER 10,VISTA PETRO INC,1979-12-11,,OIL,Active,Vertical Well,Production Well,https://wellwiki.org/wiki/37-121-27077,,"2621416"
37-021-20952,,"40.70544000032649","-78.63699800025447",PA,Cambria,Chest,LEIDEN UNIT 4,MTN V OIL & GAS INC,2005-11-11,,GAS,Active,Vertical Well,Production Well,https://wellwiki.org/wiki/37-021-20952,,"2621417"
37-019-21830,,"40.934082999937225","-79.89391099997198",PA,Butler,Center,KISER 6,NORTHWESTERN WELL SVC INC,2011-04-19,,OIL,Active,Vertical Well,Production Well,https://wellwiki.org/wiki/37-019-21830,,"2621418"
37-083-55220,,"41.83699699973242","-78.86427799964814",PA,McKean,Hamilton,LOT 3 70,SNYDER BROS INC,2011-10-11,,OIL,Active,Vertical Well,Production Well,https://wellwiki.org/wiki/37-083-55220,,"2621419"
37-047-23314,,"41.25903699996363","-78.62980100003205",PA,Elk,Fox,BOLAM UNIT 2,DIVERSIFIED PROD LLC,1997-07-28,,GAS,Active,Vertical Well,Production Well,https://wellwiki.org/wiki/37-047-23314,,"2621420"
37-003-21408,,"40.49939900002403","-79.76386300031949",PA,Allegheny,Plum,MAZUR 1,DAKOTA OIL & GAS CO,1997-04-16,,GAS,Active,Vertical Well,Production Well,https://wellwiki.org/wiki/37-003-21408,,"2621421"
37-031-21045,,"41.06866199989931","-79.38761699971766",PA,Clarion,Porter,MCCALL 1,G & G GAS INC,1982-04-12,,GAS,Active,Vertical Well,Production Well,https://wellwiki.org/wiki/37-031-21045,,"2621422"
37-005-31432,,"40.91391999995788","-79.37329000011829",PA,Armstrong,Boggs,Kuhns 8H,SNYDER BROS INC,2022-06-10,,GAS,Active,Horizontal Well,Production Well,https://wellwiki.org/wiki/37-005-31432,,"2621423"
37-031-01350,,"41.25001099990739","-79.58308200000597",PA,Clarion,Salem,FLEMING 1,FLEMING PAUL L,1800-01-01,,GAS,Active,Vertical Well,Production Well,https://wellwiki.org/wiki/37-031-01350,,"2621424"
37-123-48649,,"41.76633299990163","-78.97926899995531",PA,Warren,Mead,DANA 114 2,WILMOTH INTERESTS INC,2022-07-27,,OIL,Active,Vertical Well,Production Well,https://wellwiki.org/wiki/37-123-48649,,"2621425"
37-019-01746,,"40.987065999708754","-79.74861799975484",PA,Butler,Fairview,RIGGLE 2,HAROLD J RITZERT,1800-01-01,,OIL,Active,Vertical Well,Production Well,https://wellwiki.org/wiki/37-019-01746,,"2621426"
37-053-23904,,"41.57484999969515","-79.51141700007513",PA,Forest,Harmony,GRIFFEN 22Q,AMES MARK E,1981-10-24,,OIL,Active,Vertical Well,Production Well,https://wellwiki.org/wiki/37-053-23904,,"2621427"
37-047-22864,,"41.59351999968774","-78.63724400030176",PA,Elk,Jones,AIELLO 7,NATURAL OIL & GAS CORP,1989-10-18,,OIL,Active,Vertical Well,Production Well,https://wellwiki.org/wiki/37-047-22864,,"2621428"
37-049-20511,,"42.16584599986572","-79.93735500034906",PA,Erie,Harborcreek,CARL BECKMAN 1,BECKMAN BROS,1978-06-01,,GAS,Active,Vertical Well,Production Well,https://wellwiki.org/wiki/37-049-20511,,"2621429"
37-063-30502,,"40.73944700005238","-79.09515599968975",PA,Indiana,Rayne,CONDRON 4,FAIRMAN CORP,1992-09-30,,GAS,Active,Vertical Well,Production Well,https://wellwiki.org/wiki/37-063-30502,,"2621430"
37-049-22105,,"42.15212700020049","-79.79455299966868",PA,Erie,Greenfield,ROGER DALE 1A,PPP FUTURE DEV INC,1800-01-01,,GAS,Active,Vertical Well,Production Well,https://wellwiki.org/wiki/37-049-22105,,"2621431"
37-123-30851,,"41.82326600000405","-79.21690700037631",PA,Warren,Pleasant,PIERCE 02,KCS ENERGY INC,1982-07-08,,OIL,Active,Vertical Well,Production Well,https://wellwiki.org/wiki/37-123-30851,,"2621432"
37-053-27006,,"41.56594199987962","-79.18486700024171",PA,Forest,Howe,WARRANT 5104 1077,MINARD RUN OIL CO,1998-07-17,,OIL,Active,Vertical Well,Production Well,https://wellwiki.org/wiki/37-053-27006,,"2621433"
37-083-10979,,"41.96602999969558","-78.65243000041687",PA,McKean,Bradford,ADAMS 11,WILLARD M CLINE,1800-01-01,,OIL,Active,Vertical Well,Production Well,https://wellwiki.org/wiki/37-083-10979,,"2621434"
37-065-00381,,"40.96962300027975","-79.09355700028064",PA,Jefferson,Perry,JN KELLY 42A 1,DIVERSIFIED PROD LLC,1800-01-01,2023-12-06,GAS,Plugged OG Well,Vertical Well,Plugged,https://wellwiki.org/wiki/37-065-00381,,"2621435"
37-083-25214,,"41.840485000296425","-78.67302199992804",PA,McKean,Lafayette,FLOOD 5 5A 19,MINARD RUN OIL CO,1969-08-23,1993-07-15,INJECTION,Plugged OG Well,Vertical Well,Plugged,https://wellwiki.org/wiki/37-083-25214,,"2621436"
37-121-40697,,"41.55808300031925","-79.55077800028072",PA,Venango,Allegheny,WITCO CORP BW7,BECK JAMES L,1985-04-01,2010-10-20,OIL,Plugged OG Well,Vertical Well,Plugged,https://wellwiki.org/wiki/37-121-40697,,"2621437"
37-121-31166,,"41.5223139999391","-79.62116600011942",PA,Venango,Cornplanter,KIRVAN 8,MANX INC,1981-11-20,1997-05-29,OIL,Plugged OG Well,Vertical Well,Plugged,https://wellwiki.org/wiki/37-121-31166,,"2621438"
37-031-01911,,"41.33015499968476","-79.50249300039708",PA,Clarion,Elk,LES GW 2,UNKNOWN OPR,1800-01-01,2003-08-20,OIL,Plugged OG Well,Vertical Well,Plugged,https://wellwiki.org/wiki/37-031-01911,,"2621439"
37-059-02099,,"39.82905599987412","-80.08413999984519",PA,Greene,Whiteley,EMMA HARTLEY 1,EQUITRANS INC,1800-01-01,2004-09-13,GAS,Plugged OG Well,Vertical Well,Plugged,https://wellwiki.org/wiki/37-059-02099,,"2621440"
37-059-02139,,"39.9025359996924","-80.46154600036328",PA,Greene,Richhill,C N HEWITT 1,UNKNOWN OPR,1800-01-01,2004-05-05,GAS,Plugged OG Well,Vertical Well,Plugged,https://wellwiki.org/wiki/37-059-02139,,"2621441"
37-121-04350,,"41.35220499968195","-79.75955699966691",PA,Venango,Cranberry,CRAWFORD & GREGORY 1,PA GEN ENERGY CORP,1800-01-01,2005-05-20,OIL,Plugged OG Well,Vertical Well,Plugged,https://wellwiki.org/wiki/37-121-04350,,"2621442"
37-053-27320,,"41.51109400008097","-79.13161899975448",PA,Forest,Jenks,LOT 28 1403,PA GEN ENERGY CORP,2001-10-16,2003-05-05,OIL,Plugged OG Well,Vertical Well,Plugged,https://wellwiki.org/wiki/37-053-27320,,"2621443"
37-059-23650,,"39.89560299989075","-80.47069599999715",PA,Greene,Richhill,J B SUPLER 4671,CONSOL PA COAL CO LLC,1800-01-01,2005-08-03,GAS,Plugged OG Well,Vertical Well,Plugged,https://wellwiki.org/wiki/37-059-23650,,"2621444"
37-083-25370,,"41.63096499994266","-78.86593600040511",PA,McKean,Wetmore,WT 3767 MOSER 11,HA MCKENNA,1800-01-01,1995-03-17,OIL,Plugged OG Well,Vertical Well,Plugged,https://wellwiki.org/wiki/37-083-25370,,"2621445"
37-121-45012,,"41.324877999867184","-79.68893899967446",PA,Venango,Cranberry,CHAGRIN 7 17A,VISTA OPR INC,2013-02-13,2015-10-09,OIL,Plugged OG Well,Vertical Well,Plugged,https://wellwiki.org/wiki/37-121-45012,,"2621446"
37-123-47286,,"41.78590799980376","-79.18744200034239",PA,Warren,Mead,LOT 487 21,GAS & OIL MGMT ASSN INC,1800-01-01,2013-07-08,UNDETERMINED,Plugged OG Well,Undetermined,Plugged,https://wellwiki.org/wiki/37-123-47286,,"2621447"
37-059-01006,,"39.90615599984529","-80.42468900011326",PA,Greene,Richhill,EARL D HULL N12,BURNS ROSS,1900-06-14,1968-10-02,GAS,Plugged OG Well,Vertical Well,Plugged,https://wellwiki.org/wiki/37-059-01006,,"2621448"
37-083-24328,,"41.95408300003867","-78.56031100016881",PA,McKean,Foster,GERMER 18,WITCO CORP,1800-01-01,1968-11-06,OIL,Plugged OG Well,Vertical Well,Plugged,https://wellwiki.org/wiki/37-083-24328,,"2621449"
37-105-00077,,"41.885992999679566","-78.07319300031467",PA,Potter,Hebron,W G CLARK 2001,NORTH PENN GAS CO,1800-01-01,2004-08-19,GAS,Plugged OG Well,Vertical Well,Plugged,https://wellwiki.org/wiki/37-105-00077,,"2621450"
37-129-90071,,"40.166461999845794","-79.81075499976002",PA,Westmoreland,Rostraver,CHAS V SMITH 464,CONSOL GAS CO,1800-01-01,,GAS,Plugged OG Well,Vertical Well,Plugged,https://wellwiki.org/wiki/37-129-90071,,"2621451"
37-083-35650,,"41.88269999989329","-78.4799250000512",PA,McKean,Keating,WARRANT 2187 28,PETRO NORTH LTD,1978-02-18,1994-02-05,OIL,Plugged OG Well,Vertical Well,Plugged,https://wellwiki.org/wiki/37-083-35650,,"2621452"
37-035-90055,,"41.28947800023108","-77.94347000035219",PA,Clinton,East Keating,POLLACK 1,UNKNOWN OPR,1800-01-01,,DRY HOLE,Plugged OG Well,Vertical Well,Plugged,https://wellwiki.org/wiki/37-035-90055,,"2621453"
37-105-20616,,"41.97909899990564","-78.03589699967351",PA,Potter,Oswayo,ED KEMP 6130,NATL FUEL GAS SUPPLY CORP,1923-07-20,1980-11-05,GAS,Plugged OG Well,Vertical Well,Plugged,https://wellwiki.org/wiki/37-105-20616,,"2621454"
37-047-22237,,"41.53099000026834","-78.90037099981701",PA,Elk,Highland,GILLIS 2 40,PENNZOIL PROD CO,1800-01-01,1988-11-08,OIL,Plugged OG Well,Vertical Well,Plugged,https://wellwiki.org/wiki/37-047-22237,,"2621455"
37-083-35276,,"41.86962699984803","-78.53848400039827",PA,McKean,Keating,DANA & ADAMS 5,WITCO CORP,1800-01-01,1985-05-15,OIL,Plugged OG Well,Vertical Well,Plugged,https://wellwiki.org/wiki/37-083-35276,,"2621456"
37-083-22893,,"41.74506499981208","-78.70119700034937",PA,McKean,Hamlin,KINZUA 576,PENNZOIL PROD CO,1963-07-15,1989-09-13,OIL,Plugged OG Well,Vertical Well,Plugged,https://wellwiki.org/wiki/37-083-22893,,"2621457"
37-083-43046,,"41.961816999735156","-78.59810400002911",PA,McKean,Foster,LAFFERTY 155,PENNZOIL PROD CO,1800-01-01,1983-12-22,OIL,Plugged OG Well,Vertical Well,Plugged,https://wellwiki.org/wiki/37-083-43046,,"2621458"
37-123-29210,,"41.63146399986778","-79.51543400012439",PA,Warren,Southwest,JENKS J1,MAY ENERGY INC,1981-07-15,2000-02-21,OIL,Plugged OG Well,Vertical Well,Plugged,https://wellwiki.org/wiki/37-123-29210,,"2621459"
37-083-21609,,"41.90123300021969","-78.52157099992924",PA,McKean,Otto,HOGAN 26,SH ELDER & CO,1959-01-13,1992-06-09,OIL,Plugged OG Well,Vertical Well,Plugged,https://wellwiki.org/wiki/37-083-21609,,"2621460"
37-083-33822,,"41.82949500031254","-78.6139789998823",PA,McKean,Lafayette,TIDEWATER BINGHAM 305,RICHARD B HERZOG,1800-01-01,1976-06-27,INJECTION,Plugged OG Well,Vertical Well,Plugged,https://wellwiki.org/wiki/37-083-33822,,"2621461"
37-083-34744,,"41.97585699985734","-78.58332200014506",PA,McKean,Foster,FREDERICKS 22,WITCO CORP,1800-01-01,1977-05-06,INJECTION,Plugged OG Well,Vertical Well,Plugged,https://wellwiki.org/wiki/37-083-34744,,"2621462"
37-083-21545,,"41.75714799990393","-78.67123400037306",PA,McKean,Hamlin,KINZUA 448,PENNZOIL PROD CO,1959-10-29,1989-04-26,OIL,Plugged OG Well,Vertical Well,Plugged,https://wellwiki.org/wiki/37-083-21545,,"2621463"
37-053-20143,,"41.603144999938195","-79.07320599989558",PA,Forest,Howe,BELL 2,PENNZOIL PROD CO,1964-09-02,1964-09-25,OIL,Plugged OG Well,Vertical Well,Plugged,https://wellwiki.org/wiki/37-053-20143,,"2621464"
37-049-21581,,"41.874045999965034","-79.79582599956288",PA,Erie,Union,GORDON WARD 1,GOE PRO INC,1981-10-28,,GAS,Plugged OG Well,Vertical Well,Plugged,https://wellwiki.org/wiki/37-049-21581,,"2621465"
37-083-09657,,"41.93328099996273","-78.5185630001835",PA,McKean,Otto,NORTH LOOKER 6,PENNZOIL PROD CO,1800-01-01,1992-08-27,OIL,Plugged OG Well,Vertical Well,Plugged,https://wellwiki.org/wiki/37-083-09657,,"2621466"
37-065-00831,,"41.281789999927696","-79.07941800010391",PA,Jefferson,Eldred,LEON MCNEIL 4489,NATL FUEL GAS SUPPLY CORP,1943-11-11,1992-12-10,GAS,Plugged OG Well,Vertical Well,Plugged,https://wellwiki.org/wiki/37-065-00831,,"2621467"
37-083-06865,,"41.75953499974486","-78.67939399996995",PA,McKean,Hamlin,KINZUA WELLS 238,PENNZOIL PROD CO,1946-03-04,1990-05-07,GAS,Plugged OG Well,Vertical Well,Plugged,https://wellwiki.org/wiki/37-083-06865,,"2621468"
37-125-01802,,"40.19534499972763","-80.18684900002587",PA,Washington,South Strabane,"MUNCE, W J 32",PENNZOIL PROD CO,1800-01-01,1991-06-25,OIL,Plugged OG Well,Vertical Well,Plugged,https://wellwiki.org/wiki/37-125-01802,,"2621469"
37-083-07825,,"41.98676899987742","-78.49709299989004",PA,McKean,Otto,BURNS FLOOD 2 09,QUAKER STATE CORP,1800-01-01,1990-06-28,INJECTION,Plugged OG Well,Vertical Well,Plugged,https://wellwiki.org/wiki/37-083-07825,,"2621470"
37-083-07626,,"41.9185179998024","-78.70046099985728",PA,McKean,Bradford,JOYCE 28,WILLARD M CLINE,1800-01-01,1989-06-30,OIL,Plugged OG Well,Vertical Well,Plugged,https://wellwiki.org/wiki/37-083-07626,,"2621471"
37-083-01322,,"41.90126099974223","-78.50305400002823",PA,McKean,Otto,HARRISON 21,SH ELDER & CO,1800-01-01,1991-05-21,OIL,Plugged OG Well,Vertical Well,Plugged,https://wellwiki.org/wiki/37-083-01322,,"2621472"
37-125-92267,,"40.09255100029183","-80.27702300036012",PA,Washington,South Franklin,R. G. MANKEY 4,UNKNOWN OPR,1800-01-01,,OIL,Plugged OG Well,Vertical Well,Plugged,https://wellwiki.org/wiki/37-125-92267,,"2621473"
37-121-05392,,"41.44462100033255","-79.71968699964829",PA,Venango,Cornplanter,BENNING 5,QUAKER STATE CORP,1800-01-01,1997-07-18,OIL,Plugged OG Well,Vertical Well,Plugged,https://wellwiki.org/wiki/37-121-05392,,"2621474"
37-083-22891,,"41.747535000125204","-78.70394499980408",PA,McKean,Hamlin,KINZUA 574,PENNZOIL PROD CO,1963-06-27,1989-10-26,OIL,Plugged OG Well,Vertical Well,Plugged,https://wellwiki.org/wiki/37-083-22891,,"2621475"
37-083-35320,,"41.875917999671685","-78.53251999988706",PA,McKean,Keating,DANA & ADAMS 75,WITCO CORP,1800-01-01,1979-10-18,INJECTION,Plugged OG Well,Vertical Well,Plugged,https://wellwiki.org/wiki/37-083-35320,,"2621476"
37-083-45339,,"41.941468000177146","-78.56333399998313",PA,McKean,Foster,GIBSON-NEATH E-2,WITCO CORP,1800-01-01,1986-08-22,OIL,Plugged OG Well,Vertical Well,Plugged,https://wellwiki.org/wiki/37-083-45339,,"2621477"
37-083-46009,,"41.92949500001744","-78.53776200014993",PA,McKean,Foster,SUMMIT (FLOOD 10) 58,QUAKER STATE CORP,1800-01-01,1988-06-09,OIL,Plugged OG Well,Vertical Well,Plugged,https://wellwiki.org/wiki/37-083-46009,,"2621478"
37-083-44875,,"41.93054999999998","-78.36271699984366",PA,McKean,Eldred,PROUTY 4,DUKE ENERGY INC,1800-01-01,1986-01-15,OIL,Plugged OG Well,Vertical Well,Plugged,https://wellwiki.org/wiki/37-083-44875,,"2621479"
37-063-29365,,"40.712818000318876","-78.86913099974859",PA,Indiana,Green,P.T. SHERRY 2,CONSOL GAS CO,1987-05-05,1987-10-16,GAS,Plugged OG Well,Vertical Well,Plugged,https://wellwiki.org/wiki/37-063-29365,,"2621480"
37-049-20976,,"42.110731999879945","-79.94258900021602",PA,Erie,Harborcreek,VERLE CALKINS 1,ENVIROGAS INC,1800-01-01,1980-05-29,GAS,Plugged OG Well,Vertical Well,Plugged,https://wellwiki.org/wiki/37-049-20976,,"2621481"
37-047-22267,,"41.528226000335806","-78.93575000013344",PA,Elk,Highland,WARRANT 3664 37,PENNZOIL PROD CO,1800-01-01,1986-07-02,OIL,Plugged OG Well,Vertical Well,Plugged,https://wellwiki.org/wiki/37-047-22267,,"2621482"
37-083-42898,,"41.963278000210835","-78.6164140002409",PA,McKean,Foster,MELVIN 327,PENNZOIL PROD CO,1800-01-01,1984-07-11,INJECTION,Plugged OG Well,Vertical Well,Plugged,https://wellwiki.org/wiki/37-083-42898,,"2621483"
37-063-27004,,"40.67733000021742","-78.98510299987186",PA,Indiana,Cherryhill,JOHN EVANICK 1,PENNZOIL PROD CO,1800-01-01,1982-06-23,GAS,Plugged OG Well,Vertical Well,Plugged,https://wellwiki.org/wiki/37-063-27004,,"2621484"
37-039-22087,,"41.77232700023968","-80.0061759996674",PA,Crawford,Rockdale,M BAUER 1,MERIDIAN EXPLORATION CORP,1800-01-01,1987-04-15,GAS,Plugged OG Well,Vertical Well,Plugged,https://wellwiki.org/wiki/37-039-22087,,"2621485"
37-123-01263,,"41.70229200024571","-79.56526100041404",PA,Warren,Southwest,BENDICT (EATON) 25,PA GEN ENERGY CORP,1800-01-01,,OIL,Plugged OG Well,Vertical Well,Plugged,https://wellwiki.org/wiki/37-123-01263,,"2621486"
37-083-44054,,"41.97187499970617","-78.60831999986793",PA,McKean,Foster,TATE 15,L & J OIL CO,1800-01-01,1984-10-30,OIL,Plugged OG Well,Vertical Well,Plugged,https://wellwiki.org/wiki/37-083-44054,,"2621487"
37-083-29380,,"41.97557900033094","-78.56197999989811",PA,McKean,Foster,JACKSON 14,QUAKER STATE CORP,1800-01-01,1972-12-21,OIL,Plugged OG Well,Vertical Well,Plugged,https://wellwiki.org/wiki/37-083-29380,,"2621488"
37-083-05516,,"41.928534000307444","-78.50719199955299",PA,McKean,Otto,KNOX & SOUTH LOOKER 2KS3,PENNZOIL PROD CO,1947-06-12,1992-06-15,OIL,Plugged OG Well,Vertical Well,Plugged,https://wellwiki.org/wiki/37-083-05516,,"2621489"
37-019-00560,,"40.761666999876475","-79.80889400041012",PA,Butler,Jefferson,E SCHLUEP 0,REDMILL DRILLING,1800-01-01,2015-04-15,GAS,Plugged OG Well,Vertical Well,Plugged,https://wellwiki.org/wiki/37-019-00560,,"2621490"
37-083-15391,,"41.72373900014187","-78.83506600023253",PA,McKean,Wetmore,LOT 221 OG WELL,UNKNOWN OPR,1800-01-01,2006-07-20,OIL,Plugged OG Well,Vertical Well,Plugged,https://wellwiki.org/wiki/37-083-15391,,"2621491"
37-121-24386,,"41.60097199984852","-79.71212700010103",PA,Venango,Cherrytree,GLENN PATTERSON 9,MAUL LARRY E,1800-01-01,2007-08-30,OIL,Plugged OG Well,Vertical Well,Plugged,https://wellwiki.org/wiki/37-121-24386,,"2621492"
37-121-02173,,"41.59995600003395","-79.71459300042176",PA,Venango,Cherrytree,PATTERSON 1,MAUL LARRY E,1800-01-01,2007-09-10,OIL,Plugged OG Well,Vertical Well,Plugged,https://wellwiki.org/wiki/37-121-02173,,"2621493"
37-059-02204,,"39.87833000010946","-80.1109429997398",PA,Greene,Franklin,WB RHODES 387,UNKNOWN OPR,1800-01-01,2008-07-23,GAS,Plugged OG Well,Vertical Well,Plugged,https://wellwiki.org/wiki/37-059-02204,,"2621494"
37-121-44391,,"41.32242799997914","-79.60317499974987",PA,Venango,Pinegrove,SGL B18,BLX INC,2008-10-06,2012-02-17,OIL,Plugged OG Well,Vertical Well,Plugged,https://wellwiki.org/wiki/37-121-44391,,"2621495"
37-083-12637,,"41.98754199997052","-78.62987200017716",PA,McKean,Foster,STACK FARM 6,PA DEP OFC OIL & GAS MGMT,1800-01-01,,OIL,DEP Orphan List,Vertical Well,Orphaned / Abandoned / Unverified Plug,https://wellwiki.org/wiki/37-083-12637,,"2621496"
37-063-31967,,"40.50668699992298","-79.45265299968864",PA,Indiana,Conemaugh,BRICILLO OO3,KRIEBEL GAS INC,,,GAS,Operator Reported Not Drilled,Vertical Well,Not Drilled,https://wellwiki.org/wiki/37-063-31967,,"2621497"
37-105-90089,,"41.95517900026213","-78.04503799998486",PA,Potter,Oswayo,SPENCER 1,UNKNOWN OPR,1800-01-01,,OIL,DEP Abandoned List,Vertical Well,Orphaned / Abandoned / Unverified Plug,https://wellwiki.org/wiki/37-105-90089,,"2621498"
37-117-90018,,"41.97544199994741","-77.29646099962154",PA,Tioga,Nelson,H Z FRISBIE 1,UNKNOWN OPR,1800-01-01,,DRY HOLE,DEP Abandoned List,Vertical Well,Orphaned / Abandoned / Unverified Plug,https://wellwiki.org/wiki/37-117-90018,,"2621499"
37-059-27575,,"39.80643100024575","-80.23033900043373",PA,Greene,Wayne,DAHN-TAHN 2,RICE DRILLING B LLC,,,GAS,Operator Reported Not Drilled,Horizontal Well,Not Drilled,https://wellwiki.org/wiki/37-059-27575,,"2621500"
37-005-29901,,"40.70673599989026","-79.56309499966896",PA,Armstrong,Bethel,BOYD 2,STEWART INC,,,GAS,Proposed But Never Materialized,Vertical Well,Not Drilled,https://wellwiki.org/wiki/37-005-29901,,"2621501"
37-047-23660,,"41.61697900015383","-78.87363999989243",PA,Elk,Highland,WARRANT 3775 ARG 129,ARG RESOURCES INC,2005-07-18,,OIL,Abandoned,Vertical Well,Orphaned / Abandoned / Unverified Plug,https://wellwiki.org/wiki/37-047-23660,,"2621502"
37-059-90140,,"39.76712500005902","-80.17213300026407",PA,Greene,Perry,E A PHILLIPS 1,EQT PROD CO,1800-01-01,,GAS,DEP Abandoned List,Vertical Well,Orphaned / Abandoned / Unverified Plug,https://wellwiki.org/wiki/37-059-90140,,"2621503"
37-129-90267,,"40.384160000326474","-79.73277999971158",PA,Westmoreland,Penn,B F WEST 2,UNKNOWN OPR,1800-01-01,,GAS,DEP Abandoned List,Vertical Well,Orphaned / Abandoned / Unverified Plug,https://wellwiki.org/wiki/37-129-90267,,"2621504"
37-083-11593,,"41.93863300001507","-78.54795700007232",PA,McKean,Foster,MURPHY 3,PA DEP OFC OIL & GAS MGMT,1800-01-01,,UNDETERMINED,DEP Orphan List,Vertical Well,Orphaned / Abandoned / Unverified Plug,https://wellwiki.org/wiki/37-083-11593,,"2621505"
37-047-24563,,"41.58766900026136","-78.64460600038063",PA,Elk,Jones,KILHOFFER 6,SEPTEMBER CORP,,,OIL,Operator Reported Not Drilled,Vertical Well,Not Drilled,https://wellwiki.org/wiki/37-047-24563,,"2621506"
37-027-20955,,"41.06671800015139","-77.95981800003338",PA,Centre,Snow Shoe,GULF USA 6,MID EAST OIL CO,,,GAS,Operator Reported Not Drilled,Vertical Well,Not Drilled,https://wellwiki.org/wiki/37-027-20955,,"2621507"
37-083-10781,,"41.95917800004646","-78.62923399959439",PA,McKean,Bradford,HARPS 01,PA DEP OFC OIL & GAS MGMT,1800-01-01,,UNDETERMINED,DEP Orphan List,Vertical Well,Orphaned / Abandoned / Unverified Plug,https://wellwiki.org/wiki/37-083-10781,,"2621508"
37-121-07199,,"41.18655200006674","-79.88765899958068",PA,Venango,Clinton,IRWIN C9,PA DEP OFC OIL & GAS MGMT,1800-01-01,,OIL,DEP Abandoned List,Vertical Well,Orphaned / Abandoned / Unverified Plug,https://wellwiki.org/wiki/37-121-07199,,"2621509"
37-123-05448,,"41.78975300006309","-79.10359200036947",PA,Warren,Mead,CARLSON 3,UNKNOWN OPR,1800-01-01,2011-07-18,OIL,Plugged OG Well,Vertical Well,Plugged,https://wellwiki.org/wiki/37-123-05448,,"2621510"
37-123-04379,,"41.66565100020717","-79.00484699963629",PA,Warren,Sheffield,LOT 369 36,LOBDELL PEGGY,1800-01-01,2010-09-28,OIL,Plugged OG Well,Vertical Well,Plugged,https://wellwiki.org/wiki/37-123-04379,,"2621511"
37-083-47961,,"41.83487099976077","-78.69371999974445",PA,McKean,Lafayette,WT 2265 KNEF KNEF 27,MINARD RUN OIL CO,2001-06-21,2009-12-11,OIL,Plugged OG Well,Vertical Well,Plugged,https://wellwiki.org/wiki/37-083-47961,,"2621512"
37-083-16253,,"41.948138999704234","-78.6803610004407",PA,McKean,Bradford,ROGERS 2,GEORGE BRUCE S,1800-01-01,2011-12-08,OIL,Plugged OG Well,Vertical Well,Plugged,https://wellwiki.org/wiki/37-083-16253,,"2621513"
37-053-01045,,"41.584860999976186","-79.33997200006664",PA,Forest,Hickory,WT 5200 A1,A & S PROD INC,1800-01-01,2012-01-05,UNDETERMINED,Plugged OG Well,Vertical Well,Plugged,https://wellwiki.org/wiki/37-053-01045,,"2621514"
37-083-10187,,"41.851851000273854","-78.60380800024933",PA,McKean,Lafayette,BOYNE 22,QUAKER STATE CORP,1800-01-01,1993-10-08,OIL,Plugged OG Well,Vertical Well,Plugged,https://wellwiki.org/wiki/37-083-10187,,"2621515"
37-083-46162,,"41.958061999996055","-78.84426799974491",PA,McKean,Corydon,LOT 27 2,CANTON OIL & GAS CO,1990-02-28,1990-09-17,DRY HOLE,Plugged OG Well,Vertical Well,Plugged,https://wellwiki.org/wiki/37-083-46162,,"2621516"
37-083-09572,,"41.98127299986384","-78.48584400035658",PA,McKean,Otto,UNION KEATING 53,PENNZOIL PROD CO,1800-01-01,1992-06-29,OIL,Plugged OG Well,Vertical Well,Plugged,https://wellwiki.org/wiki/37-083-09572,,"2621517"
37-083-07900,,"41.74245799992199","-78.70665399979907",PA,McKean,Hamlin,KINZUA WELLS 147,PENNZOIL PROD CO,1800-01-01,1990-02-13,OIL,Plugged OG Well,Vertical Well,Plugged,https://wellwiki.org/wiki/37-083-07900,,"2621518"
37-083-44744,,"41.844872000183756","-78.67629199961459",PA,McKean,Lafayette,HECKEL B-8,MINARD RUN OIL CO,1985-12-11,1996-06-21,OIL,Plugged OG Well,Vertical Well,Plugged,https://wellwiki.org/wiki/37-083-44744,,"2621519"
37-083-07129,,"41.944721999809914","-78.55116700038272",PA,McKean,Foster,BISETT 75,PA DEP OFC OIL & GAS MGMT,1800-01-01,2012-07-19,OIL,DEP Plugged,Vertical Well,Plugged,https://wellwiki.org/wiki/37-083-07129,,"2621520"
37-123-04789,,"41.67209100006686","-79.43507599959588",PA,Warren,Triumph,SGL 309 AREA 25,PA DEP OFC OIL & GAS MGMT,1800-01-01,2001-08-31,OIL,DEP Plugged,Vertical Well,Plugged,https://wellwiki.org/wiki/37-123-04789,,"2621521"
37-083-47075,,"41.807717999808816","-78.75139899965941",PA,McKean,Lafayette,WARRANT 3410 T1,SWEPI LP,,,OIL,Operator Reported Not Drilled,Vertical Well,Not Drilled,https://wellwiki.org/wiki/37-083-47075,,"2621522"
37-083-13150,,"41.92502000015696","-78.62088900004956",PA,McKean,Bradford,STOVER 176,WITCO CORP,1800-01-01,,OIL,DEP Abandoned List,Vertical Well,Orphaned / Abandoned / Unverified Plug,https://wellwiki.org/wiki/37-083-13150,,"2621523"
37-083-38128,,"41.84371800012036","-78.89509099991932",PA,McKean,Hamilton,WARRANT 5 23,COMM OIL & GAS CO INC,1980-09-01,,COMB. OIL&GAS,DEP Abandoned List,Vertical Well,Orphaned / Abandoned / Unverified Plug,https://wellwiki.org/wiki/37-083-38128,,"2621524"
37-047-24527,,"41.59529699975211","-78.47360599971273",PA,Elk,Jones,COP 68H 2315,EOG RESOURCES INC,,,GAS,Operator Reported Not Drilled,Horizontal Well,Not Drilled,https://wellwiki.org/wiki/37-047-24527,,"2621525"
37-063-37493,,"40.54091699970428","-79.2013970003961",PA,Indiana,Center,SUB INDIANA 3E,CNX GAS CO LLC,,,GAS,Operator Reported Not Drilled,Horizontal Well,Not Drilled,https://wellwiki.org/wiki/37-063-37493,,"2621526"
37-031-24757,,"41.136596000317","-79.4949820003553",PA,Clarion,Piney,PINE RUN 1,ABARTA OIL & GAS CO INC,,,GAS,Operator Reported Not Drilled,Vertical Well,Not Drilled,https://wellwiki.org/wiki/37-031-24757,,"2621527"
37-121-06343,,"41.560453000095976","-79.66938900007878",PA,Venango,Cherrytree,ZDARKO 09,PA DEP OFC OIL & GAS MGMT,1800-01-01,,OIL,DEP Orphan List,Vertical Well,Orphaned / Abandoned / Unverified Plug,https://wellwiki.org/wiki/37-121-06343,,"2621528"
37-007-00057,,"40.589325000129804","-80.43491800037087",PA,Beaver,Greene,R ALLISON 1,UNKNOWN OPR,1800-01-01,,GAS,DEP Abandoned List,Vertical Well,Orphaned / Abandoned / Unverified Plug,https://wellwiki.org/wiki/37-007-00057,,"2621529"
37-123-44549,,"41.92161700024559","-79.4391529999196",PA,Warren,Freehold,VANCO 3,CHAUTAUQUA ENERGY INC,,,GAS,Operator Reported Not Drilled,Vertical Well,Not Drilled,https://wellwiki.org/wiki/37-123-44549,,"2621530"
37-053-24692,,"41.593303000228246","-79.50328900026528",PA,Forest,Harmony,HR DEV 66,PA DEP OFC OIL & GAS MGMT,1982-09-23,,OIL,DEP Abandoned List,Vertical Well,Orphaned / Abandoned / Unverified Plug,https://wellwiki.org/wiki/37-053-24692,,"2621531"
37-005-30784,,"40.89314199968221","-79.27982799965584",PA,Armstrong,Wayne,GROOMS 4L56-0069,WHITE OAK FARMS INC,,,GAS,Proposed But Never Materialized,Vertical Well,Not Drilled,https://wellwiki.org/wiki/37-005-30784,,"2621532"
37-019-01845,,"41.054664000217564","-79.7465730002819",PA,Butler,Parker,MAIHLE 8,PA DEP OFC OIL & GAS MGMT,1800-01-01,,UNDETERMINED,DEP Orphan List,Vertical Well,Orphaned / Abandoned / Unverified Plug,https://wellwiki.org/wiki/37-019-01845,,"2621533"
37-031-25442,,"41.280867000118036","-79.5224609995692",PA,Clarion,Elk,J GRUBER 590705,EQT PROD CO,,,GAS,Operator Reported Not Drilled,Horizontal Well,Not Drilled,https://wellwiki.org/wiki/37-031-25442,,"2621534"
37-125-02064,,"40.01002100008652","-80.34049299963564",PA,Washington,Morris,CROUSE 823,UNKNOWN OPR,1800-01-01,,GAS,DEP Abandoned List,Vertical Well,Orphaned / Abandoned / Unverified Plug,https://wellwiki.org/wiki/37-125-02064,,"2621535"
37-063-24101,,"40.71430599968635","-79.16748599996752",PA,Indiana,Washington,JOSEPH KLEIN 1,J & J ENTERPRISES INC,1978-02-11,,GAS,DEP Abandoned List,Vertical Well,Orphaned / Abandoned / Unverified Plug,https://wellwiki.org/wiki/37-063-24101,,"2621536"
37-125-91679,,"40.24412100018889","-80.25013199970364",PA,Washington,Chartiers,HERRON 3,UNKNOWN OPR,1800-01-01,,GAS,DEP Abandoned List,Vertical Well,Orphaned / Abandoned / Unverified Plug,https://wellwiki.org/wiki/37-125-91679,,"2621537"
37-019-92094,,"40.99095700000533","-79.75700099983281",PA,Butler,Fairview,R N HAYS 20,UNKNOWN OPR,1800-01-01,,OIL,DEP Abandoned List,Vertical Well,Orphaned / Abandoned / Unverified Plug,https://wellwiki.org/wiki/37-019-92094,,"2621538"
37-049-90039,,"42.056172000006626","-80.05947799968301",PA,Erie,Summit,J SCHUSTER,UNKNOWN OPR,1800-01-01,,DRY HOLE,DEP Abandoned List,Vertical Well,Orphaned / Abandoned / Unverified Plug,https://wellwiki.org/wiki/37-049-90039,,"2621539"
37-019-91456,,"40.92047199976075","-79.77328900013786",PA,Butler,Donegal,J S MILLER 1,UNKNOWN OPR,1800-01-01,,OIL,DEP Abandoned List,Vertical Well,Orphaned / Abandoned / Unverified Plug,https://wellwiki.org/wiki/37-019-91456,,"2621540"
37-059-02023,,"39.85989499992268","-80.13980600007429",PA,Greene,Franklin,H R WOOD 1,MC BRUMAGE,1800-01-01,,GAS,DEP Abandoned List,Vertical Well,Orphaned / Abandoned / Unverified Plug,https://wellwiki.org/wiki/37-059-02023,,"2621541"
37-021-20773,,"40.43337199977674","-78.58772400015877",PA,Cambria,Cresson,O'NEILL 1,EPI DRILLING CO INC,1800-01-01,,GAS,DEP Abandoned List,Vertical Well,Orphaned / Abandoned / Unverified Plug,https://wellwiki.org/wiki/37-021-20773,,"2621542"
37-059-21819,,"39.98426400006535","-80.17041099993298",PA,Greene,Washington,RAY L CONNOR 3,KEPCO INC,1800-01-01,,GAS,DEP Abandoned List,Vertical Well,Orphaned / Abandoned / Unverified Plug,https://wellwiki.org/wiki/37-059-21819,,"2621543"
37-003-01145,,"40.36918700026311","-80.19795699999237",PA,Allegheny,South Fayette,SAUSSOL 4,PA DEP OFC OIL & GAS MGMT,1800-01-01,2000-05-17,OIL,DEP Plugged,Vertical Well,Plugged,https://wellwiki.org/wiki/37-003-01145,,"2621544"
37-105-21234,,"41.745711000017","-77.96462099990512",PA,Potter,Eulalia,HUBER 1,MID EAST OIL CO,,,GAS,Operator Reported Not Drilled,Vertical Well,Not Drilled,https://wellwiki.org/wiki/37-105-21234,,"2621545"
37-083-56398,,"41.87156099980779","-78.69274399995118",PA,McKean,Lafayette,EVANS 106,RATTLER PARTNERS LLC,,,OIL,Proposed But Never Materialized,Vertical Well,Not Drilled,https://wellwiki.org/wiki/37-083-56398,,"2621546"
37-059-01849,,"39.80872799980845","-80.42816999968701",PA,Greene,Aleppo,J. T. ELBIN 1,LEATHERWOOD LLC,1800-01-01,,OIL,Abandoned,Vertical Well,Orphaned / Abandoned / Unverified Plug,https://wellwiki.org/wiki/37-059-01849,,"2621547"
37-059-01588,,"39.809472000305234","-80.4662780000899",PA,Greene,Aleppo,GEORGE MOORE 1,LEATHERWOOD LLC,1800-01-01,,OIL,Abandoned,Vertical Well,Orphaned / Abandoned / Unverified Plug,https://wellwiki.org/wiki/37-059-01588,,"2621548"
37-019-22161,,"41.01978599986166","-79.79271099968703",PA,Butler,Concord,HINDMAN 1H,US ENERGY EXPLORATION CORP,,,OIL,Operator Reported Not Drilled,Horizontal Well,Not Drilled,https://wellwiki.org/wiki/37-019-22161,,"2621549"
37-115-21605,,"41.89989200013834","-75.637588999902",PA,Susquehanna,Jackson,WALKER WEST 5H,SWN PROD CO LLC,,,GAS,Operator Reported Not Drilled,Horizontal Well,Not Drilled,https://wellwiki.org/wiki/37-115-21605,,"2621550"
37-081-21382,,"41.37828600007985","-77.22970300021781",PA,Lycoming,Cogan House,ELBOW F&G C 217H,ANADARKO E&P ONSHORE LLC,,,GAS,Operator Reported Not Drilled,Horizontal Well,Not Drilled,https://wellwiki.org/wiki/37-081-21382,,"2621551"
37-125-00670,,"40.24443199988819","-79.9769879996429",PA,Washington,Union,G C ROBB F64,EQT PROD CO,1800-01-01,2023-09-28,GAS,Abandoned,Vertical Well,Orphaned / Abandoned / Unverified Plug,https://wellwiki.org/wiki/37-125-00670,,"2621552"
37-065-20973,,"40.912013000332635","-78.93213300011728",PA,Jefferson,Bell,J TURNAGE AB13,J & J ENTERPRISES INC,,,GAS,Operator Reported Not Drilled,Vertical Well,Not Drilled,https://wellwiki.org/wiki/37-065-20973,,"2621553"
37-047-23339,,"41.5115799996908","-78.90291400013065",PA,Elk,Highland,WARRANT 2032 1158,ARG RESOURCES INC,1998-09-21,,OIL,Abandoned,Vertical Well,Orphaned / Abandoned / Unverified Plug,https://wellwiki.org/wiki/37-047-23339,,"2621554"
37-083-07048,,"41.656117000253126","-78.80249899984322",PA,McKean,Kane,SOUTH KANE 47,SZYMANSKI JAMES E,1800-01-01,,GAS,Abandoned,Vertical Well,Orphaned / Abandoned / Unverified Plug,https://wellwiki.org/wiki/37-083-07048,,"2621555"
37-003-21927,,"40.581420999672495","-79.84144300035773",PA,Allegheny,Indiana,MICALE 3,HUNTLEY & HUNTLEY INC,,,GAS,Operator Reported Not Drilled,Vertical Well,Not Drilled,https://wellwiki.org/wiki/37-003-21927,,"2621556"
37-019-20060,,"41.08128800012472","-79.70990099997982",PA,Butler,Parker,BEAR CREEK 110,DYER J G,1963-08-08,,OIL,DEP Abandoned List,Vertical Well,Orphaned / Abandoned / Unverified Plug,https://wellwiki.org/wiki/37-019-20060,,"2621557"
37-021-20795,,"40.66964499988406","-78.82519500017523",PA,Cambria,Susquehanna,REGINA YANELLA 4,VICTORY ENERGY CO,,,GAS,Operator Reported Not Drilled,Vertical Well,Not Drilled,https://wellwiki.org/wiki/37-021-20795,,"2621558"
37-125-92892,,"40.14560899982586","-80.2047240000445",PA,Washington,Amwell,H C DAGUE 2,EQUITABLE GAS CO,1800-01-01,,OIL,DEP Abandoned List,Vertical Well,Orphaned / Abandoned / Unverified Plug,https://wellwiki.org/wiki/37-125-92892,,"2621560"
37-019-90530,,"40.93117599997147","-79.7685819996273",PA,Butler,Donegal,D ODONNELL 1,UNKNOWN OPR,1800-01-01,,OIL,DEP Abandoned List,Vertical Well,Orphaned / Abandoned / Unverified Plug,https://wellwiki.org/wiki/37-019-90530,,"2621561"
37-117-22208,,"41.898559999893926","-77.54188999956851",PA,Tioga,Westfield,Abplanalp 4H,SWN PROD CO LLC,,,GAS,Proposed But Never Materialized,Horizontal Well,Not Drilled,https://wellwiki.org/wiki/37-117-22208,,"2621562"
37-129-27391,,"40.34938099990773","-79.36507799974453",PA,Westmoreland,Derry,SHANNON 3,RE GAS DEV LLC,,,GAS,Operator Reported Not Drilled,Vertical Well,Not Drilled,https://wellwiki.org/wiki/37-129-27391,,"2621563"
37-053-26472,,"41.5227660000407","-79.5105550000847",PA,Forest,Harmony,HILEMAN M8,CRYSTAL SPRINGS OIL CO,1800-01-01,,OIL,Abandoned,Vertical Well,Orphaned / Abandoned / Unverified Plug,https://wellwiki.org/wiki/37-053-26472,,"2621564"
37-047-24652,,"41.31183299968693","-78.73591700016661",PA,Elk,Horton,CONCORD 590995,EQT PROD CO,,,GAS,Operator Reported Not Drilled,Horizontal Well,Not Drilled,https://wellwiki.org/wiki/37-047-24652,,"2621565"
37-125-92245,,"40.11843700025629","-80.27216000021394",PA,Washington,South Franklin,R. Q. RAMSEY 6,FURMAN L NUSS,1800-01-01,,DRY HOLE,DEP Abandoned List,Vertical Well,Orphaned / Abandoned / Unverified Plug,https://wellwiki.org/wiki/37-125-92245,,"2621566"
37-083-57368,,"41.954879999816626","-78.49378999969323",PA,McKean,Otto,DANIALS 2,PA DEP OFC OIL & GAS MGMT,1800-01-01,,GAS,DEP Orphan List,Undetermined,Orphaned / Abandoned / Unverified Plug,https://wellwiki.org/wiki/37-083-57368,,"2621567"
37-059-90224,,"39.99934000023832","-80.25905499955678",PA,Greene,Morris,J. LOUGHMAN 2,EQT PROD CO,1800-01-01,,OIL,DEP Abandoned List,Vertical Well,Orphaned / Abandoned / Unverified Plug,https://wellwiki.org/wiki/37-059-90224,,"2621568"
37-051-24492,,"40.06011899973474","-79.57404699999984",PA,Fayette,Bullskin,HERRINGTON UNIT 17H,EQT CHAP LLC,,,GAS,Proposed But Never Materialized,Horizontal Well,Not Drilled,https://wellwiki.org/wiki/37-051-24492,,"2621569"
37-083-54077,,"41.97987799971983","-78.70800000038648",PA,McKean,Foster,WARRANT 4336 123,US ENERGY DEV CORP,,,OIL,Operator Reported Not Drilled,Vertical Well,Not Drilled,https://wellwiki.org/wiki/37-083-54077,,"2621570"
37-059-02352,,"39.89118500023526","-80.12216799988215",PA,Greene,Franklin,JOHN KELLY 1,UNKNOWN OPR,1800-01-01,,GAS,DEP Abandoned List,Vertical Well,Orphaned / Abandoned / Unverified Plug,https://wellwiki.org/wiki/37-059-02352,,"2621571"
37-053-21765,,"41.54368300012623","-79.4832819998368",PA,Forest,Harmony,J BREDIN E8,ENERGY INVESTMENT CORP,1977-11-01,,OIL,DEP Abandoned List,Vertical Well,Orphaned / Abandoned / Unverified Plug,https://wellwiki.org/wiki/37-053-21765,,"2621572"
37-083-11402,,"41.86869200010011","-78.52816399990408",PA,McKean,Keating,HOOPER LOT 431 076,PA DEP OFC OIL & GAS MGMT,1800-01-01,,UNDETERMINED,DEP Orphan List,Vertical Well,Orphaned / Abandoned / Unverified Plug,https://wellwiki.org/wiki/37-083-11402,,"2621573"
37-059-24249,,"39.78218900008497","-80.01187099966678",PA,Greene,Dunkard,HURLEY 1,ATLAS RESOURCES LLC,,,GAS,Proposed But Never Materialized,Vertical Well,Not Drilled,https://wellwiki.org/wiki/37-059-24249,,"2621574"
37-131-20450,,"41.587236000019296","-76.20278300008692",PA,Wyoming,Windham,ADAMS WYO 2H,CHESAPEAKE APPALACHIA LLC,,,GAS,Operator Reported Not Drilled,Horizontal Well,Not Drilled,https://wellwiki.org/wiki/37-131-20450,,"2621575"
37-059-02021,,"39.885769999755034","-80.19017099959096",PA,Greene,Franklin,WM F BLAIR 1,EQUITRANS INC,1800-01-01,,GAS,Abandoned,Vertical Well,Orphaned / Abandoned / Unverified Plug,https://wellwiki.org/wiki/37-059-02021,,"2621576"
37-121-45198,,"41.508831000079816","-79.76553100022387",PA,Venango,Oakland,FILIPOWSKI E,PA DEP OFC OIL & GAS MGMT,1800-01-01,,UNDETERMINED,DEP Abandoned List,Vertical Well,Orphaned / Abandoned / Unverified Plug,https://wellwiki.org/wiki/37-121-45198,,"2621577"
37-047-23913,,"41.582089999844804","-78.89311300039354",PA,Elk,Highland,WARRANT 3777 250,ARG RESOURCES INC,2007-10-30,,OIL,Abandoned,Vertical Well,Orphaned / Abandoned / Unverified Plug,https://wellwiki.org/wiki/37-047-23913,,"2621578"
37-129-28092,,"40.48833000025695","-79.6389919997342",PA,Westmoreland,Murrysville,H SWANK 3,CONSOL GAS CO,,,GAS,Operator Reported Not Drilled,Vertical Well,Not Drilled,https://wellwiki.org/wiki/37-129-28092,,"2621579"
37-053-28315,,"41.611951999912954","-79.46288199994623",PA,Forest,Harmony,AARON 13,OZ GAS LTD,,,GAS,Proposed But Never Materialized,Vertical Well,Not Drilled,https://wellwiki.org/wiki/37-053-28315,,"2621580"
37-085-20917,,"41.29167900029408","-80.29143899964797",PA,Mercer,Jefferson,EALY 4,ATLAS RESOURCES INC,,,COMB. OIL&GAS,Operator Reported Not Drilled,Vertical Well,Not Drilled,https://wellwiki.org/wiki/37-085-20917,,"2621581"
37-059-02254,,"39.7597900001738","-80.03799400004414",PA,Greene,Dunkard,YOST 7,UNKNOWN OPR,1800-01-01,,GAS,DEP Abandoned List,Vertical Well,Orphaned / Abandoned / Unverified Plug,https://wellwiki.org/wiki/37-059-02254,,"2621582"
37-047-22749,,"41.5188949998645","-78.88651899969545",PA,Elk,Highland,TWIN LICK 36,ARG RESOURCES INC,1989-09-26,,OIL,Abandoned,Vertical Well,Orphaned / Abandoned / Unverified Plug,https://wellwiki.org/wiki/37-047-22749,,"2621583"
37-123-43099,,"41.93189299983059","-79.20793099992142",PA,Warren,Farmington,JOHNSON 1,EXCO RESOURCES PA INC,,,COMB. OIL&GAS,Operator Reported Not Drilled,Vertical Well,Not Drilled,https://wellwiki.org/wiki/37-123-43099,,"2621584"
37-083-47252,,"41.7374769998536","-78.72078499957986",PA,McKean,Hamlin,WARRANT 3089 1,SWEPI LP,,,OIL,Operator Reported Not Drilled,Vertical Well,Not Drilled,https://wellwiki.org/wiki/37-083-47252,,"2621585"
37-083-49708,,"41.92158599984393","-78.26920199967778",PA,McKean,Annin,SHARON 3,EOG RESOURCES INC,,,GAS,Operator Reported Not Drilled,Vertical Well,Not Drilled,https://wellwiki.org/wiki/37-083-49708,,"2621586"
37-005-02490,,"40.72418300023628","-79.31529800020886",PA,Armstrong,Plumcreek,KEYSTONE OWNERS GROUP 1,UNKNOWN OPR,1800-01-01,,GAS,DEP Abandoned List,Vertical Well,Orphaned / Abandoned / Unverified Plug,https://wellwiki.org/wiki/37-005-02490,,"2621587"
37-123-45001,,"41.68697900008019","-79.46841000043936",PA,Warren,Triumph,RODGERS 3,OZ GAS LTD,,,OIL,Proposed But Never Materialized,Vertical Well,Not Drilled,https://wellwiki.org/wiki/37-123-45001,,"2621588"
37-083-07137,,"41.9425179999037","-78.56021400008441",PA,McKean,Foster,COOPER 33,PA DEP OFC OIL & GAS MGMT,1800-01-01,,OIL,DEP Abandoned List,Vertical Well,Orphaned / Abandoned / Unverified Plug,https://wellwiki.org/wiki/37-083-07137,,"2621589"
37-059-01367,,"40.00056900015823","-80.34711099972485",PA,Greene,Morris,C S DAY 661,EQT PROD CO,1800-01-01,,GAS,Abandoned,Vertical Well,Orphaned / Abandoned / Unverified Plug,https://wellwiki.org/wiki/37-059-01367,,"2621590"
37-005-29590,,"40.78590499981408","-79.59619500016073",PA,Armstrong,North Buffalo,D DUNN 1,ARMSTRONG GAS CO LLC,,,GAS,Operator Reported Not Drilled,Vertical Well,Not Drilled,https://wellwiki.org/wiki/37-005-29590,,"2621591"
37-117-20828,,"41.68436400030374","-76.94633099972438",PA,Tioga,Ward,DCNR 587 02 012 05,REPSOL OIL & GAS USA LLC,,,GAS,Operator Reported Not Drilled,Horizontal Well,Not Drilled,https://wellwiki.org/wiki/37-117-20828,,"2621592"
37-031-01435,,"41.20064699983267","-79.59732199956672",PA,Clarion,Salem,WEAVER 4,PA DEP OFC OIL & GAS MGMT,1800-01-01,,OIL,DEP Orphan List,Vertical Well,Orphaned / Abandoned / Unverified Plug,https://wellwiki.org/wiki/37-031-01435,,"2621593"
37-047-01655,,"41.55383599980014","-78.59784600028625",PA,Elk,Jones,HOSKINS 88,PA DEP OFC OIL & GAS MGMT,1800-01-01,2003-03-11,OIL,DEP Plugged,Vertical Well,Plugged,https://wellwiki.org/wiki/37-047-01655,,"2621594"
37-117-00130,,"41.79355500014251","-77.03371700042092",PA,Tioga,Richmond,FIAMINGO 1,UNKNOWN OPR,1800-01-01,2004-06-07,GAS,DEP Plugged,Vertical Well,Plugged,https://wellwiki.org/wiki/37-117-00130,,"2621595"
37-039-00273,,"41.6950909999096","-79.64021799977272",PA,Crawford,Rome,MERRY O 20,PA DEP OFC OIL & GAS MGMT,1800-01-01,2007-02-19,OIL,DEP Plugged,Vertical Well,Plugged,https://wellwiki.org/wiki/37-039-00273,,"2621596"
37-121-05230,,"41.176004999883","-79.90216500017853",PA,Venango,Clinton,ROBERT ATWELL #2 2,CRAIG JOHN,1800-01-01,,OIL,Abandoned,Vertical Well,Orphaned / Abandoned / Unverified Plug,https://wellwiki.org/wiki/37-121-05230,,"2621597"
37-059-27245,,"39.77875800016874","-80.08346899965046",PA,Greene,Perry,POLCE 3,UNKNOWN OPR,1800-01-01,,GAS,DEP Abandoned List,Undetermined,Orphaned / Abandoned / Unverified Plug,https://wellwiki.org/wiki/37-059-27245,,"2621598"
37-015-22747,,"41.764296999907856","-76.54511700043525",PA,Bradford,Burlington,MYERS UNIT 4H,CHIEF OIL & GAS LLC,,,GAS,Operator Reported Not Drilled,Horizontal Well,Not Drilled,https://wellwiki.org/wiki/37-015-22747,,"2621599"
37-049-21020,,"41.877153999666014","-79.81510300024541",PA,Erie,Union,HARRISON 1,SILL CALVIN J,1980-10-22,,GAS,Abandoned,Vertical Well,Orphaned / Abandoned / Unverified Plug,https://wellwiki.org/wiki/37-049-21020,,"2621600"
37-083-14084,,"41.85747599998612","-78.81216800023418",PA,McKean,Corydon,HAFFEY DEVONIAN 3,PA DEP OFC OIL & GAS MGMT,1800-01-01,,OIL,DEP Abandoned List,Vertical Well,Orphaned / Abandoned / Unverified Plug,https://wellwiki.org/wiki/37-083-14084,,"2621601"
37-083-55941,,"41.85908899998397","-78.82256900002093",PA,McKean,Corydon,LOT 6 1414 4HD,SWEPI LP,,,GAS,Proposed But Never Materialized,Horizontal Well,Not Drilled,https://wellwiki.org/wiki/37-083-55941,,"2621602"
37-117-20508,,"41.85675999980896","-76.98166300018514",PA,Tioga,Rutland,WOOD 512 5H,SWEPI LP,,,GAS,Operator Reported Not Drilled,Horizontal Well,Not Drilled,https://wellwiki.org/wiki/37-117-20508,,"2621603"
37-015-21112,,"41.66689699992134","-76.14908100003824",PA,Bradford,Tuscarora,LINSKI 5H,CHESAPEAKE APPALACHIA LLC,,,GAS,Operator Reported Not Drilled,Horizontal Well,Not Drilled,https://wellwiki.org/wiki/37-015-21112,,"2621604"
37-063-35685,,"40.551939999799494","-79.13100000033658",PA,Indiana,Center,MCCLAIN 8071A,XTO ENERGY INC,,,GAS,Operator Reported Not Drilled,Vertical Well,Not Drilled,https://wellwiki.org/wiki/37-063-35685,,"2621605"
37-121-06791,,"41.56350900029125","-79.74408600004477",PA,Venango,Cherrytree,HEPLER 33,PA DEP OFC OIL & GAS MGMT,1800-01-01,,OIL,DEP Abandoned List,Vertical Well,Orphaned / Abandoned / Unverified Plug,https://wellwiki.org/wiki/37-121-06791,,"2621606"
37-003-22078,,"40.66937300012132","-79.73769200026156",PA,Allegheny,Fawn,EILEEN MOSLEY 1,PHILLIPS EXPLORATION INC,,,GAS,Operator Reported Not Drilled,Vertical Well,Not Drilled,https://wellwiki.org/wiki/37-003-22078,,"2621607"
37-121-34552,,"41.50395400017054","-79.61154000028449",PA,Venango,Cornplanter,KINLEY EL44,MAY ENERGY INC,1983-05-03,,OIL,Abandoned,Vertical Well,Orphaned / Abandoned / Unverified Plug,https://wellwiki.org/wiki/37-121-34552,,"2621608"
37-053-20259,,"41.55095800019213","-79.46538300042708",PA,Forest,Harmony,OSTEN 4,JACK L SHRIVER,1800-01-01,,OIL,DEP Abandoned List,Vertical Well,Orphaned / Abandoned / Unverified Plug,https://wellwiki.org/wiki/37-053-20259,,"2621609"
37-053-25421,,"41.54781699978741","-79.48280300016101",PA,Forest,Harmony,AA COPELAND A15,PA DEP OFC OIL & GAS MGMT,1984-04-02,,OIL,DEP Abandoned List,Vertical Well,Orphaned / Abandoned / Unverified Plug,https://wellwiki.org/wiki/37-053-25421,,"2621610"
37-121-26922,,"41.338908000296684","-79.6081750001634",PA,Venango,Cranberry,ROBERT K. RITNER R4,FLOCKERZI DALE E,1979-12-05,,OIL,DEP Abandoned List,Vertical Well,Orphaned / Abandoned / Unverified Plug,https://wellwiki.org/wiki/37-121-26922,,"2621611"
37-019-20977,,"41.09895300000542","-79.70607899992422",PA,Butler,Parker,THOMAS 3,THOMAS OWEN H,1800-01-01,,OIL,DEP Abandoned List,Vertical Well,Orphaned / Abandoned / Unverified Plug,https://wellwiki.org/wiki/37-019-20977,,"2621612"
37-065-21204,,"41.23628700016501","-79.1778540001423",PA,Jefferson,Eldred,WW HOWE 1,RAYMOND LINDA,1975-10-29,,GAS,DEP Abandoned List,Vertical Well,Orphaned / Abandoned / Unverified Plug,https://wellwiki.org/wiki/37-065-21204,,"2621613"
37-085-24657,,"41.389083000017735","-80.20993100014724",PA,Mercer,Perry,MILLS 2089 1X,SWEPI LP,,,GAS,Proposed But Never Materialized,Vertical Well,Not Drilled,https://wellwiki.org/wiki/37-085-24657,,"2621614"
37-047-23289,,"41.50754900029358","-78.91252800027",PA,Elk,Highland,WARRANT 2032 042,ARG RESOURCES INC,1997-05-15,,INJECTION,Abandoned,Vertical Well,Orphaned / Abandoned / Unverified Plug,https://wellwiki.org/wiki/37-047-23289,,"2621615"
37-083-22010,,"41.915132999897544","-78.61272199988166",PA,McKean,Bradford,SOUTH PENN W 9,BOYLE RALPH H,1962-08-23,,OIL,DEP Abandoned List,Vertical Well,Orphaned / Abandoned / Unverified Plug,https://wellwiki.org/wiki/37-083-22010,,"2621616"
37-083-35732,,"41.7648729998923","-78.71794099986568",PA,McKean,Lafayette,TALLY HO W 105,WITCO CORP,1800-01-01,,INJECTION,DEP Abandoned List,Vertical Well,Orphaned / Abandoned / Unverified Plug,https://wellwiki.org/wiki/37-083-35732,,"2621617"
37-121-37997,,"41.41176399971638","-79.67407399994971",PA,Venango,Cranberry,OAKWOOD 71,PETRO TECH INC,1984-05-21,,OIL,DEP Abandoned List,Vertical Well,Orphaned / Abandoned / Unverified Plug,https://wellwiki.org/wiki/37-121-37997,,"2621618"
37-053-23481,,"41.5690709999659","-79.41933299998716",PA,Forest,Harmony,SHERMAC TJ1,COMPASS DEV INC,1981-05-15,,OIL,DEP Abandoned List,Vertical Well,Orphaned / Abandoned / Unverified Plug,https://wellwiki.org/wiki/37-053-23481,,"2621619"
37-121-34553,,"41.506178999715445","-79.61204300024973",PA,Venango,Cornplanter,KINLEY EL45,MAY ENERGY INC,1800-01-01,,OIL,Abandoned,Vertical Well,Orphaned / Abandoned / Unverified Plug,https://wellwiki.org/wiki/37-121-34553,,"2621620"
37-121-41607,,"41.583341999707294","-79.83308899969376",PA,Venango,Plum,BEULAH BROWN 1,COTERRA ENERGY INC,,,GAS,Operator Reported Not Drilled,Vertical Well,Not Drilled,https://wellwiki.org/wiki/37-121-41607,,"2621621"
37-047-22795,,"41.52577799999337","-78.86931999989447",PA,Elk,Highland,GILLIS 117,ARG RESOURCES INC,1989-10-23,,OIL,Abandoned,Vertical Well,Orphaned / Abandoned / Unverified Plug,https://wellwiki.org/wiki/37-047-22795,,"2621622"
37-023-20136,,"41.42927799977217","-78.31313099957843",PA,Cameron,Shippen,DOE 590868,EQT PROD CO,,,GAS,Operator Reported Not Drilled,Horizontal Well,Not Drilled,https://wellwiki.org/wiki/37-023-20136,,"2621623"
37-053-26663,,"41.608046000027755","-79.13625099992196",PA,Forest,Howe,WARRANT 4791 91 20,AZCO OPR CO,,,OIL,Operator Reported Not Drilled,Vertical Well,Not Drilled,https://wellwiki.org/wiki/37-053-26663,,"2621624"
37-033-23073,,"40.89019299997078","-78.66324499958206",PA,Clearfield,Greenwood,G. THOMSON 4,VICTORY ENERGY CO,,,GAS,Proposed But Never Materialized,Vertical Well,Not Drilled,https://wellwiki.org/wiki/37-033-23073,,"2621625"
37-123-40029,,"41.66667399971319","-79.54141199983846",PA,Warren,Southwest,CUBBON LUMBER COMPANY 4,DOUGLAS OIL & GAS LP,,,GAS,Operator Reported Not Drilled,Vertical Well,Not Drilled,https://wellwiki.org/wiki/37-123-40029,,"2621626"
37-049-24393,,"41.99616300009458","-79.84780199998086",PA,Erie,Amity,RICHARD A SMITH 1,DORAN ASSOC INC,,,GAS,Operator Reported Not Drilled,Vertical Well,Not Drilled,https://wellwiki.org/wiki/37-049-24393,,"2621627"
37-121-04003,,"41.5050090001421","-79.6687780001585",PA,Venango,Cornplanter,MANNING 8,PA DEP OFC OIL & GAS MGMT,1800-01-01,,UNDETERMINED,DEP Orphan List,Vertical Well,Orphaned / Abandoned / Unverified Plug,https://wellwiki.org/wiki/37-121-04003,,"2621628"
37-049-00177,,"42.1119270000801","-80.07459500020113",PA,Erie,Erie,MIDTOWN MOTEL 1,PA DEP OFC OIL & GAS MGMT,1800-01-01,,UNDETERMINED,DEP Abandoned List,Vertical Well,Orphaned / Abandoned / Unverified Plug,https://wellwiki.org/wiki/37-049-00177,,"2621629"
37-039-22513,,"41.78645899985315","-79.62176500034411",PA,Crawford,Sparta,MARSUN 7,PARK OHIO ENERGY INC,,,GAS,Operator Reported Not Drilled,Vertical Well,Not Drilled,https://wellwiki.org/wiki/37-039-22513,,"2621630"
37-005-02439,,"40.65858599993697","-79.49535700027401",PA,Armstrong,Burrell,P F RIGGLE 8,UNKNOWN OPR,1800-01-01,,GAS,DEP Abandoned List,Vertical Well,Orphaned / Abandoned / Unverified Plug,https://wellwiki.org/wiki/37-005-02439,,"2621631"
37-065-01743,,"41.15857899995583","-79.14790299986156",PA,Jefferson,Union,KELSO HEIRS 546,G & G GAS INC,1800-01-01,,GAS,Abandoned,Vertical Well,Orphaned / Abandoned / Unverified Plug,https://wellwiki.org/wiki/37-065-01743,,"2621632"
37-129-25092,,"40.627962000252424","-79.6905880002106",PA,Westmoreland,Allegheny,MCINTYRE 2,OIL & GAS MGMT INC,,,GAS,Operator Reported Not Drilled,Vertical Well,Not Drilled,https://wellwiki.org/wiki/37-129-25092,,"2621633"
47-035-01165,035-01165,"39.05252321557924","-81.75630931430115",WV,"035",,"SILLMAN, FRANK",OPERATOR UNKNOWN,,,Not Available,Plugged,Vertical,Plugged,https://wellwiki.org/wiki/47-035-01165,,"4620011"
37-121-43703,,"41.49884299992068","-79.75047599963001",PA,Venango,Oakland,PORTERFIELD 1,RANGE RESOURCES APPALACHIA LLC,,,GAS,Operator Reported Not Drilled,Vertical Well,Not Drilled,https://wellwiki.org/wiki/37-121-43703,,"2621634"
37-059-01993,,"39.868703999884104","-80.15506599980924",PA,Greene,Franklin,W A INGHRAM,GRACE DEV CO,1800-01-01,,UNDETERMINED,Abandoned,Vertical Well,Orphaned / Abandoned / Unverified Plug,https://wellwiki.org/wiki/37-059-01993,,"2621635"
37-083-47698,,"41.81076599967177","-78.75659700043967",PA,McKean,Lafayette,WT 3410 P83,CATALYST ENERGY INC,,,OIL,Operator Reported Not Drilled,Vertical Well,Not Drilled,https://wellwiki.org/wiki/37-083-47698,,"2621636"
37-123-40533,,"41.7916730002365","-79.58308000035615",PA,Warren,Eldred,K NICHOLS 4,ATWOOD ENERGY INC,,,GAS,Operator Reported Not Drilled,Vertical Well,Not Drilled,https://wellwiki.org/wiki/37-123-40533,,"2621637"
37-031-01794,,"41.10666899988512","-79.61666700002131",PA,Clarion,Perry,JAMES H. MCHENRY 1,MCHENRY JAMES H,1800-01-01,,GAS,DEP Abandoned List,Vertical Well,Orphaned / Abandoned / Unverified Plug,https://wellwiki.org/wiki/37-031-01794,,"2621638"
37-019-90498,,"40.93259700033261","-79.79614500030344",PA,Butler,Oakland,RYAN 10,PEOPLES GAS CO LLC,1800-01-01,,GAS,DEP Abandoned List,Vertical Well,Orphaned / Abandoned / Unverified Plug,https://wellwiki.org/wiki/37-019-90498,,"2621639"
37-047-21746,,"41.53719699983684","-78.90251499992247",PA,Elk,Highland,NANSEN 04,ARG RESOURCES INC,1984-07-15,,INJECTION,Abandoned,Vertical Well,Orphaned / Abandoned / Unverified Plug,https://wellwiki.org/wiki/37-047-21746,,"2621640"
37-083-23865,,"41.96944399990581","-78.54229100038525",PA,McKean,Foster,NEATH KW4,ENERVEST OPR LLC,1968-01-05,,INJECTION,Plugged Unverified,Vertical Well,Orphaned / Abandoned / Unverified Plug,https://wellwiki.org/wiki/37-083-23865,,"2621641"
37-053-20547,,"41.56797300026538","-79.46794599993387",PA,Forest,Harmony,NEELY G1,PENN ONE CO,1971-11-19,,COMB. OIL&GAS,DEP Abandoned List,Vertical Well,Orphaned / Abandoned / Unverified Plug,https://wellwiki.org/wiki/37-053-20547,,"2621642"
37-123-02951,,"41.78613099981921","-79.03895800008141",PA,Warren,Mead,LOT 75 5,PA DEP OFC OIL & GAS MGMT,1800-01-01,,UNDETERMINED,DEP Orphan List,Vertical Well,Orphaned / Abandoned / Unverified Plug,https://wellwiki.org/wiki/37-123-02951,,"2621643"
37-049-22801,,"42.0964660000921","-80.17674799981481",PA,Erie,Millcreek,SHELDON 1,SHELDON FRANK W,1800-01-01,,GAS,DEP Abandoned List,Vertical Well,Orphaned / Abandoned / Unverified Plug,https://wellwiki.org/wiki/37-049-22801,,"2621644"
37-005-25532,,"41.02768100005741","-79.21985200037284",PA,Armstrong,Redbank,DONALD L. SHIREY 1-12,SNYDER BROS INC,,,GAS,Operator Reported Not Drilled,Vertical Well,Not Drilled,https://wellwiki.org/wiki/37-005-25532,,"2621645"
37-123-43036,,"41.96488000027493","-79.4278049997536",PA,Warren,Freehold,WILSON 1,NORNEW INC,,,COMB. OIL&GAS,Operator Reported Not Drilled,Vertical Well,Not Drilled,https://wellwiki.org/wiki/37-123-43036,,"2621646"
37-049-22110,,"42.07402100025094","-79.89563099975491",PA,Erie,Venango,JOSEPH BILISKI 2,PA DEP OFC OIL & GAS MGMT,1800-01-01,,GAS,DEP Abandoned List,Vertical Well,Orphaned / Abandoned / Unverified Plug,https://wellwiki.org/wiki/37-049-22110,,"2621647"
37-123-05332,,"41.67011799977436","-79.46985400003777",PA,Warren,Triumph,ULF U61,PA DEP OFC OIL & GAS MGMT,1800-01-01,,OIL,DEP Abandoned List,Vertical Well,Orphaned / Abandoned / Unverified Plug,https://wellwiki.org/wiki/37-123-05332,,"2621648"
37-047-23262,,"41.5900489998053","-78.87789299994324",PA,Elk,Highland,WOODWARD 09,ARG RESOURCES INC,1994-12-27,,INJECTION,Abandoned,Vertical Well,Orphaned / Abandoned / Unverified Plug,https://wellwiki.org/wiki/37-047-23262,,"2621649"
37-019-01361,,"40.98627799987846","-79.97825800006235",PA,Butler,Brady,PETERS 15,ANDREASSI JOHN B,,,GAS,Proposed But Never Materialized,Vertical Well,Not Drilled,https://wellwiki.org/wiki/37-019-01361,,"2621650"
37-039-22593,,"41.70587199992179","-80.1876740002064",PA,Crawford,Hayfield,WILLS FREW 1,COMMODORE ENERGY CO,,,GAS,Operator Reported Not Drilled,Vertical Well,Not Drilled,https://wellwiki.org/wiki/37-039-22593,,"2621651"
37-085-21318,,"41.25001299973445","-80.20810300040928",PA,Mercer,Coolspring,KLOOS 1,ATLAS RESOURCES INC,,,COMB. OIL&GAS,Operator Reported Not Drilled,Vertical Well,Not Drilled,https://wellwiki.org/wiki/37-085-21318,,"2621652"
37-083-20790,,"41.91854599976558","-78.61461599974184",PA,McKean,Bradford,SOUTH PENN 1,BOYLE RALPH H,1800-01-01,,OIL,DEP Abandoned List,Vertical Well,Orphaned / Abandoned / Unverified Plug,https://wellwiki.org/wiki/37-083-20790,,"2621653"
37-121-27347,,"41.393898000243055","-79.7201169998186",PA,Venango,Cranberry,MORRISON XZ2,SUTTWAY DEV CORP,1980-04-09,,OIL,DEP Abandoned List,Vertical Well,Orphaned / Abandoned / Unverified Plug,https://wellwiki.org/wiki/37-121-27347,,"2621654"
37-123-32164,,"41.90934199978222","-79.34372200015218",PA,Warren,Sugar Grove,DARR CARLSON 2,CRYSTAL RESOURCES INC,1982-11-16,,OIL,Abandoned,Vertical Well,Orphaned / Abandoned / Unverified Plug,https://wellwiki.org/wiki/37-123-32164,,"2621655"
37-019-90869,,"40.80265599998952","-79.88453000035945",PA,Butler,Penn,EMRICK 1,PEOPLES GAS CO LLC,1800-01-01,,COMB. OIL&GAS,DEP Abandoned List,Vertical Well,Orphaned / Abandoned / Unverified Plug,https://wellwiki.org/wiki/37-019-90869,,"2621656"
37-121-27144,,"41.4753600002429","-79.67118400020478",PA,Venango,Cornplanter,AMES 5Q,RETURN OIL CORP,1979-12-13,,OIL,DEP Abandoned List,Vertical Well,Orphaned / Abandoned / Unverified Plug,https://wellwiki.org/wiki/37-121-27144,,"2621657"
37-031-20799,,"41.11952299974522","-79.67567300025712",PA,Clarion,Perry,EARL E WAGNER R2,LAVERNE A MCCAULEY,1800-01-01,,GAS,Abandoned,Vertical Well,Orphaned / Abandoned / Unverified Plug,https://wellwiki.org/wiki/37-031-20799,,"2621658"
37-117-20809,,"41.93066700030545","-76.94461099994145",PA,Tioga,Jackson,BUSIA 457 5H,SWEPI LP,,,GAS,Operator Reported Not Drilled,Horizontal Well,Not Drilled,https://wellwiki.org/wiki/37-117-20809,,"2621659"
37-059-24339,,"39.90791300024415","-79.95637100001737",PA,Greene,Cumberland,BIDDLE 19,ATLAS RESOURCES LLC,,,GAS,Proposed But Never Materialized,Vertical Well,Not Drilled,https://wellwiki.org/wiki/37-059-24339,,"2621660"
47-017-00592,017-00592,"39.223961053039794","-80.70362792910335",WV,"017",,"COX, DENVER",JACKSON FUEL CORPORATION,,,Not Available,Plugged,Vertical,Plugged,https://wellwiki.org/wiki/47-017-00592,,"4620012"
37-121-33494,,"41.50165399993438","-79.6052400002126",PA,Venango,Cornplanter,KINLEY EL2,MAY ENERGY INC,1982-04-03,,OIL,Abandoned,Vertical Well,Orphaned / Abandoned / Unverified Plug,https://wellwiki.org/wiki/37-121-33494,,"2621661"
37-083-39621,,"41.76280699983724","-78.7372040003045",PA,McKean,Lafayette,TALLY HO 229,WITCO CORP,1800-01-01,,OIL,DEP Abandoned List,Vertical Well,Orphaned / Abandoned / Unverified Plug,https://wellwiki.org/wiki/37-083-39621,,"2621662"
37-121-39747,,"41.59715300024731","-79.53522300009467",PA,Venango,Allegheny,TUCK-OTTO 5,VISTA PETRO INC,1985-01-30,,OIL,Abandoned,Vertical Well,Orphaned / Abandoned / Unverified Plug,https://wellwiki.org/wiki/37-121-39747,,"2621663"
37-121-20163,,"41.50476400026546","-79.6598159999473",PA,Venango,Cornplanter,HAUPT 20,HAUPT FARM OIL LEASE,1963-07-27,,OIL,DEP Abandoned List,Vertical Well,Orphaned / Abandoned / Unverified Plug,https://wellwiki.org/wiki/37-121-20163,,"2621664"
37-121-20752,,"41.53897299990881","-79.8194750001219",PA,Venango,Plum,HASSON 137,GRIMES CONSOLIDATED INC,1800-01-01,,OIL,DEP Abandoned List,Vertical Well,Orphaned / Abandoned / Unverified Plug,https://wellwiki.org/wiki/37-121-20752,,"2621665"
37-121-36701,,"41.61965600014245","-79.54433900029166",PA,Venango,Allegheny,DUNN 10,BECK JAMES L,1984-01-17,,OIL,DEP Abandoned List,Vertical Well,Orphaned / Abandoned / Unverified Plug,https://wellwiki.org/wiki/37-121-36701,,"2621666"
37-083-13318,,"41.92595499967609","-78.61661300043252",PA,McKean,Bradford,BECKWITH 15,PA DEP OFC OIL & GAS MGMT,1800-01-01,,UNDETERMINED,DEP Orphan List,Vertical Well,Orphaned / Abandoned / Unverified Plug,https://wellwiki.org/wiki/37-083-13318,,"2621667"
37-129-23978,,"40.420540999724615","-79.22459900016806",PA,Westmoreland,Derry,HULENA/EWING UNIT 001,KRIEBEL GAS INC,,,GAS,Proposed But Never Materialized,Vertical Well,Not Drilled,https://wellwiki.org/wiki/37-129-23978,,"2621668"
37-083-16277,,"41.947943999937465","-78.6884440000447",PA,McKean,Bradford,DOUGLAS 22,PA DEP OFC OIL & GAS MGMT,1800-01-01,2015-05-15,COMB. OIL&GAS,DEP Plugged,Vertical Well,Plugged,https://wellwiki.org/wiki/37-083-16277,,"2621669"
37-125-28246,,"40.00632499972559","-80.15536100026033",PA,Washington,Amwell,COGAR 592949,EQT PROD CO,,,GAS,Operator Reported Not Drilled,Horizontal Well,Not Drilled,https://wellwiki.org/wiki/37-125-28246,,"2621670"
37-083-52728,,"41.62342300007372","-78.87886299988872",PA,McKean,Wetmore,WARRANT 3775 ARG 279,ARG RESOURCES INC,2008-04-03,,OIL,Abandoned,Vertical Well,Orphaned / Abandoned / Unverified Plug,https://wellwiki.org/wiki/37-083-52728,,"2621671"
37-051-24307,,"39.923301000005054","-79.62863299978027",PA,Fayette,North Union,COASTAL 7013,MARATHON OIL CO,,,GAS,Proposed But Never Materialized,Vertical Well,Not Drilled,https://wellwiki.org/wiki/37-051-24307,,"2621672"
37-047-23633,,"41.61445100030013","-78.86825100021478",PA,Elk,Highland,WARRANT 3775 ARG 156,ARG RESOURCES INC,2005-04-20,,OIL,Abandoned,Vertical Well,Orphaned / Abandoned / Unverified Plug,https://wellwiki.org/wiki/37-047-23633,,"2621673"
37-121-21517,,"41.505230000298226","-79.7202790002003",PA,Venango,Oakland,G J HANCOX 6,WILLIS VIRGINIA,1972-01-18,,OIL,DEP Abandoned List,Vertical Well,Orphaned / Abandoned / Unverified Plug,https://wellwiki.org/wiki/37-121-21517,,"2621674"
37-027-20942,,"41.079378999787345","-77.95069799963845",PA,Centre,Burnside,LITKE 10,MID EAST OIL CO,,,GAS,Operator Reported Not Drilled,Vertical Well,Not Drilled,https://wellwiki.org/wiki/37-027-20942,,"2621675"
37-065-26928,,"40.95420800011628","-79.0269470001166",PA,Jefferson,Perry,J E TODD 4,PHILLIPS EXPLORATION INC,,,GAS,Operator Reported Not Drilled,Vertical Well,Not Drilled,https://wellwiki.org/wiki/37-065-26928,,"2621676"
37-123-46786,,"41.765027999929934","-79.14493100010085",PA,Warren,Mead,LOT 534 2697,CATALYST ENERGY INC,,,OIL,Proposed But Never Materialized,Vertical Well,Not Drilled,https://wellwiki.org/wiki/37-123-46786,,"2621677"
37-053-26473,,"41.5230679997627","-79.50949599955243",PA,Forest,Harmony,HILEMAN M9,CRYSTAL SPRINGS OIL CO,1800-01-01,,OIL,Abandoned,Vertical Well,Orphaned / Abandoned / Unverified Plug,https://wellwiki.org/wiki/37-053-26473,,"2621678"
37-121-06650,,"41.21798500024038","-79.91220399956701",PA,Venango,Irwin,WICKLINE 02,UNKNOWN OPR,1800-01-01,,OIL,DEP Abandoned List,Vertical Well,Orphaned / Abandoned / Unverified Plug,https://wellwiki.org/wiki/37-121-06650,,"2621679"
37-123-45188,,"41.721552999878696","-79.08898600021251",PA,Warren,Sheffield,LOT 203 242 10,ANDREA & HOLDEN OIL CO,,,OIL,Operator Reported Not Drilled,Vertical Well,Not Drilled,https://wellwiki.org/wiki/37-123-45188,,"2621680"
37-005-90021,,"40.89410600029275","-79.36437300011292",PA,Armstrong,Wayne,B EVANS,APOLLO GAS CO,1800-01-01,,GAS,DEP Abandoned List,Vertical Well,Orphaned / Abandoned / Unverified Plug,https://wellwiki.org/wiki/37-005-90021,,"2621681"
37-125-92615,,"40.184666999823314","-80.24301400002226",PA,Washington,South Strabane,BOROUGH OF WASHINGTON 46,UNKNOWN OPR,1800-01-01,,DRY HOLE,DEP Abandoned List,Vertical Well,Orphaned / Abandoned / Unverified Plug,https://wellwiki.org/wiki/37-125-92615,,"2621682"
37-019-91733,,"40.954504999909666","-79.76206499982044",PA,Butler,Donegal,SANDERSON 2,UNKNOWN OPR,1800-01-01,,OIL,DEP Abandoned List,Vertical Well,Orphaned / Abandoned / Unverified Plug,https://wellwiki.org/wiki/37-019-91733,,"2621683"
37-083-57502,,"41.99572299985693","-78.39398799987424",PA,McKean,Eldred,BELLS HOLLOW 1,PA DEP OFC OIL & GAS MGMT,1800-01-01,,OIL,DEP Abandoned List,Undetermined,Orphaned / Abandoned / Unverified Plug,https://wellwiki.org/wiki/37-083-57502,,"2621684"
37-031-01925,,"41.3354549996948","-79.5120630001555",PA,Clarion,Elk,LES ES 5,UNKNOWN OPR,1800-01-01,2003-05-20,OIL,Plugged OG Well,Vertical Well,Plugged,https://wellwiki.org/wiki/37-031-01925,,"2621916"
37-083-57450,,"41.98580999993207","-78.57755900037358",PA,McKean,Foster,MILTON DANA 20 W,PA DEP OFC OIL & GAS MGMT,1800-01-01,,OIL,DEP Abandoned List,Undetermined,Orphaned / Abandoned / Unverified Plug,https://wellwiki.org/wiki/37-083-57450,,"2621685"
37-083-14672,,"41.9446690001617","-78.53779399993697",PA,McKean,Foster,MAYRE 1,UNKNOWN OPR,1800-01-01,,OIL,DEP Abandoned List,Vertical Well,Orphaned / Abandoned / Unverified Plug,https://wellwiki.org/wiki/37-083-14672,,"2621686"
47-007-00623,007-00623,"38.836791748005744","-80.61731397529306",WV,"007",,"BROWN, WILLIAM",OPERATOR UNKNOWN,,,Not Available,Plugged,Vertical,Plugged,https://wellwiki.org/wiki/47-007-00623,,"4620073"
37-085-24463,,"41.374883999746714","-80.50839000012326",PA,Mercer,West Salem,MOORE DAN 1,EXCO RESOURCES PA INC,,,GAS,Proposed But Never Materialized,Vertical Well,Not Drilled,https://wellwiki.org/wiki/37-085-24463,,"2621687"
37-121-28597,,"41.49118600007355","-79.60021100038509",PA,Venango,Cornplanter,RICKETTS R7,TIM COLEMAN,1980-11-09,,OIL,Abandoned,Vertical Well,Orphaned / Abandoned / Unverified Plug,https://wellwiki.org/wiki/37-121-28597,,"2621688"
37-105-21940,,"41.73398200004496","-77.97818799962131",PA,Potter,Homer,YOUNG 228-9V,JKLM ENERGY LLC,,,GAS,Operator Reported Not Drilled,Vertical Well,Not Drilled,https://wellwiki.org/wiki/37-105-21940,,"2621689"
37-083-21397,,"41.96350499984362","-78.48802500027195",PA,McKean,Otto,OIL VALLEY 085,JOSEPH MINNICH HEIRS,1958-10-13,,OIL,DEP Abandoned List,Vertical Well,Orphaned / Abandoned / Unverified Plug,https://wellwiki.org/wiki/37-083-21397,,"2621690"
37-117-21979,,"41.895161000014085","-77.39179199982983",PA,Tioga,Chatham,SHOWALTER 822 22H,SWEPI LP,,,GAS,Proposed But Never Materialized,Horizontal Well,Not Drilled,https://wellwiki.org/wiki/37-117-21979,,"2621691"
37-027-20040,,"41.078649999751164","-77.80468899991902",PA,Centre,Boggs,E D FROST 2,EQT PROD CO,,,GAS,Operator Reported Not Drilled,Vertical Well,Not Drilled,https://wellwiki.org/wiki/37-027-20040,,"2621692"
37-033-22398,,"40.84852700033545","-78.73553100037724",PA,Clearfield,Bell,JOHN FENCHAK 4,CONSOL GAS CO,,,GAS,Operator Reported Not Drilled,Vertical Well,Not Drilled,https://wellwiki.org/wiki/37-033-22398,,"2621693"
37-033-26966,,"41.09383600029627","-78.36213900043367",PA,Clearfield,Goshen,BOILEAU 1H,EQT CHAP LLC,,,GAS,Operator Reported Not Drilled,Horizontal Well,Not Drilled,https://wellwiki.org/wiki/37-033-26966,,"2621694"
37-085-21889,,"41.4166780001179","-80.12476600044737",PA,Mercer,New Vernon,C DONLEY 1,DOUGLAS OIL & GAS LP,,,GAS,Operator Reported Not Drilled,Vertical Well,Not Drilled,https://wellwiki.org/wiki/37-085-21889,,"2621695"
37-059-24323,,"39.726804000214834","-80.01535700016171",PA,Greene,Dunkard,MILLER 48,TAFT OPERATING LLC,2007-07-23,,GAS,Abandoned,Vertical Well,Orphaned / Abandoned / Unverified Plug,https://wellwiki.org/wiki/37-059-24323,,"2621696"
37-063-37489,,"40.54069700018602","-79.20141099974148",PA,Indiana,Center,SUB INDIANA 3A,CNX GAS CO LLC,,,GAS,Operator Reported Not Drilled,Horizontal Well,Not Drilled,https://wellwiki.org/wiki/37-063-37489,,"2621697"
37-117-21543,,"41.88179400001072","-77.32320800033797",PA,Tioga,Middlebury,OWLETT W 843 5H,SWEPI LP,,,GAS,Proposed But Never Materialized,Horizontal Well,Not Drilled,https://wellwiki.org/wiki/37-117-21543,,"2621698"
37-031-20898,,"41.143756999683156","-79.53260399961307",PA,Clarion,Licking,JOHN D BARTO 1,GEARHART FLOYD A,1981-01-16,,COMB. OIL&GAS,DEP Abandoned List,Vertical Well,Orphaned / Abandoned / Unverified Plug,https://wellwiki.org/wiki/37-031-20898,,"2621699"
37-083-53689,,"41.63278300015544","-78.2877830000512",PA,McKean,Norwich,GARDEAU 2371 1,MINARD RUN OIL CO,,,GAS,Proposed But Never Materialized,Vertical Well,Not Drilled,https://wellwiki.org/wiki/37-083-53689,,"2621700"
37-059-02048,,"39.75179800014192","-80.22650599960917",PA,Greene,Wayne,BLACKSVILLE II 451,GREENE ENERGY LLC,,,GAS,Operator Reported Not Drilled,Vertical Well,Not Drilled,https://wellwiki.org/wiki/37-059-02048,,"2621701"
37-059-02252,,"39.760367000062736","-80.03757499974449",PA,Greene,Dunkard,YOST 8,UNKNOWN OPR,1800-01-01,,GAS,DEP Abandoned List,Vertical Well,Orphaned / Abandoned / Unverified Plug,https://wellwiki.org/wiki/37-059-02252,,"2621702"
37-047-01146,,"41.61347199995373","-78.81598600009181",PA,Elk,Jones,JARVIS 49,PA DEP OFC OIL & GAS MGMT,1800-01-01,,GAS,DEP Orphan List,Vertical Well,Orphaned / Abandoned / Unverified Plug,https://wellwiki.org/wiki/37-047-01146,,"2621703"
37-083-47366,,"41.805345999850516","-78.73757699967508",PA,McKean,Lafayette,KATIE C13,CATALYST ENERGY INC,,,OIL,Operator Reported Not Drilled,Vertical Well,Not Drilled,https://wellwiki.org/wiki/37-083-47366,,"2621704"
37-121-05232,,"41.17795299974114","-79.90427199957576",PA,Venango,Clinton,ROBERT ATWELL #2 4,CRAIG JOHN,1800-01-01,,OIL,Abandoned,Vertical Well,Orphaned / Abandoned / Unverified Plug,https://wellwiki.org/wiki/37-121-05232,,"2621705"
37-117-21771,,"41.88130300014462","-77.35417499969661",PA,Tioga,Chatham,DAVIS 841 22H,SWEPI LP,,,GAS,Proposed But Never Materialized,Horizontal Well,Not Drilled,https://wellwiki.org/wiki/37-117-21771,,"2621706"
37-019-01824,,"40.89564999971029","-79.7083019996724",PA,Butler,Donegal,AGNES JOHN 6,AGNES JOHN,1800-01-01,,GAS,DEP Abandoned List,Vertical Well,Orphaned / Abandoned / Unverified Plug,https://wellwiki.org/wiki/37-019-01824,,"2621707"
37-105-20605,,"41.99129400020152","-78.18618100008335",PA,Potter,Sharon,HERRICK W48,JJ BUCHER PRODUCING CORP,1980-03-18,,OIL,Abandoned,Vertical Well,Orphaned / Abandoned / Unverified Plug,https://wellwiki.org/wiki/37-105-20605,,"2621708"
37-059-90075,,"39.910510000076435","-79.97415099960142",PA,Greene,Cumberland,AMANDA KERR 2929,EQUITABLE GAS CO,1800-01-01,,GAS,DEP Abandoned List,Vertical Well,Orphaned / Abandoned / Unverified Plug,https://wellwiki.org/wiki/37-059-90075,,"2621709"
37-031-01347,,"41.288795000335135","-79.21774900027528",PA,Clarion,Millcreek,HUMMEL 3,MICHAEL HARJU,1800-01-01,,GAS,Abandoned,Vertical Well,Orphaned / Abandoned / Unverified Plug,https://wellwiki.org/wiki/37-031-01347,,"2621710"
37-039-25681,,"41.73419700017942","-80.12105399999663",PA,Crawford,Woodcock,SMITH 44,ATLAS RESOURCES LLC,,,COMB. OIL&GAS,Operator Reported Not Drilled,Vertical Well,Not Drilled,https://wellwiki.org/wiki/37-039-25681,,"2621711"
37-065-26780,,"40.92877400002684","-78.98933599983117",PA,Jefferson,Young,S NORTH 1,MADTICK DEV CORP,,,GAS,Proposed But Never Materialized,Vertical Well,Not Drilled,https://wellwiki.org/wiki/37-065-26780,,"2621712"
37-047-24737,,"41.58148599990187","-78.88010599964566",PA,Elk,Highland,WT 3785 494,ARG RESOURCES INC,2013-11-05,,OIL,Abandoned,Vertical Well,Orphaned / Abandoned / Unverified Plug,https://wellwiki.org/wiki/37-047-24737,,"2621713"
37-053-28413,,"41.61196800024835","-78.97023499977406",PA,Forest,Howe,WARRANT 2453 3,EAST RESOURCES INC,,,OIL,Operator Reported Not Drilled,Vertical Well,Not Drilled,https://wellwiki.org/wiki/37-053-28413,,"2621714"
37-121-23719,,"41.47253300018851","-79.64639700036909",PA,Venango,Cornplanter,MOYNIHAN 3,LT OIL CO LLC,1976-02-27,,OIL,Abandoned,Vertical Well,Orphaned / Abandoned / Unverified Plug,https://wellwiki.org/wiki/37-121-23719,,"2621715"
37-063-31346,,"40.48718599968353","-79.28641999980577",PA,Indiana,Black Lick,MCCONNELL 002,KRIEBEL GAS INC,,,GAS,Operator Reported Not Drilled,Vertical Well,Not Drilled,https://wellwiki.org/wiki/37-063-31346,,"2621716"
37-049-24081,,"41.86563899972565","-79.98477800024226",PA,Erie,Le Boeuf,NORMAN PORTER 2,MEDINA RES DEV CO LLC,1800-01-01,,GAS,Abandoned,Vertical Well,Orphaned / Abandoned / Unverified Plug,https://wellwiki.org/wiki/37-049-24081,,"2621717"
37-047-23657,,"41.61895099977357","-78.87111300037064",PA,Elk,Highland,WARRANT 3775 ARG 119,ARG RESOURCES INC,2005-07-09,,OIL,Abandoned,Vertical Well,Orphaned / Abandoned / Unverified Plug,https://wellwiki.org/wiki/37-047-23657,,"2621718"
37-047-21915,,"41.51672500000075","-78.9407530000217",PA,Elk,Highland,WARRANT 3664 010,ARG RESOURCES INC,1985-08-08,,INJECTION,Abandoned,Vertical Well,Orphaned / Abandoned / Unverified Plug,https://wellwiki.org/wiki/37-047-21915,,"2621719"
37-123-04241,,"41.83004000032005","-79.16061599998324",PA,Warren,Pleasant,YEAGLE 3,GEER PUTNAM,,,OIL,Proposed But Never Materialized,Vertical Well,Not Drilled,https://wellwiki.org/wiki/37-123-04241,,"2621720"
37-083-11521,,"41.68039500011683","-78.81986099985085",PA,McKean,Wetmore,MCCAULY 2,PA DEP OFC OIL & GAS MGMT,1800-01-01,,OIL,DEP Orphan List,Vertical Well,Orphaned / Abandoned / Unverified Plug,https://wellwiki.org/wiki/37-083-11521,,"2621721"
37-065-25219,,"41.08431699974805","-79.03675899972437",PA,Jefferson,Knox,GRAHAM 1,PA MINERAL SVCS LLC,2005-04-04,,GAS,Abandoned,Vertical Well,Orphaned / Abandoned / Unverified Plug,https://wellwiki.org/wiki/37-065-25219,,"2621722"
37-059-02334,,"39.75817899999678","-80.04423899986445",PA,Greene,Dunkard,YOST 1,UNKNOWN OPR,1800-01-01,,GAS,DEP Abandoned List,Vertical Well,Orphaned / Abandoned / Unverified Plug,https://wellwiki.org/wiki/37-059-02334,,"2621723"
37-005-01625,,"40.57363300025071","-79.54177400023673",PA,Armstrong,North Apollo,SHAW/TOWNSEND 1,MCDERMOTT CYNTHIA,1800-01-01,,GAS,Abandoned,Vertical Well,Orphaned / Abandoned / Unverified Plug,https://wellwiki.org/wiki/37-005-01625,,"2621724"
37-049-23052,,"42.092483000209434","-80.07274399999865",PA,Erie,Erie,GERARD T UHT 1,UHT GERALD T,1983-08-17,,GAS,Abandoned,Vertical Well,Orphaned / Abandoned / Unverified Plug,https://wellwiki.org/wiki/37-049-23052,,"2621725"
37-019-01160,,"41.05850699982882","-79.74652899990097",PA,Butler,Parker,TURNER 201,PA DEP OFC OIL & GAS MGMT,1800-01-01,,UNDETERMINED,DEP Orphan List,Vertical Well,Orphaned / Abandoned / Unverified Plug,https://wellwiki.org/wiki/37-019-01160,,"2621726"
37-083-11620,,"41.93885199997016","-78.54542100032971",PA,McKean,Foster,MURPHY 32,PA DEP OFC OIL & GAS MGMT,1800-01-01,,UNDETERMINED,DEP Orphan List,Vertical Well,Orphaned / Abandoned / Unverified Plug,https://wellwiki.org/wiki/37-083-11620,,"2621727"
37-063-34658,,"40.5529840000275","-79.11493299996447",PA,Indiana,Center,ONDO 8170,LINN OPR INC,,,GAS,Operator Reported Not Drilled,Vertical Well,Not Drilled,https://wellwiki.org/wiki/37-063-34658,,"2621728"
37-059-24997,,"40.00072000005086","-80.21688499979712",PA,Greene,Washington,LESLIE COLE 1,JESMAR ENERGY INC,,,GAS,Operator Reported Not Drilled,Vertical Well,Not Drilled,https://wellwiki.org/wiki/37-059-24997,,"2621729"
37-123-05282,,"41.671507000132955","-79.47093799978606",PA,Warren,Triumph,ULF U2,PA DEP OFC OIL & GAS MGMT,1800-01-01,,OIL,DEP Abandoned List,Vertical Well,Orphaned / Abandoned / Unverified Plug,https://wellwiki.org/wiki/37-123-05282,,"2621730"
37-033-26491,,"41.030405999925485","-78.79089600030744",PA,Clearfield,Troutville,SHAFFER NANCY 6,DEVONIAN RESOURCES INC,,,GAS,Operator Reported Not Drilled,Vertical Well,Not Drilled,https://wellwiki.org/wiki/37-033-26491,,"2621731"
37-121-28789,,"41.48309500009121","-79.63852700030212",PA,Venango,Cornplanter,CORSE 101,WITCO CORP,1980-10-17,,OIL,DEP Abandoned List,Vertical Well,Orphaned / Abandoned / Unverified Plug,https://wellwiki.org/wiki/37-121-28789,,"2621732"
37-019-01643,,"40.864238000153755","-79.74071599990079",PA,Butler,Clearfield,DALMAGRO 1,DALMAGRO JOHN,1800-01-01,,OIL,Abandoned,Vertical Well,Orphaned / Abandoned / Unverified Plug,https://wellwiki.org/wiki/37-019-01643,,"2621733"
37-083-07562,,"41.99798900025065","-78.56993600017883",PA,McKean,Foster,JOHNSTON LOT 58 ZC012,PA DEP OFC OIL & GAS MGMT,1800-01-01,,INJECTION,DEP Orphan List,Vertical Well,Orphaned / Abandoned / Unverified Plug,https://wellwiki.org/wiki/37-083-07562,,"2621734"
37-003-01266,,"40.53305599985266","-80.11325000005189",PA,Allegheny,Ohio,W P C 2,UNKNOWN OPR,1800-01-01,,GAS,Plugged Unverified,Vertical Well,Orphaned / Abandoned / Unverified Plug,https://wellwiki.org/wiki/37-003-01266,,"2621735"
37-059-02436,,"39.80589700028575","-80.2432779996129",PA,Greene,Wayne,DAN HOPKINS 1,UNKNOWN OPR,1800-01-01,,GAS,DEP Abandoned List,Vertical Well,Orphaned / Abandoned / Unverified Plug,https://wellwiki.org/wiki/37-059-02436,,"2621736"
37-059-25874,,"39.86728300028076","-79.9627580001279",PA,Greene,Cumberland,HART UNIT 10H,EQT CHAP LLC,,,GAS,Operator Reported Not Drilled,Horizontal Well,Not Drilled,https://wellwiki.org/wiki/37-059-25874,,"2621737"
37-047-21941,,"41.532205000243586","-78.88842000012667",PA,Elk,Highland,CLINTON 31,ARG RESOURCES INC,1985-08-09,,OIL,Abandoned,Vertical Well,Orphaned / Abandoned / Unverified Plug,https://wellwiki.org/wiki/37-047-21941,,"2621738"
37-005-01414,,"40.92815500032489","-79.25697700041147",PA,Armstrong,Redbank,B NEAL 5,MGPR LLC,1800-01-01,,GAS,Abandoned,Vertical Well,Orphaned / Abandoned / Unverified Plug,https://wellwiki.org/wiki/37-005-01414,,"2621739"
37-059-01758,,"39.96249199972419","-80.31571699967063",PA,Greene,Morris,J.B. CARTER 1,LEATHERWOOD LLC,1800-01-01,2018-10-04,OIL,Plugged OG Well,Vertical Well,Plugged,https://wellwiki.org/wiki/37-059-01758,,"2621740"
37-031-01889,,"41.29801600010433","-79.56700600031134",PA,Clarion,Ashland,LES 5,UNKNOWN OPR,1800-01-01,2002-04-15,UNDETERMINED,Plugged OG Well,Vertical Well,Plugged,https://wellwiki.org/wiki/37-031-01889,,"2621741"
37-083-32505,,"41.922545000121836","-78.5370919997801",PA,McKean,Foster,EVANS 219,BLAST PRODUCING CO,1800-01-01,2007-12-05,OIL,Plugged OG Well,Vertical Well,Plugged,https://wellwiki.org/wiki/37-083-32505,,"2621742"
37-049-20287,,"41.90844100003116","-80.33659500031038",PA,Erie,Cranesville,GEORGE CARR 1,CAYMAN CORP,1966-08-04,1968-10-25,GAS,Plugged OG Well,Vertical Well,Plugged,https://wellwiki.org/wiki/37-049-20287,,"2621743"
37-123-02836,,"41.64148000006349","-78.96025599976173",PA,Warren,Sheffield,LOT 10 16,AZCO OPR CO,1800-01-01,1993-06-21,OIL,Plugged OG Well,Vertical Well,Plugged,https://wellwiki.org/wiki/37-123-02836,,"2621744"
37-121-03216,,"41.202450000138406","-79.90127800007373",PA,Venango,Clinton,MEYER 8,ADOBE COAL CO,1800-01-01,1989-11-09,OIL,Plugged OG Well,Vertical Well,Plugged,https://wellwiki.org/wiki/37-121-03216,,"2621745"
37-083-43061,,"41.96008300007357","-78.59992900029233",PA,McKean,Foster,LAFFERTY 179,PENNZOIL PROD CO,1800-01-01,1983-12-15,OIL,Plugged OG Well,Vertical Well,Plugged,https://wellwiki.org/wiki/37-083-43061,,"2621746"
37-121-40825,,"41.591115000218714","-79.54799599959249",PA,Venango,Allegheny,PRATT 3P,QUAKER STATE CORP,1800-01-01,1985-05-07,OIL,Plugged OG Well,Vertical Well,Plugged,https://wellwiki.org/wiki/37-121-40825,,"2621747"
37-121-38647,,"41.39772699993779","-79.78705000002283",PA,Venango,Cranberry,C SOLLE 8,PRESTON JAMES R,1800-01-01,,OIL,Plugged OG Well,Vertical Well,Plugged,https://wellwiki.org/wiki/37-121-38647,,"2621748"
37-039-21194,,"41.742046000262164","-79.73391700006164",PA,Crawford,Rome,LUKACH 1,PETER LUKACH,1981-05-01,1987-06-02,OIL,Plugged OG Well,Vertical Well,Plugged,https://wellwiki.org/wiki/37-039-21194,,"2621749"
37-121-02550,,"41.3788000001457","-79.52525099975502",PA,Venango,Pinegrove,SHAW OWS90,PRESIDENT OIL CO,1800-01-01,1992-11-10,GAS,Plugged OG Well,Vertical Well,Plugged,https://wellwiki.org/wiki/37-121-02550,,"2621750"
37-083-31503,,"41.75969999975111","-78.72252799982735",PA,McKean,Hamlin,RAY B KANE 80,PENNZOIL PROD CO,1974-11-26,1989-04-27,OIL,Plugged OG Well,Vertical Well,Plugged,https://wellwiki.org/wiki/37-083-31503,,"2621751"
37-047-01616,,"41.61540100029091","-78.86355700012302",PA,Elk,Highland,LYTE 2,PENNZOIL PROD CO,1800-01-01,1993-03-10,OIL,Plugged OG Well,Vertical Well,Plugged,https://wellwiki.org/wiki/37-047-01616,,"2621752"
37-083-37862,,"41.66186799980778","-78.812430000175",PA,McKean,Kane,COMMONS LOT 1,NOVOSEL FRANK,1979-10-08,1989-06-25,GAS,Plugged OG Well,Vertical Well,Plugged,https://wellwiki.org/wiki/37-083-37862,,"2621753"
37-083-07852,,"41.990415999834674","-78.48806799992965",PA,McKean,Otto,BURNS FLOOD 2 66,QUAKER STATE CORP,1800-01-01,1990-07-24,OIL,Plugged OG Well,Vertical Well,Plugged,https://wellwiki.org/wiki/37-083-07852,,"2621754"
37-083-14256,,"41.97365800019761","-78.48831899999982",PA,McKean,Otto,FRANKS 49,PLANTS & GOODWIN INC,1800-01-01,2000-08-11,OIL,Plugged OG Well,Vertical Well,Plugged,https://wellwiki.org/wiki/37-083-14256,,"2621755"
37-123-39845,,"41.829737999793515","-79.06598000025915",PA,Warren,Mead,LOCKWOOD 61,COOK ENERGY INC,1800-01-01,1987-11-12,OIL,Plugged OG Well,Vertical Well,Plugged,https://wellwiki.org/wiki/37-123-39845,,"2621756"
37-083-01344,,"41.89365899984383","-78.51695300000544",PA,McKean,Keating,BROWN 1 24,SH ELDER & CO,1800-01-01,1991-04-12,OIL,Plugged OG Well,Vertical Well,Plugged,https://wellwiki.org/wiki/37-083-01344,,"2621757"
37-121-41128,,"41.6160889998632","-79.52114099981934",PA,Venango,Allegheny,CARSON 5,CARSON EDGAR G,1800-01-01,1985-07-10,OIL,Plugged OG Well,Vertical Well,Plugged,https://wellwiki.org/wiki/37-121-41128,,"2621758"
37-121-00610,,"41.46138499986056","-79.72267600002576",PA,Venango,Cornplanter,NOVEM 17,PA GEN ENERGY CORP,1800-01-01,1989-05-15,OIL,Plugged OG Well,Vertical Well,Plugged,https://wellwiki.org/wiki/37-121-00610,,"2621759"
37-083-34764,,"41.97740999988743","-78.58169100005058",PA,McKean,Foster,FREDERICKS 7,WITCO CORP,1800-01-01,1977-04-28,OIL,Plugged OG Well,Vertical Well,Plugged,https://wellwiki.org/wiki/37-083-34764,,"2621760"
37-083-34762,,"41.97433099977185","-78.54226399972276",PA,McKean,Foster,FREDERICKS 59,WITCO CORP,1800-01-01,1977-04-19,OIL,Plugged OG Well,Vertical Well,Plugged,https://wellwiki.org/wiki/37-083-34762,,"2621761"
37-049-24643,,"42.046837000142794","-79.99012199971405",PA,Erie,Greene,TOMCZAK 2,NEA CROSS INC,1800-01-01,1986-02-27,GAS,Plugged OG Well,Vertical Well,Plugged,https://wellwiki.org/wiki/37-049-24643,,"2621762"
37-059-22189,,"39.947360999745605","-80.41919199958228",PA,Greene,Richhill,BURNS 521,CONSOL PA COAL CO LLC,1800-01-01,1988-06-03,GAS,Plugged OG Well,Vertical Well,Plugged,https://wellwiki.org/wiki/37-059-22189,,"2621763"
37-121-21393,,"41.47775899998692","-79.59408200001741",PA,Venango,President,PROPER 4Q,QUAKER STATE CORP,1971-10-08,1987-01-28,OIL,Plugged OG Well,Vertical Well,Plugged,https://wellwiki.org/wiki/37-121-21393,,"2621764"
37-125-91161,,"40.15516199990312","-80.33400500014109",PA,Washington,Buffalo,J. W. BARNHART 3,UNKNOWN OPR,1800-01-01,,OIL,Plugged OG Well,Vertical Well,Plugged,https://wellwiki.org/wiki/37-125-91161,,"2621765"
37-123-01290,,"41.7082749999354","-79.5668079999446",PA,Warren,Eldred,OTT 15,PA GEN ENERGY CORP,1800-01-01,,OIL,Plugged OG Well,Vertical Well,Plugged,https://wellwiki.org/wiki/37-123-01290,,"2621766"
37-083-38029,,"41.93995000007772","-78.59168599995645",PA,McKean,Foster,MORRIS 2,CJ MORRIS & SONS,1800-01-01,1993-04-06,OIL,Plugged OG Well,Vertical Well,Plugged,https://wellwiki.org/wiki/37-083-38029,,"2621767"
37-053-25688,,"41.57936199999319","-79.50742099994227",PA,Forest,Harmony,GRIFFEN 21X,QUAKER STATE CORP,1800-01-01,1984-03-08,OIL,Plugged OG Well,Vertical Well,Plugged,https://wellwiki.org/wiki/37-053-25688,,"2621768"
37-047-01859,,"41.55271700027084","-78.92233900005286",PA,Elk,Highland,HULINGS 2,ARG RESOURCES INC,1800-01-01,2013-03-06,OIL,Plugged OG Well,Vertical Well,Plugged,https://wellwiki.org/wiki/37-047-01859,,"2621769"
37-083-07952,,"41.94662800015887","-78.68260599993017",PA,McKean,Bradford,ROGERS 53,GEORGE BRUCE S,1800-01-01,2012-01-12,GAS,Plugged OG Well,Vertical Well,Plugged,https://wellwiki.org/wiki/37-083-07952,,"2621770"
37-117-21737,,"41.885735999699364","-77.30476099985884",PA,Tioga,Middlebury,KINNAN 845 26H,SWEPI LP,,,GAS,Proposed But Never Materialized,Horizontal Well,Not Drilled,https://wellwiki.org/wiki/37-117-21737,,"2621771"
37-039-00068,,"41.65393999989547","-79.662899999861",PA,Crawford,Spring,WARNER 64,PA GEN ENERGY CORP,1800-01-01,1994-07-26,OIL,Plugged OG Well,Vertical Well,Plugged,https://wellwiki.org/wiki/37-039-00068,,"2621772"
37-051-21143,,"39.932832000013825","-79.88523599981598",PA,Fayette,Luzerne,CRAIG 2,VIKING RESOURCES LLC,2000-03-14,2000-08-30,GAS,Plugged OG Well,Vertical Well,Plugged,https://wellwiki.org/wiki/37-051-21143,,"2621773"
37-005-28320,,"40.62862300006547","-79.55330800017556",PA,Armstrong,Parks,W CROBSY 4,CONSOL GAS CO,,,GAS,Operator Reported Not Drilled,Vertical Well,Not Drilled,https://wellwiki.org/wiki/37-005-28320,,"2621774"
37-033-25252,,"40.85451800014436","-78.51512400044257",PA,Clearfield,Knox,ORWICK 9,ENERGY CORP OF AMER,,,GAS,Operator Reported Not Drilled,Vertical Well,Not Drilled,https://wellwiki.org/wiki/37-033-25252,,"2621775"
37-047-01651,,"41.55315000001757","-78.6055179999865",PA,Elk,Jones,HOSKINS 50,PA DEP OFC OIL & GAS MGMT,1800-01-01,2002-08-08,OIL,DEP Plugged,Vertical Well,Plugged,https://wellwiki.org/wiki/37-047-01651,,"2621776"
37-053-29221,,"41.57745299996048","-79.00602499999422",PA,Forest,Howe,LOT 21 1074,CATALYST ENERGY INC,,,OIL,Operator Reported Not Drilled,Vertical Well,Not Drilled,https://wellwiki.org/wiki/37-053-29221,,"2621777"
37-033-26839,,"40.95128400008086","-78.34911199959433",PA,Clearfield,Boggs,GOSS 1,SWEPI LP,,,GAS,Operator Reported Not Drilled,Vertical Well,Not Drilled,https://wellwiki.org/wiki/37-033-26839,,"2621778"
37-063-31077,,"40.70963700029935","-78.83948099976674",PA,Indiana,Green,STIFFLER 3,TEXAS KEYSTONE INC,,,GAS,Operator Reported Not Drilled,Vertical Well,Not Drilled,https://wellwiki.org/wiki/37-063-31077,,"2621779"
37-083-14842,,"41.95308599975361","-78.50354299974975",PA,McKean,Otto,WARD 16,PA DEP OFC OIL & GAS MGMT,1800-01-01,2002-06-14,OIL,DEP Plugged,Vertical Well,Plugged,https://wellwiki.org/wiki/37-083-14842,,"2621780"
37-047-01825,,"41.55728400000118","-78.5976040004369",PA,Elk,Jones,CORP OF ENGINEERS ON11,PA DEP OFC OIL & GAS MGMT,1800-01-01,2003-07-23,OIL,DEP Plugged,Vertical Well,Plugged,https://wellwiki.org/wiki/37-047-01825,,"2621781"
37-117-21656,,"41.88294700007615","-77.41802800018509",PA,Tioga,Chatham,NEAL 815 21H,SWEPI LP,,,GAS,Operator Reported Not Drilled,Horizontal Well,Not Drilled,https://wellwiki.org/wiki/37-117-21656,,"2621782"
37-121-22096,,"41.53124700003299","-79.57273599957252",PA,Venango,Cornplanter,MORREY 1,PA DEP OFC OIL & GAS MGMT,1972-09-29,1997-06-13,OIL,DEP Plugged,Vertical Well,Plugged,https://wellwiki.org/wiki/37-121-22096,,"2621783"
37-053-28316,,"41.61642000000141","-79.46640100005312",PA,Forest,Harmony,CHRIS 13,OZ GAS LTD,,,GAS,Proposed But Never Materialized,Vertical Well,Not Drilled,https://wellwiki.org/wiki/37-053-28316,,"2621784"
37-027-21170,,"41.096589999720614","-78.09080899986718",PA,Centre,Burnside,LARSON 5,MID EAST OIL CO,,,GAS,Operator Reported Not Drilled,Vertical Well,Not Drilled,https://wellwiki.org/wiki/37-027-21170,,"2621785"
37-117-21260,,"41.8829689997429","-77.41808099988855",PA,Tioga,Chatham,NEAL 815 4H,SWEPI LP,,,GAS,Proposed But Never Materialized,Horizontal Well,Not Drilled,https://wellwiki.org/wiki/37-117-21260,,"2621786"
37-053-26484,,"41.624799999880054","-79.03768099998928",PA,Forest,Howe,COLLINS 3,SOUTHWELL RUSSELL W,,,OIL,Operator Reported Not Drilled,Vertical Well,Not Drilled,https://wellwiki.org/wiki/37-053-26484,,"2621787"
37-083-57336,,"41.95489999993935","-78.49430000022949",PA,McKean,Otto,DANIALS 1,PA DEP OFC OIL & GAS MGMT,1800-01-01,2023-06-08,GAS,DEP Plugged,Undetermined,Plugged,https://wellwiki.org/wiki/37-083-57336,,"2621788"
37-129-29086,,"40.382071999993826","-79.63760800041025",PA,Westmoreland,Penn,METIS 2M,"OLYMPUS ENERGY, LLC",,,GAS,Operator Reported Not Drilled,Horizontal Well,Not Drilled,https://wellwiki.org/wiki/37-129-29086,,"2621789"
37-031-24276,,"41.045846999860395","-79.61677800034938",PA,Clarion,Perry,G ZANG 4,INTERSTATE GAS MKT INC,,,GAS,Operator Reported Not Drilled,Vertical Well,Not Drilled,https://wellwiki.org/wiki/37-031-24276,,"2621790"
37-005-00607,,"40.89739000028989","-79.36069300034757",PA,Armstrong,Wayne,I M BASHLINE 2,PA DEP OFC OIL & GAS MGMT,1800-01-01,2023-07-25,GAS,DEP Plugged,Vertical Well,Plugged,https://wellwiki.org/wiki/37-005-00607,,"2621791"
37-033-24096,,"40.91256199998926","-78.52323600035889",PA,Clearfield,Pike,FREEMAN 2,KRIEBEL GAS INC,,,GAS,Operator Reported Not Drilled,Vertical Well,Not Drilled,https://wellwiki.org/wiki/37-033-24096,,"2621792"
37-083-11955,,"41.97873499976552","-78.5833399996884",PA,McKean,Foster,GATES 9,PA DEP OFC OIL & GAS MGMT,1800-01-01,2007-03-26,UNDETERMINED,DEP Plugged,Vertical Well,Plugged,https://wellwiki.org/wiki/37-083-11955,,"2621793"
37-129-29065,,"40.38415600012815","-79.62414399972789",PA,Westmoreland,Penn,GAIA 5M,"OLYMPUS ENERGY, LLC",,,GAS,Operator Reported Not Drilled,Horizontal Well,Not Drilled,https://wellwiki.org/wiki/37-129-29065,,"2621794"
37-105-21602,,"41.992595000036005","-77.75604300036036",PA,Potter,Bingham,DAVENPORT 12,SWEPI LP,,,OIL,Operator Reported Not Drilled,Vertical Well,Not Drilled,https://wellwiki.org/wiki/37-105-21602,,"2621795"
37-117-21795,,"41.725542000316764","-77.40584700034098",PA,Tioga,Shippen,HOUCK 433 28H,SWEPI LP,,,GAS,Proposed But Never Materialized,Horizontal Well,Not Drilled,https://wellwiki.org/wiki/37-117-21795,,"2621796"
37-033-26550,,"40.99958399975511","-78.71871800036563",PA,Clearfield,Brady,LONG 1,SHELLY OIL & GAS INC,,,GAS,Operator Reported Not Drilled,Vertical Well,Not Drilled,https://wellwiki.org/wiki/37-033-26550,,"2621797"
37-031-24968,,"41.159971999981","-79.38141700010321",PA,Clarion,Monroe,POTTER 1,INTERSTATE GAS MKT INC,,,GAS,Operator Reported Not Drilled,Vertical Well,Not Drilled,https://wellwiki.org/wiki/37-031-24968,,"2621798"
37-123-38344,,"41.769169999864694","-79.23622099997044",PA,Warren,Watson,LOT 514 17,PA GEN ENERGY CORP,,,OIL,Operator Reported Not Drilled,Vertical Well,Not Drilled,https://wellwiki.org/wiki/37-123-38344,,"2621799"
37-031-25022,,"41.08891800011083","-79.23450200001241",PA,Clarion,Redbank,HAWK 2 14,BLX INC,,,GAS,Operator Reported Not Drilled,Vertical Well,Not Drilled,https://wellwiki.org/wiki/37-031-25022,,"2621800"
37-063-34111,,"40.52429600026929","-79.14959800042845",PA,Indiana,Center,SASALA 1,FAIRMAN CORP,,,GAS,Operator Reported Not Drilled,Vertical Well,Not Drilled,https://wellwiki.org/wiki/37-063-34111,,"2621801"
37-123-46645,,"41.76295599979318","-79.1449610002381",PA,Warren,Mead,LOT 534 2711,CATALYST ENERGY INC,,,OIL,Proposed But Never Materialized,Vertical Well,Not Drilled,https://wellwiki.org/wiki/37-123-46645,,"2621802"
37-649571,,"41.97503400030607","-80.11170799964587",PA,Erie,McKean,REED 1,NORNEW INC,,,GAS,Operator Reported Not Drilled,Vertical Well,Not Drilled,https://wellwiki.org/wiki/37-649571,,"2621803"
37-021-20951,,"40.70043399986925","-78.66116800032208",PA,Cambria,Chest,K&J/POPE 1,DORSO LLC,,,GAS,Proposed But Never Materialized,Vertical Well,Not Drilled,https://wellwiki.org/wiki/37-021-20951,,"2621804"
37-065-26184,,"40.96084599991333","-78.83164699968476",PA,Jefferson,Gaskill,BURTON HOOVER 6,FAIRMAN CORP,,,GAS,Operator Reported Not Drilled,Vertical Well,Not Drilled,https://wellwiki.org/wiki/37-065-26184,,"2621805"
37-019-91909,,"40.99630899977723","-79.78435299972341",PA,Butler,Fairview,SHERRICK 23,PA DEP OFC OIL & GAS MGMT,1800-01-01,2019-08-14,OIL,DEP Plugged,Vertical Well,Plugged,https://wellwiki.org/wiki/37-019-91909,,"2621806"
47-107-01017,107-01017,"37.0462224768942","-81",WV,"107",,"SCHRECKENGOST, WILLIAM",BEREA OIL & GAS CORP.,,,Unknown,Never Drilled,Vertical,Not Drilled,https://wellwiki.org/wiki/47-107-01017,,"4619986"
37-035-20388,,"41.236284999917906","-77.76374600002276",PA,Clinton,Noyes,COP TRACT 343 4,EQT PROD CO,,,GAS,Operator Reported Not Drilled,Vertical Well,Not Drilled,https://wellwiki.org/wiki/37-035-20388,,"2621807"
37-039-22477,,"41.84873199992801","-80.44286700008057",PA,Crawford,Beaver,NEWCOMB 4,PACO INC,,,GAS,Operator Reported Not Drilled,Vertical Well,Not Drilled,https://wellwiki.org/wiki/37-039-22477,,"2621808"
37-083-56756,,"41.642986000074295","-78.71809700039961",PA,McKean,Wetmore,JOHNSON LEASE 5C,MIEKA LLC,,,OIL,Proposed But Never Materialized,Vertical Well,Not Drilled,https://wellwiki.org/wiki/37-083-56756,,"2621809"
37-049-00158,,"42.005312999927504","-80.32659299983351",PA,Erie,Girard,ROBIE 1,PA DEP OFC OIL & GAS MGMT,1800-01-01,1996-10-23,GAS,DEP Plugged,Vertical Well,Plugged,https://wellwiki.org/wiki/37-049-00158,,"2621810"
37-083-21001,,"41.7914109998323","-78.90840400009064",PA,McKean,Hamilton,MORRISON 1,UNKNOWN OPR,1800-01-01,,OIL,Abandoned,Vertical Well,Orphaned / Abandoned / Unverified Plug,https://wellwiki.org/wiki/37-083-21001,,"2621811"
37-123-46648,,"41.763396999924275","-79.14060799972984",PA,Warren,Mead,LOT 534 2714,CATALYST ENERGY INC,,,OIL,Proposed But Never Materialized,Vertical Well,Not Drilled,https://wellwiki.org/wiki/37-123-46648,,"2621812"
37-083-47363,,"41.80548500005577","-78.73941000033423",PA,McKean,Lafayette,KATIE C10,CATALYST ENERGY INC,,,OIL,Operator Reported Not Drilled,Vertical Well,Not Drilled,https://wellwiki.org/wiki/37-083-47363,,"2621813"
37-033-25053,,"40.94092899983274","-78.62630200001664",PA,Clearfield,Penn,THORP 34,VICTORY ENERGY CORP,,,GAS,Operator Reported Not Drilled,Vertical Well,Not Drilled,https://wellwiki.org/wiki/37-033-25053,,"2621814"
37-105-21824,,"41.87165599967334","-77.91677200003956",PA,Potter,Allegany,ALLEGANY 900 4HB,SWEPI LP,,,GAS,Proposed But Never Materialized,Horizontal Well,Not Drilled,https://wellwiki.org/wiki/37-105-21824,,"2621815"
37-047-24657,,"41.31402800007916","-78.72486100007869",PA,Elk,Horton,THOR 591139,EQT PROD CO,,,GAS,Operator Reported Not Drilled,Horizontal Well,Not Drilled,https://wellwiki.org/wiki/37-047-24657,,"2621816"
37-005-25694,,"40.94583100018587","-79.30038599973012",PA,Armstrong,Mahoning,RUPP 2,KRIEBEL GAS INC,,,GAS,Proposed But Never Materialized,Vertical Well,Not Drilled,https://wellwiki.org/wiki/37-005-25694,,"2621817"
37-123-42472,,"41.82596900002816","-79.14773800000513",PA,Warren,Pleasant,SMITH 12,JONES DEV INC,,,OIL,Operator Reported Not Drilled,Vertical Well,Not Drilled,https://wellwiki.org/wiki/37-123-42472,,"2621818"
37-051-24554,,"39.982008000334176","-79.81420600009486",PA,Fayette,Redstone,BASHLINE UNIT 3H,EQT CHAP LLC,,,GAS,Operator Reported Not Drilled,Horizontal Well,Not Drilled,https://wellwiki.org/wiki/37-051-24554,,"2621819"
37-059-26852,,"39.922836000332744","-80.03693899970985",PA,Greene,Jefferson,HICE 3H,EQT CHAP LLC,,,GAS,Operator Reported Not Drilled,Horizontal Well,Not Drilled,https://wellwiki.org/wiki/37-059-26852,,"2621820"
37-047-24912,,"41.297861000040115","-78.73763899959935",PA,Elk,Horton,SHAWMUT 591117,EQT PROD CO,,,GAS,Operator Reported Not Drilled,Horizontal Well,Not Drilled,https://wellwiki.org/wiki/37-047-24912,,"2621821"
37-047-23069,,"41.625005999707994","-78.87472399964072",PA,Elk,Highland,HORTON 105,PENNZOIL PROD CO,,,OIL,Operator Reported Not Drilled,Vertical Well,Not Drilled,https://wellwiki.org/wiki/37-047-23069,,"2621822"
37-005-24899,,"40.862938000243894","-79.40620300011396",PA,Armstrong,Boggs,WILLIAMSON 2,KRIEBEL GAS INC,,,GAS,Operator Reported Not Drilled,Vertical Well,Not Drilled,https://wellwiki.org/wiki/37-005-24899,,"2621823"
37-047-24656,,"41.297861000040115","-78.73758300042118",PA,Elk,Horton,SHAWMUT 591181,EQT PROD CO,,,GAS,Operator Reported Not Drilled,Horizontal Well,Not Drilled,https://wellwiki.org/wiki/37-047-24656,,"2621824"
37-051-20764,,"40.01286700010144","-79.63832100043778",PA,Fayette,Dunbar,CLARKE 1,DOUGLAS OIL & GAS INC,1995-08-14,1995-08-28,GAS,Plugged OG Well,Vertical Well,Plugged,https://wellwiki.org/wiki/37-051-20764,,"2621825"
37-033-20123,,"41.16293800030408","-78.55233300014679",PA,Clearfield,Huston,PUDLO 1,KETA GAS & OIL CO,1957-10-24,1976-06-24,GAS,Plugged OG Well,Vertical Well,Plugged,https://wellwiki.org/wiki/37-033-20123,,"2621826"
37-019-20669,,"40.91502799969835","-79.83194700021915",PA,Butler,Oakland,SHEAR 1,HILDERBRAND G A,1800-01-01,1972-12-10,UNDETERMINED,Plugged OG Well,Vertical Well,Plugged,https://wellwiki.org/wiki/37-019-20669,,"2621827"
37-123-37921,,"41.76826299969472","-79.09024400003808",PA,Warren,Mead,DAVIS G,DORAN ASSOC INC,1800-01-01,,OIL,Plugged OG Well,Vertical Well,Plugged,https://wellwiki.org/wiki/37-123-37921,,"2622258"
37-059-00437,,"39.8582940002771","-80.09134000044067",PA,Greene,Greene,J B MURDOCK M428,EQUITRANS INC,1800-01-01,1961-08-11,GAS,Plugged OG Well,Vertical Well,Plugged,https://wellwiki.org/wiki/37-059-00437,,"2621828"
37-129-90072,,"40.1706600002764","-79.80789299960418",PA,Westmoreland,Rostraver,JOHN SMITH,CONSOL GAS CO,1800-01-01,,GAS,Plugged OG Well,Vertical Well,Plugged,https://wellwiki.org/wiki/37-129-90072,,"2621829"
37-083-38515,,"41.844954000295104","-78.54486700031083",PA,McKean,Keating,BINGHAM 533 189,PENNZOIL PROD CO,1800-01-01,,OIL,Plugged OG Well,Vertical Well,Plugged,https://wellwiki.org/wiki/37-083-38515,,"2621830"
37-121-01209,,"41.527665000242045","-79.67820499980179",PA,Venango,Cherrytree,STRAHL 10,PA GEN ENERGY CORP,1800-01-01,1992-06-05,OIL,Plugged OG Well,Vertical Well,Plugged,https://wellwiki.org/wiki/37-121-01209,,"2621831"
37-003-21214,,"40.55013999987582","-80.08598000017705",PA,Allegheny,Ohio,GRAINGER I,UNKNOWN OPR,1800-01-01,1987-09-14,GAS,Plugged OG Well,Vertical Well,Plugged,https://wellwiki.org/wiki/37-003-21214,,"2621832"
37-019-00894,,"40.87943299971723","-79.77582800025353",PA,Butler,Clearfield,MARY LUCAS 0,ADOBE COAL CO,1800-01-01,1990-03-13,OIL,Plugged OG Well,Vertical Well,Plugged,https://wellwiki.org/wiki/37-019-00894,,"2621833"
37-083-07782,,"41.988985999866486","-78.48259200021339",PA,McKean,Otto,BURNS FLOOD 2 112,QUAKER STATE CORP,1800-01-01,1993-02-26,OIL,Plugged OG Well,Vertical Well,Plugged,https://wellwiki.org/wiki/37-083-07782,,"2621834"
37-047-22782,,"41.30180099967995","-78.49654999974183",PA,Elk,Jay,J OWENS 1,EMPIRE EXPLORATION INC,1989-04-28,1989-06-19,GAS,Plugged OG Well,Vertical Well,Plugged,https://wellwiki.org/wiki/37-047-22782,,"2621835"
37-083-12772,,"41.893755999683144","-78.51789700001166",PA,McKean,Keating,DALTON 4,SH ELDER & CO,1800-01-01,1995-11-01,OIL,Plugged OG Well,Vertical Well,Plugged,https://wellwiki.org/wiki/37-083-12772,,"2621836"
37-083-36704,,"41.956741999833795","-78.55156599969257",PA,McKean,Foster,LAFFERTY 128-F5,QUAKER STATE CORP,1800-01-01,,OIL,Plugged OG Well,Vertical Well,Plugged,https://wellwiki.org/wiki/37-083-36704,,"2621837"
37-121-30706,,"41.46744700017112","-79.62710799999101",PA,Venango,Cornplanter,MCFATE 22X,QUAKER STATE CORP,1800-01-01,1981-05-29,OIL,Plugged OG Well,Vertical Well,Plugged,https://wellwiki.org/wiki/37-121-30706,,"2621838"
37-083-09650,,"41.998260000321984","-78.48085099961575",PA,McKean,Otto,BURNS FLOOD 11 79,QUAKER STATE CORP,1800-01-01,1992-06-15,OIL,Plugged OG Well,Vertical Well,Plugged,https://wellwiki.org/wiki/37-083-09650,,"2621839"
37-083-45318,,"41.94231000014504","-78.56538600002709",PA,McKean,Foster,GIBSON-NEATH G-5,WITCO CORP,1800-01-01,1986-12-15,OIL,Plugged OG Well,Vertical Well,Plugged,https://wellwiki.org/wiki/37-083-45318,,"2621840"
37-047-00349,,"41.54611099978081","-78.9380559997223",PA,Elk,Highland,MACK 9,ARG RESOURCES INC,1800-01-01,2015-10-13,OIL,Plugged OG Well,Vertical Well,Plugged,https://wellwiki.org/wiki/37-047-00349,,"2621841"
37-105-20944,,"41.8096240000681","-77.97867700024116",PA,Potter,Eulalia,HANLEY-BIRD 1,FELMONT OIL CORP,1985-01-26,1986-02-20,GAS,Plugged OG Well,Vertical Well,Plugged,https://wellwiki.org/wiki/37-105-20944,,"2621842"
37-083-45638,,"41.964328000073095","-78.5531440000836",PA,McKean,Foster,SAGE 2,PENNZOIL PROD CO,1800-01-01,1987-12-23,OIL,Plugged OG Well,Vertical Well,Plugged,https://wellwiki.org/wiki/37-083-45638,,"2621843"
37-125-91028,,"40.24697599965733","-80.33310999964039",PA,Washington,Mount Pleasant,MARY TAGGART 1,UNKNOWN OPR,1800-01-01,,GAS,Plugged OG Well,Vertical Well,Plugged,https://wellwiki.org/wiki/37-125-91028,,"2621844"
37-123-39844,,"41.830525000232214","-79.06460400043281",PA,Warren,Mead,LOCKWOOD 60,COOK ENERGY INC,1800-01-01,1987-10-23,OIL,Plugged OG Well,Vertical Well,Plugged,https://wellwiki.org/wiki/37-123-39844,,"2621845"
37-083-10175,,"41.88552400010342","-78.90778999979729",PA,McKean,Corydon,LILLY TRACT S39,USDA FOREST SVC,1800-01-01,1993-12-18,OIL,Plugged OG Well,Vertical Well,Plugged,https://wellwiki.org/wiki/37-083-10175,,"2621846"
37-083-32549,,"41.90776699981191","-78.54078599978916",PA,McKean,Foster,HUNGIVILLE 55,BLAST PRODUCING CO,1800-01-01,2007-09-07,OIL,Plugged OG Well,Vertical Well,Plugged,https://wellwiki.org/wiki/37-083-32549,,"2621847"
37-047-00073,,"41.53166800011809","-78.93864200042653",PA,Elk,Highland,E BRYANT 2,ARG RESOURCES INC,1800-01-01,2013-02-20,OIL,Plugged OG Well,Vertical Well,Plugged,https://wellwiki.org/wiki/37-047-00073,,"2621848"
37-049-90104,,"42.053975999682955","-80.06445100033234",PA,Erie,Summit,ANDY DOLAK 1,ROBERT J SIEGEL,,,GAS,Proposed But Never Materialized,Vertical Well,Not Drilled,https://wellwiki.org/wiki/37-049-90104,,"2621849"
37-117-21104,,"41.61975000014657","-77.278336000256",PA,Tioga,Duncan,PHOENIX 590930,EQT PROD CO,,,GAS,Operator Reported Not Drilled,Horizontal Well,Not Drilled,https://wellwiki.org/wiki/37-117-21104,,"2621850"
37-105-21905,,"41.89479400021229","-77.69097100040439",PA,Potter,Hector,YOUNG 173B-7V,JKLM ENERGY LLC,,,GAS,Operator Reported Not Drilled,Vertical Well,Not Drilled,https://wellwiki.org/wiki/37-105-21905,,"2621851"
37-117-21950,,"41.60043900027364","-77.22433299990844",PA,Tioga,Morris,CAMP WOODHOUSE 6H,SWN PROD CO LLC,,,GAS,Operator Reported Not Drilled,Horizontal Well,Not Drilled,https://wellwiki.org/wiki/37-117-21950,,"2621852"
37-033-26278,,"40.852198999925804","-78.72808599955937",PA,Clearfield,Bell,REIGHARD 4,ENERGY CORP OF AMER,,,GAS,Operator Reported Not Drilled,Vertical Well,Not Drilled,https://wellwiki.org/wiki/37-033-26278,,"2621853"
37-083-12290,,"41.92721400023817","-78.49498899996756",PA,McKean,Otto,HUNGIVILLE 15,PA DEP OFC OIL & GAS MGMT,1800-01-01,1995-04-28,GAS,DEP Plugged,Vertical Well,Plugged,https://wellwiki.org/wiki/37-083-12290,,"2621854"
37-117-21465,,"41.75777500008488","-77.32430299995691",PA,Tioga,Delmar,MILLER M 394 9H,SWEPI LP,,,GAS,Proposed But Never Materialized,Horizontal Well,Not Drilled,https://wellwiki.org/wiki/37-117-21465,,"2621855"
37-123-04772,,"41.922588000330535","-79.16587099976658",PA,Warren,Pine Grove,BORGER 1,UNKNOWN OPR,1800-01-01,2001-08-21,OIL,DEP Plugged,Vertical Well,Plugged,https://wellwiki.org/wiki/37-123-04772,,"2621856"
37-115-21555,,"41.8537190002638","-75.5961999999419",PA,Susquehanna,Jackson,BOMAN 3H,SWN PROD CO LLC,,,GAS,Operator Reported Not Drilled,Horizontal Well,Not Drilled,https://wellwiki.org/wiki/37-115-21555,,"2621857"
37-117-21675,,"41.89325600014028","-77.4102359999359",PA,Tioga,Chatham,WATKINS 820 1V,SWEPI LP,,,GAS,Proposed But Never Materialized,Horizontal Well,Not Drilled,https://wellwiki.org/wiki/37-117-21675,,"2621858"
37-053-00521,,"41.38072199997214","-79.14021899956742",PA,Forest,Barnett,REDCLYFFE 83,PA DEP OFC OIL & GAS MGMT,1800-01-01,,OIL,DEP Plugged,Vertical Well,Plugged,https://wellwiki.org/wiki/37-053-00521,,"2621859"
37-115-20143,,"41.969652999798505","-75.8879479999423",PA,Susquehanna,Liberty,TURNER 1,ALTA OPR CO LLC,,,GAS,Operator Reported Not Drilled,Horizontal Well,Not Drilled,https://wellwiki.org/wiki/37-115-20143,,"2621860"
37-031-24341,,"41.15464199976586","-79.33190700000598",PA,Clarion,Limestone,TS GEORGE 5,MID EAST OIL CO,,,GAS,Operator Reported Not Drilled,Vertical Well,Not Drilled,https://wellwiki.org/wiki/37-031-24341,,"2621861"
37-123-45553,,"41.843221999816876","-79.10297200022838",PA,Warren,Glade,ARNOLD 3,ARMAC RESOURCES,,,OIL,Operator Reported Not Drilled,Vertical Well,Not Drilled,https://wellwiki.org/wiki/37-123-45553,,"2621862"
37-083-56554,,"41.977194000006506","-78.49627799975526",PA,McKean,Otto,NORRIS T 7,PA DEP OFC OIL & GAS MGMT,1800-01-01,2015-11-02,OIL,DEP Plugged,Vertical Well,Plugged,https://wellwiki.org/wiki/37-083-56554,,"2621863"
37-059-26595,,"39.88283099972222","-80.34740000032816",PA,Greene,Center,CONSOL GH55FHS,CNX GAS CO LLC,,,GAS,Operator Reported Not Drilled,Horizontal Well,Not Drilled,https://wellwiki.org/wiki/37-059-26595,,"2621864"
37-063-34862,,"40.66518299973482","-79.02573299977367",PA,Indiana,Cherryhill,SOKOL 7,VERNARD L SHUMAKER,,,GAS,Operator Reported Not Drilled,Vertical Well,Not Drilled,https://wellwiki.org/wiki/37-063-34862,,"2621865"
37-063-32274,,"40.8038060003382","-78.91041500012669",PA,Indiana,Grant,GANOE 4,VICTORY ENERGY CORP,,,GAS,Operator Reported Not Drilled,Vertical Well,Not Drilled,https://wellwiki.org/wiki/37-063-32274,,"2621866"
37-117-21279,,"41.679936000003","-77.58014399956129",PA,Tioga,Elk,THOMAS 808 7H,SWEPI LP,,,GAS,Proposed But Never Materialized,Deviated Well,Not Drilled,https://wellwiki.org/wiki/37-117-21279,,"2621867"
37-053-30437,,"41.52758100021565","-79.0363310001022",PA,Forest,Howe,GILFOYLE RUN 1406 1X,SWEPI LP,,,GAS,Proposed But Never Materialized,Vertical Well,Not Drilled,https://wellwiki.org/wiki/37-053-30437,,"2621868"
37-059-24116,,"39.88735500029252","-79.98821699998321",PA,Greene,Cumberland,WALKER 1,ENERGY CORP OF AMER,,,GAS,Operator Reported Not Drilled,Vertical Well,Not Drilled,https://wellwiki.org/wiki/37-059-24116,,"2621869"
37-059-27302,,"39.96368600027406","-80.01751700016068",PA,Greene,Jefferson,RIVER MAT203H6,EQT PROD CO,,,GAS,Operator Reported Not Drilled,Horizontal Well,Not Drilled,https://wellwiki.org/wiki/37-059-27302,,"2621870"
37-123-32250,,"41.63125100017041","-79.08709999984993",PA,Warren,Columbus,H CORNISH 1,MONROE RES LTD,,,GAS,Operator Reported Not Drilled,Vertical Well,Not Drilled,https://wellwiki.org/wiki/37-123-32250,,"2621871"
37-053-30501,,"41.56634999999769","-79.45872799962963",PA,Forest,Harmony,MILLER 10,TRIMONT ENERGY LLC,,,OIL,Proposed But Never Materialized,Vertical Well,Not Drilled,https://wellwiki.org/wiki/37-053-30501,,"2621872"
37-059-26069,,"39.90978299973857","-80.26021899967104",PA,Greene,Center,CITRO UNIT 4H,EQT CHAP LLC,,,GAS,Proposed But Never Materialized,Horizontal Well,Not Drilled,https://wellwiki.org/wiki/37-059-26069,,"2621873"
37-053-26488,,"41.622942999666435","-79.03325100038646",PA,Forest,Howe,COLLINS 7,SOUTHWELL RUSSELL W,,,OIL,Operator Reported Not Drilled,Vertical Well,Not Drilled,https://wellwiki.org/wiki/37-053-26488,,"2621874"
37-117-21918,,"41.72559699999052","-77.40584700034098",PA,Tioga,Shippen,HOUCK 433 9H,SWEPI LP,,,GAS,Proposed But Never Materialized,Horizontal Well,Not Drilled,https://wellwiki.org/wiki/37-117-21918,,"2621875"
37-123-46075,,"41.82768600002434","-79.1169780003357",PA,Warren,Glade,YEAGLE Y1,WASTE TRMT CORP,,,OIL,Operator Reported Not Drilled,Vertical Well,Not Drilled,https://wellwiki.org/wiki/37-123-46075,,"2621876"
37-563175,,"41.75373299974434","-78.88242100035367",PA,McKean,Hamilton,LOT 147 21,DL RESOURCES INC,,,OIL,Proposed But Never Materialized,Vertical Well,Not Drilled,https://wellwiki.org/wiki/37-563175,,"2621877"
37-083-50405,,"41.78165800012792","-78.85456700032273",PA,McKean,Hamilton,LOT 129 H8,HOWARD DRILLING INC,,,GAS,Operator Reported Not Drilled,Vertical Well,Not Drilled,https://wellwiki.org/wiki/37-083-50405,,"2621878"
37-117-21284,,"41.82181699988691","-77.00893300006",PA,Tioga,Sullivan,WOOD 499 3H,SWEPI LP,,,GAS,Operator Reported Not Drilled,Horizontal Well,Not Drilled,https://wellwiki.org/wiki/37-117-21284,,"2621879"
37-051-22109,,"39.98460899980946","-79.90468099982967",PA,Fayette,Luzerne,R JACKSON 4,BURKLAND WILLIAM S,,,GAS,Operator Reported Not Drilled,Vertical Well,Not Drilled,https://wellwiki.org/wiki/37-051-22109,,"2621880"
37-065-27013,,"41.293066999843106","-78.92102500015079",PA,Jefferson,Polk,RANDALL 591543,EQT PROD CO,,,GAS,Operator Reported Not Drilled,Horizontal Well,Not Drilled,https://wellwiki.org/wiki/37-065-27013,,"2621881"
37-514691,,"41.454406999674916","-79.92499799987954",PA,Venango,Canal,WOOD UNIT 3,RANGE OPR CO,,,GAS,Operator Reported Not Drilled,Vertical Well,Not Drilled,https://wellwiki.org/wiki/37-514691,,"2621882"
37-049-25124,,"41.97317499988098","-80.1034509999646",PA,Erie,McKean,DANYLKO 3,BCD PROP INC,,,GAS,Operator Reported Not Drilled,Vertical Well,Not Drilled,https://wellwiki.org/wiki/37-049-25124,,"2621883"
37-131-20543,,"41.53098299978945","-76.14876399984583",PA,Wyoming,Forkston,DIMMIG 4H,SWN PROD CO LLC,,,GAS,Operator Reported Not Drilled,Horizontal Well,Not Drilled,https://wellwiki.org/wiki/37-131-20543,,"2621884"
37-083-44130,,"41.964876999858426","-78.652489999793",PA,McKean,Bradford,NEWELL N-22,WILLARD M CLINE,,,OIL,Operator Reported Not Drilled,Vertical Well,Not Drilled,https://wellwiki.org/wiki/37-083-44130,,"2621885"
37-059-28001,,"39.944072000234925","-80.06625300013103",PA,Greene,Morgan,CHRISTEN 16H,EQT PROD CO,,,GAS,Operator Reported Not Drilled,Horizontal Well,Not Drilled,https://wellwiki.org/wiki/37-059-28001,,"2621886"
37-085-22219,,"41.309193999942806","-80.15982199982528",PA,Mercer,Lake,A BALLARD 2,PETRO DEV CORP,,,GAS,Operator Reported Not Drilled,Vertical Well,Not Drilled,https://wellwiki.org/wiki/37-085-22219,,"2621887"
37-707605,,"41.67558999971134","-80.45110399967037",PA,Crawford,Conneaut,WEAVER 2,COBRA RESOURCES LLC,,,GAS,Proposed But Never Materialized,Vertical Well,Not Drilled,https://wellwiki.org/wiki/37-707605,,"2621888"
37-005-24337,,"40.88157599994704","-79.41485599963036",PA,Armstrong,Boggs,FLICKINGER 002,KRIEBEL GAS INC,,,GAS,Operator Reported Not Drilled,Vertical Well,Not Drilled,https://wellwiki.org/wiki/37-005-24337,,"2621889"
37-051-23880,,"39.97196099988042","-79.69539600010518",PA,Fayette,Dunbar,FERENS 1,ATLAS RESOURCES INC,,,GAS,Operator Reported Not Drilled,Vertical Well,Not Drilled,https://wellwiki.org/wiki/37-051-23880,,"2621890"
37-123-33447,,"41.87500500003876","-79.08306299970918",PA,Warren,Glade,R OLNEY 2,SOUTHWELL RUSSELL C,,,OIL,Operator Reported Not Drilled,Vertical Well,Not Drilled,https://wellwiki.org/wiki/37-123-33447,,"2621891"
37-049-24529,,"42.018620000313234","-79.92102400038631",PA,Erie,Greene,A TOMCZAK 1,NEA CROSS INC,,,GAS,Operator Reported Not Drilled,Vertical Well,Not Drilled,https://wellwiki.org/wiki/37-049-24529,,"2621892"
37-053-00529,,"41.4435189999425","-79.10877799965752",PA,Forest,Jenks,BRUSH CREEK 27,PA DEP OFC OIL & GAS MGMT,1800-01-01,,OIL,DEP Plugged,Vertical Well,Plugged,https://wellwiki.org/wiki/37-053-00529,,"2621893"
37-053-27634,,"41.493535999962326","-79.17634500024656",PA,Forest,Jenks,LOT 55 1660,PA GEN ENERGY CO LLC,,,OIL,Operator Reported Not Drilled,Vertical Well,Not Drilled,https://wellwiki.org/wiki/37-053-27634,,"2621894"
37-031-25305,,"41.11151200009926","-79.29630599993169",PA,Clarion,Limestone,GUTHRIE 3,HANLEY & BIRD INC,,,GAS,Operator Reported Not Drilled,Vertical Well,Not Drilled,https://wellwiki.org/wiki/37-031-25305,,"2621895"
37-047-24728,,"41.31836699989199","-78.76518600038196",PA,Elk,Horton,LONGHORN A 590834,EQT PROD CO,,,GAS,Operator Reported Not Drilled,Horizontal Well,Not Drilled,https://wellwiki.org/wiki/37-047-24728,,"2621896"
37-003-22165,,"40.49057199972699","-79.75079199999752",PA,Allegheny,Plum,LANE 3,PENNECO OIL CO INC,,,GAS,Proposed But Never Materialized,Vertical Well,Not Drilled,https://wellwiki.org/wiki/37-003-22165,,"2621897"
37-129-00767,,"40.24925800017108","-79.55606200037637",PA,Westmoreland,Hempfield,CONTI 1,UNKNOWN OPR,1800-01-01,2004-11-09,GAS,DEP Plugged,Vertical Well,Plugged,https://wellwiki.org/wiki/37-129-00767,,"2621898"
37-123-44321,,"41.76650599991632","-79.11375899980447",PA,Warren,Mead,WOLFE 103,WHILTON BROOKS A,,,OIL,Operator Reported Not Drilled,Vertical Well,Not Drilled,https://wellwiki.org/wiki/37-123-44321,,"2621899"
37-039-21597,,"41.75243099987001","-79.76720199960299",PA,Crawford,Rome,F MORRIS 1,WAINOCO OIL & GAS CO,,,GAS,Operator Reported Not Drilled,Vertical Well,Not Drilled,https://wellwiki.org/wiki/37-039-21597,,"2621900"
37-053-00908,,"41.542232999979525","-79.48265800039604",PA,Forest,Harmony,CORNPLANTER STATE FOREST 62,UNKNOWN OPR,1800-01-01,2023-10-21,OIL,DEP Plugged,Vertical Well,Plugged,https://wellwiki.org/wiki/37-053-00908,,"2621901"
37-005-28846,,"40.73339900013701","-79.41723999993535",PA,Armstrong,Kittanning,WRIGHT 3,FAIRMAN CORP,,,GAS,Proposed But Never Materialized,Vertical Well,Not Drilled,https://wellwiki.org/wiki/37-005-28846,,"2621902"
37-035-20395,,"41.33333899984639","-77.49967999962587",PA,Clinton,Gallagher,COP TRACT 265 3,EQT PROD CO,,,GAS,Operator Reported Not Drilled,Vertical Well,Not Drilled,https://wellwiki.org/wiki/37-035-20395,,"2621903"
37-121-44460,,"41.32162199998421","-79.60088000003167",PA,Venango,Pinegrove,SGL B24,BLX INC,,,OIL,Operator Reported Not Drilled,Vertical Well,Not Drilled,https://wellwiki.org/wiki/37-121-44460,,"2621904"
37-117-20462,,"41.7024319997928","-77.4039690003743",PA,Tioga,Shippen,HAZELTON 424 2H,SWEPI LP,,,GAS,Operator Reported Not Drilled,Horizontal Well,Not Drilled,https://wellwiki.org/wiki/37-117-20462,,"2621905"
37-125-90546,,"40.13940500022719","-80.40769700000152",PA,Washington,Buffalo,E. MORRIS 7,WA OIL CO,1800-01-01,,OIL,Plugged OG Well,Vertical Well,Plugged,https://wellwiki.org/wiki/37-125-90546,,"2621906"
37-019-22931,,"40.84973899977981","-79.86662500020361",PA,Butler,Summit,3 45,UNKNOWN OPR,1800-01-01,,UNDETERMINED,Plugged OG Well,Undetermined,Plugged,https://wellwiki.org/wiki/37-019-22931,,"2621907"
37-047-00227,,"41.58169300016597","-78.90616000042606",PA,Elk,Highland,HORTON TRACT 1 57,PA GEN ENERGY CORP,1800-01-01,1999-05-14,OIL,Plugged OG Well,Vertical Well,Plugged,https://wellwiki.org/wiki/37-047-00227,,"2621908"
37-105-00225,,"41.995961999843004","-78.15577600024118",PA,Potter,Sharon,RUBY 309A,ALLEGRO OIL & GAS INC,1800-01-01,1997-10-31,OIL,Plugged OG Well,Vertical Well,Plugged,https://wellwiki.org/wiki/37-105-00225,,"2621909"
37-083-11349,,"41.9154810000277","-78.70558599994429",PA,McKean,Bradford,BP927 H6,HOPEFUL OIL CO INC,1800-01-01,2003-09-22,OIL,Plugged OG Well,Vertical Well,Plugged,https://wellwiki.org/wiki/37-083-11349,,"2621910"
37-083-15316,,"41.976985999873946","-78.50504900017074",PA,McKean,Otto,FULLERTON 3,PENNZOIL QUAKER STATE CO,1800-01-01,2005-09-27,OIL,Plugged OG Well,Vertical Well,Plugged,https://wellwiki.org/wiki/37-083-15316,,"2621911"
37-019-01678,,"41.022791999850305","-79.73458800025637",PA,Butler,Fairview,GIBSON 2,HENRY PATRICK K,1800-01-01,2002-09-30,OIL,Plugged OG Well,Vertical Well,Plugged,https://wellwiki.org/wiki/37-019-01678,,"2621912"
37-063-21150,,"40.82813100015453","-79.10275999961796",PA,Indiana,South Mahoning,NINA M LEWIS 2,PHILLIPS EXPLORATION INC,1968-12-04,2003-11-26,GAS,Plugged OG Well,Vertical Well,Plugged,https://wellwiki.org/wiki/37-063-21150,,"2621913"
37-033-20942,,"41.036916999912144","-78.70055000044407",PA,Clearfield,Brady,ROBERT N BAKER 1F2570,FAIRMAN CORP,1979-12-14,2023-09-07,GAS,Plugged OG Well,Vertical Well,Plugged,https://wellwiki.org/wiki/37-033-20942,,"2621914"
37-083-10980,,"41.96267999976956","-78.64857599967591",PA,McKean,Bradford,ADAMS 12,WILLARD M CLINE,1800-01-01,2002-12-05,OIL,Plugged OG Well,Vertical Well,Plugged,https://wellwiki.org/wiki/37-083-10980,,"2621915"
37-121-06332,,"41.345148999875676","-79.62247199962555",PA,Venango,Cranberry,HEPLER 15,UNKNOWN OPR,1800-01-01,2002-07-09,COMB. OIL&GAS,Plugged OG Well,Vertical Well,Plugged,https://wellwiki.org/wiki/37-121-06332,,"2621917"
37-031-00424,,"41.16481700016805","-79.28418100016407",PA,Clarion,Limestone,TH SAYERS 1,C & D GAS CO,1800-01-01,2007-09-25,GAS,Plugged OG Well,Vertical Well,Plugged,https://wellwiki.org/wiki/37-031-00424,,"2621918"
37-105-21131,,"41.56561500001552","-77.89846900039878",PA,Potter,Eulalia,WARRANT 4704 1591,PA GEN ENERGY CO LLC,2005-11-14,2007-10-11,OIL,Plugged OG Well,Vertical Well,Plugged,https://wellwiki.org/wiki/37-105-21131,,"2621919"
37-039-20195,,"41.76903299989884","-80.35143400009585",PA,Crawford,Spring,TL GRAHAM 1,JAMES DRILLING CORP,1966-07-27,1972-11-01,GAS,Plugged OG Well,Vertical Well,Plugged,https://wellwiki.org/wiki/37-039-20195,,"2621920"
37-069-20008,,"41.43158800031973","-75.78498100001875",PA,Lackawanna,Newton,JOHN D WARD 15,THOMPSON REX,1957-10-03,1968-08-10,GAS,Plugged OG Well,Vertical Well,Plugged,https://wellwiki.org/wiki/37-069-20008,,"2621921"
37-125-20089,,"40.10917099999991","-80.44074800008947",PA,Washington,Donegal,WILLIAM LAIRD 41,JOHNSON J C,1961-11-07,1964-01-30,DRY HOLE,Plugged OG Well,Vertical Well,Plugged,https://wellwiki.org/wiki/37-125-20089,,"2621922"
37-063-21173,,"40.54300000019693","-79.4341330003129",PA,Indiana,Conemaugh,DANIEL I SHEARER 2,PEOPLES GAS CO LLC,1800-01-01,1969-06-24,DRY HOLE,Plugged OG Well,Vertical Well,Plugged,https://wellwiki.org/wiki/37-063-21173,,"2621923"
37-003-00218,,"40.49932800025123","-80.2449609995859",PA,Allegheny,Findlay,GREATER PITTSBURGH AIRPORT 4,ALLEGHENY CNTY,1800-01-01,1959-08-11,OIL,Plugged OG Well,Vertical Well,Plugged,https://wellwiki.org/wiki/37-003-00218,,"2621924"
37-129-20096,,"40.14338000005099","-79.68909500020838",PA,Westmoreland,South Huntingdon,ROSS M KELLEY 1,MILLER LLOYD E CO,1958-02-06,1960-05-29,DRY HOLE,Plugged OG Well,Vertical Well,Plugged,https://wellwiki.org/wiki/37-129-20096,,"2621925"
37-049-20267,,"41.89664100000092","-80.38579200041318",PA,Erie,Conneaut,H & M REINKE 2,CHEMCO INC,1966-07-16,1971-07-14,GAS,Plugged OG Well,Vertical Well,Plugged,https://wellwiki.org/wiki/37-049-20267,,"2621926"
37-083-06206,,"41.95880500018567","-78.51106800003525",PA,McKean,Otto,JONES MIDDAUGH 410,PENNZOIL PROD CO,1800-01-01,1995-02-01,OIL,Plugged OG Well,Vertical Well,Plugged,https://wellwiki.org/wiki/37-083-06206,,"2621927"
37-083-01943,,"41.96977499968415","-78.46269600011297",PA,McKean,Otto,PORTER FLOOD 54 25,QUAKER STATE CORP,1800-01-01,1986-07-30,OIL,Plugged OG Well,Vertical Well,Plugged,https://wellwiki.org/wiki/37-083-01943,,"2621928"
37-123-32889,,"41.63398399971951","-79.44493699960745",PA,Warren,Triumph,BEATY (322) 59,QUAKER STATE CORP,1800-01-01,1984-01-27,OIL,Plugged OG Well,Vertical Well,Plugged,https://wellwiki.org/wiki/37-123-32889,,"2621929"
37-121-05672,,"41.42650800021195","-79.81914799988375",PA,Venango,Sugarcreek,GRANT HEIRS 35,HAVCO OIL & GAS INC,1800-01-01,1999-06-09,OIL,Plugged OG Well,Vertical Well,Plugged,https://wellwiki.org/wiki/37-121-05672,,"2621930"
37-031-21233,,"41.27466199974422","-79.61783299978535",PA,Clarion,Ashland,EARL WEAVER 10,QUAKER STATE CORP,1983-07-28,1986-11-25,OIL,Plugged OG Well,Vertical Well,Plugged,https://wellwiki.org/wiki/37-031-21233,,"2621931"
37-121-30989,,"41.34591900020161","-79.59528700013952",PA,Venango,Pinegrove,CUNNINGHAM 8,BARON CREST ENERGY CO,1982-01-21,1989-05-10,OIL,Plugged OG Well,Vertical Well,Plugged,https://wellwiki.org/wiki/37-121-30989,,"2621932"
37-083-45294,,"41.939840999895395","-78.58643600019597",PA,McKean,Otto,J.B. RANDELL A-15,PENNZOIL PROD CO,1800-01-01,1985-11-13,OIL,Plugged OG Well,Vertical Well,Plugged,https://wellwiki.org/wiki/37-083-45294,,"2621933"
37-049-00113,,"42.070988000332164","-80.22909300030373",PA,Erie,Fairview,MANCHESTER 1,WELLS TOM,1800-01-01,1992-09-30,GAS,Plugged OG Well,Vertical Well,Plugged,https://wellwiki.org/wiki/37-049-00113,,"2621934"
37-059-22284,,"39.762871000175444","-80.30140799961458",PA,Greene,Gilmore,EVELYN R. HOUSER B2-277,CONSOLIDATION COAL CO,1800-01-01,1990-04-10,GAS,Plugged OG Well,Vertical Well,Plugged,https://wellwiki.org/wiki/37-059-22284,,"2621935"
37-049-23297,,"41.85840100004489","-79.9427070002168",PA,Erie,Le Boeuf,JULIA BROWN 2,EDISTO RESOURCES CORP,1800-01-01,1989-06-08,GAS,Plugged OG Well,Vertical Well,Plugged,https://wellwiki.org/wiki/37-049-23297,,"2621936"
37-047-22814,,"41.58946299975666","-78.78097500002141",PA,Elk,Jones,F CLAWSON 2,EMPIRE EXPLORATION INC,1989-08-30,1990-06-13,GAS,Plugged OG Well,Vertical Well,Plugged,https://wellwiki.org/wiki/37-047-22814,,"2621937"
37-111-20188,,"39.86014800016046","-79.28661300014961",PA,Somerset,Upper Turkeyfoot,D. BOGGS 1,CONSOL GAS CO,1989-06-18,1989-07-24,GAS,Plugged OG Well,Vertical Well,Plugged,https://wellwiki.org/wiki/37-111-20188,,"2621938"
37-039-22633,,"41.831555000312555","-80.01983100014546",PA,Crawford,Cambridge,GAGE 2,MERIDIAN EXPLORATION CORP,1986-01-05,1990-08-03,GAS,Plugged OG Well,Vertical Well,Plugged,https://wellwiki.org/wiki/37-039-22633,,"2621939"
37-083-00205,,"41.943655000071665","-78.58359800032957",PA,McKean,Foster,WEBB MCINTOSH 16,QUAKER STATE CORP,1800-01-01,1987-11-12,OIL,Plugged OG Well,Vertical Well,Plugged,https://wellwiki.org/wiki/37-083-00205,,"2621940"
37-083-33893,,"41.846189000245204","-78.56190299990521",PA,McKean,Keating,BINGHAM 533 ETC 248,PENNZOIL PROD CO,1800-01-01,1979-08-03,OIL,Plugged OG Well,Vertical Well,Plugged,https://wellwiki.org/wiki/37-083-33893,,"2621941"
37-083-29379,,"41.97091400020241","-78.56050799981229",PA,McKean,Foster,JACKSON 7,QUAKER STATE CORP,1800-01-01,1991-07-22,OIL,Plugged OG Well,Vertical Well,Plugged,https://wellwiki.org/wiki/37-083-29379,,"2621942"
37-085-20634,,"41.46981900011376","-80.31898600043057",PA,Mercer,Salem,KATILAVAS 1,PETROX INC,1800-01-01,,GAS,Plugged OG Well,Vertical Well,Plugged,https://wellwiki.org/wiki/37-085-20634,,"2621943"
37-083-44690,,"41.94623399997239","-78.49811600043729",PA,McKean,Otto,MULLIN 171,QUAKER STATE CORP,1800-01-01,1986-02-21,OIL,Plugged OG Well,Vertical Well,Plugged,https://wellwiki.org/wiki/37-083-44690,,"2621944"
37-125-90595,,"40.15708300022765","-80.3864069996331",PA,Washington,Blaine,CROTHERS 5,UNKNOWN OPR,1800-01-01,,OIL,Plugged OG Well,Vertical Well,Plugged,https://wellwiki.org/wiki/37-125-90595,,"2622521"
37-123-32846,,"41.69794999979072","-79.50049999990436",PA,Warren,Southwest,CROCKER 4N,QUAKER STATE CORP,1800-01-01,1983-07-21,OIL,Plugged OG Well,Vertical Well,Plugged,https://wellwiki.org/wiki/37-123-32846,,"2621945"
37-031-01894,,"41.31878800007501","-79.60345400030744",PA,Clarion,Ashland,ES 1,UNKNOWN OPR,1800-01-01,2002-06-11,OIL,Plugged OG Well,Vertical Well,Plugged,https://wellwiki.org/wiki/37-031-01894,,"2621946"
37-121-24844,,"41.49808799999409","-79.60407100007549",PA,Venango,Cornplanter,L F KINLEY SW005,MAY ENERGY INC,1977-08-26,1998-08-11,OIL,Plugged OG Well,Vertical Well,Plugged,https://wellwiki.org/wiki/37-121-24844,,"2621947"
37-083-34759,,"41.975149000282904","-78.58401699973092",PA,McKean,Foster,FREDERICKS 42,WITCO CORP,1800-01-01,1977-04-29,OIL,Plugged OG Well,Vertical Well,Plugged,https://wellwiki.org/wiki/37-083-34759,,"2621948"
37-083-39550,,"41.90418100031548","-78.6814240002726",PA,McKean,Bradford,MULLHAUPT A-3,WITCO CORP,1800-01-01,1982-08-10,OIL,Plugged OG Well,Vertical Well,Plugged,https://wellwiki.org/wiki/37-083-39550,,"2621949"
37-083-37390,,"41.96400400022486","-78.55679999955953",PA,McKean,Foster,LAFFERTY 55,QUAKER STATE CORP,1800-01-01,1979-12-11,OIL,Plugged OG Well,Vertical Well,Plugged,https://wellwiki.org/wiki/37-083-37390,,"2621950"
37-083-40954,,"41.87852600017736","-78.79965299958091",PA,McKean,Corydon,SUGAR RUN 948,COMM OIL & GAS CO INC,1983-01-10,,OIL,Plugged OG Well,Vertical Well,Plugged,https://wellwiki.org/wiki/37-083-40954,,"2621951"
37-083-33852,,"41.84926299996193","-78.55199000001511",PA,McKean,Keating,BINGHAM 533 ETC 216,PENNZOIL PROD CO,1800-01-01,1980-04-02,OIL,Plugged OG Well,Vertical Well,Plugged,https://wellwiki.org/wiki/37-083-33852,,"2621952"
37-083-00959,,"41.8451189999884","-78.57148699990734",PA,McKean,Keating,BINGHAM 533 185,PENNZOIL PROD CO,1800-01-01,1990-03-05,OIL,Plugged OG Well,Vertical Well,Plugged,https://wellwiki.org/wiki/37-083-00959,,"2621953"
37-083-36862,,"41.94052099994406","-78.61521599979147",PA,McKean,Foster,E B & P TR #1 135,PENNZOIL PROD CO,1800-01-01,1979-09-15,OIL,Plugged OG Well,Vertical Well,Plugged,https://wellwiki.org/wiki/37-083-36862,,"2621954"
37-083-29535,,"41.83617299997184","-78.64490900032935",PA,McKean,Lafayette,DENT 301,UNITED ENERGY CORP,1973-04-28,1976-07-23,OIL,Plugged OG Well,Vertical Well,Plugged,https://wellwiki.org/wiki/37-083-29535,,"2621955"
37-031-20714,,"41.03262199993225","-79.3385119996764",PA,Clarion,Porter,OCHS 1 1,MAYS COAL CO,1978-04-21,1978-06-12,GAS,Plugged OG Well,Vertical Well,Plugged,https://wellwiki.org/wiki/37-031-20714,,"2621956"
37-047-22296,,"41.36971000021915","-78.55824900007912",PA,Elk,Fox,NISSEL 1,EMPIRE EXPLORATION INC,1987-02-19,1987-11-04,GAS,Plugged OG Well,Vertical Well,Plugged,https://wellwiki.org/wiki/37-047-22296,,"2621957"
37-047-22183,,"41.537145000194776","-78.83451700023653",PA,Elk,Highland,FOX WARRANT 1464 7,PENNZOIL PROD CO,1800-01-01,1986-02-27,GAS,Plugged OG Well,Vertical Well,Plugged,https://wellwiki.org/wiki/37-047-22183,,"2621958"
37-083-38397,,"41.74541700011961","-78.66347200026111",PA,McKean,Hamlin,OAKES 9,QUAKER STATE CORP,1800-01-01,1980-07-22,OIL,Plugged OG Well,Vertical Well,Plugged,https://wellwiki.org/wiki/37-083-38397,,"2621959"
37-047-22166,,"41.52767699985261","-78.93501899966425",PA,Elk,Highland,WARRANT 3664 23,PENNZOIL PROD CO,1800-01-01,1986-05-21,OIL,Plugged OG Well,Vertical Well,Plugged,https://wellwiki.org/wiki/37-047-22166,,"2621960"
37-047-00180,,"41.52946099969003","-78.87031099975634",PA,Elk,Highland,GILLIS 44,PENNZOIL PROD CO,1800-01-01,1988-05-20,OIL,Plugged OG Well,Vertical Well,Plugged,https://wellwiki.org/wiki/37-047-00180,,"2621961"
37-059-21997,,"39.77398600023951","-80.20268600024424",PA,Greene,Wayne,KUGHN 68,US STEEL CORP,1800-01-01,1985-01-19,GAS,Plugged OG Well,Vertical Well,Plugged,https://wellwiki.org/wiki/37-059-21997,,"2621962"
37-083-44672,,"41.96951500018276","-78.54542299997952",PA,McKean,Foster,LAWRY H-10,PENNZOIL PROD CO,1800-01-01,1985-06-21,OIL,Plugged OG Well,Vertical Well,Plugged,https://wellwiki.org/wiki/37-083-44672,,"2621963"
37-065-22747,,"41.13161400008967","-79.01987600029086",PA,Jefferson,Knox,FEE B 4,CHEVRON USA INC,1800-01-01,1983-05-18,GAS,Plugged OG Well,Vertical Well,Plugged,https://wellwiki.org/wiki/37-065-22747,,"2621964"
37-049-22568,,"42.05381199994679","-80.16483899995725",PA,Erie,Erie,REED MFG CO 2,WRIGHT JOHN K,1800-01-01,,UNDETERMINED,Plugged OG Well,Vertical Well,Plugged,https://wellwiki.org/wiki/37-049-22568,,"2621965"
37-125-92522,,"40.189965000027186","-80.20935899968673",PA,Washington,South Strabane,W B CAMERON 2,UNKNOWN OPR,1800-01-01,,OIL,Plugged OG Well,Vertical Well,Plugged,https://wellwiki.org/wiki/37-125-92522,,"2621966"
37-083-34746,,"41.97560699995381","-78.58345100001648",PA,McKean,Foster,FREDERICKS 32,WITCO CORP,1800-01-01,1977-05-11,OIL,Plugged OG Well,Vertical Well,Plugged,https://wellwiki.org/wiki/37-083-34746,,"2621967"
37-121-01316,,"41.522670999943664","-79.69198699960316",PA,Venango,Cornplanter,MCNALLY 51,QUAKER STATE CORP,1800-01-01,1987-07-20,OIL,Plugged OG Well,Vertical Well,Plugged,https://wellwiki.org/wiki/37-121-01316,,"2621968"
37-083-21789,,"41.75266700024736","-78.69500699988232",PA,McKean,Hamlin,KINZUA 513,PENNZOIL PROD CO,1960-02-13,1989-12-05,OIL,Plugged OG Well,Vertical Well,Plugged,https://wellwiki.org/wiki/37-083-21789,,"2621969"
37-083-37499,,"41.815582000272336","-78.61574100039634",PA,McKean,Lafayette,TIDEWATER-BINGHAM T-19,RICHARD B HERZOG,1800-01-01,1979-04-26,GAS,Plugged OG Well,Vertical Well,Plugged,https://wellwiki.org/wiki/37-083-37499,,"2621970"
37-083-22212,,"41.95979999986003","-78.54109799995871",PA,McKean,Foster,TIP TOP K11,WITCO CORP,1961-04-03,1984-11-21,OIL,Plugged OG Well,Vertical Well,Plugged,https://wellwiki.org/wiki/37-083-22212,,"2621971"
37-121-41103,,"41.59521500023152","-79.55469300022273",PA,Venango,Allegheny,T BEASON 10,QUAKER STATE CORP,1800-01-01,1985-04-04,OIL,Plugged OG Well,Vertical Well,Plugged,https://wellwiki.org/wiki/37-121-41103,,"2621972"
37-121-42225,,"41.1817349998537","-79.91082799974068",PA,Venango,Irwin,SURRENA 1,ADOBE COAL CO,1800-01-01,1987-02-20,OIL,Plugged OG Well,Vertical Well,Plugged,https://wellwiki.org/wiki/37-121-42225,,"2621973"
37-123-03323,,"41.76018200019063","-79.08893099996094",PA,Warren,Mead,YOUNG YP4,IL GEER & SONS PARTNERSHIP,1800-01-01,1982-05-30,OIL,Plugged OG Well,Vertical Well,Plugged,https://wellwiki.org/wiki/37-123-03323,,"2621974"
37-083-01317,,"41.90218300003823","-78.50339499961176",PA,McKean,Otto,HARRISON 14,SH ELDER & CO,1800-01-01,1991-05-14,OIL,Plugged OG Well,Vertical Well,Plugged,https://wellwiki.org/wiki/37-083-01317,,"2621975"
37-083-23221,,"41.8949900003269","-78.51321299996562",PA,McKean,Keating,BROWN 57,SH ELDER & CO,1963-11-26,1994-06-10,OIL,Plugged OG Well,Vertical Well,Plugged,https://wellwiki.org/wiki/37-083-23221,,"2621976"
37-083-45881,,"41.965152000270834","-78.55668199955875",PA,McKean,Foster,SAGE 3,PENNZOIL PROD CO,1800-01-01,1988-06-20,OIL,Plugged OG Well,Vertical Well,Plugged,https://wellwiki.org/wiki/37-083-45881,,"2621977"
37-125-01134,,"40.1479439998171","-80.39469400034993",PA,Washington,Blaine,CARSON L 6,DALLAS ENERGY LLC,1800-01-01,2017-04-05,OIL,Plugged OG Well,Vertical Well,Plugged,https://wellwiki.org/wiki/37-125-01134,,"2621978"
37-083-07678,,"41.93150299990451","-78.53229399993126",PA,McKean,Otto,SUMMIT FLOOD 8 025 8,QUAKER STATE CORP,1800-01-01,,OIL,Plugged OG Well,Vertical Well,Plugged,https://wellwiki.org/wiki/37-083-07678,,"2621979"
37-083-07158,,"41.66604800002083","-78.84482000011397",PA,McKean,Wetmore,FINNESSY 3A,BELDEN & BLAKE CORP,1800-01-01,2008-10-27,OIL,Plugged OG Well,Vertical Well,Plugged,https://wellwiki.org/wiki/37-083-07158,,"2621980"
37-049-24806,,"42.01943999981454","-79.82060200042622",PA,Erie,Venango,FRED DEAN 1,STEDMAN ENERGY INC,1987-01-05,2006-08-02,GAS,Plugged OG Well,Vertical Well,Plugged,https://wellwiki.org/wiki/37-049-24806,,"2621981"
37-059-01764,,"39.86833600005077","-80.47155499961455",PA,Greene,Richhill,MCCANN 1,LEATHERWOOD LLC,1800-01-01,2007-07-30,GAS,Plugged OG Well,Vertical Well,Plugged,https://wellwiki.org/wiki/37-059-01764,,"2621982"
37-059-02214,,"39.87510600032368","-80.08448100032706",PA,Greene,Jefferson,LIZZIE MCNAY 2798,UNKNOWN OPR,1800-01-01,2009-04-18,GAS,Plugged OG Well,Vertical Well,Plugged,https://wellwiki.org/wiki/37-059-02214,,"2621983"
37-047-01130,,"41.60609500003408","-78.80327399979505",PA,Elk,Jones,GLADD 33,EAST RESOURCES INC,1800-01-01,2008-07-24,GAS,Plugged OG Well,Vertical Well,Plugged,https://wellwiki.org/wiki/37-047-01130,,"2621984"
37-085-20661,,"41.47415000021103","-80.313878000062",PA,Mercer,Salem,F GEORGE 8,GAS ACQUISITION CO LTD,1984-12-10,2013-03-01,GAS,Plugged OG Well,Vertical Well,Plugged,https://wellwiki.org/wiki/37-085-20661,,"2621985"
37-121-44387,,"41.32490799996958","-79.60289600009061",PA,Venango,Pinegrove,SGL B6,BLX INC,2008-09-10,2012-02-15,OIL,Plugged OG Well,Vertical Well,Plugged,https://wellwiki.org/wiki/37-121-44387,,"2621986"
37-049-90115,,"42.04546999990929","-80.04234900020222",PA,Erie,Summit,CRAWFORD 2,UNKNOWN OPR,,,GAS,Proposed But Never Materialized,Vertical Well,Not Drilled,https://wellwiki.org/wiki/37-049-90115,,"2621987"
37-123-04287,,"41.79897200002499","-79.09755599988824",PA,Warren,Mead,THOMAS 2,THOMAS BERDEAN,1800-01-01,2001-10-29,UNDETERMINED,DEP Plugged,Vertical Well,Plugged,https://wellwiki.org/wiki/37-123-04287,,"2621988"
37-019-21304,,"41.1540540001616","-79.90127100040104",PA,Butler,Marion,MARTIN 13,BECKWITH PROD,,,OIL,Proposed But Never Materialized,Vertical Well,Not Drilled,https://wellwiki.org/wiki/37-019-21304,,"2621989"
37-129-26732,,"40.24188299965743","-79.73617400014498",PA,Westmoreland,Sewickley,MARRA 1,ATLAS RESOURCES LLC,,,GAS,Operator Reported Not Drilled,Vertical Well,Not Drilled,https://wellwiki.org/wiki/37-129-26732,,"2621990"
37-123-03030,,"41.80070299996933","-79.06099400008931",PA,Warren,Mead,LOT 53 87,PA DEP OFC OIL & GAS MGMT,1800-01-01,,UNDETERMINED,DEP Orphan List,Vertical Well,Orphaned / Abandoned / Unverified Plug,https://wellwiki.org/wiki/37-123-03030,,"2621991"
37-083-11552,,"41.96521899967655","-78.46443199978943",PA,McKean,Otto,SULLIVAN 6,PA DEP OFC OIL & GAS MGMT,1800-01-01,,OIL,DEP Orphan List,Vertical Well,Orphaned / Abandoned / Unverified Plug,https://wellwiki.org/wiki/37-083-11552,,"2621992"
37-083-02060,,"41.9647079997666","-78.58355300012373",PA,McKean,Foster,SHANNON 51,PA DEP OFC OIL & GAS MGMT,1800-01-01,,OIL,DEP Abandoned List,Vertical Well,Orphaned / Abandoned / Unverified Plug,https://wellwiki.org/wiki/37-083-02060,,"2621993"
37-003-90299,,"40.493843000219805","-79.79556000032241",PA,Allegheny,Penn Hills,J E PAHLMAN 2,UNKNOWN OPR,1800-01-01,,GAS,DEP Abandoned List,Vertical Well,Orphaned / Abandoned / Unverified Plug,https://wellwiki.org/wiki/37-003-90299,,"2621994"
37-083-50655,,"41.84299899972812","-78.85924499962266",PA,McKean,Hamilton,LOT 3 27,SNYDER BROS INC,,,OIL,Operator Reported Not Drilled,Vertical Well,Not Drilled,https://wellwiki.org/wiki/37-083-50655,,"2621995"
37-125-24669,,"40.08851900015983","-80.18565800014747",PA,Washington,Amwell,HULK 9H,RICE DRILLING B LLC,,,GAS,Operator Reported Not Drilled,Horizontal Well,Not Drilled,https://wellwiki.org/wiki/37-125-24669,,"2621996"
37-049-90042,,"42.04601799976779","-80.08084400021939",PA,Erie,Summit,H FINCH 1,FLANIGAN BROS,1800-01-01,,DRY HOLE,Plugged OG Well,Vertical Well,Plugged,https://wellwiki.org/wiki/37-049-90042,,"2621997"
37-129-29042,,"40.382071999993826","-79.63760800041025",PA,Westmoreland,Penn,METIS 2M,"OLYMPUS ENERGY, LLC",,,GAS,Operator Reported Not Drilled,Horizontal Well,Not Drilled,https://wellwiki.org/wiki/37-129-29042,,"2621998"
37-117-21027,,"41.86051700019726","-77.39524700036262",PA,Tioga,Chatham,COSTANZO 818 1H,SWEPI LP,,,GAS,Operator Reported Not Drilled,Horizontal Well,Not Drilled,https://wellwiki.org/wiki/37-117-21027,,"2621999"
37-021-20829,,"40.52933100021033","-78.6242519996225",PA,Cambria,Allegheny,"REGIS HITE, ETUX, ETAL 1",PHILLIPS PROD CO,,,GAS,Operator Reported Not Drilled,Vertical Well,Not Drilled,https://wellwiki.org/wiki/37-021-20829,,"2622000"
37-049-23277,,"41.85167599969659","-79.90852399980164",PA,Erie,Le Boeuf,WILLIAM WURST 3,JOAN E & WILLIAM J WURST,1800-01-01,,GAS,Abandoned,Vertical Well,Orphaned / Abandoned / Unverified Plug,https://wellwiki.org/wiki/37-049-23277,,"2622001"
37-047-22964,,"41.58334000003814","-78.83305600002137",PA,Elk,Highland,WARRANT 1778 014,PENNZOIL PROD CO,,,INJECTION,Operator Reported Not Drilled,Vertical Well,Not Drilled,https://wellwiki.org/wiki/37-047-22964,,"2622002"
37-083-47210,,"41.799745999822086","-78.85946100043104",PA,McKean,Hamilton,SCHOFIELD 9 (ERI-31),CATALYST ENERGY INC,,,OIL,Operator Reported Not Drilled,Vertical Well,Not Drilled,https://wellwiki.org/wiki/37-083-47210,,"2622003"
37-059-25805,,"39.72826900026296","-80.30186399972416",PA,Greene,Gilmore,METHENY B UNIT 8H,CHIEF OIL & GAS LLC,,,GAS,Operator Reported Not Drilled,Horizontal Well,Not Drilled,https://wellwiki.org/wiki/37-059-25805,,"2622004"
37-121-38974,,"41.4566360000943","-79.57623899978586",PA,Venango,President,J BISHOP B5,TIMBERLINE ENERGY INC,1984-10-24,2012-06-02,OIL,Plugged OG Well,Vertical Well,Plugged,https://wellwiki.org/wiki/37-121-38974,,"2622005"
37-019-01731,,"40.91325100033398","-79.79400000037306",PA,Butler,Oakland,WITT 2,HARRY NEFF,1800-01-01,2012-10-04,OIL,Plugged OG Well,Vertical Well,Plugged,https://wellwiki.org/wiki/37-019-01731,,"2622006"
37-123-04391,,"41.66520100014954","-79.00271699977455",PA,Warren,Sheffield,LOT 369 48,LOBDELL PEGGY,1800-01-01,2010-10-13,OIL,Plugged OG Well,Vertical Well,Plugged,https://wellwiki.org/wiki/37-123-04391,,"2622007"
37-047-22706,,"41.38421899993983","-78.5610579996332",PA,Elk,Fox,E SHOBERT 2,EMPIRE EXPLORATION INC,1989-04-24,1989-09-28,GAS,Plugged OG Well,Vertical Well,Plugged,https://wellwiki.org/wiki/37-047-22706,,"2622008"
37-121-03187,,"41.20285600030146","-79.90288900007671",PA,Venango,Clinton,MYERS 12,ADOBE COAL CO,1800-01-01,1989-10-17,OIL,Plugged OG Well,Vertical Well,Plugged,https://wellwiki.org/wiki/37-121-03187,,"2622009"
37-047-01208,,"41.574448000001006","-78.7120349999791",PA,Elk,Jones,LOCKE 85,EAST RESOURCES INC,1800-01-01,2000-10-02,GAS,Plugged OG Well,Vertical Well,Plugged,https://wellwiki.org/wiki/37-047-01208,,"2622010"
37-121-40785,,"41.527129000122876","-79.89192199967724",PA,Venango,Jackson,C J CUTCHALL 2,ADVANCED PETRO CORP,1985-03-19,1996-10-21,GAS,Plugged OG Well,Vertical Well,Plugged,https://wellwiki.org/wiki/37-121-40785,,"2622011"
37-005-02230,,"40.9727040001541","-79.42474099993139",PA,Armstrong,Madison,MCCULLOUGH 1,PA DEP OFC OIL & GAS MGMT,1800-01-01,2013-01-31,UNDETERMINED,DEP Plugged,Vertical Well,Plugged,https://wellwiki.org/wiki/37-005-02230,,"2622012"
37-493151,,"41.95255999977641","-79.07300699970394",PA,Warren,Pine Grove,WERNER 2,EXCO RESOURCES PA INC,,,GAS,Proposed But Never Materialized,Vertical Well,Not Drilled,https://wellwiki.org/wiki/37-493151,,"2622013"
37-049-25419,,"42.12686100031666","-80.04969399966433",PA,Erie,Erie,1202 BUFFALO RD 1,PA DEP OFC OIL & GAS MGMT,1800-01-01,2015-03-18,GAS,DEP Plugged,Undetermined,Plugged,https://wellwiki.org/wiki/37-049-25419,,"2622014"
37-083-44862,,"41.916668999799","-78.37470600006716",PA,McKean,Eldred,LAYTON 11,RYAN OIL CO,,,UNDETERMINED,Operator Reported Not Drilled,Vertical Well,Not Drilled,https://wellwiki.org/wiki/37-083-44862,,"2622015"
37-063-33623,,"40.65403299966086","-78.9489469999538",PA,Indiana,Cherryhill,WOLFE 1,JACK PROD INC,,,GAS,Operator Reported Not Drilled,Vertical Well,Not Drilled,https://wellwiki.org/wiki/37-063-33623,,"2622016"
37-047-24734,,"41.58766900026136","-78.64460600038063",PA,Elk,Jones,KILHOFFER 6,SEPTEMBER CORP,,,OIL,Proposed But Never Materialized,Vertical Well,Not Drilled,https://wellwiki.org/wiki/37-047-24734,,"2622017"
37-129-26105,,"40.332821000231746","-79.47508999955454",PA,Westmoreland,Hempfield,MCCABE 1,WILKES ENERGY INC,,,GAS,Operator Reported Not Drilled,Vertical Well,Not Drilled,https://wellwiki.org/wiki/37-129-26105,,"2622018"
37-085-24590,,"41.37614400012021","-80.0948829999387",PA,Mercer,Sandy Lake,PATTON H 1,VISTA OPR INC,,,GAS,Operator Reported Not Drilled,Vertical Well,Not Drilled,https://wellwiki.org/wiki/37-085-24590,,"2622019"
37-039-23142,,"41.666675000269535","-79.91642499983077",PA,Crawford,Randolph,CERCONE 1,QUAKER STATE CORP,,,GAS,Operator Reported Not Drilled,Vertical Well,Not Drilled,https://wellwiki.org/wiki/37-039-23142,,"2622020"
37-085-22208,,"41.33045399970676","-80.19738500043016",PA,Mercer,Fairview,JAKE BYLER 1,PETRO DEV CORP,,,GAS,Operator Reported Not Drilled,Vertical Well,Not Drilled,https://wellwiki.org/wiki/37-085-22208,,"2622021"
37-123-39916,,"41.75352899998323","-79.57366399968517",PA,Warren,Eldred,MCGRAW 5,DOUGLAS OIL & GAS LP,,,GAS,Proposed But Never Materialized,Vertical Well,Not Drilled,https://wellwiki.org/wiki/37-123-39916,,"2622022"
37-047-20523,,"41.52622199974155","-78.92336199970178",PA,Elk,Highland,WARRANT 2033 105,ARG RESOURCES INC,1979-07-17,,OIL,Abandoned,Vertical Well,Orphaned / Abandoned / Unverified Plug,https://wellwiki.org/wiki/37-047-20523,,"2622023"
37-123-42754,,"41.826382999799286","-79.14606199970483",PA,Warren,Pleasant,SMITH 14,JONES DEV INC,,,OIL,Operator Reported Not Drilled,Vertical Well,Not Drilled,https://wellwiki.org/wiki/37-123-42754,,"2622024"
37-049-21744,,"42.08554199981192","-79.80574900039704",PA,Erie,Venango,LLOYD SCHWAB 3,WASSON PAUL,,,GAS,Operator Reported Not Drilled,Vertical Well,Not Drilled,https://wellwiki.org/wiki/37-049-21744,,"2622025"
37-083-13835,,"41.97384700010845","-78.6408949997548",PA,McKean,Foster,JOHNSTON & MATHEWS DEP 1,UNKNOWN OPR,1800-01-01,2001-08-06,OIL,DEP Plugged,Vertical Well,Plugged,https://wellwiki.org/wiki/37-083-13835,,"2622026"
37-005-23898,,"40.931449000333174","-79.3600420002443",PA,Armstrong,Mahoning,TUTAK 1,KRIEBEL GAS INC,,,GAS,Operator Reported Not Drilled,Vertical Well,Not Drilled,https://wellwiki.org/wiki/37-005-23898,,"2622027"
37-033-23901,,"40.85942299988442","-78.6681040004286",PA,Clearfield,Ferguson,HURD 2,VICTORY ENERGY CORP,,,GAS,Operator Reported Not Drilled,Vertical Well,Not Drilled,https://wellwiki.org/wiki/37-033-23901,,"2622028"
37-051-20825,,"39.72339700016437","-79.57502899964088",PA,Fayette,Wharton,JOHN HYNOK 1,PETRO DEV CORP,,,GAS,Operator Reported Not Drilled,Vertical Well,Not Drilled,https://wellwiki.org/wiki/37-051-20825,,"2622029"
37-059-24613,,"39.839921999723316","-79.96951400030936",PA,Greene,Monongahela,BURCHIANTI 34,ATLAS RESOURCES LLC,,,GAS,Proposed But Never Materialized,Vertical Well,Not Drilled,https://wellwiki.org/wiki/37-059-24613,,"2622030"
37-123-42239,,"41.79106700031883","-79.13135099996586",PA,Warren,Mead,LOT 492 13,PIERCE & PETERSEN,,,OIL,Operator Reported Not Drilled,Vertical Well,Not Drilled,https://wellwiki.org/wiki/37-123-42239,,"2622031"
37-005-23830,,"40.79747800003082","-79.30094399994695",PA,Armstrong,Cowanshannock,PETTIGREW 2,CONSOL GAS CO,,,GAS,Operator Reported Not Drilled,Vertical Well,Not Drilled,https://wellwiki.org/wiki/37-005-23830,,"2622032"
37-115-21792,,"41.85457800029443","-75.66132799997438",PA,Susquehanna,New Milford,BREESE 4H,SWN PROD CO LLC,,,GAS,Proposed But Never Materialized,Horizontal Well,Not Drilled,https://wellwiki.org/wiki/37-115-21792,,"2622033"
37-117-21723,,"41.9397280002882","-77.01417199994981",PA,Tioga,Jackson,YOUST 405 22H,SWEPI LP,,,GAS,Proposed But Never Materialized,Horizontal Well,Not Drilled,https://wellwiki.org/wiki/37-117-21723,,"2622034"
37-063-33073,,"40.704615999700486","-79.27174599987674",PA,Indiana,Washington,H A GOAL 2,HA GOAL INC,,,GAS,Proposed But Never Materialized,Vertical Well,Not Drilled,https://wellwiki.org/wiki/37-063-33073,,"2622035"
37-123-45882,,"41.835888999685096","-79.10374999965492",PA,Warren,Glade,FEHR F52,CHESTNUT OIL LLC,,,OIL,Operator Reported Not Drilled,Vertical Well,Not Drilled,https://wellwiki.org/wiki/37-123-45882,,"2622036"
37-059-01971,,"39.8857730002747","-80.30490300033034",PA,Greene,Center,S B FRY 1,PA DEP OFC OIL & GAS MGMT,1800-01-01,2003-09-18,GAS,DEP Plugged,Vertical Well,Plugged,https://wellwiki.org/wiki/37-059-01971,,"2622037"
37-121-06632,,"41.60809200032441","-79.65386099965691",PA,Venango,Cherrytree,DRAKE 8,PA DEP OFC OIL & GAS MGMT,1800-01-01,2004-07-29,OIL,DEP Plugged,Vertical Well,Plugged,https://wellwiki.org/wiki/37-121-06632,,"2622038"
37-121-06292,,"41.48255800030836","-79.6939189999965",PA,Venango,Cornplanter,RYND FARM RF 21,PA DEP OFC OIL & GAS MGMT,1800-01-01,2003-07-14,OIL,DEP Plugged,Vertical Well,Plugged,https://wellwiki.org/wiki/37-121-06292,,"2622039"
37-059-27379,,"39.944110999960415","-80.06640600029192",PA,Greene,Morgan,CHRISTEN MAT129H19,EQT PROD CO,,,GAS,Operator Reported Not Drilled,Horizontal Well,Not Drilled,https://wellwiki.org/wiki/37-059-27379,,"2622040"
37-125-28357,,"40.12124200029332","-80.0261139996006",PA,Washington,Somerset,PHOENIX 6,RICE DRILLING B LLC,,,GAS,Proposed But Never Materialized,Horizontal Well,Not Drilled,https://wellwiki.org/wiki/37-125-28357,,"2622041"
37-121-45123,,"41.2320079999165","-79.90316400043633",PA,Venango,Clinton,STRIMBU 1H,US ENERGY EXPLORATION CORP,,,GAS,Operator Reported Not Drilled,Deviated Well,Not Drilled,https://wellwiki.org/wiki/37-121-45123,,"2622042"
37-083-54379,,"41.98035800026686","-78.69619699993584",PA,McKean,Foster,WARRANT 4336 75,US ENERGY DEV CORP,,,OIL,Operator Reported Not Drilled,Vertical Well,Not Drilled,https://wellwiki.org/wiki/37-083-54379,,"2622043"
37-696495,,"41.98672600021427","-79.161760000006",PA,Warren,Pine Grove,VENMAN 1 552,NORNEW INC,,,GAS,Proposed But Never Materialized,Vertical Well,Not Drilled,https://wellwiki.org/wiki/37-696495,,"2622044"
37-059-27065,,"39.960369000279975","-80.16028299995774",PA,Greene,Washington,MINOR 593329,EQT PROD CO,,,GAS,Operator Reported Not Drilled,Horizontal Well,Not Drilled,https://wellwiki.org/wiki/37-059-27065,,"2622045"
37-059-90170,,"39.92047699969932","-80.25120200010655",PA,Greene,Franklin,MARY H HAWKINS 1,EQT PROD CO,1800-01-01,,GAS,DEP Abandoned List,Vertical Well,Orphaned / Abandoned / Unverified Plug,https://wellwiki.org/wiki/37-059-90170,,"2622046"
37-033-24811,,"40.87597400010696","-78.7405839995959",PA,Clearfield,Bell,KOVALCHICK 1,MID EAST OIL CO,,,GAS,Operator Reported Not Drilled,Vertical Well,Not Drilled,https://wellwiki.org/wiki/37-033-24811,,"2622047"
37-059-28010,,"39.8863890001136","-80.3358920003286",PA,Greene,Center,CARPENTER 1H,EQT PROD CO,,,GAS,Operator Reported Not Drilled,Horizontal Well,Not Drilled,https://wellwiki.org/wiki/37-059-28010,,"2622048"
37-121-31287,,"41.4750349996829","-79.53844000007777",PA,Venango,President,KORMAN 1-K,PETRO TECH INC,1981-12-21,,OIL,DEP Abandoned List,Vertical Well,Orphaned / Abandoned / Unverified Plug,https://wellwiki.org/wiki/37-121-31287,,"2622049"
37-121-44678,,"41.55397200028381","-79.67599999959698",PA,Venango,Cherrytree,DEWEY 2,ENERVEST OPR LLC,,,GAS,Operator Reported Not Drilled,Vertical Well,Not Drilled,https://wellwiki.org/wiki/37-121-44678,,"2622050"
37-021-20978,,"40.56201100013396","-78.79110299999667",PA,Cambria,Cambria,SIMMERS 4,MID EAST OIL CO,,,GAS,Operator Reported Not Drilled,Vertical Well,Not Drilled,https://wellwiki.org/wiki/37-021-20978,,"2622051"
37-129-28543,,"40.190110999672825","-79.47942799999417",PA,Westmoreland,Mount Pleasant,D BENNETT 001,KRIEBEL MINERALS INC,,,GAS,Operator Reported Not Drilled,Vertical Well,Not Drilled,https://wellwiki.org/wiki/37-129-28543,,"2622052"
37-117-20129,,"41.73922399977631","-77.60008599969244",PA,Tioga,Gaines,EGGLER 4,CIZEK PAUL H,1800-01-01,,OIL,Abandoned,Vertical Well,Orphaned / Abandoned / Unverified Plug,https://wellwiki.org/wiki/37-117-20129,,"2622053"
37-021-21116,,"40.445003999678434","-78.94383899958524",PA,Cambria,Jackson,STUTZMAN 8433V,XTO ENERGY INC,,,GAS,Operator Reported Not Drilled,Vertical Well,Not Drilled,https://wellwiki.org/wiki/37-021-21116,,"2622054"
37-059-02354,,"39.76843900020604","-80.03891399976091",PA,Greene,Dunkard,STUMP 1,UNKNOWN OPR,1800-01-01,,GAS,DEP Abandoned List,Vertical Well,Orphaned / Abandoned / Unverified Plug,https://wellwiki.org/wiki/37-059-02354,,"2622055"
37-115-20982,,"41.96782800020979","-75.89909199989378",PA,Susquehanna,Silver Lake,SHAFER 30 2H,XPR RESOURCES LLC,,,GAS,Operator Reported Not Drilled,Horizontal Well,Not Drilled,https://wellwiki.org/wiki/37-115-20982,,"2622056"
37-033-24627,,"40.906506999876925","-78.47763899965553",PA,Clearfield,Knox,AUSTIN DUNLAP 3,MID EAST OIL CO,,,GAS,Proposed But Never Materialized,Vertical Well,Not Drilled,https://wellwiki.org/wiki/37-033-24627,,"2622057"
37-129-28119,,"40.41309199981679","-79.29047000036532",PA,Westmoreland,Derry,E V WILFORD 3,CONSOL GAS CO,,,GAS,Operator Reported Not Drilled,Vertical Well,Not Drilled,https://wellwiki.org/wiki/37-129-28119,,"2622058"
37-085-21718,,"41.29167900029408","-80.24977100002863",PA,Mercer,Coolspring,SPIEKER 1,ATLAS RESOURCES INC,,,GAS,Operator Reported Not Drilled,Vertical Well,Not Drilled,https://wellwiki.org/wiki/37-085-21718,,"2622059"
37-019-90870,,"40.80320500028182","-79.88705799970614",PA,Butler,Penn,EMRICK 2,PEOPLES GAS CO LLC,1800-01-01,,OIL,DEP Abandoned List,Vertical Well,Orphaned / Abandoned / Unverified Plug,https://wellwiki.org/wiki/37-019-90870,,"2622060"
37-053-20136,,"41.56372199985331","-79.47359300025269",PA,Forest,Harmony,NEELY 1,H & B OIL CO,1964-06-10,,OIL,DEP Abandoned List,Vertical Well,Orphaned / Abandoned / Unverified Plug,https://wellwiki.org/wiki/37-053-20136,,"2622061"
37-047-21362,,"41.53623699980997","-78.90087100030753",PA,Elk,Highland,GILBERT 16,ARG RESOURCES INC,1983-12-09,,OIL,Abandoned,Vertical Well,Orphaned / Abandoned / Unverified Plug,https://wellwiki.org/wiki/37-047-21362,,"2622062"
37-121-01426,,"41.47955599986361","-79.6693060002381",PA,Venango,Cornplanter,PONTIAC K4,PA DEP OFC OIL & GAS MGMT,1800-01-01,2007-09-13,OIL,DEP Plugged,Vertical Well,Plugged,https://wellwiki.org/wiki/37-121-01426,,"2622063"
37-047-01723,,"41.552450000006026","-78.301589000142",PA,Elk,Jones,HOSKINS 027,PA DEP OFC OIL & GAS MGMT,1800-01-01,2002-10-10,INJECTION,DEP Plugged,Vertical Well,Plugged,https://wellwiki.org/wiki/37-047-01723,,"2622064"
37-083-23107,,"41.96832100028764","-78.41213900007737",PA,McKean,Eldred,LOOP 13,PA DEP OFC OIL & GAS MGMT,1800-01-01,2023-06-07,OIL,DEP Plugged,Vertical Well,Plugged,https://wellwiki.org/wiki/37-083-23107,,"2622065"
37-053-28897,,"41.603796000303184","-79.03312400016485",PA,Forest,Howe,WARRANT 2812 T4,SWEPI LP,,,OIL,Operator Reported Not Drilled,Vertical Well,Not Drilled,https://wellwiki.org/wiki/37-053-28897,,"2622066"
37-053-00533,,"41.441308000183284","-79.10065800024361",PA,Forest,Jenks,BRUSH CREEK 31,PA DEP OFC OIL & GAS MGMT,1800-01-01,,OIL,DEP Plugged,Vertical Well,Plugged,https://wellwiki.org/wiki/37-053-00533,,"2622067"
37-081-20114,,"41.43476699967472","-77.18118300015753",PA,Lycoming,Cogan House,LEATHERMAN 103,EAST RESOURCES INC,,,GAS,Operator Reported Not Drilled,Vertical Well,Not Drilled,https://wellwiki.org/wiki/37-081-20114,,"2622068"
37-033-24326,,"40.98306699967567","-78.4255109997999",PA,Clearfield,Boggs,COWDRICK 1,MID EAST OIL CO,,,GAS,Operator Reported Not Drilled,Vertical Well,Not Drilled,https://wellwiki.org/wiki/37-033-24326,,"2622069"
37-121-33388,,"41.47887799993424","-79.98327600001923",PA,Venango,Canal,DAVID WAGNER 2,COTERRA ENERGY INC,,,GAS,Proposed But Never Materialized,Vertical Well,Not Drilled,https://wellwiki.org/wiki/37-121-33388,,"2622070"
37-083-35733,,"41.76489499996366","-78.71567100026185",PA,McKean,Lafayette,TALLY HO W 106,WITCO CORP,1800-01-01,,INJECTION,DEP Abandoned List,Vertical Well,Orphaned / Abandoned / Unverified Plug,https://wellwiki.org/wiki/37-083-35733,,"2622071"
37-123-04244,,"41.862107000090255","-79.32665200022262",PA,Warren,Brokenstraw,TAYDUS 04,DAVIS WILLIAM A,1800-01-01,,OIL,DEP Abandoned List,Vertical Well,Orphaned / Abandoned / Unverified Plug,https://wellwiki.org/wiki/37-123-04244,,"2622072"
37-083-24813,,"41.87463400018372","-78.8170559995964",PA,McKean,Corydon,LYNNBROOK WARRANT 3705 3,JAMES H KALTSAS,1969-02-06,,OIL,DEP Abandoned List,Vertical Well,Orphaned / Abandoned / Unverified Plug,https://wellwiki.org/wiki/37-083-24813,,"2622073"
37-083-29617,,"41.97749999995552","-78.5446890000356",PA,McKean,Foster,BUSSELL 45,QUAKER STATE CORP,,,INJECTION,Proposed But Never Materialized,Vertical Well,Not Drilled,https://wellwiki.org/wiki/37-083-29617,,"2622074"
37-003-21739,,"40.52594700022408","-79.79437199991874",PA,Allegheny,Plum,CONSOL 7,OIL & GAS MGMT INC,,,GAS,Proposed But Never Materialized,Vertical Well,Not Drilled,https://wellwiki.org/wiki/37-003-21739,,"2622075"
37-019-22082,,"41.082864000053235","-79.92040599989502",PA,Butler,Cherry,PURYEAR 2069 6HS,SWEPI LP,,,GAS,Proposed But Never Materialized,Horizontal Well,Not Drilled,https://wellwiki.org/wiki/37-019-22082,,"2622076"
37-123-25336,,"41.87281000006598","-79.34463699984607",PA,Warren,Brokenstraw,DOMINICK SUPPA 7,DAWN OIL CO,1976-04-05,,COMB. OIL&GAS,DEP Abandoned List,Vertical Well,Orphaned / Abandoned / Unverified Plug,https://wellwiki.org/wiki/37-123-25336,,"2622077"
37-121-25222,,"41.564131000006995","-79.55201299964175",PA,Venango,Allegheny,SIMPKINS 9B,BECK JAMES L,1978-05-08,,OIL,DEP Abandoned List,Vertical Well,Orphaned / Abandoned / Unverified Plug,https://wellwiki.org/wiki/37-121-25222,,"2622078"
37-105-21261,,"41.848899999765166","-78.1592130003323",PA,Potter,Pleasant Valley,SGL 59 21,M & M ROYALTY LTD,,,COMB. OIL&GAS,Operator Reported Not Drilled,Vertical Well,Not Drilled,https://wellwiki.org/wiki/37-105-21261,,"2622079"
37-111-20310,,"39.743498751629815","-79.35766685390891",PA,Somerset,Addison,PMG ALLEN UNIT 3H,CHIEF OIL & GAS LLC,,,GAS,Operator Reported Not Drilled,Horizontal Well,Not Drilled,https://wellwiki.org/wiki/37-111-20310,,"2622080"
37-047-24675,,"41.584969000307126","-78.93949699984597",PA,Elk,Highland,WARRANT 3781 1401 5HM,SWEPI LP,,,GAS,Proposed But Never Materialized,Horizontal Well,Not Drilled,https://wellwiki.org/wiki/37-047-24675,,"2622081"
37-083-57645,,"41.95522800025497","-78.4957249995613",PA,McKean,Otto,GRIDIRON 94,PA DEP OFC OIL & GAS MGMT,1800-01-01,,OIL,DEP Abandoned List,Undetermined,Orphaned / Abandoned / Unverified Plug,https://wellwiki.org/wiki/37-083-57645,,"2622082"
37-123-48834,,"41.772361000111744","-79.56827099980958",PA,Warren,Eldred,MILLER 1,UNKNOWN OPR,1800-01-01,,OIL,DEP Abandoned List,Undetermined,Orphaned / Abandoned / Unverified Plug,https://wellwiki.org/wiki/37-123-48834,,"2622083"
37-123-48225,,"41.846360999804055","-79.12463900016533",PA,Warren,Glade,PAPALIA 2,KYLANDER OIL INC,,,OIL,Proposed But Never Materialized,Vertical Well,Not Drilled,https://wellwiki.org/wiki/37-123-48225,,"2622084"
37-049-22608,,"42.08144499976381","-79.91044899962398",PA,Erie,Greene,MATTHEW & LEONA H KANIA 3,EDISTO RESOURCES CORP,,,GAS,Operator Reported Not Drilled,Vertical Well,Not Drilled,https://wellwiki.org/wiki/37-049-22608,,"2622085"
37-047-23301,,"41.231509999823956","-78.71199800016916",PA,Elk,Horton,BRANDON TRACT 6 2,VIKING RESOURCES CORP,,,GAS,Proposed But Never Materialized,Vertical Well,Not Drilled,https://wellwiki.org/wiki/37-047-23301,,"2622086"
37-085-23554,,"41.36545600033047","-80.39064200014057",PA,Mercer,Hempfield,LEO LISZKA 2,D & L ENERGY INC,,,GAS,Operator Reported Not Drilled,Vertical Well,Not Drilled,https://wellwiki.org/wiki/37-085-23554,,"2622087"
37-121-45004,,"41.3190000002995","-79.68708599982214",PA,Venango,Cranberry,CHAGRIN 3 19A,VISTA OPR INC,,,OIL,Operator Reported Not Drilled,Vertical Well,Not Drilled,https://wellwiki.org/wiki/37-121-45004,,"2622088"
37-053-29247,,"41.50954399991666","-79.17325600031",PA,Forest,Jenks,LOT 53 2260,PA GEN ENERGY CO LLC,,,OIL,Operator Reported Not Drilled,Vertical Well,Not Drilled,https://wellwiki.org/wiki/37-053-29247,,"2622089"
37-083-49373,,"41.765876999912656","-78.74437700023749",PA,McKean,Lafayette,WESTLINE WARRANT 3402 402,ENERVEST OPR LLC,,,OIL,Operator Reported Not Drilled,Vertical Well,Not Drilled,https://wellwiki.org/wiki/37-083-49373,,"2622090"
37-123-43694,,"41.93692199988886","-79.46571399996486",PA,Warren,Freehold,GRADLER 3 127,NORNEW INC,,,GAS,Operator Reported Not Drilled,Vertical Well,Not Drilled,https://wellwiki.org/wiki/37-123-43694,,"2622091"
37-031-21487,,"41.231924000199385","-79.58708200033678",PA,Clarion,Salem,CA WEAVER 0,WEAVER CARROLL A,,,GAS,Operator Reported Not Drilled,Vertical Well,Not Drilled,https://wellwiki.org/wiki/37-031-21487,,"2622092"
37-065-24079,,"41.12181700014232","-79.13454000035988",PA,Jefferson,Rose,MAYO 11,EAGLE RESOURCES CORP,,,GAS,Operator Reported Not Drilled,Vertical Well,Not Drilled,https://wellwiki.org/wiki/37-065-24079,,"2622093"
37-117-21777,,"41.89524200016361","-77.39166700015635",PA,Tioga,Chatham,SHOWALTER 822 21H,SWEPI LP,,,GAS,Proposed But Never Materialized,Horizontal Well,Not Drilled,https://wellwiki.org/wiki/37-117-21777,,"2622094"
37-115-22097,,"41.918275000059666","-75.80268100013517",PA,Susquehanna,Franklin,HERMAN 6H,SWN PROD CO LLC,,,GAS,Operator Reported Not Drilled,Horizontal Well,Not Drilled,https://wellwiki.org/wiki/37-115-22097,,"2622095"
37-121-33029,,"41.52219000007957","-79.519067999859",PA,Venango,Allegheny,CUNNINGHAM 10,CUNNINGHAM DEV LP,1982-08-13,,OIL,Abandoned,Vertical Well,Orphaned / Abandoned / Unverified Plug,https://wellwiki.org/wiki/37-121-33029,,"2622096"
37-085-24131,,"41.347208999679935","-80.35283199966351",PA,Mercer,Delaware,BRINKER 1,ENERGY RESOURCES OF AMER INC,,,GAS,Operator Reported Not Drilled,Vertical Well,Not Drilled,https://wellwiki.org/wiki/37-085-24131,,"2622097"
37-033-25578,,"40.959401000259795","-78.7808899996326",PA,Clearfield,Bell,BOUCH (M-643) 1110,EOG RESOURCES INC,,,GAS,Operator Reported Not Drilled,Vertical Well,Not Drilled,https://wellwiki.org/wiki/37-033-25578,,"2622098"
37-115-21055,,"41.983013999815526","-75.97287199961775",PA,Susquehanna,Silver Lake,MALLING 16 13H,XPR RESOURCES LLC,,,GAS,Operator Reported Not Drilled,Horizontal Well,Not Drilled,https://wellwiki.org/wiki/37-115-21055,,"2622099"
37-081-20409,,"41.38790300025268","-76.97679199964305",PA,Lycoming,Gamble,NEVIN L SMITH A 6H,ANADARKO E&P ONSHORE LLC,,,GAS,Operator Reported Not Drilled,Horizontal Well,Not Drilled,https://wellwiki.org/wiki/37-081-20409,,"2622100"
37-003-01074,,"40.2603960003152","-79.92153599967406",PA,Allegheny,Clairton,SAMUALS 1,PA DEP OFC OIL & GAS MGMT,1800-01-01,2003-09-24,GAS,DEP Plugged,Vertical Well,Plugged,https://wellwiki.org/wiki/37-003-01074,,"2622101"
37-033-24939,,"41.04241800019739","-78.0949640000087",PA,Clearfield,Cooper,SCHOONOVER 2,MID EAST OIL CO,,,GAS,Operator Reported Not Drilled,Vertical Well,Not Drilled,https://wellwiki.org/wiki/37-033-24939,,"2622102"
37-019-02001,,"40.78532200028385","-79.84717900036502",PA,Butler,Jefferson,VESELICH 1,UNKNOWN OPR,1800-01-01,,UNDETERMINED,DEP Abandoned List,Vertical Well,Orphaned / Abandoned / Unverified Plug,https://wellwiki.org/wiki/37-019-02001,,"2622103"
37-049-24749,,"42.06825899986312","-80.07177400005315",PA,Erie,Millcreek,TAMCO 1,TAMCO INTL INC,,,GAS,Operator Reported Not Drilled,Vertical Well,Not Drilled,https://wellwiki.org/wiki/37-049-24749,,"2622104"
37-047-24674,,"41.584994000239796","-78.9395420000518",PA,Elk,Highland,WARRANT 3781 1401 5HB,SWEPI LP,,,GAS,Proposed But Never Materialized,Horizontal Well,Not Drilled,https://wellwiki.org/wiki/37-047-24674,,"2622105"
37-053-27815,,"41.600674000178856","-79.0193010003556",PA,Forest,Howe,WARRANT 2812 7,EAST RESOURCES INC,,,OIL,Operator Reported Not Drilled,Vertical Well,Not Drilled,https://wellwiki.org/wiki/37-053-27815,,"2622106"
37-053-00491,,"41.51999199977907","-79.14554700004399",PA,Forest,Jenks,FRANCIS LEASE 12,PA DEP OFC OIL & GAS MGMT,1800-01-01,,OIL,DEP Plugged,Vertical Well,Plugged,https://wellwiki.org/wiki/37-053-00491,,"2622107"
37-083-11024,,"41.954205999760376","-78.66129299999555",PA,McKean,Bradford,ONIFRIO ESTATES 2,PA DEP OFC OIL & GAS MGMT,1800-01-01,1999-07-14,OIL,DEP Plugged,Vertical Well,Plugged,https://wellwiki.org/wiki/37-083-11024,,"2622108"
37-049-21780,,"42.103187999696296","-79.84616800041165",PA,Erie,Greenfield,DONALD RICE 1,WASSON PAUL,,,GAS,Operator Reported Not Drilled,Vertical Well,Not Drilled,https://wellwiki.org/wiki/37-049-21780,,"2622109"
37-121-42508,,"41.52164100016797","-79.83433300017394",PA,Venango,Jackson,HAUN 2A,MARK RESOURCES CORP,,,GAS,Proposed But Never Materialized,Vertical Well,Not Drilled,https://wellwiki.org/wiki/37-121-42508,,"2622110"
37-063-30070,,"40.470097999754444","-79.16640800006702",PA,Indiana,Burrell,RUGGERI 002,KRIEBEL GAS INC,,,GAS,Proposed But Never Materialized,Vertical Well,Not Drilled,https://wellwiki.org/wiki/37-063-30070,,"2622111"
37-007-20286,,"40.83524999994227","-80.20284000023003",PA,Beaver,Franklin,NYE 1,VISTA OPR INC,,,GAS,Proposed But Never Materialized,Vertical Well,Not Drilled,https://wellwiki.org/wiki/37-007-20286,,"2622112"
37-021-21158,,"40.7159969997826","-78.62856900014575",PA,Cambria,Chest,K&J/H PAGE 3,DORSO LP,,,GAS,Operator Reported Not Drilled,Vertical Well,Not Drilled,https://wellwiki.org/wiki/37-021-21158,,"2622113"
37-123-41917,,"41.64060100010565","-79.09586899971727",PA,Warren,Cherry Grove,LOT 736 3,TRY OIL & GAS,,,OIL,Operator Reported Not Drilled,Vertical Well,Not Drilled,https://wellwiki.org/wiki/37-123-41917,,"2622114"
37-033-24997,,"40.86096599991779","-78.5289680001682",PA,Clearfield,Knox,SMITH JOHNSTON 2,MID EAST OIL CO,,,GAS,Operator Reported Not Drilled,Vertical Well,Not Drilled,https://wellwiki.org/wiki/37-033-24997,,"2622115"
37-053-28622,,"41.60981499966975","-78.95926800027291",PA,Forest,Howe,WARRANT 2366 45D,EAST RESOURCES INC,,,OIL,Proposed But Never Materialized,Vertical Well,Not Drilled,https://wellwiki.org/wiki/37-053-28622,,"2622116"
37-121-45888,,"41.61616899972764","-79.54979699956627",PA,Venango,Allegheny,FULTON 1714 38,TRIMONT ENERGY LLC,,,OIL,Proposed But Never Materialized,Vertical Well,Not Drilled,https://wellwiki.org/wiki/37-121-45888,,"2622117"
37-117-21773,,"41.88133300015611","-77.35421099968163",PA,Tioga,Chatham,DAVIS 841 24H,SWEPI LP,,,GAS,Proposed But Never Materialized,Horizontal Well,Not Drilled,https://wellwiki.org/wiki/37-117-21773,,"2622118"
37-049-24868,,"41.895268000297165","-79.72295899988298",PA,Erie,Concord,HAMMOND 4,LAMAR EXPLORATION CORP,,,GAS,Operator Reported Not Drilled,Vertical Well,Not Drilled,https://wellwiki.org/wiki/37-049-24868,,"2622119"
37-121-41423,,"41.500009999886466","-79.87475700021142",PA,Venango,Jackson,R A PAPE CO 2,COTERRA ENERGY INC,,,GAS,Operator Reported Not Drilled,Vertical Well,Not Drilled,https://wellwiki.org/wiki/37-121-41423,,"2622120"
37-021-20728,,"40.44640999999309","-78.66407399996055",PA,Cambria,Munster,DUBRITZ 1,EPI DRILLING CO INC,,,GAS,Proposed But Never Materialized,Vertical Well,Not Drilled,https://wellwiki.org/wiki/37-021-20728,,"2622121"
37-051-24236,,"39.80480600027648","-79.52715800003402",PA,Fayette,Wharton,NEMACOLIN 7011,MARATHON OIL CO,,,GAS,Proposed But Never Materialized,Vertical Well,Not Drilled,https://wellwiki.org/wiki/37-051-24236,,"2622122"
37-117-21046,,"41.9429719999242","-77.35633899989357",PA,Tioga,Osceola,STANLEY 1106 3H,SWEPI LP,,,GAS,Operator Reported Not Drilled,Horizontal Well,Not Drilled,https://wellwiki.org/wiki/37-117-21046,,"2622123"
37-063-23493,,"40.79409700032032","-78.89170099968388",PA,Indiana,Montgomery,IVAN C FETTERMAN 2,GREYLOCK CONVENTIONAL LLC,1976-11-09,2021-09-03,GAS,Plugged OG Well,Vertical Well,Plugged,https://wellwiki.org/wiki/37-063-23493,,"2622124"
37-063-23638,,"40.56895600032536","-78.97349199994014",PA,Indiana,Pine,FENELLA HATCH ESTATE 1,XTO ENERGY INC,1977-04-04,2015-06-05,GAS,Plugged OG Well,Vertical Well,Plugged,https://wellwiki.org/wiki/37-063-23638,,"2622125"
37-047-21681,,"41.42087599998033","-78.90553400043717",PA,Elk,Spring Creek,WARRANT 1566 37,PECORA ENTERPRISES,1985-04-10,2015-08-01,COMB. OIL&GAS,Plugged OG Well,Vertical Well,Plugged,https://wellwiki.org/wiki/37-047-21681,,"2622126"
37-047-22448,,"41.542034000107286","-78.86140200014691",PA,Elk,Highland,WEAVER 63,ARG RESOURCES INC,1987-11-04,2013-12-16,OIL,Plugged OG Well,Vertical Well,Plugged,https://wellwiki.org/wiki/37-047-22448,,"2622127"
37-051-20585,,"40.068807999923074","-79.63467299956116",PA,Fayette,Franklin,GRINDLE UNIT 1,DORSO ENERGY,,,GAS,Proposed But Never Materialized,Vertical Well,Not Drilled,https://wellwiki.org/wiki/37-051-20585,,"2622128"
37-047-22827,,"41.54117800025592","-78.85018799987522",PA,Elk,Highland,WEAVER 055,ARG RESOURCES INC,1990-05-07,2015-02-03,INJECTION,Plugged OG Well,Vertical Well,Plugged,https://wellwiki.org/wiki/37-047-22827,,"2622129"
37-047-23063,,"41.588781000287504","-78.88196199987102",PA,Elk,Highland,HORTON 149,ARG RESOURCES INC,1991-10-16,2014-02-14,OIL,Plugged OG Well,Vertical Well,Plugged,https://wellwiki.org/wiki/37-047-23063,,"2622130"
37-123-39063,,"41.868098000168864","-79.1538749998704",PA,Warren,Conewango,BARLEY 2,BARLEY NURSING HOME INC,1985-02-16,,OIL,Plugged OG Well,Vertical Well,Plugged,https://wellwiki.org/wiki/37-123-39063,,"2622131"
37-053-23227,,"41.52162799999353","-79.19953100012499",PA,Forest,Jenks,BLOCK 4 WARRANT 5110 B4 1,PA GEN ENERGY CO LLC,1980-10-17,2014-04-04,GAS,Plugged OG Well,Vertical Well,Plugged,https://wellwiki.org/wiki/37-053-23227,,"2622132"
37-053-25622,,"41.51428700003489","-79.4968839997131",PA,Forest,Harmony,SHIPE ESTATE 73QP,PA GEN ENERGY CORP,1984-10-27,,OIL,Plugged OG Well,Vertical Well,Plugged,https://wellwiki.org/wiki/37-053-25622,,"2622133"
37-121-33663,,"41.21200700013081","-79.93584899992807",PA,Venango,Irwin,ADOBE COAL CO (FMLY. MYERS HOFFMAN) 5,ADOBE COAL CO,1800-01-01,,OIL,Plugged OG Well,Vertical Well,Plugged,https://wellwiki.org/wiki/37-121-33663,,"2622134"
37-085-20799,,"41.356345000160495","-80.4507909996759",PA,Mercer,Pymatuning,WOODS 3,ATLAS RESOURCES LLC,1986-01-24,2013-09-16,COMB. OIL&GAS,Plugged OG Well,Vertical Well,Plugged,https://wellwiki.org/wiki/37-085-20799,,"2622135"
37-085-21161,,"41.29435799997723","-80.2466569999777",PA,Mercer,Coolspring,ALGEO 1,DIVERSIFIED PROD LLC,1990-11-03,2022-04-25,COMB. OIL&GAS,Plugged OG Well,Vertical Well,Plugged,https://wellwiki.org/wiki/37-085-21161,,"2622136"
37-123-04800,,"41.83250499995152","-79.10556400004748",PA,Warren,Glade,GALLAGHER 60,PIERCE & PETERSEN,1800-01-01,2002-03-29,UNDETERMINED,Plugged OG Well,Vertical Well,Plugged,https://wellwiki.org/wiki/37-123-04800,,"2622137"
37-123-04811,,"41.8367269999349","-79.11145300021563",PA,Warren,Mead,RASMUSSEN 74,PIERCE & PETERSEN,1800-01-01,2001-12-17,UNDETERMINED,Plugged OG Well,Vertical Well,Plugged,https://wellwiki.org/wiki/37-123-04811,,"2622138"
37-059-22812,,"39.741682999848074","-80.33002400007685",PA,Greene,Gilmore,BLACKSVILLE II-4-L-1,CNX GAS CO LLC,1985-03-16,2020-07-08,COALBED METHANE,Plugged OG Well,Vertical Well,Plugged,https://wellwiki.org/wiki/37-059-22812,,"2622139"
37-059-22793,,"39.765416999841044","-80.31731400032822",PA,Greene,Gilmore,BLACKSVILLE II BII-14-L-2,CNX GAS CO LLC,1991-09-19,2021-04-09,COALBED METHANE,Plugged OG Well,Vertical Well,Plugged,https://wellwiki.org/wiki/37-059-22793,,"2622140"
37-059-22806,,"39.76438099974603","-80.30276000004979",PA,Greene,Gilmore,BLACKSVILLE II BII-14-M-1,CNX GAS CO LLC,1991-06-13,2021-05-14,COALBED METHANE,Plugged OG Well,Vertical Well,Plugged,https://wellwiki.org/wiki/37-059-22806,,"2622141"
37-085-21991,,"41.216389999716846","-80.31379199984828",PA,Mercer,East Lackawannock,BRANCA UNIT 1,ATLAS RESOURCES LLC,1994-09-26,2014-12-11,COMB. OIL&GAS,Plugged OG Well,Vertical Well,Plugged,https://wellwiki.org/wiki/37-085-21991,,"2622142"
37-105-00636,,"41.49300599979067","-77.7537019997131",PA,Potter,Stewardson,STATE OF PA TRACT 16-WT 5943 2,UNKNOWN OPR,1952-02-14,,DRY HOLE,Plugged OG Well,Vertical Well,Plugged,https://wellwiki.org/wiki/37-105-00636,,"2622143"
37-053-00875,,"41.538978999674214","-79.48335700017988",PA,Forest,Harmony,CORNPLANTER STATE FOREST 13,UNKNOWN OPR,1800-01-01,2021-05-07,OIL,Plugged OG Well,Vertical Well,Plugged,https://wellwiki.org/wiki/37-053-00875,,"2622144"
37-129-24630,,"40.508503000000296","-79.61964700017795",PA,Westmoreland,Washington,MICHAEL SOSIGIAN 1,XTO ENERGY INC,2001-12-26,2015-09-03,GAS,Plugged OG Well,Vertical Well,Plugged,https://wellwiki.org/wiki/37-129-24630,,"2622145"
37-129-24637,,"40.29858300019661","-79.35522199975583",PA,Westmoreland,Derry,CAREY REED UNIT 001,KRIEBEL MINERALS INC,2002-02-09,2015-04-29,GAS,Plugged OG Well,Vertical Well,Plugged,https://wellwiki.org/wiki/37-129-24637,,"2622146"
37-129-24662,,"40.50999199976008","-79.62521900015368",PA,Westmoreland,Washington,SOSIGIAN (MOSES) 1,XTO ENERGY INC,2002-10-08,2015-09-11,GAS,Plugged OG Well,Vertical Well,Plugged,https://wellwiki.org/wiki/37-129-24662,,"2622147"
37-085-22660,,"41.3406229999978","-80.23793099976805",PA,Mercer,Fairview,G YATSKO 2,VISTA RESOURCES INC,2000-01-03,2010-08-31,COMB. OIL&GAS,Plugged OG Well,Vertical Well,Plugged,https://wellwiki.org/wiki/37-085-22660,,"2622148"
37-083-47360,,"41.71061900012893","-78.77608299956292",PA,McKean,Wetmore,WARRANT 3122 30,HOWARD DRILLING INC,1999-07-19,2014-07-08,OIL,Plugged OG Well,Vertical Well,Plugged,https://wellwiki.org/wiki/37-083-47360,,"2622149"
37-085-20707,,"41.48052500018339","-80.3018389996098",PA,Mercer,Salem,RICHARDSON UNIT 1,PETROX INC,1800-01-01,1997-08-29,COMB. OIL&GAS,Plugged OG Well,Vertical Well,Plugged,https://wellwiki.org/wiki/37-085-20707,,"2622150"
37-019-20871,,"40.81280599972553","-79.80197199964898",PA,Butler,Jefferson,FRANK FISHPAW 11282,BLX INC,1800-01-01,2014-04-16,OIL,Plugged OG Well,Vertical Well,Plugged,https://wellwiki.org/wiki/37-019-20871,,"2622151"
37-031-00437,,"41.126828000310326","-79.31472800029645",PA,Clarion,Limestone,JF MARKLE 1 472,EQT PROD CO,1800-01-01,2020-04-22,GAS,Plugged OG Well,Vertical Well,Plugged,https://wellwiki.org/wiki/37-031-00437,,"2622152"
37-031-22993,,"41.123901000282714","-79.25790499962585",PA,Clarion,Limestone,CALDWELL FARMS 1 173,SNYDER BROS INC,1998-06-01,2015-09-02,COMB. OIL&GAS,Plugged OG Well,Vertical Well,Plugged,https://wellwiki.org/wiki/37-031-22993,,"2622153"
37-065-24296,,"41.17565000004747","-79.20298599975948",PA,Jefferson,Union,RUSSELL COOPER 4,TEXAS KEYSTONE INC,1999-12-13,2011-06-01,COMB. OIL&GAS,Plugged OG Well,Vertical Well,Plugged,https://wellwiki.org/wiki/37-065-24296,,"2622154"
37-121-20171,,"41.212421000320596","-79.93619100023483",PA,Venango,Irwin,M. J. HOFFMAN A-8,ADOBE COAL CO,1963-07-08,,OIL,Plugged OG Well,Vertical Well,Plugged,https://wellwiki.org/wiki/37-121-20171,,"2622155"
37-121-27800,,"41.39301299973985","-79.70915799981505",PA,Venango,Cranberry,KERR K-11,SUTTWAY DEV CORP,1980-10-02,,OIL,Plugged OG Well,Vertical Well,Plugged,https://wellwiki.org/wiki/37-121-27800,,"2622156"
37-121-28624,,"41.471106000035846","-79.65083600019274",PA,Venango,Cornplanter,WHITE (CUBBON) 5,LT OIL CO LLC,1980-12-04,2019-11-11,OIL,Plugged OG Well,Vertical Well,Plugged,https://wellwiki.org/wiki/37-121-28624,,"2622157"
37-121-36533,,"41.518618999720985","-79.89155299960629",PA,Venango,Jackson,R W DRAKE 2,RANGE RESOURCES APPALACHIA LLC,1984-08-21,2018-09-05,GAS,Plugged OG Well,Vertical Well,Plugged,https://wellwiki.org/wiki/37-121-36533,,"2622158"
37-015-20095,,"41.60483600024826","-76.85511899967261",PA,Bradford,Canton,HICKOK 114,REPSOL OIL & GAS USA LLC,2008-11-14,2023-06-01,GAS,Plugged OG Well,Vertical Well,Plugged,https://wellwiki.org/wiki/37-015-20095,,"2622159"
37-083-47484,,"41.70360499970196","-78.70447100023385",PA,McKean,Hamlin,WARRANT 2689 DIAMOND 2,SENECA RESOURCES CO LLC,1999-12-22,2014-12-10,OIL,Plugged OG Well,Vertical Well,Plugged,https://wellwiki.org/wiki/37-083-47484,,"2622160"
37-059-01078,,"39.931775999756574","-80.29725400019629",PA,Greene,Center,I J CLUTTER 3675,EQUITRANS LP,1800-01-01,2021-11-02,STORAGE WELL,Plugged OG Well,Vertical Well,Plugged,https://wellwiki.org/wiki/37-059-01078,,"2622161"
37-059-01458,,"39.828706000084665","-80.1272410000906",PA,Greene,Whiteley,D & B WALKER 1,CUMBERLAND COAL RESOURCES LP,1800-01-01,2007-04-16,GAS,Plugged OG Well,Vertical Well,Plugged,https://wellwiki.org/wiki/37-059-01458,,"2622162"
37-083-31294,,"41.65132299990309","-78.89875499979115",PA,McKean,Wetmore,LOT 417 706,DAVIDSON ROGER D,1975-01-13,2013-06-06,OIL,Plugged OG Well,Vertical Well,Plugged,https://wellwiki.org/wiki/37-083-31294,,"2622163"
37-083-32076,,"41.98874999968491","-78.60272399960273",PA,McKean,Foster,NEWELL TRACT 150,SENECA RESOURCES CO LLC,1975-04-16,2013-06-21,OIL,Plugged OG Well,Vertical Well,Plugged,https://wellwiki.org/wiki/37-083-32076,,"2622164"
37-039-20158,,"41.66571399999112","-80.3049789996",PA,Crawford,Summit,JW FLEMING 1,SUMMIT DRILLING CO,1800-01-01,,GAS,Plugged OG Well,Vertical Well,Plugged,https://wellwiki.org/wiki/37-039-20158,,"2622165"
37-049-20297,,"41.93144600020395","-80.477513000278",PA,Erie,Springfield,DORIS SHIELDS OLMSTEAD 2,SIMMONS V H JR,1967-08-28,,DRY HOLE,Plugged OG Well,Vertical Well,Plugged,https://wellwiki.org/wiki/37-049-20297,,"2622166"
37-049-21223,,"41.85167500001313","-80.28867500029973",PA,Erie,Elk Creek,GREGORY J PETRUS 1,GAS PROD & SVC CONSULTANTS,1981-01-28,2015-07-23,GAS,Plugged OG Well,Vertical Well,Plugged,https://wellwiki.org/wiki/37-049-21223,,"2622167"
37-047-24131,,"41.286921999906","-78.6162460000114",PA,Elk,Fox,COP 1V 4273,EOG RESOURCES INC,2008-06-24,2014-05-29,GAS,Plugged OG Well,Vertical Well,Plugged,https://wellwiki.org/wiki/37-047-24131,,"2622168"
37-083-53621,,"41.947133999763786","-78.80491699958509",PA,McKean,Corydon,MALLORY WARRANT 4874 38,COASTAL PETRO CORP,2008-09-09,2022-11-01,OIL,Plugged OG Well,Vertical Well,Plugged,https://wellwiki.org/wiki/37-083-53621,,"2622169"
37-123-46284,,"41.9429669999607","-79.35473899988206",PA,Warren,Sugar Grove,SAUNDERS LEASE 2178,CATALYST ENERGY INC,2011-05-09,2016-12-19,OIL,Plugged OG Well,Vertical Well,Plugged,https://wellwiki.org/wiki/37-123-46284,,"2622170"
37-063-00280,,"40.85264500026845","-79.1250240001298",PA,Indiana,West Mahoning,I GEARHART 107A 1,PEOPLES GAS CO LLC,1941-06-24,2002-09-13,GAS,Plugged OG Well,Vertical Well,Plugged,https://wellwiki.org/wiki/37-063-00280,,"2622171"
37-039-20358,,"41.78185000031632","-80.29226200017868",PA,Crawford,Spring,ROBERT J WELCHECK 1,KASTLE RESOURCES ENTERPRISES INC,1969-12-19,2016-07-14,GAS,Plugged OG Well,Vertical Well,Plugged,https://wellwiki.org/wiki/37-039-20358,,"2622172"
37-039-21147,,"41.501102999889355","-80.05368099957636",PA,Crawford,Fairfield,MARION HAMILTON 1,RANGE RESOURCES APPALACHIA LLC,1981-03-17,2015-07-20,GAS,Plugged OG Well,Vertical Well,Plugged,https://wellwiki.org/wiki/37-039-21147,,"2622173"
37-049-22777,,"42.00613499998659","-80.3078089999688",PA,Erie,Girard,JOHN & LEONA HOLLAND 1,TRI STATE GAS & OIL DEV INC,1983-04-05,2013-09-21,GAS,Plugged OG Well,Vertical Well,Plugged,https://wellwiki.org/wiki/37-049-22777,,"2622174"
37-105-20456,,"41.57798300009013","-78.0685920001093",PA,Potter,Portage,NORTH PENN GAS CO O&G STATE SURFACE 2,LEE E & M LEE MINTER,1973-08-29,,DRY HOLE,Plugged OG Well,Vertical Well,Plugged,https://wellwiki.org/wiki/37-105-20456,,"2622175"
37-081-20544,,"41.43463099988277","-76.89996399999039",PA,Lycoming,Cascade,EUGENE NELSON A 4H,EQT ARO LLC,2011-09-18,2014-11-23,GAS,Plugged OG Well,Vertical Well,Plugged,https://wellwiki.org/wiki/37-081-20544,,"2622176"
37-003-22168,,"40.5343749999264","-80.11943299994792",PA,Allegheny,Kilbuck,CHARLES LENZNER UNIT 2,AMER NATURAL RESOURCES LLC,2011-05-05,2014-02-12,OIL,Plugged OG Well,Vertical Well,Plugged,https://wellwiki.org/wiki/37-003-22168,,"2622177"
37-003-22170,,"40.53477800030215","-80.11791400000644",PA,Allegheny,Ohio,CHARLES LENZNER UNIT 4,AMER NATURAL RESOURCES LLC,2011-04-29,2014-05-07,OIL,Plugged OG Well,Vertical Well,Plugged,https://wellwiki.org/wiki/37-003-22170,,"2622178"
37-115-20543,,"41.75580299979579","-76.02854700006768",PA,Susquehanna,Rush,CRAIGE 3H,CHESAPEAKE APPALACHIA LLC,2011-04-25,2015-11-03,GAS,Plugged OG Well,Horizontal Well,Plugged,https://wellwiki.org/wiki/37-115-20543,,"2622179"
37-081-20534,,"41.239575000091484","-76.63873100033533",PA,Lycoming,Penn,MARQUARDT UNIT C 2H,XTO ENERGY INC,2011-04-06,2019-03-28,GAS,Plugged OG Well,Horizontal Well,Plugged,https://wellwiki.org/wiki/37-081-20534,,"2622180"
37-123-05396,,"41.794852999722174","-79.0139079995817",PA,Warren,Mead,LOT 60 024,PIERCE & PETERSEN,1800-01-01,2010-02-22,UNDETERMINED,Plugged OG Well,Vertical Well,Plugged,https://wellwiki.org/wiki/37-123-05396,,"2622181"
37-083-47640,,"41.71027999999394","-78.69879799997577",PA,McKean,Hamlin,WARRANT 2689 K EST 4 OG WELL,SENECA RESOURCES CO LLC,2000-09-05,2014-11-25,OIL,Plugged OG Well,Vertical Well,Plugged,https://wellwiki.org/wiki/37-083-47640,,"2622182"
37-083-47806,,"41.951339000020916","-78.54679999963078",PA,McKean,Foster,GIBSON LEASE WW39,SNYDER BROS INC,2001-01-04,2022-01-27,INJECTION,Plugged OG Well,Vertical Well,Plugged,https://wellwiki.org/wiki/37-083-47806,,"2622183"
37-121-05250,,"41.48074699983771","-79.6891470000869",PA,Venango,Cornplanter,HANCOCK 8 (SRJ-2-R),PEMBROOKE OIL & GAS INC,1800-01-01,2015-12-03,OIL,Plugged OG Well,Vertical Well,Plugged,https://wellwiki.org/wiki/37-121-05250,,"2622184"
37-047-00441,,"41.310835000289075","-78.26171599975035",PA,Elk,Benezette,COMMONWEALTH OF PA SC354,SENECA RESOURCES CO LLC,1800-01-01,2017-10-02,GAS,Plugged OG Well,Vertical Well,Plugged,https://wellwiki.org/wiki/37-047-00441,,"2622185"
37-047-20310,,"41.534340000238224","-78.79172099958964",PA,Elk,Jones,UNITED NATURAL GAS CO O&G ALLEGHENY 2,HOLDEN OIL & GAS,1800-01-01,,GAS,Plugged OG Well,Vertical Well,Plugged,https://wellwiki.org/wiki/37-047-20310,,"2622186"
37-123-05046,,"41.644697999798225","-78.97921899972657",PA,Warren,Sheffield,LOT 8 4,CAMERON ENERGY CO,1800-01-01,2005-04-22,OIL,Plugged OG Well,Vertical Well,Plugged,https://wellwiki.org/wiki/37-123-05046,,"2622187"
37-083-15211,,"41.633830999861644","-78.79829900039418",PA,McKean,Wetmore,TUNBERG 5,MTN GAS CO,1800-01-01,,UNDETERMINED,Plugged OG Well,Vertical Well,Plugged,https://wellwiki.org/wiki/37-083-15211,,"2622188"
37-031-24872,,"41.32020599976732","-79.50991900005006",PA,Clarion,Elk,RA WEAVER 1,EXOTIC OIL & GAS LLC,2008-05-05,2014-07-24,GAS,Plugged OG Well,Vertical Well,Plugged,https://wellwiki.org/wiki/37-031-24872,,"2622189"
37-033-27022,,"41.12095799990469","-78.45394399996405",PA,Clearfield,Lawrence,COP 94H-5306,SENECA RESOURCES CO LLC,2011-11-09,2022-06-30,GAS,Plugged OG Well,Horizontal Well,Plugged,https://wellwiki.org/wiki/37-033-27022,,"2622190"
37-083-48356,,"41.682204999903576","-78.36598999990325",PA,McKean,Norwich,HEINEMANN TRACT OFG 4,OPEN FLOW GAS SUPPLY CORP,2001-12-11,2015-05-08,COMB. OIL&GAS,Plugged OG Well,Vertical Well,Plugged,https://wellwiki.org/wiki/37-083-48356,,"2622191"
37-085-23697,,"41.35110100031106","-80.45997999966784",PA,Mercer,Pymatuning,T WOODS 1,STRYKER ENERGY LLC,2005-02-18,2019-12-05,GAS,Plugged OG Well,Vertical Well,Plugged,https://wellwiki.org/wiki/37-085-23697,,"2622192"
37-063-32984,,"40.61701700020854","-79.04481700011235",PA,Indiana,Cherryhill,TRACT 69 SUTTON 1,SK OPR INC,2002-01-24,2017-12-05,GAS,Plugged OG Well,Vertical Well,Plugged,https://wellwiki.org/wiki/37-063-32984,,"2622193"
37-047-01789,,"41.54892399972813","-78.60654700038154",PA,Elk,Jones,HOSKINS X 12,UNKNOWN OPR,1800-01-01,,OIL,Plugged OG Well,Vertical Well,Plugged,https://wellwiki.org/wiki/37-047-01789,,"2622194"
37-125-22874,,"40.276440000338155","-80.234829000311",PA,Washington,Chartiers,JOHNSTON CHARLES UNIT 2H,RANGE RESOURCES APPALACHIA LLC,2007-09-12,2017-06-06,GAS,Plugged OG Well,Vertical Well,Plugged,https://wellwiki.org/wiki/37-125-22874,,"2622195"
37-085-21064,,"41.14828599972922","-80.49514700027215",PA,Mercer,Shenango,ELI UNIT 1,ENERVEST OPR LLC,1990-08-22,2013-12-04,GAS,Plugged OG Well,Vertical Well,Plugged,https://wellwiki.org/wiki/37-085-21064,,"2622196"
37-083-13490,,"41.999503000328225","-78.56337199961796",PA,McKean,Foster,JOHNSTON LOT 39 ZB6,BARRY ASSOC INC,1800-01-01,2003-12-19,UNDETERMINED,Plugged OG Well,Vertical Well,Plugged,https://wellwiki.org/wiki/37-083-13490,,"2622197"
37-059-25584,,"40.00822200013991","-80.29913100033805",PA,Greene,Morris,CONRHEIN NV16BCV,CNX GAS CO LLC,2010-10-20,2022-01-18,GAS,Plugged OG Well,Horizontal Well,Plugged,https://wellwiki.org/wiki/37-059-25584,,"2622198"
37-083-08453,,"41.97997500006506","-78.61101899981715",PA,McKean,Foster,HAMPSHIRE & EMERY 13,E JAMES & JOHN W BRYNER,1800-01-01,2001-03-22,OIL,Plugged OG Well,Vertical Well,Plugged,https://wellwiki.org/wiki/37-083-08453,,"2622199"
37-083-55277,,"41.631085999987285","-78.71653300025228",PA,McKean,Wetmore,COLLINS PINE WT 3213 1V 50418,SENECA RESOURCES CO LLC,2011-01-12,2018-02-28,GAS,Plugged OG Well,Vertical Well,Plugged,https://wellwiki.org/wiki/37-083-55277,,"2622200"
37-123-04750,,"41.82982500001152","-79.11025300011639",PA,Warren,Glade,GALLAGHER 82,PIERCE & PETERSEN,1800-01-01,2001-02-22,UNDETERMINED,Plugged OG Well,Vertical Well,Plugged,https://wellwiki.org/wiki/37-123-04750,,"2622201"
37-019-20078,,"40.86293500012364","-79.6943480003419",PA,Butler,Clearfield,GEORGE M MORROW 1,PEOPLES GAS CO LLC,1800-01-01,,GAS,Plugged OG Well,Vertical Well,Plugged,https://wellwiki.org/wiki/37-019-20078,,"2622202"
37-019-20738,,"40.676373999809584","-80.00409100001148",PA,Butler,Adams,VERNE PURVIS 1,PURVIS DAVID V,1800-01-01,1979-04-20,DRY HOLE,Plugged OG Well,Vertical Well,Plugged,https://wellwiki.org/wiki/37-019-20738,,"2622203"
37-059-22819,,"39.73266099985426","-80.25160799998743",PA,Greene,Wayne,BLACKSVILLE II 5-S-1,CNX GAS CO LLC,1800-01-01,2022-07-12,COALBED METHANE,Plugged OG Well,Vertical Well,Plugged,https://wellwiki.org/wiki/37-059-22819,,"2622204"
37-083-47443,,"41.91822499976125","-78.45537500004198",PA,McKean,Otto,DEVLING 5,OTTER EXPLORATION INC,1999-10-11,2015-10-16,OIL,Plugged OG Well,Vertical Well,Plugged,https://wellwiki.org/wiki/37-083-47443,,"2622205"
37-083-04471,,"41.7545610000024","-78.8958909999855",PA,McKean,Hamilton,SERIAL 237P 237P,NATL FUEL GAS SUPPLY CORP,1800-01-01,2023-12-18,STORAGE WELL,Plugged OG Well,Vertical Well,Plugged,https://wellwiki.org/wiki/37-083-04471,,"2622206"
37-083-06965,,"41.719885999907966","-78.63061100014393",PA,McKean,Mount Jewett,SMITH DOUGLAS 7,PENNHILLS RESOURCES LLC,1800-01-01,,GAS,Plugged OG Well,Vertical Well,Plugged,https://wellwiki.org/wiki/37-083-06965,,"2622207"
37-083-07059,,"41.691103000047846","-78.78801900008297",PA,McKean,Sergeant,WARRANT 3131 75,SWEPI LP,1800-01-01,2015-08-07,GAS,Plugged OG Well,Vertical Well,Plugged,https://wellwiki.org/wiki/37-083-07059,,"2622208"
37-083-07430,,"41.99149399967291","-78.56043300036754",PA,McKean,Foster,JOHNSTON LOT 36 ZB0116,BARRY ASSOC INC,1800-01-01,2010-06-12,INJECTION,Plugged OG Well,Vertical Well,Plugged,https://wellwiki.org/wiki/37-083-07430,,"2622209"
37-083-07433,,"41.99149399967291","-78.55653599996887",PA,McKean,Foster,JOHNSTON LOT 36 ZB0119,BARRY ASSOC INC,1800-01-01,2012-06-08,INJECTION,Plugged OG Well,Vertical Well,Plugged,https://wellwiki.org/wiki/37-083-07433,,"2622210"
37-083-07467,,"41.999039000017554","-78.557192000095",PA,McKean,Foster,JOHNSTON LOT 37 ZB011,BARRY ASSOC INC,1800-01-01,2004-04-07,INJECTION,Plugged OG Well,Vertical Well,Plugged,https://wellwiki.org/wiki/37-083-07467,,"2622211"
37-083-07543,,"41.98916299992925","-78.57448200013259",PA,McKean,Foster,JOHNSTON LOT 56 ZC0134,BARRY ASSOC INC,1800-01-01,2015-10-12,INJECTION,Plugged OG Well,Vertical Well,Plugged,https://wellwiki.org/wiki/37-083-07543,,"2622212"
37-083-12843,,"41.67954700012368","-78.80743800015739",PA,McKean,Wetmore,NORTH KANE LEASE 9,HARRIET PROP INC,1800-01-01,,UNDETERMINED,Plugged OG Well,Vertical Well,Plugged,https://wellwiki.org/wiki/37-083-12843,,"2622213"
37-039-20205,,"41.760798000147865","-80.36426000019544",PA,Crawford,Conneautville,CONNEAUTVILLE BORO POOL 1,JAMES DRILLING CORP,1966-11-19,,GAS,Plugged OG Well,Vertical Well,Plugged,https://wellwiki.org/wiki/37-039-20205,,"2622214"
37-039-20415,,"41.78508200025533","-80.24531700013635",PA,Crawford,Cussewago,JOSEPH & HAROLD SCHMIDT 2,KASTLE RESOURCES ENTERPRISES INC,1972-12-09,2017-07-27,GAS,Plugged OG Well,Vertical Well,Plugged,https://wellwiki.org/wiki/37-039-20415,,"2622215"
37-039-20758,,"41.516839999869624","-80.21394399999853",PA,Crawford,Greenwood,FRANK & HELEN BITENC 4,RANGE RESOURCES APPALACHIA LLC,1980-09-15,2014-06-09,GAS,Plugged OG Well,Vertical Well,Plugged,https://wellwiki.org/wiki/37-039-20758,,"2622216"
37-039-21321,,"41.51066499971887","-80.00633300002623",PA,Crawford,Wayne,JOHN SCHMUCKER 1,RANGE RESOURCES APPALACHIA LLC,1981-09-07,2019-05-13,GAS,Plugged OG Well,Vertical Well,Plugged,https://wellwiki.org/wiki/37-039-21321,,"2622217"
37-125-01168,,"40.16052799987874","-80.39186099960808",PA,Washington,Blaine,HODGENS JAS SR 10,DALLAS ENERGY LLC,1800-01-01,2019-09-05,OIL,Plugged OG Well,Vertical Well,Plugged,https://wellwiki.org/wiki/37-125-01168,,"2622218"
37-125-01202,,"40.16333300029864","-80.30974999968467",PA,Washington,Canton,MONTGOMERY J 8,DALLAS ENERGY LLC,1800-01-01,2020-07-10,OIL,Plugged OG Well,Vertical Well,Plugged,https://wellwiki.org/wiki/37-125-01202,,"2622219"
37-125-01254,,"40.183149999747165","-80.34684999960893",PA,Washington,Buffalo,HAGERTY J 1,DALLAS ENERGY LLC,1800-01-01,2023-02-15,OIL,Plugged OG Well,Vertical Well,Plugged,https://wellwiki.org/wiki/37-125-01254,,"2622220"
37-125-01275,,"40.17606400014644","-80.33773599996009",PA,Washington,Buffalo,KNOX WM 17,DALLAS ENERGY LLC,1800-01-01,2020-10-23,OIL,Plugged OG Well,Vertical Well,Plugged,https://wellwiki.org/wiki/37-125-01275,,"2622221"
37-125-01593,,"40.182690000030966","-80.36959000032185",PA,Washington,Blaine,JAS. MCMANNIS 7,DALLAS ENERGY LLC,1800-01-01,2020-04-08,GAS,Plugged OG Well,Vertical Well,Plugged,https://wellwiki.org/wiki/37-125-01593,,"2622222"
37-053-26782,,"41.5365420001932","-78.96598099989835",PA,Forest,Howe,ALLEGHENY NATL FOREST WARRANTT 2023 14,TEXAKOMA OPR LP,1996-11-04,2014-09-26,OIL,Plugged OG Well,Vertical Well,Plugged,https://wellwiki.org/wiki/37-053-26782,,"2622223"
37-129-23987,,"40.25857600008931","-79.47387299973684",PA,Westmoreland,Unity,R F CLARK 1,SK OPR INC,1997-02-17,2023-11-17,GAS,Plugged OG Well,Vertical Well,Plugged,https://wellwiki.org/wiki/37-129-23987,,"2622224"
37-039-22085,,"41.84660199996815","-79.93495799962533",PA,Crawford,Rockdale,GERALD CRYNOCK 1,D & S CHARTERS LTD,1984-01-16,2015-11-09,GAS,Plugged OG Well,Vertical Well,Plugged,https://wellwiki.org/wiki/37-039-22085,,"2622225"
37-039-22682,,"41.69859600028813","-79.68838700020372",PA,Crawford,Rome,MARK S RUSSELL SER 1,RANGE RESOURCES APPALACHIA LLC,1986-06-09,2013-11-02,GAS,Plugged OG Well,Vertical Well,Plugged,https://wellwiki.org/wiki/37-039-22682,,"2622226"
37-047-00787,,"41.44890000030044","-78.88456000043624",PA,Elk,Spring Creek,JERRY CRARY ET AL 691P,DIVERSIFIED PROD LLC,1800-01-01,2021-01-29,GAS,Plugged OG Well,Vertical Well,Plugged,https://wellwiki.org/wiki/37-047-00787,,"2622227"
37-047-01081,,"41.21597199993293","-78.68022199962522",PA,Elk,Horton,SERIAL 4763 4763,NATL FUEL GAS SUPPLY CORP,1800-01-01,2014-06-17,STORAGE WELL,Plugged OG Well,Vertical Well,Plugged,https://wellwiki.org/wiki/37-047-01081,,"2622228"
37-005-01733,,"40.68549999979848","-79.40750000029759",PA,Armstrong,Plumcreek,"MAUDE E. CUMMING, ETAL B74X-2",RANGE RESOURCES APPALACHIA LLC,1800-01-01,2016-06-20,GAS,Plugged OG Well,Vertical Well,Plugged,https://wellwiki.org/wiki/37-005-01733,,"2622229"
37-005-01754,,"40.823500000035125","-79.37405599984925",PA,Armstrong,Valley,G.F. CULBERTSON 517-1,RANGE RESOURCES APPALACHIA LLC,1800-01-01,2014-10-01,GAS,Plugged OG Well,Vertical Well,Plugged,https://wellwiki.org/wiki/37-005-01754,,"2622230"
37-049-20126,,"41.866082000117245","-80.4568239997841",PA,Erie,Conneaut,EB FORINASH 2,JAMES DRILLING CORP,1964-10-17,,GAS,Plugged OG Well,Vertical Well,Plugged,https://wellwiki.org/wiki/37-049-20126,,"2622231"
37-049-20189,,"41.88922700011262","-80.44931000026759",PA,Erie,Conneaut,MYRTLE WHITE JOHN AVEY 1,GREENRIDGE OIL CO LLC,1965-06-22,2020-03-31,GAS,Plugged OG Well,Vertical Well,Plugged,https://wellwiki.org/wiki/37-049-20189,,"2622232"
37-049-20582,,"41.977639999734386","-79.63438899987902",PA,Erie,Wayne,ANTHONY SLAVA TRACT 2101 1,TAMARACK PETRO CORP,1978-09-02,2010-07-01,GAS,Plugged OG Well,Vertical Well,Plugged,https://wellwiki.org/wiki/37-049-20582,,"2622233"
37-049-21259,,"42.10122199972219","-80.08044199963818",PA,Erie,Erie,TECHNICAL MEMORIAL HIGH SCHOOL 1T1,ERIE CITY SCH DIST,1800-01-01,2020-11-29,GAS,Plugged OG Well,Vertical Well,Plugged,https://wellwiki.org/wiki/37-049-21259,,"2622234"
37-049-21307,,"41.9057209997185","-79.99539199956602",PA,Erie,Le Boeuf,SILAS & ELSIE COON 1,MEDINA RES DEV CO LLC,1981-04-01,2022-07-06,GAS,Plugged OG Well,Vertical Well,Plugged,https://wellwiki.org/wiki/37-049-21307,,"2622235"
37-023-20022,,"41.435835000000715","-78.30523000044762",PA,Cameron,Shippen,FLETCHER COLEMAN HEIRS 3,EQT PROD CO,1962-08-30,2014-07-08,GAS,Plugged OG Well,Vertical Well,Plugged,https://wellwiki.org/wiki/37-023-20022,,"2622236"
37-005-21919,,"40.97903999980947","-79.23137000041815",PA,Armstrong,Redbank,JOHN T OLINGER ET AL 1 9005,EQT PROD CO,1976-05-04,2019-10-01,GAS,Plugged OG Well,Vertical Well,Plugged,https://wellwiki.org/wiki/37-005-21919,,"2622237"
37-085-21854,,"41.21843000024225","-80.12140700017405",PA,Mercer,Findley,PAXTON 4,DIVERSIFIED PROD LLC,1994-01-28,2022-07-06,COMB. OIL&GAS,Plugged OG Well,Vertical Well,Plugged,https://wellwiki.org/wiki/37-085-21854,,"2622238"
37-085-22054,,"41.212647999678175","-80.02763599991512",PA,Mercer,Wolf Creek,WEBER 2,STK INVESTMENTS LLC,1995-01-27,2022-04-01,GAS,Plugged OG Well,Vertical Well,Plugged,https://wellwiki.org/wiki/37-085-22054,,"2622239"
37-085-22115,,"41.20911599984181","-80.03447499993726",PA,Mercer,Wolf Creek,VOLTZ 2,ENERVEST OPR LLC,1997-02-13,2013-12-18,COMB. OIL&GAS,Plugged OG Well,Vertical Well,Plugged,https://wellwiki.org/wiki/37-085-22115,,"2622240"
37-105-20171,,"41.91733500032766","-77.93238599977684",PA,Potter,Genesee,NYSNG CORP RUSSELL EW213,EASTERN GAS TRANS & STORAGE INC,1800-01-01,,STORAGE WELL,Plugged OG Well,Vertical Well,Plugged,https://wellwiki.org/wiki/37-105-20171,,"2622241"
37-019-01718,,"41.024388000255556","-79.72312700011248",PA,Butler,Fairview,CAMPBELL 7,WALKER OIL PROD INC,1800-01-01,1999-01-01,COMB. OIL&GAS,Plugged OG Well,Vertical Well,Plugged,https://wellwiki.org/wiki/37-019-01718,,"2622242"
37-019-20525,,"40.695717999985284","-79.70554800036989",PA,Butler,Buffalo,WL DRAKE 825,UNKNOWN OPR,1800-01-01,,UNDETERMINED,Plugged OG Well,Vertical Well,Plugged,https://wellwiki.org/wiki/37-019-20525,,"2622243"
37-019-20989,,"40.84728999968104","-79.69623899982905",PA,Butler,Clearfield,EMMA MCCLAFFERTY 1,PEOPLES GAS CO LLC,1800-01-01,1982-05-07,UNDETERMINED,Plugged OG Well,Vertical Well,Plugged,https://wellwiki.org/wiki/37-019-20989,,"2622244"
37-019-21145,,"41.07401499991086","-79.7082320002505",PA,Butler,Parker,SMITH 4,THOMAS E SIEGEL,1800-01-01,1984-02-14,OIL,Plugged OG Well,Vertical Well,Plugged,https://wellwiki.org/wiki/37-019-21145,,"2622245"
37-053-21342,,"41.578397000236635","-79.2804379997512",PA,Forest,Kingsley,TRACT 5212 65DJV,VERTULLO JOHN A,1975-10-12,,GAS,Plugged OG Well,Vertical Well,Plugged,https://wellwiki.org/wiki/37-053-21342,,"2622246"
37-053-22044,,"41.542355999952434","-79.48703699994523",PA,Forest,Tionesta,J BREDIN PH1 2,NORTH AMER OIL & GAS DRILLING CO INC,1978-09-14,2021-05-10,OIL,Plugged OG Well,Vertical Well,Plugged,https://wellwiki.org/wiki/37-053-22044,,"2622247"
37-033-24408,,"40.95867899973836","-78.73124999983901",PA,Clearfield,Bell,SHEROSKY 557,DIVERSIFIED PROD LLC,1999-09-30,2021-09-21,GAS,Plugged OG Well,Vertical Well,Plugged,https://wellwiki.org/wiki/37-033-24408,,"2622248"
37-063-24321,,"40.656702999907665","-78.88270800040884",PA,Indiana,Green,MINTA FORSHA 1,XTO ENERGY INC,1978-09-14,2015-10-09,GAS,Plugged OG Well,Vertical Well,Plugged,https://wellwiki.org/wiki/37-063-24321,,"2622249"
37-063-24855,,"40.66006899989562","-79.24397800005953",PA,Indiana,Armstrong,FRED YARNICK 2,CNX GAS CO LLC,1979-07-07,2016-10-06,GAS,Plugged OG Well,Vertical Well,Plugged,https://wellwiki.org/wiki/37-063-24855,,"2622250"
37-003-00712,,"40.51909800026287","-80.10166699970925",PA,Allegheny,Kilbuck,EMMA TAYLOR 894,EQT PROD CO,1800-01-01,2022-10-19,GAS,Plugged OG Well,Vertical Well,Plugged,https://wellwiki.org/wiki/37-003-00712,,"2622251"
37-003-00926,,"40.21605500021529","-79.86183999987526",PA,Allegheny,Forward,M.P. IRWIN 1,EQUITRANS LP,1800-01-01,2018-10-19,STORAGE WELL,Plugged OG Well,Vertical Well,Plugged,https://wellwiki.org/wiki/37-003-00926,,"2622252"
37-123-20531,,"41.867194000203064","-79.32829300036283",PA,Warren,Brokenstraw,F W WOODARD 1,WHITTINGTON & WHITTINGTON,1963-04-05,2020-04-05,OIL,Plugged OG Well,Vertical Well,Plugged,https://wellwiki.org/wiki/37-123-20531,,"2622253"
37-123-27456,,"41.88233300005962","-79.34669999976069",PA,Warren,Brokenstraw,EDWARD B DAY HULL H123,LINDELL & MANEY LLC,1979-10-23,2013-05-01,OIL,Plugged OG Well,Vertical Well,Plugged,https://wellwiki.org/wiki/37-123-27456,,"2622254"
37-065-00455,,"41.07017100003198","-79.16712799976723",PA,Jefferson,Beaver,WC HETRICK 1,PA MINERAL SVCS LLC,1800-01-01,2023-08-23,GAS,Plugged OG Well,Vertical Well,Plugged,https://wellwiki.org/wiki/37-065-00455,,"2622255"
37-129-00278,,"40.530526999724906","-79.61556700037947",PA,Westmoreland,Washington,FRANK KIEBLER 1,EQT PROD CO,1800-01-01,2022-09-26,GAS,Plugged OG Well,Vertical Well,Plugged,https://wellwiki.org/wiki/37-129-00278,,"2622256"
37-123-01767,,"41.67667300023054","-78.972615999706",PA,Warren,Sheffield,SERIAL # 870-P 870-P,NATL FUEL GAS SUPPLY CORP,1800-01-01,2020-10-20,STORAGE WELL,Plugged OG Well,Vertical Well,Plugged,https://wellwiki.org/wiki/37-123-01767,,"2622257"
37-123-38442,,"41.85883299976662","-79.26956699961119",PA,Warren,Brokenstraw,PETERSON P117,LINDELL & MANEY LLC,1800-01-01,2013-10-01,COMB. OIL&GAS,Plugged OG Well,Vertical Well,Plugged,https://wellwiki.org/wiki/37-123-38442,,"2622259"
37-123-39325,,"41.71391399994296","-79.073735999625",PA,Warren,Sheffield,LOT 244 14C,MEAD OIL LLC,1986-04-29,2014-11-18,OIL,Plugged OG Well,Vertical Well,Plugged,https://wellwiki.org/wiki/37-123-39325,,"2622260"
37-049-21605,,"41.93314799983432","-80.33685300005324",PA,Erie,Elk Creek,ALBERT KUZMA 1,GAS PROD & SVC CONSULTANTS,1982-03-12,2015-02-05,GAS,Plugged OG Well,Vertical Well,Plugged,https://wellwiki.org/wiki/37-049-21605,,"2622261"
37-031-20526,,"41.11992999984888","-79.32479599999726",PA,Clarion,Limestone,IDA R FLEMING 450,EQT PROD CO,1800-01-01,2019-04-01,GAS,Plugged OG Well,Vertical Well,Plugged,https://wellwiki.org/wiki/37-031-20526,,"2622262"
37-049-20342,,"41.8958130003257","-80.32522799987782",PA,Erie,Elk Creek,JAMES E SHERMAN 1,STARDUST OIL CO INC,1973-10-10,,DRY HOLE,Plugged OG Well,Vertical Well,Plugged,https://wellwiki.org/wiki/37-049-20342,,"2622263"
37-049-21378,,"41.878803000304096","-79.75030300027598",PA,Erie,Concord,ERNEST T BABCOCK 1,GOE PRO INC,1981-05-11,,GAS,Plugged OG Well,Vertical Well,Plugged,https://wellwiki.org/wiki/37-049-21378,,"2622264"
37-049-22995,,"42.07853600024867","-80.08512099966133",PA,Erie,Millcreek,GALVIN 1,GALVIN EARL G,1800-01-01,2017-04-20,GAS,Plugged OG Well,Vertical Well,Plugged,https://wellwiki.org/wiki/37-049-22995,,"2622265"
37-063-26130,,"40.5062859999093","-79.12811600043943",PA,Indiana,Center,(MCFEATERS TRACT) R & P COAL CO 2734PC,DIVERSIFIED PROD LLC,1981-04-16,2022-06-20,GAS,Plugged OG Well,Vertical Well,Plugged,https://wellwiki.org/wiki/37-063-26130,,"2622266"
37-063-26671,,"40.63200000032179","-78.94053499956351",PA,Indiana,Cherryhill,GILBERT SIMMONS 2,DIVERSIFIED PROD LLC,1982-03-03,2022-05-17,GAS,Plugged OG Well,Vertical Well,Plugged,https://wellwiki.org/wiki/37-063-26671,,"2622267"
37-125-01162,,"40.155916999657244","-80.38486099992744",PA,Washington,Blaine,HODGENS J A 1,DALLAS ENERGY LLC,1800-01-01,2020-10-06,OIL,Plugged OG Well,Vertical Well,Plugged,https://wellwiki.org/wiki/37-125-01162,,"2622268"
37-125-01176,,"40.1490000001199","-80.3840829996026",PA,Washington,Blaine,HODGENS J W 5,DALLAS ENERGY LLC,1800-01-01,2019-08-27,OIL,Plugged OG Well,Vertical Well,Plugged,https://wellwiki.org/wiki/37-125-01176,,"2622269"
37-125-01577,,"40.14844399970763","-80.39922199986204",PA,Washington,Blaine,L. CARSON 3,DALLAS ENERGY LLC,1800-01-01,2017-05-30,UNDETERMINED,Plugged OG Well,Vertical Well,Plugged,https://wellwiki.org/wiki/37-125-01577,,"2622270"
37-125-21095,,"40.0540540001845","-79.91939900013963",PA,Washington,California,MIDDLE MONONGAHELA INDUSTRIAL DEVELO 5208,WASHINGTON CNTY REDEV AUTH,1977-09-23,,GAS,Plugged OG Well,Vertical Well,Plugged,https://wellwiki.org/wiki/37-125-21095,,"2622271"
37-049-22503,,"42.12693800029803","-80.08943999983438",PA,Erie,Erie,1ST UNITED PRESB CH OF COVENANT 1,FIRST PRESB CH OF THE COVENANT,1800-01-01,2023-07-10,GAS,Plugged OG Well,Vertical Well,Plugged,https://wellwiki.org/wiki/37-049-22503,,"2622272"
37-027-20035,,"41.058092000019975","-77.83501900031645",PA,Centre,Snow Shoe,TEXASGULF 1,NCL NATURAL RESOURCES LLC,1983-12-01,2014-10-27,GAS,Plugged OG Well,Vertical Well,Plugged,https://wellwiki.org/wiki/37-027-20035,,"2622273"
37-027-20075,,"40.901308000006594","-78.08411899980796",PA,Centre,Rush,COMMONWEALTH OF PA TR-243 2,NCL NATURAL RESOURCES LLC,1984-09-10,2011-02-23,GAS,Plugged OG Well,Vertical Well,Plugged,https://wellwiki.org/wiki/37-027-20075,,"2622274"
37-059-01572,,"39.89002799998296","-80.42066700004115",PA,Greene,Richhill,EMMA MCCRACKEN 1 (4710),LEATHERWOOD LLC,1800-01-01,2014-03-12,OIL,Plugged OG Well,Vertical Well,Plugged,https://wellwiki.org/wiki/37-059-01572,,"2622275"
37-059-01743,,"39.88658299998884","-80.43750000014424",PA,Greene,Richhill,R H (AKA B H) MCNAY N-146-23,LEATHERWOOD LLC,1800-01-01,2013-04-12,GAS,Plugged OG Well,Vertical Well,Plugged,https://wellwiki.org/wiki/37-059-01743,,"2622276"
37-059-01896,,"39.744153999664555","-80.34529200020772",PA,Greene,Gilmore,GARRISON FARM 1,CONSOLIDATION COAL CO,1800-01-01,2021-03-22,GAS,Plugged OG Well,Vertical Well,Plugged,https://wellwiki.org/wiki/37-059-01896,,"2622277"
37-059-01951,,"39.994241999922004","-80.2340829997732",PA,Greene,Washington,CONKLIN 14,CONSOL PA COAL CO LLC,1800-01-01,2022-06-06,OIL,Plugged OG Well,Vertical Well,Plugged,https://wellwiki.org/wiki/37-059-01951,,"2622278"
37-063-00180,,"40.76360999973365","-79.04132999979251",PA,Indiana,East Mahoning,F C LAUGHLIN 30A 1,PEOPLES GAS CO LLC,1800-01-01,2022-12-09,STORAGE WELL,Plugged OG Well,Vertical Well,Plugged,https://wellwiki.org/wiki/37-063-00180,,"2622279"
37-125-92481,,"40.186946000089165","-80.21437199962071",PA,Washington,South Strabane,L ASHMORE 1,UNKNOWN OPR,1800-01-01,,OIL,Plugged OG Well,Vertical Well,Plugged,https://wellwiki.org/wiki/37-125-92481,,"2622280"
37-047-90024,,"41.43899299983466","-78.82969400027334",PA,Elk,Spring Creek,ALLEGHENY NATIONAL FOREST 265,SYLVANIA CORP,1800-01-01,,DRY HOLE,Plugged OG Well,Vertical Well,Plugged,https://wellwiki.org/wiki/37-047-90024,,"2622281"
37-047-21302,,"41.625005999707994","-78.83305600002137",PA,Elk,Highland,GRIFFITH LOTS 22 & 23 14,WITCO CORP,1800-01-01,1993-08-18,OIL,Plugged OG Well,Vertical Well,Plugged,https://wellwiki.org/wiki/37-047-21302,,"2622282"
37-123-48727,,"41.72296700025078","-79.52989999964096",PA,Warren,Eldred,THOMAS 12,UNKNOWN OPR,1800-01-01,2022-11-11,UNDETERMINED,Plugged OG Well,Undetermined,Plugged,https://wellwiki.org/wiki/37-123-48727,,"2622283"
37-125-92452,,"40.21156599983664","-80.18058900013696",PA,Washington,North Strabane,H M KEENEY 5,UNKNOWN OPR,1800-01-01,,GAS,Plugged OG Well,Vertical Well,Plugged,https://wellwiki.org/wiki/37-125-92452,,"2622284"
37-125-92504,,"40.18667100004376","-80.21823899988215",PA,Washington,South Strabane,L ASHMORE 25,UNKNOWN OPR,1800-01-01,,OIL,Plugged OG Well,Vertical Well,Plugged,https://wellwiki.org/wiki/37-125-92504,,"2622285"
37-125-92477,,"40.197239999936286","-80.24247699972182",PA,Washington,South Strabane,L & G & C KINSKEY 1,MANUFACTURERS LIGHT & HEAT CO,1800-01-01,,COMB. OIL&GAS,Plugged OG Well,Vertical Well,Plugged,https://wellwiki.org/wiki/37-125-92477,,"2622286"
37-125-92510,,"40.19435700024759","-80.21920499962967",PA,Washington,South Strabane,LEON WOJCUICK 2,UNKNOWN OPR,1800-01-01,,OIL,Plugged OG Well,Vertical Well,Plugged,https://wellwiki.org/wiki/37-125-92510,,"2622287"
37-125-92466,,"40.21324000010939","-80.17360299980173",PA,Washington,North Strabane,HARRY HATFIELD 7,UNKNOWN OPR,1800-01-01,,OIL,Plugged OG Well,Vertical Well,Plugged,https://wellwiki.org/wiki/37-125-92466,,"2622288"
37-125-92460,,"40.2072040000513","-80.17553199982203",PA,Washington,North Strabane,MAX N ANESETTI 6,UNKNOWN OPR,1800-01-01,,GAS,Plugged OG Well,Vertical Well,Plugged,https://wellwiki.org/wiki/37-125-92460,,"2622289"
37-125-92454,,"40.20967200032531","-80.17378199990189",PA,Washington,North Strabane,SAM THOME 4,UNKNOWN OPR,1800-01-01,,OIL,Plugged OG Well,Vertical Well,Plugged,https://wellwiki.org/wiki/37-125-92454,,"2622290"
37-125-92462,,"40.207532999819556","-80.18254999994431",PA,Washington,North Strabane,MAX N ANESETTI 8,UNKNOWN OPR,1800-01-01,,GAS,Plugged OG Well,Vertical Well,Plugged,https://wellwiki.org/wiki/37-125-92462,,"2622291"
37-125-92478,,"40.196278999935856","-80.24899299970377",PA,Washington,South Strabane,P PORTO 1,MANUFACTURERS LIGHT & HEAT CO,1800-01-01,,GAS,Plugged OG Well,Vertical Well,Plugged,https://wellwiki.org/wiki/37-125-92478,,"2622292"
37-125-92465,,"40.214474999843105","-80.17181199987368",PA,Washington,North Strabane,HARRY HATFIELD 6,UNKNOWN OPR,1800-01-01,,DRY HOLE,Plugged OG Well,Vertical Well,Plugged,https://wellwiki.org/wiki/37-125-92465,,"2622293"
37-125-92459,,"40.21378900019742","-80.1754299997148",PA,Washington,North Strabane,A L AULD 3,UNKNOWN OPR,1800-01-01,,COMB. OIL&GAS,Plugged OG Well,Vertical Well,Plugged,https://wellwiki.org/wiki/37-125-92459,,"2622294"
37-083-06222,,"41.95833599974268","-78.44971000017982",PA,McKean,Otto,JONES MIDDAUGH 426,PENNZOIL PROD CO,1800-01-01,1994-11-29,OIL,Plugged OG Well,Vertical Well,Plugged,https://wellwiki.org/wiki/37-083-06222,,"2622295"
37-083-06014,,"41.97085899997983","-78.4396979996572",PA,McKean,Eldred,HAMLIN 0109,PENNZOIL PROD CO,1800-01-01,1991-09-12,INJECTION,Plugged OG Well,Vertical Well,Plugged,https://wellwiki.org/wiki/37-083-06014,,"2622296"
37-083-04979,,"41.928561999885474","-78.53272499992646",PA,McKean,Foster,SUMMIT FLOOD 8 044 8,QUAKER STATE CORP,1800-01-01,1989-01-18,INJECTION,Plugged OG Well,Vertical Well,Plugged,https://wellwiki.org/wiki/37-083-04979,,"2622297"
37-083-03030,,"41.820438999950156","-78.68894899965977",PA,McKean,Lafayette,KENNEDY DEV 0 2,MINARD RUN OIL CO,1800-01-01,1997-11-14,INJECTION,Plugged OG Well,Vertical Well,Plugged,https://wellwiki.org/wiki/37-083-03030,,"2622298"
47-033-05218,033-05218,"39.238286241681855","-80.27448117717603",WV,"033",,KEY OIL CO.,KEY OIL COMPANY,,,Unknown,Active Well,Vertical,Other / Unknown,https://wellwiki.org/wiki/47-033-05218,,"4619961"
47-013-01167,013-01167,"38.83834506317058","-81.01375643968353",WV,"013",,STUMP (ALL),"GUNN, C. C.",,,Not Available,Active Well,Vertical,Other / Unknown,https://wellwiki.org/wiki/47-013-01167,,"4619962"
47-013-00261,013-00261,"38.82442494029355","-81.04042607954642",WV,"013",,"STUMP, W. E.","GREER, INC.",,,Unknown,Active Well,Vertical,Other / Unknown,https://wellwiki.org/wiki/47-013-00261,,"4619963"
47-041-00751,041-00751,"39.04801056335038","-80.64100187972475",WV,"041",,ALLMAN,CLEM ENERGY LLC,,,Gas Production,Active Well,Vertical,Production Well,https://wellwiki.org/wiki/47-041-00751,,"4619964"
47-039-04925,039-04925,"38.326033656039165","-81.26437731101197",WV,"039",,"DILLARD, IRA",REED GAS INC.,,,Unknown,Active Well,Vertical,Other / Unknown,https://wellwiki.org/wiki/47-039-04925,,"4619965"
47-041-05049,041-05049,"38.95683384104013","-80.38966369381576",WV,"041",,"ROSS, CARL","BERRY ENERGY, INC.",,,Unknown,Active Well,Vertical,Other / Unknown,https://wellwiki.org/wiki/47-041-05049,,"4619966"
47-061-00082,061-00082,"39.712633526145574","-80.03244153735481",WV,"061",,RABER,NOUMENON CORPORATION,,,Unknown,Active Well,Vertical,Other / Unknown,https://wellwiki.org/wiki/47-061-00082,,"4619967"
47-085-00380,085-00380,"39.0571471534242","-80.99685398133202",WV,"085",,GOFF,TERM ENERGY CORPORATION,,,Unknown,Active Well,Vertical,Other / Unknown,https://wellwiki.org/wiki/47-085-00380,,"4619968"
47-059-01235,059-01235,"37.68666382711833","-82.2724962030211",WV,"059",,"MITCHELL, EDITH","GEOEX, INC.",,,Unknown,Active Well,Vertical,Other / Unknown,https://wellwiki.org/wiki/47-059-01235,,"4619969"
47-083-00372,083-00372,"38.94686945416428","-80.05654810265794",WV,"083",,KEELEY,OWS ACQUISITION CO LLC,,,Unknown,Active Well,Vertical,Other / Unknown,https://wellwiki.org/wiki/47-083-00372,,"4619970"
47-085-08671,085-08671,"39.193176862776674","-80.92040952152932",WV,"085",,"ZINN, JUANITA",KEY OIL COMPANY,,,Unknown,Active Well,Vertical,Other / Unknown,https://wellwiki.org/wiki/47-085-08671,,"4619971"
47-097-00037,097-00037,"38.90138177036444","-80.34001011195124",WV,"097",,"HYRE, E. I.",MULE HEAD LLC,,,Unknown,Active Well,Vertical,Other / Unknown,https://wellwiki.org/wiki/47-097-00037,,"4619972"
47-099-00411,099-00411,"38.05091220524833","-82.51968862843535",WV,"099",,GLENHAYES,"ELAHS GAS CO., INC.",,,Unknown,Active Well,Vertical,Other / Unknown,https://wellwiki.org/wiki/47-099-00411,,"4619973"
47-013-02307,013-02307,"38.912791458124524","-81.21840874508051",WV,"013",,VILLERS,CRESTON OIL CORPORATION,,,House Gas,Active Well,Vertical,Production Well,https://wellwiki.org/wiki/47-013-02307,,"4619974"
47-107-01364,107-01364,"39.21001899225001","-81.33503567674111",WV,"107",,"EPLER, FRED","TAPO ENERGY, LLC",,,House Gas,Active Well,Vertical,Production Well,https://wellwiki.org/wiki/47-107-01364,,"4619975"
47-015-00765,015-00765,"38.44512150082934","-81.2090294050311",WV,"015",,"KING, E. W.",ROUZER OIL COMPANY,,,Oil Production,Active Well,Vertical,Production Well,https://wellwiki.org/wiki/47-015-00765,,"4619976"
47-015-01359,015-01359,"38.45246237709384","-81.21109458465627",WV,"015",,"COX, FRANK",ROUZER OIL COMPANY,,,Oil Production,Active Well,Vertical,Production Well,https://wellwiki.org/wiki/47-015-01359,,"4619977"
47-107-00437,107-00437,"39.235522297876955","-81.50257593881918",WV,"107",,"MARSH, BEN",OPERATOR UNKNOWN,,,Not Available,Plugged,Vertical,Plugged,https://wellwiki.org/wiki/47-107-00437,,"4619978"
47-105-00247,105-00247,"39.00916679003662","-81.2429342352195",WV,"105",,GEORGE W. HALL HEIRS,OPERATOR UNKNOWN,,,Not Available,Abandoned Well,Vertical,Orphaned / Abandoned / Unverified Plug,https://wellwiki.org/wiki/47-105-00247,,"4619979"
47-107-00074,107-00074,"39.36613825565041","-81.43825520686607",WV,"107",,"ATHEY, T. A.","LOVE, C. E.",,,Unknown,Abandoned Well,Vertical,Orphaned / Abandoned / Unverified Plug,https://wellwiki.org/wiki/47-107-00074,,"4619980"
47-107-00171,107-00171,"39.350325750763616","-81.46574693038605",WV,"107",,"UHL, D. T.",OPERATOR UNKNOWN,,,Not Available,Plugged,Vertical,Plugged,https://wellwiki.org/wiki/47-107-00171,,"4619981"
47-011-00363,011-00363,"38.316294350494296","-82.26128015050433",WV,"011",,"NICELY, J. T.",D & R ENERGY,,,Gas Production,Plugged,Vertical,Plugged,https://wellwiki.org/wiki/47-011-00363,,"4619982"
47-013-04542,013-04542,"38.93969561918128","-81.09969282031074",WV,"013",,"EDWARDS, BETTY","K. PETROLEUM, INC.",,,Unknown,Abandoned Well,Vertical,Orphaned / Abandoned / Unverified Plug,https://wellwiki.org/wiki/47-013-04542,,"4619983"
47-109-01037,109-01037,"37.530603553542925","-81.59646489894484",WV,"109",,POCAHONTAS LAND CORP.,"K. PETROLEUM, INC.",,,Gas Production,Plugged,Vertical,Plugged,https://wellwiki.org/wiki/47-109-01037,,"4619984"
47-013-00141,013-00141,"38.95872154773238","-81.0295410848672",WV,"013",,"KELLEY, LAWSON","BARKER, CREED",,,Unknown,Abandoned Well,Vertical,Orphaned / Abandoned / Unverified Plug,https://wellwiki.org/wiki/47-013-00141,,"4619985"
47-013-00212,013-00212,"38.72643380077316","-81.17260894323935",WV,"013",,"NORMAN, NANNIE",OPERATOR UNKNOWN,,,Not Available,Plugged,Vertical,Plugged,https://wellwiki.org/wiki/47-013-00212,,"4619987"
47-107-00780,107-00780,"39.278243767746304","-81.46844367460236",WV,"107",,"EDWARDS, HENRY J. ET UX","SANTA FE #1, LTD.",,,Unknown,Plugged,Vertical,Plugged,https://wellwiki.org/wiki/47-107-00780,,"4619988"
47-013-00631,013-00631,"38.94318643410515","-81.19104096744682",WV,"013",,"KNIGHT, T. H.",OPERATOR UNKNOWN,,,Not Available,Abandoned Well,Vertical,Orphaned / Abandoned / Unverified Plug,https://wellwiki.org/wiki/47-013-00631,,"4619989"
47-015-00051,015-00051,"38.517956207265144","-81.16386435915112",WV,"015",,"SUMMERS, JAMES","TRIAD HUNTER, LLC",,,Fluid Injection,Plugged,Vertical,Plugged,https://wellwiki.org/wiki/47-015-00051,,"4619990"
47-015-00095,015-00095,"38.51694648706113","-81.15956073177422",WV,"015",,"BROWN, CHESTER","TRIAD HUNTER, LLC",,,Fluid Injection,Plugged,Vertical,Plugged,https://wellwiki.org/wiki/47-015-00095,,"4619991"
47-107-01272,107-01272,"39.187752137998025","-81.43382200263808",WV,"107",,WESTVACO,"CLAY RESOURCES, INC.",,,Unknown,Plugged,Vertical,Plugged,https://wellwiki.org/wiki/47-107-01272,,"4619992"
47-013-01710,013-01710,"38.86305685940654","-81.19119289070562",WV,"013",,"CARPENTER, DAVID","LAW, DAVID",,,Not Available,Plugged,Vertical,Plugged,https://wellwiki.org/wiki/47-013-01710,,"4619993"
47-013-01914,013-01914,"38.89212835965723","-81.17966375639784",WV,"013",,"BENNETT, HUNTER",GUNN AND DIVERS,,,Gas Production,Abandoned Well,Vertical,Orphaned / Abandoned / Unverified Plug,https://wellwiki.org/wiki/47-013-01914,,"4619994"
47-017-00498,017-00498,"39.26033044515342","-80.83030145162317",WV,"017",,,KEY OIL COMPANY,,,Unknown,Abandoned Well,Vertical,Orphaned / Abandoned / Unverified Plug,https://wellwiki.org/wiki/47-017-00498,,"4619995"
47-109-01474,109-01474,"37.68500904620747","-81.59991884162916",WV,"109",,"JONES, LARRY LEE",BLAZER ENERGY CORP.,,,Unknown,Never Drilled,Vertical,Not Drilled,https://wellwiki.org/wiki/47-109-01474,,"4619996"
47-015-00639,015-00639,"38.498133622738486","-81.19313496518653",WV,"015",,"BROWN, GOSHORN & SWANN","COLUMBIA NATURAL RESOURCES, LLC",,,Not Available,Plugged,Vertical,Plugged,https://wellwiki.org/wiki/47-015-00639,,"4619997"
47-107-01550,107-01550,"39.2571989481083","-81.42173547156969",WV,"107",,"PATTERSON, DANNY","REYNOLDS, KARL L",,,Not Available,Abandoned Well,Vertical,Orphaned / Abandoned / Unverified Plug,https://wellwiki.org/wiki/47-107-01550,,"4619998"
47-085-04798,085-04798,"39.23744138782576","-80.93934063776233",WV,"085",,HORNER,"TSR ENTERPRISES, LLC",,,Unknown,Active Well,Vertical,Other / Unknown,https://wellwiki.org/wiki/47-085-04798,,"4619999"
47-017-03753,017-03753,"39.160978797636496","-80.80459569776127",WV,"017",,"HILL, W.","WV WELLS, LTD",,,Unknown,Abandoned Well,Vertical,Orphaned / Abandoned / Unverified Plug,https://wellwiki.org/wiki/47-017-03753,,"4620000"
47-015-01811,015-01811,"38.63105809212852","-81.00038488209776",WV,"015",,"HALL, SPENCER J.",STONESTREET LANDS CO.,,,Not Available,Plugged,Vertical,Plugged,https://wellwiki.org/wiki/47-015-01811,,"4620001"
47-021-01009,021-01009,"38.907145370501894","-80.85126550852398",WV,"021",,"THOMPSON, DEWEY",MASSEY JARVIS,,,Unknown,Never Drilled,Vertical,Not Drilled,https://wellwiki.org/wiki/47-021-01009,,"4620002"
47-033-00193,033-00193,"39.14444154970457","-80.44491798787529",WV,"033",,"MUSSER, J. Q.","EASTERN GAS TRANSMISSION AND STORAGE, INC",,,Not Available,Plugged,Vertical,Plugged,https://wellwiki.org/wiki/47-033-00193,,"4620003"
47-033-00113,033-00113,"39.3496878060351","-80.44168099842261",WV,"033",,"SWIGER, B. G.","HOPE GAS, INC.",,,Unknown,Plugged,Vertical,Plugged,https://wellwiki.org/wiki/47-033-00113,,"4620004"
47-109-02327,109-02327,"37.68922283506725","-81.54053179002676",WV,"109",,PLUM CREEK TIMBERLANDS,DIVERSIFIED PRODUCTION LLC,,,Gas Production,Plugged,Coal Bed Methane Well,Plugged,https://wellwiki.org/wiki/47-109-02327,,"4620005"
47-019-00453,019-00453,"38.18350768005246","-80.99745598488028",WV,"019",,HAMPDEN,BRAXTON OIL AND GAS CORP.,,,Gas Production,Abandoned Well,Vertical,Orphaned / Abandoned / Unverified Plug,https://wellwiki.org/wiki/47-019-00453,,"4620006"
47-017-04613,017-04613,"39.112480518049466","-80.80785284511569",WV,"017",,"SPERRY, JEFF",CONSOL GAS COMPANY,,,Unknown,Never Drilled,Vertical,Not Drilled,https://wellwiki.org/wiki/47-017-04613,,"4620007"
47-033-00345,033-00345,"39.1741730464127","-80.3372439905929",WV,"033",,"COOKMAN, A. C.","BERRY ENERGY, INC.",,,Unknown,Plugged,Vertical,Plugged,https://wellwiki.org/wiki/47-033-00345,,"4620008"
47-033-02393,033-02393,"39.36652382608366","-80.46262793767238",WV,"033",,SMITH,BRAXTON OIL AND GAS CORP.,,,Oil Production,Abandoned Well,Vertical,Orphaned / Abandoned / Unverified Plug,https://wellwiki.org/wiki/47-033-02393,,"4620009"
47-021-00220,021-00220,"38.97247848172056","-80.88671092693956",WV,"021",,"ELLYSON, WALTER",OPERATOR UNKNOWN,,,Not Available,Plugged,Vertical,Plugged,https://wellwiki.org/wiki/47-021-00220,,"4620010"
47-021-00465,021-00465,"38.907145370501894","-80.85126550852398",WV,"021",,"HERBERT, ELIA",CARNEGIE PRODUCTION COMPANY,,,Unknown,Never Drilled,Vertical,Not Drilled,https://wellwiki.org/wiki/47-021-00465,,"4620013"
47-021-05699,021-05699,"39.028367624036605","-80.75039876352832",WV,"021",,"MONTGOMERY, DAVE",KEY OIL COMPANY,,,Unknown,Plugged,Vertical,Plugged,https://wellwiki.org/wiki/47-021-05699,,"4620014"
47-039-01927,039-01927,"38.36268162339313","-81.31702222821129",WV,"039",,"CORK, CHARLOTTE, C., ETAL",OPERATOR UNKNOWN,,,Not Available,Plugged,Vertical,Plugged,https://wellwiki.org/wiki/47-039-01927,,"4620015"
47-041-00353,041-00353,"38.93491796174995","-80.41981858594406",WV,"041",,"RADABAUGH, U. S.",OPERATOR UNKNOWN,,,Not Available,Plugged,Vertical,Plugged,https://wellwiki.org/wiki/47-041-00353,,"4620016"
47-017-06649,017-06649,"39.183656451188405","-80.75850639708645",WV,"017",,"MORRIS, I.L.",CNX GAS COMPANY LLC,,,Gas Production,Never Drilled,Horizontal 6A,Not Drilled,https://wellwiki.org/wiki/47-017-06649,,"4620017"
47-039-05468,039-05468,"38.11450969047229","-81.50552295446771",WV,"039",,SHONK LAND COMPANY,"P-G&H, INC.",,,Not Available,Plugged,Vertical,Plugged,https://wellwiki.org/wiki/47-039-05468,,"4620018"
47-039-05491,039-05491,"38.31717324218869","-81.77948514674976",WV,"039",,"ELLIOTT, DAVID","PILLAR ENERGY, LLC",,,Unknown,Abandoned Well,Vertical,Orphaned / Abandoned / Unverified Plug,https://wellwiki.org/wiki/47-039-05491,,"4620019"
47-041-03131,041-03131,"38.954985426213256","-80.55364757593145",WV,"041",,"BENNETT, JAMES W.",OPERATOR UNKNOWN,,,Not Available,Never Drilled,Vertical,Not Drilled,https://wellwiki.org/wiki/47-041-03131,,"4620020"
47-033-03921,033-03921,"39.339701779442336","-80.50374596888267",WV,"033",,"SUMMERS, KENNIE & EMILY",OPERATOR UNKNOWN,,,Unknown,Never Drilled,Vertical,Not Drilled,https://wellwiki.org/wiki/47-033-03921,,"4620021"
47-043-01340,043-01340,"38.28184995613819","-81.92349713206737",WV,"043",,"ALFORD, FRED","BIG C PRODUCTION & PROCESSING, INC.",,,Unknown,Abandoned Well,Vertical,Orphaned / Abandoned / Unverified Plug,https://wellwiki.org/wiki/47-043-01340,,"4620022"
47-045-00643,045-00643,"37.746909826382236","-81.85224663453013",WV,"045",,AMHERST LAND COMPANY,OPERATOR UNKNOWN,,,Not Available,Plugged,Vertical,Plugged,https://wellwiki.org/wiki/47-045-00643,,"4620023"
47-045-00623,045-00623,"37.79846963093182","-81.82385963179055",WV,"045",,DINGESS RUN COAL CO.,"HOPE GAS, INC.",,,Unknown,Plugged,Vertical,Plugged,https://wellwiki.org/wiki/47-045-00623,,"4620024"
47-049-00026,049-00026,"39.52331801222275","-80.20851001249447",WV,"049",,"GRAY, HOWARD","OWENS-ILLINOIS, INC.",,,Unknown,Plugged,Vertical,Plugged,https://wellwiki.org/wiki/47-049-00026,,"4620025"
47-049-00783,049-00783,"39.399181348312226","-80.1551096841453",WV,"049",,"WATKINS, ARTHUR L.",EMAX OIL COMPANY,,,Not Available,Never Drilled,Vertical,Not Drilled,https://wellwiki.org/wiki/47-049-00783,,"4620026"
47-051-00618,051-00618,"39.77407272267414","-80.65865777061914",WV,"051",,BOOHER & HICKS,CNX GAS COMPANY LLC,,,Gas Production,Plugged,Vertical,Plugged,https://wellwiki.org/wiki/47-051-00618,,"4620027"
47-061-00299,061-00299,"39.67151878897081","-80.0274668092498",WV,"061",,"MARTIN, M. E. & L. M.","ALAMCO, INC.",,,Not Available,Plugged,Vertical,Plugged,https://wellwiki.org/wiki/47-061-00299,,"4620028"
47-005-01575,005-01575,"37.848297983260544","-81.7234178344122",WV,"005",,SOUTHERN LAND COMPANY,BLAZER ENERGY CORP.,,,Unknown,Never Drilled,Vertical,Not Drilled,https://wellwiki.org/wiki/47-005-01575,,"4620029"
47-067-00155,067-00155,"38.24295247820336","-81.16798672469929",WV,"067",,"PARSONS, VIRGIL E. & JUNE",NYTIS EXPLORATION COMPANY LLC,,,Gas Production,Plugged,Vertical,Plugged,https://wellwiki.org/wiki/47-067-00155,,"4620030"
47-079-01116,079-01116,"38.563857002404305","-81.84197088564348",WV,"079",,"WANDLING, DANNY",DEVON ENERGY CORPORATION (NEVADA),,,Not Available,Never Drilled,Vertical,Not Drilled,https://wellwiki.org/wiki/47-079-01116,,"4620031"
47-085-07060,085-07060,"39.04916850978074","-80.96160058742113",WV,"085",,"BYRD, WILLIAM R.","HAUGHT, INC.",,,Not Available,Never Drilled,Vertical,Not Drilled,https://wellwiki.org/wiki/47-085-07060,,"4620032"
47-085-07404,085-07404,"39.08971765483537","-81.02362159853094",WV,"085",,"CUNNINGHAM, MARVIN","SHALE SERVICE, INC.",,,Unknown,Never Drilled,Vertical,Not Drilled,https://wellwiki.org/wiki/47-085-07404,,"4620033"
47-085-01334,085-01334,"39.173464900017045","-81.19303783687066",WV,"085",,"LOWTHER, JOHN E.",OPERATOR UNKNOWN,,,Not Available,Plugged,Vertical,Plugged,https://wellwiki.org/wiki/47-085-01334,,"4620034"
47-085-06900,085-06900,"39.294607962777285","-80.96974563236452",WV,"085",,"DULANEY, ROBERT","RARE EARTH MINERALS, INC.",,,Not Available,Never Drilled,Vertical,Not Drilled,https://wellwiki.org/wiki/47-085-06900,,"4620035"
47-085-06815,085-06815,"39.27800794624912","-81.20947094780615",WV,"085",,"FRENCH, JAMES",BEACON RESOURCES CORPORATION,,,Not Available,Never Drilled,Vertical,Not Drilled,https://wellwiki.org/wiki/47-085-06815,,"4620036"
47-087-01874,087-01874,"38.76273523144051","-81.27996572250106",WV,"087",,"SPENCER, CHESTER",D & R ENERGY,,,Not Available,Plugged,Vertical,Plugged,https://wellwiki.org/wiki/47-087-01874,,"4620037"
47-085-06968,085-06968,"39.299882909083735","-81.19450141908928",WV,"085",,"EVERETT, ROGER","TAPO ENERGY, LLC",,,Gas Production,Plugged,Vertical,Plugged,https://wellwiki.org/wiki/47-085-06968,,"4620038"
47-091-00008,091-00008,"39.33745704907507","-80.18977832144394",WV,"091",,"MCELROY, A.Y.","HOPE GAS, INC.",,,Unknown,Plugged,Vertical,Plugged,https://wellwiki.org/wiki/47-091-00008,,"4620039"
47-099-00039,099-00039,"38.18175823971638","-82.37213179023132",WV,"099",,"COX, ED","FREEDOM OIL & GAS, INC.",,,Unknown,Abandoned Well,Vertical,Orphaned / Abandoned / Unverified Plug,https://wellwiki.org/wiki/47-099-00039,,"4620040"
47-073-01125,073-01125,"37.0462224768942","-81",WV,"073",,FMC CORP.,"SMITH, JOHN A.",,,Unknown,Never Drilled,Vertical,Not Drilled,https://wellwiki.org/wiki/47-073-01125,,"4620041"
47-097-00865,097-00865,"38.93210584778501","-80.32845009404406",WV,"097",,"WEST, NELL",TALKINGTON & BRADY,,,Unknown,Plugged,Vertical,Plugged,https://wellwiki.org/wiki/47-097-00865,,"4620042"
47-061-00498,061-00498,"39.63987549114143","-80.26108479160898",WV,"061",,"MYERS, JOHN","HG ENERGY, LLC",,,Unknown,Plugged,Vertical,Plugged,https://wellwiki.org/wiki/47-061-00498,,"4620074"
47-099-02155,099-02155,"38.1843262088952","-82.58743939555148",WV,"099",,"WORNALL, MARTHA",E 3 PETROLEUM CORP,,,Unknown,Abandoned Well,Vertical,Orphaned / Abandoned / Unverified Plug,https://wellwiki.org/wiki/47-099-02155,,"4620043"
47-099-01139,099-01139,"38.18175823971638","-82.37213179023132",WV,"099",,"PELFRY, CHARLES, ET AL",WOLF GAS COMPANY,,,Unknown,Never Drilled,Vertical,Not Drilled,https://wellwiki.org/wiki/47-099-01139,,"4620044"
47-087-00919,087-00919,"38.81522449390742","-81.26412119083552",WV,"087",,"CARPENTER, LEE","PENCE, E. G.",,,Not Available,Plugged,Vertical,Plugged,https://wellwiki.org/wiki/47-087-00919,,"4620045"
47-097-02144,097-02144,"38.79906474655041","-80.30579728258213",WV,"097",,"HUFFMAN, EDNA","UNITED PETRO, LTD.",,,Not Available,Plugged,Vertical,Plugged,https://wellwiki.org/wiki/47-097-02144,,"4620046"
47-093-00074,093-00074,"38.98178496833914","-79.48070790040948",WV,"093",,"COOPER, KENNETH",CABOT OIL & GAS CORPORATION,,,Unknown,Never Drilled,Vertical,Not Drilled,https://wellwiki.org/wiki/47-093-00074,,"4620047"
47-087-00936,087-00936,"38.68926687029533","-81.2668631733542",WV,"087",,"STONE, S.","GPO ENERGY, LLC",,,Gas Production,Abandoned Well,Vertical,Orphaned / Abandoned / Unverified Plug,https://wellwiki.org/wiki/47-087-00936,,"4620048"
47-097-02518,097-02518,"38.74555329016306","-80.31452151810119",WV,"097",,"WALTON, TERRY E.",EQT PRODUCTION COMPANY,,,Not Available,Plugged,Vertical,Plugged,https://wellwiki.org/wiki/47-097-02518,,"4620049"
47-001-01611,001-01611,"37.0462224768942","-81",WV,"001",,"LINDSEY-BOYLES, SHERMAN",MERT DEVELOPMENT INC,,,Unknown,Never Drilled,Vertical,Not Drilled,https://wellwiki.org/wiki/47-001-01611,,"4620050"
47-107-00552,107-00552,"39.31541135067176","-81.52149943982086",WV,"107",,"NESTLER, H. E.",OPERATOR UNKNOWN,,,Not Available,Plugged,Vertical,Plugged,https://wellwiki.org/wiki/47-107-00552,,"4620051"
47-105-00667,105-00667,"38.960714838490276","-81.28353286567251",WV,"105",,"ELLIOTT, HOWARD","ROWES, ALVIN",,,Not Available,Abandoned Well,Vertical,Orphaned / Abandoned / Unverified Plug,https://wellwiki.org/wiki/47-105-00667,,"4620052"
47-107-00686,107-00686,"39.21855172282842","-81.38763395473364",WV,"107",,"LOTT, MARY",OPERATOR UNKNOWN,,,Not Available,Plugged,Vertical,Plugged,https://wellwiki.org/wiki/47-107-00686,,"4620053"
47-107-00178,107-00178,"39.32486892233443","-81.39068030409163",WV,"107",,"SOUTHWORTH, DELLA M.","BICKEL, W. H.",,,Unknown,Abandoned Well,Vertical,Orphaned / Abandoned / Unverified Plug,https://wellwiki.org/wiki/47-107-00178,,"4620054"
47-001-02760,001-02760,"39.23957336568492","-79.93666946384879",WV,"001",,POOR BOY TIMBER CO.,PETROLEUM DEVELOPMENT CORPORATION,,,Unknown,Never Drilled,Vertical,Not Drilled,https://wellwiki.org/wiki/47-001-02760,,"4620055"
47-109-01128,109-01128,"37.50539193523762","-81.53734521765107",WV,"109",,"ELLIS, DON",EMAX OIL COMPANY,,,Unknown,Never Drilled,Vertical,Not Drilled,https://wellwiki.org/wiki/47-109-01128,,"4620056"
47-021-00282,021-00282,"38.94841967452762","-80.87679592628713",WV,"021",,"HART, G.",OPERATOR UNKNOWN,,,Not Available,Plugged,Vertical,Plugged,https://wellwiki.org/wiki/47-021-00282,,"4620057"
47-035-00146,035-00146,"38.587094529368706","-81.62056771982074",WV,"035",,PUTNAM CO.,OPERATOR UNKNOWN,,,Not Available,Plugged,Vertical,Plugged,https://wellwiki.org/wiki/47-035-00146,,"4620058"
47-061-00218,061-00218,"39.66470216335692","-79.9794242588966",WV,"061",,LOT #161,OPERATOR UNKNOWN,,,Not Available,Plugged,Vertical,Plugged,https://wellwiki.org/wiki/47-061-00218,,"4620059"
47-039-01171,039-01171,"38.3902768092362","-81.48213200695719",WV,"039",,"BOYD, FANNIE D.",OPERATOR UNKNOWN,,,Not Available,Abandoned Well,Vertical,Orphaned / Abandoned / Unverified Plug,https://wellwiki.org/wiki/47-039-01171,,"4620060"
47-043-00182,043-00182,"38.1264139636145","-82.02888806432618",WV,"043",,"HILL, SPENCER",OPERATOR UNKNOWN,,,Not Available,Abandoned Well,Vertical,Orphaned / Abandoned / Unverified Plug,https://wellwiki.org/wiki/47-043-00182,,"4620061"
47-049-00990,049-00990,"39.48528052041927","-80.41760005852413",WV,"049",,"HELTSLEY, EARL",CONSOLIDATION COAL COMPANY,,,Not Available,Plugged,Vertical,Plugged,https://wellwiki.org/wiki/47-049-00990,,"4620062"
47-043-02099,043-02099,"38.23485049630792","-82.1573870014887",WV,"043",,"CULVER, GARY R.","CHESAPEAKE APPALACHIA, L.L.C.",,,Unknown,Plugged,Vertical,Plugged,https://wellwiki.org/wiki/47-043-02099,,"4620063"
47-049-00452,049-00452,"39.55106363789945","-80.45772811412945",WV,"049",,BRAND,"EQUITRANS, L. P.",,,Unknown,Never Drilled,Vertical,Not Drilled,https://wellwiki.org/wiki/47-049-00452,,"4620064"
47-051-00073,051-00073,"39.75909104651893","-80.58670917262369",WV,"051",,"CONNELLY, C. F.",OPERATOR UNKNOWN,,,Not Available,Plugged,Vertical,Plugged,https://wellwiki.org/wiki/47-051-00073,,"4620065"
47-061-80002,061-80002,"37.0462224768942","-81",WV,"061",,,OPERATOR UNKNOWN,,,Not Available,Abandoned Well,Vertical,Orphaned / Abandoned / Unverified Plug,https://wellwiki.org/wiki/47-061-80002,,"4620066"
47-061-00162,061-00162,"39.692501236230925","-80.34707381399019",WV,"061",,"SHRIVER, INA & SUSANNA",A V COMPANY,,,Not Available,Plugged,Vertical,Plugged,https://wellwiki.org/wiki/47-061-00162,,"4620067"
47-007-00445,007-00445,"38.872033605847015","-80.59838803234437",WV,"007",,"BEE, FRED",OPERATOR UNKNOWN,,,Not Available,Plugged,Vertical,Plugged,https://wellwiki.org/wiki/47-007-00445,,"4620068"
47-045-80100,045-80100,"37.0462224768942","-81",WV,"045",,,OPERATOR UNKNOWN,,,Not Available,Abandoned Well,Vertical,Orphaned / Abandoned / Unverified Plug,https://wellwiki.org/wiki/47-045-80100,,"4620069"
47-061-00377,061-00377,"39.650658744877276","-80.213089209158",WV,"061",,"YOST, LARRY","YOST & YOST, INC.",,,Not Available,Plugged,Vertical,Plugged,https://wellwiki.org/wiki/47-061-00377,,"4620070"
47-005-01751,005-01751,"37.83708290486457","-81.5588672823318",WV,"005",,POCAHONTAS LAND CORP.,DIVERSIFIED PRODUCTION LLC,,,Unknown,Abandoned Well,Vertical,Orphaned / Abandoned / Unverified Plug,https://wellwiki.org/wiki/47-005-01751,,"4620071"
47-073-80303,073-80303,"37.0462224768942","-81",WV,"073",,,OPERATOR UNKNOWN,,,Not Available,Abandoned Well,Vertical,Orphaned / Abandoned / Unverified Plug,https://wellwiki.org/wiki/47-073-80303,,"4620072"
47-007-00738,007-00738,"38.744625326044066","-80.78916644596981",WV,"007",,"BENDER, W. K.",ENERGY CORPORATION OF AMERICA,,,Not Available,Plugged,Vertical,Plugged,https://wellwiki.org/wiki/47-007-00738,,"4620075"
47-079-00262,079-00262,"38.41138815591243","-82.0230928062483",WV,"079",,"DORSEY, R. V.",OPERATOR UNKNOWN,,,Not Available,Plugged,Vertical,Plugged,https://wellwiki.org/wiki/47-079-00262,,"4620076"
47-073-80004,073-80004,"37.0462224768942","-81",WV,"073",,,OPERATOR UNKNOWN,,,Not Available,Abandoned Well,Vertical,Orphaned / Abandoned / Unverified Plug,https://wellwiki.org/wiki/47-073-80004,,"4620077"
47-085-00498,085-00498,"39.249934642487574","-81.00318590595843",WV,"085",,"MORRIS, L.J. & CORA",OPERATOR UNKNOWN,,,Not Available,Plugged,Vertical,Plugged,https://wellwiki.org/wiki/47-085-00498,,"4620078"
47-073-01861,073-01861,"39.04461572169515","-81.25030032238271",WV,"073",,"STEELE, GAYNELL",PETHTEL OIL & GAS,,,Not Available,Never Drilled,Vertical,Not Drilled,https://wellwiki.org/wiki/47-073-01861,,"4620079"
47-085-06186,085-06186,"39.23744138782576","-80.93934063776233",WV,"085",,DOUGLASS/WOOD CO T. ASSOC,KEY OIL COMPANY,,,Unknown,Never Drilled,Vertical,Not Drilled,https://wellwiki.org/wiki/47-085-06186,,"4620080"
47-087-01802,087-01802,"38.644698601698956","-81.37443771561767",WV,"087",,"SCHOOLCRAFT, M.",APOLLO PETROLEUM CORPORATION,,,Not Available,Plugged,Vertical,Plugged,https://wellwiki.org/wiki/47-087-01802,,"4620081"
47-085-07928,085-07928,"39.32843807035192","-81.02430351463737",WV,"085",,"GOODWIN, WADE",PARDEE MINERALS LLC,,,Unknown,Never Drilled,Vertical,Not Drilled,https://wellwiki.org/wiki/47-085-07928,,"4620082"
47-085-01679,085-01679,"39.27133449937018","-81.22551561582578",WV,"085",,"MORRIS, GEORGE",OPERATOR UNKNOWN,,,Not Available,Plugged,Vertical,Plugged,https://wellwiki.org/wiki/47-085-01679,,"4620083"
47-087-03654,087-03654,"38.706346340296996","-81.28171811826698",WV,"087",,"LYNCH, CALVIN",TECHNOLOGY DEVELOPMENT INC,,,Unknown,Never Drilled,Vertical,Not Drilled,https://wellwiki.org/wiki/47-087-03654,,"4620084"
47-087-03442,087-03442,"38.69608689195872","-81.40259831670609",WV,"087",,"DAVIS, LOWELL & WANDA",ENERGY CORPORATION OF AMERICA,,,Gas Production,Plugged,Vertical,Plugged,https://wellwiki.org/wiki/47-087-03442,,"4620085"
47-087-00155,087-00155,"38.73920619998664","-81.18722853584393",WV,"087",,LEONARD BRANNEN HEIRS,OPERATOR UNKNOWN,,,Not Available,Plugged,Vertical,Plugged,https://wellwiki.org/wiki/47-087-00155,,"4620086"
47-087-01824,087-01824,"38.64368113348609","-81.45037162289148",WV,"087",,"PAXTON, K.",OPERATOR UNKNOWN,,,Not Available,Plugged,Vertical,Plugged,https://wellwiki.org/wiki/47-087-01824,,"4620087"
47-087-00395,087-00395,"38.717578541083085","-81.48445300976393",WV,"087",,"HINSMAN, A. G.",OPERATOR UNKNOWN,,,Not Available,Plugged,Vertical,Plugged,https://wellwiki.org/wiki/47-087-00395,,"4620088"
47-095-00416,095-00416,"39.571944450207894","-80.91558884916516",WV,"095",,"BUCK, J.","GRUSS, JOSEPH S.",,,Unknown,Abandoned Well,Vertical,Orphaned / Abandoned / Unverified Plug,https://wellwiki.org/wiki/47-095-00416,,"4620089"
47-087-03084,087-03084,"38.66833249038519","-81.20563978201022",WV,"087",,"CARPER, RENAE","TRIAD HUNTER, LLC",,,Fluid Injection,Plugged,Vertical,Plugged,https://wellwiki.org/wiki/47-087-03084,,"4620090"
47-097-00815,097-00815,"38.91765259043049","-80.26646283127175",WV,"097",,"MARSH, L. DOHR","MILLER, ALLERTON",,,Unknown,Plugged,Vertical,Plugged,https://wellwiki.org/wiki/47-097-00815,,"4620091"
47-099-01051,099-01051,"38.269109298724345","-82.48306051614236",WV,"099",,"MAYS, TALITHA",MAYS GAS COMPANY,,,Unknown,Plugged,Vertical,Plugged,https://wellwiki.org/wiki/47-099-01051,,"4620092"
47-097-00698,097-00698,"39.09021509165637","-80.19776389232082",WV,"097",,"HYRE, L.E.","HOPE GAS, INC.",,,Unknown,Plugged,Vertical,Plugged,https://wellwiki.org/wiki/47-097-00698,,"4620093"
47-069-00363,069-00363,"40.15153617227927","-80.52401170698967",WV,"069",,Roy & Debra R Riggle,"SWN PRODUCTION COMPANY, LLC",,,,Permit Application,Horizontal 6A,Not Drilled,https://wellwiki.org/wiki/47-069-00363,,"4620094"
47-069-00365,069-00365,"40.10696888162588","-80.53225545603246",WV,"069",,Douglas W Rogers,"SWN PRODUCTION COMPANY, LLC",,,,Permit Application,Horizontal 6A,Not Drilled,https://wellwiki.org/wiki/47-069-00365,,"4620095"
47-097-01470,097-01470,"38.95171628994773","-80.23751126730431",WV,"097",,"HOWES, ROBERT F., ET AL",OPERATOR UNKNOWN,,,Not Available,Plugged,Vertical,Plugged,https://wellwiki.org/wiki/47-097-01470,,"4620096"
47-091-00891,091-00891,"39.37189522196138","-80.18121797521637",WV,"091",,"STEELE, MARY","K. PETROLEUM, INC.",,,Unknown,Abandoned Well,Vertical,Orphaned / Abandoned / Unverified Plug,https://wellwiki.org/wiki/47-091-00891,,"4620097"
47-093-00033,093-00033,"39.09480352375937","-79.40264356513163",WV,"093",,"BILLINGSLEA, F. M.",OPERATOR UNKNOWN,,,Not Available,Plugged,Vertical,Plugged,https://wellwiki.org/wiki/47-093-00033,,"4620098"
47-095-00041,095-00041,"39.45434721261228","-80.94305124035478",WV,"095",,"LAWSON, BESSIE",OPERATOR UNKNOWN,,,Not Available,Plugged,Vertical,Plugged,https://wellwiki.org/wiki/47-095-00041,,"4620099"
47-011-00066,011-00066,"38.31112012018031","-82.23085010533276",WV,"011",,"HOLTON, GILBERT","CAMPBELL, D ROSS",,,Unknown,Abandoned Well,Vertical,Orphaned / Abandoned / Unverified Plug,https://wellwiki.org/wiki/47-011-00066,,"4620100"
47-107-00255,107-00255,"39.23921368093909","-81.40920712120061",WV,"107",,"SHATTUCK, C. H.",OPERATOR UNKNOWN,,,Not Available,Plugged,Vertical,Plugged,https://wellwiki.org/wiki/47-107-00255,,"4620101"
47-001-00292,001-00292,"39.20510007645211","-80.17580718868633",WV,"001",,"STOUT, ABNER","EASTERN GAS TRANSMISSION AND STORAGE, INC",,,Not Available,Plugged,Vertical,Plugged,https://wellwiki.org/wiki/47-001-00292,,"4620102"
47-001-00566,001-00566,"39.219875091532394","-80.10228577706444",WV,"001",,"CLEAVENGER, W. D.",WOLF RUN MINING LLC,,,Gas Production,Plugged,Vertical,Plugged,https://wellwiki.org/wiki/47-001-00566,,"4620103"
47-001-00215,001-00215,"39.20577235060188","-80.00808025411115",WV,"001",,"McDANIEL, NORA M.",WV MINERAL GROUP LLC,,,Gas Production,Abandoned Well,Vertical,Orphaned / Abandoned / Unverified Plug,https://wellwiki.org/wiki/47-001-00215,,"4620104"
47-091-01007,091-01007,"39.330370272296584","-80.17358073273498",WV,"091",,,"BOWIE, INC.",,,Unknown,Never Drilled,Vertical,Not Drilled,https://wellwiki.org/wiki/47-091-01007,,"4620105"
47-001-00118,001-00118,"39.150656029273634","-80.10327966886429",WV,"001",,"CALLIHAN, ETHEL",BEEKAY COMPANY,,,Unknown,Plugged,Vertical,Plugged,https://wellwiki.org/wiki/47-001-00118,,"4620106"
47-105-00345,105-00345,"38.9682528574283","-81.3233894449732",WV,"105",,"BELL, BRUCE, ET AL",OPERATOR UNKNOWN,,,Not Available,Plugged,Vertical,Plugged,https://wellwiki.org/wiki/47-105-00345,,"4620107"
47-001-02564,001-02564,"39.07581547647626","-79.93906026014163",WV,"001",,"POE, CHARLES",OPERATOR UNKNOWN,,,Unknown,Never Drilled,Vertical,Not Drilled,https://wellwiki.org/wiki/47-001-02564,,"4620108"
47-001-00638,001-00638,"37.0462224768942","-81",WV,"001",,"QUEEN, HAZEL",OPERATOR UNKNOWN,,,Not Available,Never Drilled,Vertical,Not Drilled,https://wellwiki.org/wiki/47-001-00638,,"4620109"
47-103-00841,103-00841,"39.596910556939825","-80.56083561621587",WV,"103",,HUBBARD,"EQUITRANS, L. P.",,,Unknown,Plugged,Vertical,Plugged,https://wellwiki.org/wiki/47-103-00841,,"4620110"
47-107-00837,107-00837,"39.2795494378477","-81.42696276246015",WV,"107",,WHARTON HEIRS,OPERATOR UNKNOWN,,,Not Available,Plugged,Vertical,Plugged,https://wellwiki.org/wiki/47-107-00837,,"4620111"
47-109-00717,109-00717,"37.6222088161814","-81.67633962113958",WV,"109",,"CHAMBERS, H.C.",BECK OIL & GAS CO,,,Unknown,Plugged,Vertical,Plugged,https://wellwiki.org/wiki/47-109-00717,,"4620112"
47-013-02473,013-02473,"38.9634631407189","-81.02669205397662",WV,"013",,"MILLER, G.",OPERATOR UNKNOWN,,,Not Available,Plugged,Vertical,Plugged,https://wellwiki.org/wiki/47-013-02473,,"4620113"
47-021-01413,021-01413,"38.987444050966985","-80.71228466534996",WV,"021",,HESS AND SMITH,"ALAMCO, INC.",,,Not Available,Plugged,Vertical,Plugged,https://wellwiki.org/wiki/47-021-01413,,"4620114"
47-033-05156,033-05156,"39.24316407478021","-80.4000229687428",WV,"033",,"766, LLC",CONSOL GAS COMPANY,,,Unknown,Plugged,Vertical,Plugged,https://wellwiki.org/wiki/47-033-05156,,"4620115"
47-061-00486,061-00486,"39.64149666829295","-80.15910025563122",WV,"061",,"EDDY, D. J.",NNE RESOURCES LLC,,,Unknown,Plugged,Vertical,Plugged,https://wellwiki.org/wiki/47-061-00486,,"4620116"
47-083-01041,083-01041,"38.85484730960517","-80.03222183336946",WV,"083",,WESTVACO CORP.,"ALAMCO, INC.",,,Unknown,Never Drilled,Vertical,Not Drilled,https://wellwiki.org/wiki/47-083-01041,,"4620117"
47-043-02326,043-02326,"38.295553481829764","-81.8915128105953",WV,"043",,"STOWERS, BARBARA","HG ENERGY, LLC",,,Unknown,Plugged,Vertical,Plugged,https://wellwiki.org/wiki/47-043-02326,,"4620118"
47-005-00405,005-00405,"38.09970510835086","-81.52955551728739",WV,"005",,SHONK LAND CO,"P-G&H, INC.",,,Not Available,Plugged,Vertical,Plugged,https://wellwiki.org/wiki/47-005-00405,,"4620119"
47-051-00154,051-00154,"39.72932538322938","-80.63663015861343",WV,"051",,"YOHO, JOSHUA","HOPE GAS, INC.",,,Unknown,Plugged,Vertical,Plugged,https://wellwiki.org/wiki/47-051-00154,,"4620120"
47-041-00290,041-00290,"39.13860074167107","-80.4659743775437",WV,"041",,"BEEGHLEY, W. E.","HOPE GAS, INC.",,,Unknown,Plugged,Vertical,Plugged,https://wellwiki.org/wiki/47-041-00290,,"4620121"
47-067-00515,067-00515,"38.24299482257126","-80.941083461407",WV,"067",,PANCEA,TALLWOOD CORPORATION,,,Unknown,Plugged,Vertical,Plugged,https://wellwiki.org/wiki/47-067-00515,,"4620122"
47-093-00015,093-00015,"39.206124493580944","-79.5968970656207",WV,"093",,U.S.A.,OPERATOR UNKNOWN,,,Not Available,Plugged,Vertical,Plugged,https://wellwiki.org/wiki/47-093-00015,,"4620123"
47-107-00375,107-00375,"39.21437208238587","-81.70639511562672",WV,"107",,"WIGAL, ELZA D.","PUTNAM, WILLIAM H",,,Unknown,Plugged,Vertical,Plugged,https://wellwiki.org/wiki/47-107-00375,,"4620124"
47-105-00120,105-00120,"37.0462224768942","-81",WV,"105",,"MCCONAUGHEY, W.C.",OPERATOR UNKNOWN,,,Not Available,Plugged,Vertical,Plugged,https://wellwiki.org/wiki/47-105-00120,,"4620125"
47-103-00830,103-00830,"39.5819999978293","-80.58660000111279",WV,"103",,HIGGINS,"EQUITRANS, L. P.",,,Storage,Plugged,Vertical,Plugged,https://wellwiki.org/wiki/47-103-00830,,"4620126"
47-107-00162,107-00162,"39.31485885358848","-81.39066522591258",WV,"107",,"CORBITT, R. N.",WV GAS CORP.,,,Unknown,Plugged,Vertical,Plugged,https://wellwiki.org/wiki/47-107-00162,,"4620127"
47-107-00163,107-00163,"39.31629678210072","-81.40236391736441",WV,"107",,"CORBITT, R. N.",WV GAS CORP.,,,Unknown,Plugged,Vertical,Plugged,https://wellwiki.org/wiki/47-107-00163,,"4620128"
47-107-00180,107-00180,"39.19055785410986","-81.71675755861419",WV,"107",,"TENNANT, B. H.",WV GAS CORP.,,,Unknown,Plugged,Vertical,Plugged,https://wellwiki.org/wiki/47-107-00180,,"4620129"
47-011-00344,011-00344,"38.31193960904908","-82.27637470696993",WV,"011",,"SAVAGE, G. W.",WV GAS CORP.,,,Not Available,Plugged,Vertical,Plugged,https://wellwiki.org/wiki/47-011-00344,,"4620130"
47-103-00066,103-00066,"39.678687639205506","-80.44716597980494",WV,"103",,NULL & MOORHEAD,"LEATHERWOOD, LLC",,,Unknown,Plugged,Vertical,Plugged,https://wellwiki.org/wiki/47-103-00066,,"4620131"
47-103-00103,103-00103,"39.6393315241146","-80.44300806862314",WV,"103",,"SMITH, KATE","LEATHERWOOD, LLC",,,Unknown,Plugged,Vertical,Plugged,https://wellwiki.org/wiki/47-103-00103,,"4620132"
47-103-00432,103-00432,"39.611134207085776","-80.57362401345227",WV,"103",,"ASHCRAFT, J.P.","PEMCO GAS, INC.",,,Unknown,Plugged,Vertical,Plugged,https://wellwiki.org/wiki/47-103-00432,,"4620133"
47-017-02116,017-02116,"39.160978797636496","-80.80459569776127",WV,"017",,MASON,"ALFRED, DEWAYNE L",,,Unknown,Never Drilled,Vertical,Not Drilled,https://wellwiki.org/wiki/47-017-02116,,"4620134"
47-021-00467,021-00467,"38.82055510315255","-80.89138009882245",WV,"021",,"KENNEDY, G. O.","HUNT, K METAL",,,Unknown,Plugged,Vertical,Plugged,https://wellwiki.org/wiki/47-021-00467,,"4620135"
47-039-00062,039-00062,"38.098980117929266","-81.51524600816904",WV,"039",,SHONK LAND CO.,"P-G&H, INC.",,,Not Available,Plugged,Vertical,Plugged,https://wellwiki.org/wiki/47-039-00062,,"4620136"
47-005-00013,005-00013,"38.08300265554205","-81.5638845808813",WV,"005",,LAFOLLETTE,PANTHER LLC,,,Unknown,Plugged,Vertical,Plugged,https://wellwiki.org/wiki/47-005-00013,,"4620137"
47-039-00067,039-00067,"38.10072165624346","-81.5231347877563",WV,"039",,SHONK LAND COMPANY,"P-G&H, INC.",,,Unknown,Plugged,Vertical,Plugged,https://wellwiki.org/wiki/47-039-00067,,"4620138"
47-043-00058,043-00058,"38.246027181236066","-82.10781748253312",WV,"043",,HOLBROOK,OPERATOR UNKNOWN,,,Not Available,Plugged,Vertical,Plugged,https://wellwiki.org/wiki/47-043-00058,,"4620139"
47-041-05452,041-05452,"39.0349116131609","-80.45400501734181",WV,"041",,"BENNETT, PHEOBE","BOWIE, INC.",,,Unknown,Plugged,Vertical,Plugged,https://wellwiki.org/wiki/47-041-05452,,"4620140"
47-005-02272,005-02272,"38.084480695219746","-81.57218977895319",WV,"005",,LAFOLLETE,PANTHER LLC,,,Not Available,Plugged,Vertical,Plugged,https://wellwiki.org/wiki/47-005-02272,,"4620141"
47-005-02273,005-02273,"38.08515795860005","-81.5741378886156",WV,"005",,LAFOLLETTE,PANTHER LLC,,,Not Available,Plugged,Vertical,Plugged,https://wellwiki.org/wiki/47-005-02273,,"4620142"
47-073-00288,073-00288,"39.34169359652142","-81.25580981438469",WV,"073",,"RUCKMAN, W.N.","MOORE, EMMETT C",,,Unknown,Plugged,Vertical,Plugged,https://wellwiki.org/wiki/47-073-00288,,"4620143"
47-005-00086,005-00086,"37.0462224768942","-81",WV,"005",,"ROBERTS, C. S.",OSBORN DEV.,,,Unknown,Plugged,Vertical,Plugged,https://wellwiki.org/wiki/47-005-00086,,"4620144"
47-035-00581,035-00581,"38.9202433311134","-81.81956049888561",WV,"035",,"McCOY, DAN",OPERATOR UNKNOWN,,,Not Available,Plugged,Vertical,Plugged,https://wellwiki.org/wiki/47-035-00581,,"4620145"
47-035-00205,035-00205,"38.67323553591429","-81.65626425475888",WV,"035",,"GREEN, P. C.",BLAZER ENERGY CORP.,,,Not Available,Plugged,Vertical,Plugged,https://wellwiki.org/wiki/47-035-00205,,"4620146"
47-029-00021,029-00021,"40.58776413894117","-80.63563161010234",WV,"029",,"HEWITT, E. W.",OPERATOR UNKNOWN,,,Not Available,Plugged,Vertical,Plugged,https://wellwiki.org/wiki/47-029-00021,,"4620147"
47-035-01307,035-01307,"38.85741746913927","-81.81217275819456",WV,"035",,"McCOY, E.","STALNAKER, W. C.",,,Not Available,Plugged,Vertical,Plugged,https://wellwiki.org/wiki/47-035-01307,,"4620148"
47-039-04272,039-04272,"38.46787579589223","-81.49173724751772",WV,"039",,"NEWHOUSE, DENNY",KEY OIL CO.,,,Not Available,Plugged,Vertical,Plugged,https://wellwiki.org/wiki/47-039-04272,,"4620149"
47-001-03260,001-03260,"39.201739262107125","-80.03027127958202",WV,"001",,"MCBEE, ROBERT",CNX GAS COMPANY LLC,,,Unknown,Never Drilled,Horizontal,Not Drilled,https://wellwiki.org/wiki/47-001-03260,,"4620150"
47-001-03261,001-03261,"39.201794131489294","-80.03027052511632",WV,"001",,"MCBEE, ROBERT",CNX GAS COMPANY LLC,,,Unknown,Never Drilled,Horizontal,Not Drilled,https://wellwiki.org/wiki/47-001-03261,,"4620151"
47-001-03262,001-03262,"39.20184909096843","-80.0302697694097",WV,"001",,"MCBEE, ROBERT",CNX GAS COMPANY LLC,,,Unknown,Never Drilled,Horizontal,Not Drilled,https://wellwiki.org/wiki/47-001-03262,,"4620152"
47-001-03263,001-03263,"39.20190396034954","-80.03026901493988",WV,"001",,"MCBEE, ROBERT",CNX GAS COMPANY LLC,,,Unknown,Never Issued,Horizontal,Not Drilled,https://wellwiki.org/wiki/47-001-03263,,"4620153"
47-105-00286,105-00286,"39.051482077535304","-81.54858101015252",WV,"105",,"STEPHENS, H. W.","ROBERTS, GLEN W. - ESTATE",,,Unknown,Plugged,Vertical,Plugged,https://wellwiki.org/wiki/47-105-00286,,"4620154"
47-107-00481,107-00481,"39.19813432910037","-81.35096647435728",WV,"107",,"KIRSCH, M. F.",OPERATOR UNKNOWN,,,Not Available,Plugged,Vertical,Plugged,https://wellwiki.org/wiki/47-107-00481,,"4620155"
47-107-00515,107-00515,"39.17981949676973","-81.63917440216812",WV,"107",,"LOWERS, IRA O.",OPERATOR UNKNOWN,,,Not Available,Plugged,Vertical,Plugged,https://wellwiki.org/wiki/47-107-00515,,"4620156"
47-105-00727,105-00727,"39.014896990311236","-81.46282714202898",WV,"105",,"HUGHES, C. E.","STONESTREET, VANCE",,,Not Available,Plugged,Vertical,Plugged,https://wellwiki.org/wiki/47-105-00727,,"4620157"
47-105-00729,105-00729,"39.02171756712146","-81.2438863200318",WV,"105",,WESTVACO,"STONESTREET, VANCE",,,Not Available,Plugged,Vertical,Plugged,https://wellwiki.org/wiki/47-105-00729,,"4620158"
47-105-00733,105-00733,"38.94840166919294","-81.48498739477755",WV,"105",,"MORGAN, CHARLES","STONESTREET, VANCE",,,Not Available,Plugged,Vertical,Plugged,https://wellwiki.org/wiki/47-105-00733,,"4620159"
47-105-00737,105-00737,"38.96329946215278","-81.48057818184672",WV,"105",,"SIMS, LLOYD","STONESTREET, VANCE",,,Not Available,Plugged,Vertical,Plugged,https://wellwiki.org/wiki/47-105-00737,,"4620160"
47-105-00741,105-00741,"38.997680064022475","-81.43807616809474",WV,"105",,"DEPUE, C. S.","STONESTREET, VANCE",,,Not Available,Plugged,Vertical,Plugged,https://wellwiki.org/wiki/47-105-00741,,"4620161"
47-103-02095,103-02095,"39.49344443099545","-80.63909035305596",WV,"103",,MILLS,QUAKER STATE CORPORATION,,,Not Available,Plugged,Vertical,Plugged,https://wellwiki.org/wiki/47-103-02095,,"4620162"
47-103-02096,103-02096,"39.51756774142845","-80.64563068429185",WV,"103",,MILLS,QUAKER STATE CORPORATION,,,Not Available,Plugged,Vertical,Plugged,https://wellwiki.org/wiki/47-103-02096,,"4620163"
47-107-90744,107-90744,"39.324236763263556","-81.40063669578677",WV,"107",,GRANT,OPERATOR UNKNOWN,,,Not Available,Abandoned Well,Vertical,Orphaned / Abandoned / Unverified Plug,https://wellwiki.org/wiki/47-107-90744,,"4620164"
47-109-00572,109-00572,"37.650234400387895","-81.35852835531371",WV,"109",,"MILLER, ALBERT",SMERON GAS CO.,,,Unknown,Plugged,Vertical,Plugged,https://wellwiki.org/wiki/47-109-00572,,"4620165"
47-107-00611,107-00611,"39.19819289334295","-81.4253488744085",WV,"107",,DIXON-WESTMORLAND,"HAUGHT, INC.",,,Unknown,Plugged,Vertical,Plugged,https://wellwiki.org/wiki/47-107-00611,,"4620166"
47-085-06895,085-06895,"39.23744138782576","-80.93934063776233",WV,"085",,"IRELAND, GUY","HAUGHT, INC.",,,Unknown,Plugged,Vertical,Plugged,https://wellwiki.org/wiki/47-085-06895,,"4620167"
47-105-00576,105-00576,"39.016359604981105","-81.31426132289133",WV,"105",,"KIRBY, FRED",JET OIL,,,Unknown,Plugged,Vertical,Plugged,https://wellwiki.org/wiki/47-105-00576,,"4620168"
47-011-00641,011-00641,"38.40862699747534","-82.10716659975866",WV,"011",,"CONNER, JAMES","PILLAR ENERGY, LLC",,,Gas Production,Plugged,Vertical,Plugged,https://wellwiki.org/wiki/47-011-00641,,"4620169"
47-105-01205,105-01205,"39.011208386801535","-81.31116627970515",WV,"105",,"GIBSON, HAROLD","SMITH, CARL E PETROLEUM INC",,,Unknown,Never Drilled,Vertical,Not Drilled,https://wellwiki.org/wiki/47-105-01205,,"4620170"
47-001-01194,001-01194,"37.0462224768942","-81",WV,"001",,"WAGNER, WILLIAM R.",FOX DRILLING CO,,,Unknown,Never Drilled,Vertical,Not Drilled,https://wellwiki.org/wiki/47-001-01194,,"4620171"
47-103-01529,103-01529,"39.51141620248914","-80.54522834612858",WV,"103",,"PETERSON, B.W.","EAST RESOURCES, INC.",,,Not Available,Plugged,Vertical,Plugged,https://wellwiki.org/wiki/47-103-01529,,"4620172"
47-103-02803,103-02803,"39.59926245939456","-80.64795986740539",WV,"103",,DALLISON LUMBER INC.,"HG ENERGY, LLC",,,Unknown,Never Issued,Vertical,Not Drilled,https://wellwiki.org/wiki/47-103-02803,,"4620173"
47-013-01195,013-01195,"38.879788665050036","-81.14623446122849",WV,"013",,"HATHAWAY, O. J. HEIRS","SMITH, WALTER E",,,Not Available,Plugged,Vertical,Plugged,https://wellwiki.org/wiki/47-013-01195,,"4620174"
47-013-04564,013-04564,"38.808457631477395","-81.21243475376224",WV,"013",,"MCCUMBERS, LINDA","HILDRETH, ROY G & SON  INC",,,Unknown,Never Drilled,Vertical,Not Drilled,https://wellwiki.org/wiki/47-013-04564,,"4620175"
47-013-01463,013-01463,"38.73075949432762","-81.11276248930737",WV,"013",,"PARSONS, BAILEY","HILDRETH, ROY G & SON  INC",,,Not Available,Plugged,Vertical,Plugged,https://wellwiki.org/wiki/47-013-01463,,"4620176"
47-013-01963,013-01963,"38.88583781595557","-81.19621410840313",WV,"013",,"BEE, C. C.","LAW, DAVID",,,Unknown,Never Drilled,Vertical,Not Drilled,https://wellwiki.org/wiki/47-013-01963,,"4620177"
47-109-01487,109-01487,"37.646458344738356","-81.56814339943956",WV,"109",,GEORGIA-PACIFIC CORP.,BLAZER ENERGY CORP.,,,Unknown,Never Drilled,Vertical,Not Drilled,https://wellwiki.org/wiki/47-109-01487,,"4620178"
47-019-00042,019-00042,"38.03132853810284","-80.98511963850845",WV,"019",,FRANKLIN REAL ESTATE,OXY USA INC.,,,Not Available,Plugged,Vertical,Plugged,https://wellwiki.org/wiki/47-019-00042,,"4620179"
47-013-02172,013-02172,"38.890158997065754","-81.2050388502804",WV,"013",,ROME BOARD HEIRS,"PRUSACK, JAMES",,,Unknown,Plugged,Vertical,Plugged,https://wellwiki.org/wiki/47-013-02172,,"4620180"
47-017-02032,017-02032,"39.160978797636496","-80.80459569776127",WV,"017",,SOLD,"EQUITRANS, L. P.",,,Unknown,Never Drilled,Vertical,Not Drilled,https://wellwiki.org/wiki/47-017-02032,,"4620181"
47-035-01161,035-01161,"38.92284368214075","-81.69787483487106",WV,"035",,"HILLARD, VERTA",ROCKEY DRILLING CO.,,,Not Available,Plugged,Vertical,Plugged,https://wellwiki.org/wiki/47-035-01161,,"4620182"
47-017-05211,017-05211,"39.318177147750525","-80.7886549546295",WV,"017",,"FORD, THELMA, ET AL",MURVIN & MEIER OIL CO.,,,Unknown,Never Drilled,Vertical,Not Drilled,https://wellwiki.org/wiki/47-017-05211,,"4620183"
47-035-00100,035-00100,"38.69118003558506","-81.69032215666057",WV,"035",,"MEADOWS, B. B.",BLAZER ENERGY CORP.,,,Not Available,Plugged,Vertical,Plugged,https://wellwiki.org/wiki/47-035-00100,,"4620184"
47-039-00055,039-00055,"38.28451291813232","-81.39214151477134",WV,"039",,SUNDAY CREEK CO.,OPERATOR UNKNOWN,,,Not Available,Plugged,Vertical,Plugged,https://wellwiki.org/wiki/47-039-00055,,"4620185"
47-039-00410,039-00410,"38.533642916473966","-81.6323813120166",WV,"039",,HUMPHREYS - MORTON,CABOT OIL & GAS CORPORATION,,,Not Available,Plugged,Vertical,Plugged,https://wellwiki.org/wiki/47-039-00410,,"4620186"
47-039-03924,039-03924,"38.39618912542113","-81.31001003010192",WV,"039",,"DIXON, J. W.",PRIME OPERATING COMPANY,,,Unknown,Never Drilled,Vertical,Not Drilled,https://wellwiki.org/wiki/47-039-03924,,"4620187"
47-041-01317,041-01317,"39.12134124914161","-80.59568879099274",WV,"041",,"KEMPER, A. H.","HOPE GAS, INC.",,,Unknown,Plugged,Vertical,Plugged,https://wellwiki.org/wiki/47-041-01317,,"4620188"
47-043-01314,043-01314,"38.175261115835475","-82.22033055475447",WV,"043",,"ALBRIGHT, RUSSELL",OPERATOR UNKNOWN,,,Not Available,Never Drilled,Vertical,Not Drilled,https://wellwiki.org/wiki/47-043-01314,,"4620189"
47-041-00226,041-00226,"38.970053192534564","-80.32842435119484",WV,"041",,"LINGER, C. A.","PEMCO GAS, INC.",,,Not Available,Plugged,Vertical,Plugged,https://wellwiki.org/wiki/47-041-00226,,"4620190"
47-045-00206,045-00206,"38.062273088220465","-81.91746720944124",WV,"045",,"WHITE, FANNIE",LIBBEY OWENS GAS,,,Unknown,Never Drilled,Vertical,Not Drilled,https://wellwiki.org/wiki/47-045-00206,,"4620191"
47-043-02195,043-02195,"38.29220822353434","-81.90117567467419",WV,"043",,"STOWERS, MACEL",D & R ENERGY,,,Not Available,Plugged,Vertical,Plugged,https://wellwiki.org/wiki/47-043-02195,,"4620192"
47-047-00822,047-00822,"37.0462224768942","-81",WV,"047",,POCAHONTAS LAND CORP.,"SENECA-UPSHUR PETROLEUM, LLC",,,Unknown,Never Drilled,Vertical,Not Drilled,https://wellwiki.org/wiki/47-047-00822,,"4620193"
47-059-00235,059-00235,"37.71276816094965","-82.27627799901018",WV,"059",,"LITTON, ALBERT",OPERATOR UNKNOWN,,,Not Available,Plugged,Vertical,Plugged,https://wellwiki.org/wiki/47-059-00235,,"4620194"
47-051-00461,051-00461,"39.69114340516458","-80.616923338911",WV,"051",,"WAYT, J. R.",OPERATOR UNKNOWN,,,Not Available,Plugged,Vertical,Plugged,https://wellwiki.org/wiki/47-051-00461,,"4620195"
47-067-00002,067-00002,"37.0462224768942","-81",WV,"067",,"MALCOMB, M.K.","HOPE GAS, INC.",,,Unknown,Plugged,Vertical,Plugged,https://wellwiki.org/wiki/47-067-00002,,"4620196"
47-005-01044,005-01044,"38.0565613826175","-81.48090563218632",WV,"005",,SHONK LAND CO.,CABOT OIL & GAS CORPORATION,,,Unknown,Plugged,Vertical,Plugged,https://wellwiki.org/wiki/47-005-01044,,"4620197"
47-007-00370,007-00370,"38.566299134220095","-80.64665055783016",WV,"007",,ROHRBAUGH,OPERATOR UNKNOWN,,,Not Available,Plugged,Vertical,Plugged,https://wellwiki.org/wiki/47-007-00370,,"4620198"
47-069-00085,069-00085,"40.086348731452624","-80.62215703743587",WV,"069",,"MILLER, HELEN","CHESAPEAKE APPALACHIA, L.L.C.",,,Unknown,Never Drilled,Horizontal,Not Drilled,https://wellwiki.org/wiki/47-069-00085,,"4620199"
47-073-01416,073-01416,"37.0462224768942","-81",WV,"073",,GARDNER,OPERATOR UNKNOWN,,,Not Available,Never Drilled,Vertical,Not Drilled,https://wellwiki.org/wiki/47-073-01416,,"4620200"
47-073-01769,073-01769,"39.36215836473306","-81.19300830091989",WV,"073",,"BARLEY, RALPH",HAMILTON ENERGY CORPORATION,,,Not Available,Plugged,Vertical,Plugged,https://wellwiki.org/wiki/47-073-01769,,"4620201"
47-073-02107,073-02107,"39.41799131991758","-81.0892890620771",WV,"073",,PATRICK DEAN SOLE,"SKYBOX, LLC",,,Oil Production,Plugged,Vertical,Plugged,https://wellwiki.org/wiki/47-073-02107,,"4620202"
47-007-01333,007-01333,"38.60628982611653","-80.93217034414714",WV,"007",,HALLE,OPERATOR UNKNOWN,,,Not Available,Plugged,Vertical,Plugged,https://wellwiki.org/wiki/47-007-01333,,"4620203"
47-085-00547,085-00547,"39.20826720050369","-81.08025844320629",WV,"085",,"WELL, ED.",OPERATOR UNKNOWN,,,Not Available,Plugged,Vertical,Plugged,https://wellwiki.org/wiki/47-085-00547,,"4620204"
47-073-00821,073-00821,"37.0462224768942","-81",WV,"073",,"TULLOS, STEPHEN",KEY OIL CO.,,,Unknown,Never Drilled,Vertical,Not Drilled,https://wellwiki.org/wiki/47-073-00821,,"4620205"
47-005-01994,005-01994,"38.10594563547394","-81.53726095189134",WV,"005",,SHONK LAND CO.,PANTHER LLC,,,Not Available,Plugged,Vertical,Plugged,https://wellwiki.org/wiki/47-005-01994,,"4620206"
47-085-00625,085-00625,"39.36094454666822","-80.90318640781813",WV,"085",,"DARNELL, G. H.",OPERATOR UNKNOWN,,,Not Available,Plugged,Vertical,Plugged,https://wellwiki.org/wiki/47-085-00625,,"4620207"
47-007-01428,007-01428,"38.7652591833239","-80.75483441133292",WV,"007",,"TOLLEY, RODNEY D.",BRAXTON OIL AND GAS CORP.,,,Not Available,Plugged,Vertical,Plugged,https://wellwiki.org/wiki/47-007-01428,,"4620208"
47-007-01449,007-01449,"37.0462224768942","-81",WV,"007",,"LLOYD, VENA R.",MERT DEVELOPMENT INC,,,Unknown,Never Drilled,Vertical,Not Drilled,https://wellwiki.org/wiki/47-007-01449,,"4620209"
47-083-00461,083-00461,"37.0462224768942","-81",WV,"083",,"QUICK, SUSANNA",UNITED OPERATING COMPANY,,,Unknown,Never Drilled,Vertical,Not Drilled,https://wellwiki.org/wiki/47-083-00461,,"4620210"
47-085-07291,085-07291,"39.23744138782576","-80.93934063776233",WV,"085",,"BELLETTE,MARION & MILDRED",OPERATOR UNKNOWN,,,Not Available,Never Drilled,Vertical,Not Drilled,https://wellwiki.org/wiki/47-085-07291,,"4620211"
47-085-02300,085-02300,"39.10810237881771","-81.18488346847454",WV,"085",,"PARKER, JAMES G.",WAINOCO OIL & GAS CO,,,Not Available,Plugged,Vertical,Plugged,https://wellwiki.org/wiki/47-085-02300,,"4620212"
47-085-03219,085-03219,"39.06771987292498","-81.18523929636453",WV,"085",,"CUNNINGHAM, M. P.","PRUSACK, JAMES",,,Not Available,Plugged,Vertical,Plugged,https://wellwiki.org/wiki/47-085-03219,,"4620213"
47-087-00406,087-00406,"38.685056895509014","-81.48075218331847",WV,"087",,"FIELDS, J.",OPERATOR UNKNOWN,,,Not Available,Plugged,Vertical,Plugged,https://wellwiki.org/wiki/47-087-00406,,"4620214"
47-095-01751,095-01751,"39.458416211971816","-80.66648734847634",WV,"095",,"WALTERS, JERRY","EAST RESOURCES, INC.",,,Not Available,Plugged,Vertical,Plugged,https://wellwiki.org/wiki/47-095-01751,,"4620215"
47-091-01352,091-01352,"39.25849923532326","-80.1690595892284",WV,"091",,RENEE JOHNSON,ARSENAL RESOURCES LLC,,,,Never Drilled,Horizontal 6A,Not Drilled,https://wellwiki.org/wiki/47-091-01352,,"4620216"
47-091-00988,091-00988,"39.32350883363499","-79.98567847335246",WV,"091",,"ICG TYGART VALLEY, LLC","ICG TYGART VALLEY, LLC",,,Unknown,Plugged,Vertical,Plugged,https://wellwiki.org/wiki/47-091-00988,,"4620217"
47-091-01203,091-01203,"39.29270136285994","-80.11200958629539",WV,"091",,"PATRIOT MINING COMPANY, INC.","PDC MOUNTAINEER, LLC",,,Unknown,Never Drilled,Horizontal,Not Drilled,https://wellwiki.org/wiki/47-091-01203,,"4620218"
47-099-01765,099-01765,"38.28242628328791","-82.5621145046778",WV,"099",,"CZOMPO, CHARLES C.","ADKINS, FRANKLIN",,,Not Available,Plugged,Vertical,Plugged,https://wellwiki.org/wiki/47-099-01765,,"4620219"
47-011-00882,011-00882,"38.40267649836789","-82.08577684070461",WV,"011",,"ROBERTS, S. A., ETAL","PILLAR ENERGY, LLC",,,Not Available,Plugged,Vertical,Plugged,https://wellwiki.org/wiki/47-011-00882,,"4620220"
47-107-00184,107-00184,"39.34297242047052","-81.5020727230328",WV,"107",,"WAY, H. E.",OPERATOR UNKNOWN,,,Not Available,Plugged,Vertical,Plugged,https://wellwiki.org/wiki/47-107-00184,,"4620221"
47-109-00467,109-00467,"37.74053034479139","-81.68949888698347",WV,"109",,"TOLER, CHARLES",OPERATOR UNKNOWN,,,Not Available,Plugged,Vertical,Plugged,https://wellwiki.org/wiki/47-109-00467,,"4620222"
47-001-01030,001-01030,"37.0462224768942","-81",WV,"001",,"CROSTON, A.",OPERATOR UNKNOWN,,,Not Available,Never Drilled,Vertical,Not Drilled,https://wellwiki.org/wiki/47-001-01030,,"4620223"
47-001-01217,001-01217,"37.0462224768942","-81",WV,"001",,"HARRIS, WANDA",OPERATOR UNKNOWN,,,Not Available,Never Drilled,Vertical,Not Drilled,https://wellwiki.org/wiki/47-001-01217,,"4620224"
47-033-02789,033-02789,"39.344027788355945","-80.44821540710916",WV,"033",,"SWIGER, STANLEY","MUTSCHELKNAUS, CLARENCE W",,,Not Available,Plugged,Vertical,Plugged,https://wellwiki.org/wiki/47-033-02789,,"4620225"
47-035-00062,035-00062,"38.97150477445071","-81.63876012452035",WV,"035",,"MORRISON, HENRY",BLUE CREEK GAS CO.,,,Not Available,Plugged,Vertical,Plugged,https://wellwiki.org/wiki/47-035-00062,,"4620226"
47-043-00676,043-00676,"38.28155771469518","-81.82444924042859",WV,"043",,"CHAPMAN, GEORGE",OPERATOR UNKNOWN,,,Not Available,Plugged,Vertical,Plugged,https://wellwiki.org/wiki/47-043-00676,,"4620227"
47-043-02142,043-02142,"38.261861768690245","-81.94578795026395",WV,"043",,"NAY, JAMES","EAST RESOURCES, INC.",,,Unknown,Plugged,Vertical,Plugged,https://wellwiki.org/wiki/47-043-02142,,"4620228"
47-043-02781,043-02781,"38.323787518375674","-82.05473345315177",WV,"043",,SALMONS,OPERATOR UNKNOWN,,,Not Available,Plugged,Vertical,Plugged,https://wellwiki.org/wiki/47-043-02781,,"4620229"
47-049-00040,049-00040,"39.418506884040596","-80.20144054704248",WV,"049",,"NIXON, SAMUEL","OWENS-ILLINOIS, INC.",,,Unknown,Plugged,Vertical,Plugged,https://wellwiki.org/wiki/47-049-00040,,"4620230"
47-049-01859,049-01859,"39.512302528038596","-80.45446764934661",WV,"049",,COASTAL TIMBERLANDS,CONSOLIDATION COAL COMPANY,,,Not Available,Plugged,Vertical,Plugged,https://wellwiki.org/wiki/47-049-01859,,"4620231"
47-049-02086,049-02086,"39.57382523628434","-80.37875942538396",WV,"049",,CONSOLIDATION COAL CO,CONSOLIDATION COAL COMPANY,,,Not Available,Plugged,Vertical,Plugged,https://wellwiki.org/wiki/47-049-02086,,"4620232"
47-049-00414,049-00414,"39.581059788130155","-80.47351681617786",WV,"049",,"HIBBS, D. C.",EQT PRODUCTION COMPANY,,,Unknown,Plugged,Vertical,Plugged,https://wellwiki.org/wiki/47-049-00414,,"4620233"
47-051-00680,051-00680,"39.81962388019993","-80.63176052759489",WV,"051",,"MORRIS, W.D.","EAST RESOURCES, INC.",,,Unknown,Plugged,Vertical,Plugged,https://wellwiki.org/wiki/47-051-00680,,"4620234"
47-047-01430,047-01430,"37.3997331446181","-81.43803445880421",WV,"047",,MEGA MINERALS,CONSOL GAS COMPANY,,,Unknown,Never Drilled,Vertical,Not Drilled,https://wellwiki.org/wiki/47-047-01430,,"4620235"
47-067-00830,067-00830,"38.29570279949771","-81.10598828492705",WV,"067",,AMHERST INDUSTRIES,CABOT OIL & GAS CORPORATION,,,Unknown,Plugged,Vertical,Plugged,https://wellwiki.org/wiki/47-067-00830,,"4620236"
47-073-01037,073-01037,"37.0462224768942","-81",WV,"073",,"HALL, H. KENNETH","C.W. RIGGS, INC.",,,Unknown,Never Drilled,Vertical,Not Drilled,https://wellwiki.org/wiki/47-073-01037,,"4620237"
47-059-00662,059-00662,"37.84752893875413","-82.33586329253586",WV,"059",,"NEWSOM, ANDY","WARE, E C",,,Not Available,Plugged,Vertical,Plugged,https://wellwiki.org/wiki/47-059-00662,,"4620238"
47-005-01174,005-01174,"37.9821484349272","-81.61025508891302",WV,"005",,FEDERAL COAL,EQT PRODUCTION COMPANY,,,Unknown,Plugged,Vertical,Plugged,https://wellwiki.org/wiki/47-005-01174,,"4620239"
47-073-02427,073-02427,"39.33442849070775","-81.29448280163068",WV,"073",,"LEWIS, ROBERT","LUCAS WELL SERVICE, INC.",,,Not Available,Plugged,Vertical,Plugged,https://wellwiki.org/wiki/47-073-02427,,"4620240"
47-073-00325,073-00325,"39.37917452064903","-81.25799468169001",WV,"073",,"WAGNER, MARY L.",OPERATOR UNKNOWN,,,Not Available,Plugged,Vertical,Plugged,https://wellwiki.org/wiki/47-073-00325,,"4620241"
47-085-00162,085-00162,"39.26112030806194","-81.07192667424029",WV,"085",,"FREDRICK, CHARLES H.",OPERATOR UNKNOWN,,,Not Available,Plugged,Vertical,Plugged,https://wellwiki.org/wiki/47-085-00162,,"4620242"
47-085-00325,085-00325,"39.35214792819857","-80.89760204348865",WV,"085",,"PECK, T.D.",OPERATOR UNKNOWN,,,Not Available,Plugged,Vertical,Plugged,https://wellwiki.org/wiki/47-085-00325,,"4620243"
47-005-01222,005-01222,"38.08052994924891","-81.89300950102667",WV,"005",,"HOPKINS, C. C.","EAST RESOURCES, INC.",,,Not Available,Plugged,Vertical,Plugged,https://wellwiki.org/wiki/47-005-01222,,"4620244"
47-007-01702,007-01702,"38.63046910438747","-80.89673641605451",WV,"007",,"HART, R. G., ETAL",STONESTREET LANDS CO.,,,Not Available,Plugged,Vertical,Plugged,https://wellwiki.org/wiki/47-007-01702,,"4620245"
47-085-07353,085-07353,"39.249067081997595","-80.90496220937334",WV,"085",,"NUTTER, WANDA",ENERGY CORPORATION OF AMERICA,,,Unknown,Never Drilled,Vertical,Not Drilled,https://wellwiki.org/wiki/47-085-07353,,"4620246"
47-081-00444,081-00444,"37.0462224768942","-81",WV,"081",,BEAVER COAL CO.,OPERATOR UNKNOWN,,,Not Available,Never Drilled,Vertical,Not Drilled,https://wellwiki.org/wiki/47-081-00444,,"4620247"
47-097-00091,097-00091,"38.72223682711677","-80.30479157651537",WV,"097",,"SMALLRIDGE, E. J.","COLUMBIA NATURAL RESOURCES, LLC",,,Unknown,Plugged,Vertical,Plugged,https://wellwiki.org/wiki/47-097-00091,,"4620248"
47-097-00152,097-00152,"38.85439887017413","-80.25958051948453",WV,"097",,FITZGERALD & LONG,HANLEY & BIRD,,,Unknown,Plugged,Vertical,Plugged,https://wellwiki.org/wiki/47-097-00152,,"4620249"
47-099-00955,099-00955,"38.32966140687747","-82.4699259957004",WV,"099",,"NIXON, N.B.",OPERATOR UNKNOWN,,,Not Available,Plugged,Vertical,Plugged,https://wellwiki.org/wiki/47-099-00955,,"4620250"
47-095-00850,095-00850,"39.52947475806549","-80.85270419491516",WV,"095",,"COTRILL, JACOB","ALLIANCE PETROLEUM CO., LLC",,,Unknown,Never Drilled,Vertical,Not Drilled,https://wellwiki.org/wiki/47-095-00850,,"4620251"
47-087-00157,087-00157,"38.706346340296996","-81.28171811826698",WV,"087",,"MURRAY, T.J., ET AL","HUNT, K METAL",,,Unknown,Plugged,Vertical,Plugged,https://wellwiki.org/wiki/47-087-00157,,"4620252"
47-099-01787,099-01787,"38.30994423446908","-82.30553394103917",WV,"099",,"ADKINS, VIVIAN",OPERATOR UNKNOWN,,,Not Available,Plugged,Vertical,Plugged,https://wellwiki.org/wiki/47-099-01787,,"4620253"
47-087-01425,087-01425,"38.6307646976414","-81.45240705687658",WV,"087",,"JACKSON, W. E.",OPERATOR UNKNOWN,,,Not Available,Plugged,Vertical,Plugged,https://wellwiki.org/wiki/47-087-01425,,"4620254"
47-087-01602,087-01602,"38.63163560049051","-81.3787275564206",WV,"087",,"CANTERBURY, G. W.",APOLLO PETROLEUM CORPORATION,,,Not Available,Plugged,Vertical,Plugged,https://wellwiki.org/wiki/47-087-01602,,"4620255"
47-043-00820,043-00820,"38.30621852451006","-81.88984769858205",WV,"043",,"BOWMAN, SAMUEL","HG ENERGY, LLC",,,House Gas,Plugged,Vertical,Plugged,https://wellwiki.org/wiki/47-043-00820,,"4620256"
47-005-00752,005-00752,"38.112622001607484","-81.53175682290743",WV,"005",,SHONK LAND CO,"P-G&H, INC.",,,Not Available,Plugged,Vertical,Plugged,https://wellwiki.org/wiki/47-005-00752,,"4620257"
47-005-01939,005-01939,"38.09622193815796","-81.54313158535473",WV,"005",,SHONK LAND CO.,"P-G&H, INC.",,,Not Available,Plugged,Vertical,Plugged,https://wellwiki.org/wiki/47-005-01939,,"4620258"
47-103-00556,103-00556,"37.0462224768942","-81",WV,"103",,"BARTRUG, ESSIE","NEELY, D",,,Unknown,Never Drilled,Vertical,Not Drilled,https://wellwiki.org/wiki/47-103-00556,,"4620259"
47-103-00650,103-00650,"39.549638055354926","-80.63213734902179",WV,"103",,"COX, D.",EQT PRODUCTION COMPANY,,,Unknown,Plugged,Vertical,Plugged,https://wellwiki.org/wiki/47-103-00650,,"4620260"
47-001-01895,001-01895,"37.0462224768942","-81",WV,"001",,"BOTTNER, WILLIAM",BEREA OIL & GAS CORP.,,,Unknown,Never Drilled,Vertical,Not Drilled,https://wellwiki.org/wiki/47-001-01895,,"4620261"
47-021-00159,021-00159,"38.83955780935598","-80.98451726130781",WV,"021",,"SUMMERS, A. I.",OPERATOR UNKNOWN,,,Not Available,Plugged,Vertical,Plugged,https://wellwiki.org/wiki/47-021-00159,,"4620262"
47-035-00027,035-00027,"38.75546954263773","-81.53988354450183",WV,"035",,"KELLEY, J. W.",OPERATOR UNKNOWN,,,Not Available,Plugged,Vertical,Plugged,https://wellwiki.org/wiki/47-035-00027,,"4620263"
47-017-05949,017-05949,"39.43109158631019","-80.6428867559246",WV,"017",,"MOORE, CARRIE J.","JAY-BEE OIL & GAS, INC.",,,Unknown,Never Issued,Vertical,Not Drilled,https://wellwiki.org/wiki/47-017-05949,,"4620264"
47-035-00459,035-00459,"38.71172593127866","-81.63029080330158",WV,"035",,"CHARCEY, MARY, ETAL","COLUMBIA NATURAL RESOURCES, LLC",,,Not Available,Plugged,Vertical,Plugged,https://wellwiki.org/wiki/47-035-00459,,"4620265"
47-041-00375,041-00375,"38.98601684058961","-80.48822661715539",WV,"041",,U.S.A.,"EQUITRANS, L. P.",,,Not Available,Plugged,Vertical,Plugged,https://wellwiki.org/wiki/47-041-00375,,"4620266"
47-039-02129,039-02129,"38.481917404815896","-81.41721009844039",WV,"039",,1-79 PROPERTIES,QUAKER STATE CORPORATION,,,Brine Disposal,Plugged,Vertical,Plugged,https://wellwiki.org/wiki/47-039-02129,,"4620267"
47-017-03029,017-03029,"39.160978797636496","-80.80459569776127",WV,"017",,BOWEN/RICHARDS,STUART PETROLEUM COMPANY,,,Unknown,Never Drilled,Vertical,Not Drilled,https://wellwiki.org/wiki/47-017-03029,,"4620268"
47-041-02141,041-02141,"39.04840084495708","-80.5266299377043",WV,"041",,"ROWAN, CLARA","HAUGHT, INC.",,,Not Available,Plugged,Vertical,Plugged,https://wellwiki.org/wiki/47-041-02141,,"4620269"
47-073-00824,073-00824,"37.0462224768942","-81",WV,"073",,"COX, THOMAS J.",KEY OIL CO.,,,Unknown,Never Drilled,Vertical,Not Drilled,https://wellwiki.org/wiki/47-073-00824,,"4620270"
47-033-04119,033-04119,"39.37100449259368","-80.38174783387656",WV,"033",,"ROSS, ROBERT J., ETUX",TRIO PETROLEUM CORP.,,,Unknown,Never Drilled,Vertical,Not Drilled,https://wellwiki.org/wiki/47-033-04119,,"4620271"
47-039-03931,039-03931,"38.33659900220518","-81.85750565799633",WV,"039",,"KEIFFER, JACK R.",PRIME OPERATING COMPANY,,,Not Available,Never Drilled,Vertical,Not Drilled,https://wellwiki.org/wiki/47-039-03931,,"4620272"
47-041-00222,041-00222,"38.96453874626566","-80.32118270439064",WV,"041",,"LINGER, R. B.","PEMCO GAS, INC.",,,Not Available,Plugged,Vertical,Plugged,https://wellwiki.org/wiki/47-041-00222,,"4620273"
47-043-01490,043-01490,"38.251497688998306","-81.93295751909424",WV,"043",,"MILLER, BILLY & DARLENE","EAST RESOURCES, INC.",,,Gas Production,Plugged,Vertical,Plugged,https://wellwiki.org/wiki/47-043-01490,,"4620274"
47-045-00667,045-00667,"37.75592652658307","-81.86104117497023",WV,"045",,TRIAD COMPANY,OPERATOR UNKNOWN,,,Not Available,Plugged,Vertical,Plugged,https://wellwiki.org/wiki/47-045-00667,,"4620275"
47-005-00175,005-00175,"38.10231326227606","-81.82801960162752",WV,"005",,"CABELL, S. P.",LIBBEY OWENS GAS,,,Unknown,Plugged,Vertical,Plugged,https://wellwiki.org/wiki/47-005-00175,,"4620276"
47-049-02158,049-02158,"39.59874699755895","-80.23317450580352",WV,"049",,"NEBERA, NAOMI M. & WILLIAM",EQT PRODUCTION COMPANY,,,Unknown,Never Drilled,Horizontal,Not Drilled,https://wellwiki.org/wiki/47-049-02158,,"4620277"
47-049-00210,049-00210,"39.54374672349175","-80.20883543684813",WV,"049",,"JONES, D.R.",OPERATOR UNKNOWN,,,Not Available,Plugged,Vertical,Plugged,https://wellwiki.org/wiki/47-049-00210,,"4620278"
47-047-01975,047-01975,"37.348712709405866","-81.62412665093615",WV,"047",,"ALAWEST, INC.",CNX GAS COMPANY LLC,,,Unknown,Plugged,Vertical,Plugged,https://wellwiki.org/wiki/47-047-01975,,"4620279"
47-073-01460,073-01460,"39.32743417290389","-81.24422143793561",WV,"073",,HACKATHORN,"BEALL, RUSSELL G",,,Not Available,Plugged,Vertical,Plugged,https://wellwiki.org/wiki/47-073-01460,,"4620280"
47-055-00398,055-00398,"37.450931968649904","-81.24586742271636",WV,"055",,POCAHONTAS LAND CORP.,CONSOL GAS COMPANY,,,Unknown,Never Drilled,Vertical,Not Drilled,https://wellwiki.org/wiki/47-055-00398,,"4620281"
47-007-00012,007-00012,"38.75736427507214","-80.79115689772667",WV,"007",,"BAKER, J.C. & SONS, INC.","EQUITRANS, L. P.",,,Not Available,Plugged,Vertical,Plugged,https://wellwiki.org/wiki/47-007-00012,,"4620282"
47-061-00879,061-00879,"39.61219383577339","-80.24394016294016",WV,"061",,"HAUGHT, BILLY C.","HG ENERGY, LLC",,,Gas Production,Plugged,Vertical,Plugged,https://wellwiki.org/wiki/47-061-00879,,"4620283"
47-077-00489,077-00489,"39.67831147239386","-79.52224658736229",WV,"077",,"FIKE, D. L. & ANNA  ET AL",CHIEF OIL & GAS LLC,,,Unknown,Never Drilled,Horizontal,Not Drilled,https://wellwiki.org/wiki/47-077-00489,,"4620284"
47-085-03255,085-03255,"39.160146624507476","-80.98353052863209",WV,"085",,"MARSHALL, MAE",OPERATOR UNKNOWN,,,Not Available,Plugged,Vertical,Plugged,https://wellwiki.org/wiki/47-085-03255,,"4620285"
47-087-00123,087-00123,"38.737900124147274","-81.19018909751539",WV,"087",,"SLEATH, W. H.","EAST RESOURCES, INC.",,,Unknown,Plugged,Vertical,Plugged,https://wellwiki.org/wiki/47-087-00123,,"4620286"
47-091-00773,091-00773,"39.33194345103442","-80.14738464700693",WV,"091",,"TALAGO, STANLEY","BOWIE, INC.",,,Unknown,Never Drilled,Vertical,Not Drilled,https://wellwiki.org/wiki/47-091-00773,,"4620287"
47-107-00487,107-00487,"37.0462224768942","-81",WV,"107",,"ELLIOTT, J. E.",RIDGEDALE OIL & GAS CO.,,,Unknown,Never Drilled,Vertical,Not Drilled,https://wellwiki.org/wiki/47-107-00487,,"4620288"
47-057-00059,057-00059,"39.454809851228845","-79.04201146723413",WV,"057",,WESTVACO CORP.,"COLUMBIA NATURAL RESOURCES, LLC",,,Unknown,Plugged,Vertical,Plugged,https://wellwiki.org/wiki/47-057-00059,,"4620289"
47-005-01173,005-01173,"38.01344718257689","-81.62108607805145",WV,"005",,FEDERAL COAL,EQT PRODUCTION COMPANY,,,Unknown,Plugged,Vertical,Plugged,https://wellwiki.org/wiki/47-005-01173,,"4620290"
47-073-00170,073-00170,"39.364695895922445","-81.27497302104466",WV,"073",,"HAMMAT, HARRY G., ETAL",OPERATOR UNKNOWN,,,Not Available,Plugged,Vertical,Plugged,https://wellwiki.org/wiki/47-073-00170,,"4620291"
47-085-02922,085-02922,"39.23744138782576","-80.93934063776233",WV,"085",,RITCHIE MINES,"EAST RESOURCES, INC.",,,Unknown,Never Drilled,Vertical,Not Drilled,https://wellwiki.org/wiki/47-085-02922,,"4620292"
47-085-06598,085-06598,"39.23744138782576","-80.93934063776233",WV,"085",,"CARMICHAEL, MONROE - HEIR",WRAY PETROLEUM CORP.,,,Unknown,Never Drilled,Vertical,Not Drilled,https://wellwiki.org/wiki/47-085-06598,,"4620293"
47-103-03273,103-03273,"39.47947359144364","-80.51440911694006",WV,"103",,GLADYS J. ASH,CONSOLIDATION COAL COMPANY,,,,Plugged,Vertical,Plugged,https://wellwiki.org/wiki/47-103-03273,,"4620294"
47-081-00463,081-00463,"37.0462224768942","-81",WV,"081",,"SMITH, H.H.",OPERATOR UNKNOWN,,,Not Available,Never Drilled,Vertical,Not Drilled,https://wellwiki.org/wiki/47-081-00463,,"4620295"
47-095-00871,095-00871,"39.51794270596752","-80.83690668348856",WV,"095",,"DOAN, J./CARLISLE/THACKER",OPERATOR UNKNOWN,,,Not Available,Plugged,Vertical,Plugged,https://wellwiki.org/wiki/47-095-00871,,"4620296"
47-097-00759,097-00759,"38.86916163537138","-80.35683453903873",WV,"097",,"ROBY, FRANK O.","HOPE GAS, INC.",,,Unknown,Plugged,Vertical,Plugged,https://wellwiki.org/wiki/47-097-00759,,"4620297"
47-097-00874,097-00874,"38.91573385651096","-80.26156770370079",WV,"097",,"LANE, S.A. & GENEVIEVE","MILLER, ALLERTON",,,Unknown,Plugged,Vertical,Plugged,https://wellwiki.org/wiki/47-097-00874,,"4620298"
47-097-00770,097-00770,"38.865196979033044","-80.37247477272427",WV,"097",,"WILSON, GOFF","HOPE GAS, INC.",,,Unknown,Plugged,Vertical,Plugged,https://wellwiki.org/wiki/47-097-00770,,"4620299"
47-097-00773,097-00773,"39.07264544994393","-80.28592569965186",WV,"097",,"POST, MERLIN D.","HOPE GAS, INC.",,,Unknown,Plugged,Vertical,Plugged,https://wellwiki.org/wiki/47-097-00773,,"4620300"
47-097-00775,097-00775,"37.0462224768942","-81",WV,"097",,"WILSON, W.C.","HOPE GAS, INC.",,,Unknown,Never Drilled,Vertical,Not Drilled,https://wellwiki.org/wiki/47-097-00775,,"4620301"
47-095-02871,095-02871,"39.51693502473806","-80.86949197008929",WV,"095",,N/A,OPERATOR UNKNOWN,,,,Permit Application,Not Available,Not Drilled,https://wellwiki.org/wiki/47-095-02871,,"4620302"
47-103-03622,103-03622,"39.494773992958194","-80.54466401769261",WV,"103",,N/A,OPERATOR UNKNOWN,,,,Permit Application,Not Available,Not Drilled,https://wellwiki.org/wiki/47-103-03622,,"4620303"
47-097-00791,097-00791,"39.079102277655856","-80.20019851174584",WV,"097",,"GUM, J.B.",OPERATOR UNKNOWN,,,Not Available,Plugged,Vertical,Plugged,https://wellwiki.org/wiki/47-097-00791,,"4620304"
47-097-00793,097-00793,"39.08739200634836","-80.2059358382593",WV,"097",,"GUM, W.B.",OPERATOR UNKNOWN,,,Not Available,Plugged,Vertical,Plugged,https://wellwiki.org/wiki/47-097-00793,,"4620305"
47-095-00018,095-00018,"39.57731284308884","-80.97464710434316",WV,"095",,"MCCOY, J.B.",RENO OIL CO.,,,Unknown,Plugged,Vertical,Plugged,https://wellwiki.org/wiki/47-095-00018,,"4620306"
47-093-00063,093-00063,"39.2202066904022","-79.60934493852454",WV,"093",,U. S. A.,OXY USA INC.,,,Not Available,Plugged,Vertical,Plugged,https://wellwiki.org/wiki/47-093-00063,,"4620307"
47-105-00515,105-00515,"39.01129242718181","-81.44382435270893",WV,"105",,"WOODYARD, FRED",SENECA OIL COMPANY,,,Unknown,Plugged,Vertical,Plugged,https://wellwiki.org/wiki/47-105-00515,,"4620308"
47-105-00516,105-00516,"39.013272558798974","-81.42780921095095",WV,"105",,"SIMS, ELI J.",SENECA OIL COMPANY,,,Unknown,Plugged,Vertical,Plugged,https://wellwiki.org/wiki/47-105-00516,,"4620309"
47-105-00543,105-00543,"39.017953745868695","-81.43781427081926",WV,"105",,"ALLEN, WALDO",SENECA OIL COMPANY,,,Unknown,Plugged,Vertical,Plugged,https://wellwiki.org/wiki/47-105-00543,,"4620310"
47-105-00544,105-00544,"38.93103193725596","-81.50482375600373",WV,"105",,"MCVEY, ROY",SENECA OIL COMPANY,,,Unknown,Plugged,Vertical,Plugged,https://wellwiki.org/wiki/47-105-00544,,"4620311"
47-105-00660,105-00660,"38.979996609239365","-81.28496284256042",WV,"105",,"MEAD, W.O.","AMAREX, INC.",,,Unknown,Plugged,Vertical,Plugged,https://wellwiki.org/wiki/47-105-00660,,"4620312"
47-105-00722,105-00722,"38.99645225685799","-81.24828013546178",WV,"105",,WESTVACO,"STONESTREET, VANCE",,,Not Available,Plugged,Vertical,Plugged,https://wellwiki.org/wiki/47-105-00722,,"4620313"
47-105-00298,105-00298,"39.12485886598326","-81.4317897227294",WV,"105",,"ANDERSON, T.M.",OPERATOR UNKNOWN,,,Not Available,Plugged,Vertical,Plugged,https://wellwiki.org/wiki/47-105-00298,,"4620314"
47-107-00473,107-00473,"39.376606920071204","-81.42513962174861",WV,"107",,"ATHEY, H. O.","LOVE, C. E.",,,Not Available,Plugged,Vertical,Plugged,https://wellwiki.org/wiki/47-107-00473,,"4620315"
47-105-80011,105-80011,"37.0462224768942","-81",WV,"105",,Grow,OPERATOR UNKNOWN,,,Not Available,Abandoned Well,Vertical,Orphaned / Abandoned / Unverified Plug,https://wellwiki.org/wiki/47-105-80011,,"4620316"
47-103-02529,103-02529,"39.71368235276701","-80.72760514667605",WV,"103",,BAXTER ROBERT,"CHESAPEAKE APPALACHIA, L.L.C.",,,Unknown,Never Drilled,Horizontal,Not Drilled,https://wellwiki.org/wiki/47-103-02529,,"4620317"
47-001-02984,001-02984,"39.159004856029355","-79.9536878552506",WV,"001",,"MCDANIEL, GLADYS AUVIL",DENEX PETROLEUM CORP.,,,Unknown,Never Drilled,Vertical,Not Drilled,https://wellwiki.org/wiki/47-001-02984,,"4620318"
47-103-00014,103-00014,"39.6327823066565","-80.80556245427255",WV,"103",,"HIBBS, C.","LEATHERWOOD, LLC",,,Unknown,Plugged,Vertical,Plugged,https://wellwiki.org/wiki/47-103-00014,,"4620319"
47-011-00535,011-00535,"38.35961900303072","-82.32444061217217",WV,"011",,"WALKER, E.",OPERATOR UNKNOWN,,,Not Available,Plugged,Vertical,Plugged,https://wellwiki.org/wiki/47-011-00535,,"4620320"
47-013-00099,013-00099,"38.81470025077653","-81.1026306254491",WV,"013",,"ALLEN, MARY","CAIN, MILTON",,,Unknown,Plugged,Vertical,Plugged,https://wellwiki.org/wiki/47-013-00099,,"4620321"
47-013-03782,013-03782,"38.77882068689349","-81.14727106383927",WV,"013",,"HAYS, SAMUEL A.",PRIME OPERATING COMPANY,,,Not Available,Never Drilled,Vertical,Not Drilled,https://wellwiki.org/wiki/47-013-03782,,"4620322"
47-013-04037,013-04037,"38.81051809741224","-81.06626343937725",WV,"013",,"MACE, RALPH",PRIME OPERATING COMPANY,,,Not Available,Plugged,Vertical,Plugged,https://wellwiki.org/wiki/47-013-04037,,"4620323"
47-013-01457,013-01457,"38.83282332569539","-81.11169862171825",WV,"013",,"BURCH, WILLIAM",D & R ENERGY,,,Not Available,Plugged,Vertical,Plugged,https://wellwiki.org/wiki/47-013-01457,,"4620324"
47-013-01974,013-01974,"38.69883543097563","-81.02934302485015",WV,"013",,"ARNOLD, ROY E.",OPTIMIST OIL & GAS CO.,,,Not Available,Plugged,Vertical,Plugged,https://wellwiki.org/wiki/47-013-01974,,"4620325"
47-017-00723,017-00723,"39.220780369517016","-80.7101517934649",WV,"017",,"WALTON, MARY","PRIOR, FERRELL L",,,Unknown,Plugged,Vertical,Plugged,https://wellwiki.org/wiki/47-017-00723,,"4620326"
47-013-02202,013-02202,"38.93404915888947","-81.0048446973054",WV,"013",,"WEASE, ELSIE",OPERATOR UNKNOWN,,,Not Available,Never Drilled,Vertical,Not Drilled,https://wellwiki.org/wiki/47-013-02202,,"4620327"
47-017-00553,017-00553,"39.160978797636496","-80.80459569776127",WV,"017",,"SQUIRES, S. J.","LAW, DAVID",,,Unknown,Never Drilled,Vertical,Not Drilled,https://wellwiki.org/wiki/47-017-00553,,"4620328"
47-017-00732,017-00732,"39.15630555328981","-80.63253449323187",WV,"017",,JAMES DENNISON HEIRS,SOUTHERN TRIANGLE OIL,,,Unknown,Never Drilled,Vertical,Not Drilled,https://wellwiki.org/wiki/47-017-00732,,"4620329"
47-017-03100,017-03100,"39.160978797636496","-80.80459569776127",WV,"017",,L. G. R. MINERAL CO.,OPERATOR UNKNOWN,,,Not Available,Never Drilled,Vertical,Not Drilled,https://wellwiki.org/wiki/47-017-03100,,"4620330"
47-017-04979,017-04979,"39.30177852835331","-80.70363753922557",WV,"017",,"COSTILOW, EARNEST",KEY OIL COMPANY,,,Unknown,Never Drilled,Vertical,Not Drilled,https://wellwiki.org/wiki/47-017-04979,,"4620331"
47-021-01085,021-01085,"39.082915528524055","-80.77343445777399",WV,"021",,"SIBERT, F. W.",OPERATOR UNKNOWN,,,Not Available,Abandoned Well,Vertical,Orphaned / Abandoned / Unverified Plug,https://wellwiki.org/wiki/47-021-01085,,"4620332"
47-013-02528,013-02528,"37.0462224768942","-81",WV,"013",,MARX-BENNETT,"HEETER, W. L.",,,Unknown,Never Drilled,Vertical,Not Drilled,https://wellwiki.org/wiki/47-013-02528,,"4620333"
47-109-00008,109-00008,"37.57706015642798","-81.55461459264527",WV,"109",,"COOK, RON","BOYD O & G, INC.",,,Unknown,Plugged,Vertical,Plugged,https://wellwiki.org/wiki/47-109-00008,,"4620334"
47-021-02453,021-02453,"38.92969615431634","-80.97647252373407",WV,"021",,"BENNETT, W. G.","EASTERN GAS TRANSMISSION AND STORAGE, INC",,,Not Available,Plugged,Vertical,Plugged,https://wellwiki.org/wiki/47-021-02453,,"4620335"
47-109-01069,109-01069,"37.74246623555431","-81.6261173385436",WV,"109",,POCAHONTAS LAND CORP.,CNG PRODUCING COMPANY,,,Unknown,Never Drilled,Vertical,Not Drilled,https://wellwiki.org/wiki/47-109-01069,,"4620336"
47-033-01803,033-01803,"39.39643390169302","-80.5138414148431",WV,"033",,"HASELBACHER, FANNY","PERKINS OIL AND GAS, INC.",,,Not Available,Plugged,Vertical,Plugged,https://wellwiki.org/wiki/47-033-01803,,"4620337"
47-021-02946,021-02946,"38.907145370501894","-80.85126550852398",WV,"021",,"VARNER, PEARL",STONESTREET LANDS CO.,,,Unknown,Never Drilled,Vertical,Not Drilled,https://wellwiki.org/wiki/47-021-02946,,"4620338"
47-021-00122,021-00122,"38.941004147523564","-81.00595867129562",WV,"021",,"COLLINS, EVERETT",OPERATOR UNKNOWN,,,Not Available,Plugged,Vertical,Plugged,https://wellwiki.org/wiki/47-021-00122,,"4620339"
47-019-00176,019-00176,"37.956843735385114","-81.09703494413728",WV,"019",,NEW RIVER CO,MCCORMICK OIL & GAS,,,Not Available,Plugged,Vertical,Plugged,https://wellwiki.org/wiki/47-019-00176,,"4620340"
47-021-00129,021-00129,"38.861701543586626","-80.93571927903588",WV,"021",,"MCCLAIN, DOY","SCOTT, H. B.",,,Unknown,Plugged,Vertical,Plugged,https://wellwiki.org/wiki/47-021-00129,,"4620341"
47-035-00254,035-00254,"38.97079190778094","-81.63008820941562",WV,"035",,"MORRISON, E. F.",BLUE CREEK GAS CO.,,,Not Available,Plugged,Vertical,Plugged,https://wellwiki.org/wiki/47-035-00254,,"4620342"
47-039-00019,039-00019,"38.0991250856728","-81.51671372528159",WV,"039",,SHONK LAND COMPANY,"P-G&H, INC.",,,Unknown,Plugged,Vertical,Plugged,https://wellwiki.org/wiki/47-039-00019,,"4620343"
47-035-02970,035-02970,"38.94574389006317","-81.62600380248001",WV,"035",,"MORGAN, JOHN M.","HARD ROCK EXPLORATION, INC.",,,Unknown,Never Drilled,Vertical,Not Drilled,https://wellwiki.org/wiki/47-035-02970,,"4620344"
47-025-00034,025-00034,"38.20311341702772","-80.44807969655041",WV,"025",,WEYERHAEUSER COMPANY,BRC OPERATING COMPANY LLC,,,Unknown,Plugged,Horizontal,Plugged,https://wellwiki.org/wiki/47-025-00034,,"4620345"
47-035-00386,035-00386,"38.878793441862115","-81.62111957530517",WV,"035",,"RICHARDS, URA, ETAL",OXY USA INC.,,,Not Available,Plugged,Vertical,Plugged,https://wellwiki.org/wiki/47-035-00386,,"4620346"
47-039-00643,039-00643,"38.52772289051701","-81.53985595568994",WV,"039",,"TIGNOR, S. E.",OXY USA INC.,,,Not Available,Plugged,Vertical,Plugged,https://wellwiki.org/wiki/47-039-00643,,"4620347"
47-041-01729,041-01729,"38.8668622022591","-80.40182217588541",WV,"041",,"WILFONG, ORVILLE","SENECA-UPSHUR PETROLEUM, LLC",,,Not Available,Plugged,Vertical,Plugged,https://wellwiki.org/wiki/47-041-01729,,"4620348"
47-033-03864,033-03864,"39.386770786805634","-80.51492926819863",WV,"033",,"WILLIAMS, RICHARD, ETAL",CONVEST ENERGY CORPORATION,,,Unknown,Never Drilled,Vertical,Not Drilled,https://wellwiki.org/wiki/47-033-03864,,"4620349"
47-039-04529,039-04529,"38.089991663840145","-81.5117674964527",WV,"039",,SHONK LAND CO.,PANTHER LLC,,,Gas Production,Plugged,Vertical,Plugged,https://wellwiki.org/wiki/47-039-04529,,"4620350"
47-035-00351,035-00351,"37.0462224768942","-81",WV,"035",,"NUZUM, CLAUDE L.","BOGGESS, GUY G.",,,Unknown,Never Drilled,Vertical,Not Drilled,https://wellwiki.org/wiki/47-035-00351,,"4620351"
47-043-02055,043-02055,"38.194780892123","-82.02638312872023",WV,"043",,"OXLEY, S. W.",DIVERSIFIED PRODUCTION LLC,,,Unknown,Plugged,Vertical,Plugged,https://wellwiki.org/wiki/47-043-02055,,"4620352"
47-045-00315,045-00315,"37.88337220105285","-81.80995674070826",WV,"045",,ARK LAND KH,"PETTEY, JOSEPH E.",,,Not Available,Plugged,Vertical,Plugged,https://wellwiki.org/wiki/47-045-00315,,"4620353"
47-045-01097,045-01097,"37.788272902943575","-81.62363880734635",WV,"045",,"OSBORNE, ALDA",BEREA OIL & GAS CORP.,,,Unknown,Never Drilled,Vertical,Not Drilled,https://wellwiki.org/wiki/47-045-01097,,"4620354"
47-033-04848,033-04848,"39.422666444023044","-80.26111025766929",WV,"033",,"WEAVER, JOHN & NANCY","LINN OPERATING, INC.",,,Unknown,Never Drilled,Vertical,Not Drilled,https://wellwiki.org/wiki/47-033-04848,,"4620355"
47-045-01069,045-01069,"37.0462224768942","-81",WV,"045",,LAWSON HEIRS,OPERATOR UNKNOWN,,,Not Available,Never Drilled,Vertical,Not Drilled,https://wellwiki.org/wiki/47-045-01069,,"4620356"
47-005-02103,005-02103,"38.09317414053279","-81.57342476624875",WV,"005",,LAFOLLETTE,PANTHER LLC,,,Not Available,Plugged,Vertical,Plugged,https://wellwiki.org/wiki/47-005-02103,,"4620357"
47-051-00568,051-00568,"39.81904281436622","-80.65676687272983",WV,"051",,"CHAPLIN, D.",CABOT OIL & GAS CORPORATION,,,Not Available,Plugged,Vertical,Plugged,https://wellwiki.org/wiki/47-051-00568,,"4620358"
47-005-01035,005-01035,"37.99618287740023","-81.90634607503624",WV,"005",,"HILL, G. T.",INDUSTRIAL GAS CORP.,,,Unknown,Plugged,Vertical,Plugged,https://wellwiki.org/wiki/47-005-01035,,"4620359"
47-047-02098,047-02098,"37.42259681071521","-81.75547420322161",WV,"047",,"ALAWEST, INC.",CNX GAS COMPANY LLC,,,Gas Production,Plugged,Coal Bed Methane Well,Plugged,https://wellwiki.org/wiki/47-047-02098,,"4620360"
47-067-00671,067-00671,"38.271019304402984","-81.01657535673355",WV,"067",,"NEIL, BERNICE","D. C. MALCOLM, INC.",,,Not Available,Plugged,Vertical,Plugged,https://wellwiki.org/wiki/47-067-00671,,"4620361"
47-005-00064,005-00064,"38.12989911485203","-81.94297920665166",WV,"005",,"CROFT, C. A.","EAST RESOURCES, INC.",,,Unknown,Plugged,Vertical,Plugged,https://wellwiki.org/wiki/47-005-00064,,"4620362"
47-007-00649,007-00649,"38.831856410146834","-80.73000491269832",WV,"007",,"PULLIAM, MATHEW - HEIRS",WITCO CORPORATION,,,Gas Production,Plugged,Vertical,Plugged,https://wellwiki.org/wiki/47-007-00649,,"4620363"
47-007-00011,007-00011,"38.79780450671592","-80.77626413798289",WV,"007",,"MOYER, W. B.","EQUITRANS, L. P.",,,Not Available,Plugged,Vertical,Plugged,https://wellwiki.org/wiki/47-007-00011,,"4620364"
47-073-01488,073-01488,"37.0462224768942","-81",WV,"073",,JOHN SCHAUWECKER HEIRS,"SHAFER OIL & GAS, INC.",,,Unknown,Never Drilled,Vertical,Not Drilled,https://wellwiki.org/wiki/47-073-01488,,"4620365"
47-057-00006,057-00006,"37.0462224768942","-81",WV,"057",,"BOSLEY, R. V.",OPERATOR UNKNOWN,,,Not Available,Never Drilled,Vertical,Not Drilled,https://wellwiki.org/wiki/47-057-00006,,"4620366"
47-073-01726,073-01726,"37.0462224768942","-81",WV,"073",,"HUFFORD, L. & V. WILSON","DUCKWORTH, STEVE DBA STEVE DUCKWORTH WELL SERVICE",,,Unknown,Plugged,Vertical,Plugged,https://wellwiki.org/wiki/47-073-01726,,"4620367"
47-057-00037,057-00037,"39.35986966714825","-79.06090195486688",WV,"057",,"PANCAKE, LUCY","COLUMBIA NATURAL RESOURCES, LLC",,,Unknown,Plugged,Vertical,Plugged,https://wellwiki.org/wiki/47-057-00037,,"4620368"
47-053-00337,053-00337,"38.703253215126914","-82.15440387749737",WV,"053",,"NIBERT, DALE",EQT PRODUCTION COMPANY,,,Not Available,Never Drilled,Vertical,Not Drilled,https://wellwiki.org/wiki/47-053-00337,,"4620369"
47-007-02558,007-02558,"38.77179038157252","-80.7898905888651",WV,"007",,"MCCOY, MELVIN, WETZEL LEE","P. D. L. SERVICES, INC.",,,Unknown,Never Issued,Vertical,Not Drilled,https://wellwiki.org/wiki/47-007-02558,,"4620370"
47-073-01713,073-01713,"37.0462224768942","-81",WV,"073",,"GIBONEY, S. G.","ZICKEFOOSE, R. L. AND W.F.",,,Unknown,Never Drilled,Vertical,Not Drilled,https://wellwiki.org/wiki/47-073-01713,,"4620371"
47-073-00334,073-00334,"39.379334381290825","-81.25863966242844",WV,"073",,"KEEVER, FRIEDA",OPERATOR UNKNOWN,,,Not Available,Plugged,Vertical,Plugged,https://wellwiki.org/wiki/47-073-00334,,"4620372"
47-059-01073,059-01073,"37.80652192219918","-82.1563113749973",WV,"059",,HEARTWOOD FORESTLAND FUND II,"LEATHERWOOD, LLC",,,Gas Production,Plugged,Vertical,Plugged,https://wellwiki.org/wiki/47-059-01073,,"4620373"
47-085-00179,085-00179,"39.194041978099456","-81.2433877575421",WV,"085",,"KEOHNLEIN, G.W.",OPERATOR UNKNOWN,,,Not Available,Plugged,Vertical,Plugged,https://wellwiki.org/wiki/47-085-00179,,"4620374"
47-059-01081,059-01081,"37.0462224768942","-81",WV,"059",,GEORGIA-PACIFIC,"SENECA-UPSHUR PETROLEUM, LLC",,,Unknown,Never Drilled,Vertical,Not Drilled,https://wellwiki.org/wiki/47-059-01081,,"4620375"
47-007-01257,007-01257,"38.68234494361307","-80.88468342609079",WV,"007",,"WIDEMOYER, DAVID & ANITA","EQUITRANS, L. P.",,,Not Available,Plugged,Vertical,Plugged,https://wellwiki.org/wiki/47-007-01257,,"4620376"
47-079-01533,079-01533,"38.59513108776866","-81.86948730805538",WV,"079",,"SMITH, WANDA, ET AL",MOUNTAINEER GAS SERVICES LLC,,,Unknown,Never Drilled,Vertical,Not Drilled,https://wellwiki.org/wiki/47-079-01533,,"4620377"
47-085-00701,085-00701,"39.281057964631835","-81.12510761360268",WV,"085",,"ARNETT, WILLIAM",OPERATOR UNKNOWN,,,Not Available,Plugged,Vertical,Plugged,https://wellwiki.org/wiki/47-085-00701,,"4620378"
47-059-01639,059-01639,"37.712510047746065","-82.24068309716905",WV,"059",,POCAHONTAS LAND CORP.,EQT PRODUCTION COMPANY,,,Unknown,Never Drilled,Vertical,Not Drilled,https://wellwiki.org/wiki/47-059-01639,,"4620379"
47-085-04156,085-04156,"39.14753165348232","-80.88902422801948",WV,"085",,"VERNON, ALLEN E.",KEY OIL CO.,,,Not Available,Plugged,Vertical,Plugged,https://wellwiki.org/wiki/47-085-04156,,"4620380"
47-085-04124,085-04124,"39.095323401700135","-81.0380743911495",WV,"085",,"GOFF, ERNEST C.","HAUGHT, INC.",,,Not Available,Plugged,Vertical,Plugged,https://wellwiki.org/wiki/47-085-04124,,"4620381"
47-085-04737,085-04737,"39.026364772684715","-81.10028001734055",WV,"085",,"RAY, EDWARD B.","BET-RO, INC.",,,Not Available,Plugged,Vertical,Plugged,https://wellwiki.org/wiki/47-085-04737,,"4620382"
47-081-00467,081-00467,"37.0462224768942","-81",WV,"081",,PINEY COKING COAL LAND CO,OPERATOR UNKNOWN,,,Not Available,Never Drilled,Vertical,Not Drilled,https://wellwiki.org/wiki/47-081-00467,,"4620383"
47-085-01178,085-01178,"39.15723756919144","-80.90322429264994",WV,"085",,"IRELAND, GUY","HAUGHT, INC.",,,Not Available,Plugged,Vertical,Plugged,https://wellwiki.org/wiki/47-085-01178,,"4620384"
47-085-08814,085-08814,"39.0559846125866","-81.12055570535182",WV,"085",,"ELBERT, HUBERT",BUCKEYE OIL PRODUCING CO.,,,Unknown,Plugged,Vertical,Plugged,https://wellwiki.org/wiki/47-085-08814,,"4620385"
47-087-03773,087-03773,"38.66052400347424","-81.20608788832975",WV,"087",,"CARPER, GLADYS","TRIAD HUNTER, LLC",,,Fluid Injection,Plugged,Vertical,Plugged,https://wellwiki.org/wiki/47-087-03773,,"4620386"
47-087-02192,087-02192,"38.55106451223163","-81.22054637037994",WV,"087",,"MULLINS, VIRGIE","MULLINS, OKEY",,,House Gas,Plugged,Vertical,Plugged,https://wellwiki.org/wiki/47-087-02192,,"4620387"
47-085-08314,085-08314,"39.14180818939921","-80.87325121003792",WV,"085",,"BRISSEY, IRENE","ALAMCO, INC.",,,Unknown,Never Drilled,Vertical,Not Drilled,https://wellwiki.org/wiki/47-085-08314,,"4620388"
47-085-09881,085-09881,"39.03337156223999","-81.0460373307776",WV,"085",,BBGJ INC,MURVIN & MEIER OIL CO.,,,Unknown,Never Issued,Vertical,Not Drilled,https://wellwiki.org/wiki/47-085-09881,,"4620389"
47-095-00214,095-00214,"39.40140403957146","-80.9489909247633",WV,"095",,"BARKER, OPAL T. & E.M.",OPERATOR UNKNOWN,,,Not Available,Plugged,Vertical,Plugged,https://wellwiki.org/wiki/47-095-00214,,"4620390"
47-085-09492,085-09492,"39.27324230278789","-80.99315782966067",WV,"085",,"SHAFFER, HARRY & JOANNE","DEEM, J. F. OIL & GAS, LLC",,,Unknown,Never Drilled,Vertical,Not Drilled,https://wellwiki.org/wiki/47-085-09492,,"4620391"
47-097-03783,097-03783,"38.79948948727335","-80.20615741836014",WV,"097",,"WOODY, D. J., ET AL",CNX GAS COMPANY LLC,,,Unknown,Never Drilled,Horizontal,Not Drilled,https://wellwiki.org/wiki/47-097-03783,,"4620392"
47-097-03109,097-03109,"38.80426493197461","-80.14926681792574",WV,"097",,"WOODY, DON J.",CONSOL GAS COMPANY,,,Unknown,Plugged,Vertical,Plugged,https://wellwiki.org/wiki/47-097-03109,,"4620393"
47-099-00230,099-00230,"37.98683444468154","-82.36807778247812",WV,"099",,"COPLEY, RANDY & MARCELLA",CABOT OIL & GAS CORPORATION,,,Not Available,Plugged,Vertical,Plugged,https://wellwiki.org/wiki/47-099-00230,,"4620394"
47-099-00187,099-00187,"38.21410278709266","-82.34514707238694",WV,"099",,"MILLS, LEE ROY",WAYNE GAS COMPANY,,,Gas Production,Plugged,Vertical,Plugged,https://wellwiki.org/wiki/47-099-00187,,"4620395"
47-091-01371,091-01371,"39.252965190819964","-80.1472666775459",WV,"091",,CFS FARMS LLC,ARSENAL RESOURCES LLC,,,,Permit Issued,Horizontal 6A,Not Drilled,https://wellwiki.org/wiki/47-091-01371,,"4620396"
47-099-00254,099-00254,"38.10356641930387","-82.4453712619287",WV,"099",,"ALDERSON, GEORGE P.",LIBBEY OWENS GAS,,,Unknown,Plugged,Vertical,Plugged,https://wellwiki.org/wiki/47-099-00254,,"4620397"
47-095-02648,095-02648,"39.37170983179436","-80.83540337749281",WV,"095",,JAMES E. ASH ET AL,CNX GAS COMPANY LLC,,,,Plugged,Horizontal 6A,Plugged,https://wellwiki.org/wiki/47-095-02648,,"4620398"
47-079-01540,079-01540,"37.0462224768942","-81",WV,"079",,WV STATE PROPERTY,OPERATOR UNKNOWN,,,,Never Issued,Vertical,Not Drilled,https://wellwiki.org/wiki/47-079-01540,,"4620399"
47-091-01257,091-01257,"39.322172415140436","-79.90113889161682",WV,"091",,"HOVATTER, BEATRICE M.","ICG TYGART VALLEY, LLC",,,Unknown,Plugged,Vertical,Plugged,https://wellwiki.org/wiki/47-091-01257,,"4620400"
47-011-00001,011-00001,"38.4267787719045","-82.28545858028107",WV,"011",,"COFFMAN, A. J.",OPERATOR UNKNOWN,,,Not Available,Plugged,Vertical,Plugged,https://wellwiki.org/wiki/47-011-00001,,"4620401"
47-001-03219,001-03219,"39.10194428565504","-80.0901515044207",WV,"001",,"JENKINS, DANA L.",CONSOL GAS COMPANY,,,Unknown,Never Drilled,Horizontal,Not Drilled,https://wellwiki.org/wiki/47-001-03219,,"4620402"
47-105-01081,105-01081,"37.0462224768942","-81",WV,"105",,"DEVORE, EMMA",WEVA OIL CORP.,,,Unknown,Never Drilled,Vertical,Not Drilled,https://wellwiki.org/wiki/47-105-01081,,"4620403"
47-001-01936,001-01936,"39.16182926428936","-80.01731725529537",WV,"001",,"BOGERT, R. K., JR.",BOGERT COAL & GAS,,,Unknown,Plugged,Vertical,Plugged,https://wellwiki.org/wiki/47-001-01936,,"4620404"
47-011-00572,011-00572,"38.373285213632876","-82.22767918222006",WV,"011",,"GIBSON, CARL",OPERATOR UNKNOWN,,,Not Available,Plugged,Vertical,Plugged,https://wellwiki.org/wiki/47-011-00572,,"4620405"
47-013-00378,013-00378,"39.02491240869421","-81.1510638672829",WV,"013",,"SNYDER, JAMES","SHIMER, B. B.",,,Unknown,Plugged,Vertical,Plugged,https://wellwiki.org/wiki/47-013-00378,,"4620406"
47-107-00500,107-00500,"39.0994184218845","-81.73278266670154",WV,"107",,"OREM, GEORGIA",B & G OIL COMPANY,,,Unknown,Plugged,Vertical,Plugged,https://wellwiki.org/wiki/47-107-00500,,"4620407"
47-013-00456,013-00456,"38.8970141892932","-81.13423179975327",WV,"013",,"JARVIS, L. C.",OPERATOR UNKNOWN,,,Not Available,Plugged,Vertical,Plugged,https://wellwiki.org/wiki/47-013-00456,,"4620408"
47-017-00689,017-00689,"39.280919802225455","-80.85812825366243",WV,"017",,"GRAHAM, J. J.",OPERATOR UNKNOWN,,,Not Available,Plugged,Vertical,Plugged,https://wellwiki.org/wiki/47-017-00689,,"4620409"
47-017-00891,017-00891,"39.26586938027824","-80.62269414416939",WV,"017",,"MERRYMAN, L. B.",OPERATOR UNKNOWN,,,Not Available,Plugged,Vertical,Plugged,https://wellwiki.org/wiki/47-017-00891,,"4620410"
47-109-01808,109-01808,"37.51345776683321","-81.55856880583535",WV,"109",,US STEELE MINING,CONSOL GAS COMPANY,,,Unknown,Never Drilled,Vertical,Not Drilled,https://wellwiki.org/wiki/47-109-01808,,"4620411"
47-033-00212,033-00212,"39.240221725525146","-80.28111503851453",WV,"033",,"STOUT, ABNER",OPERATOR UNKNOWN,,,Not Available,Plugged,Vertical,Plugged,https://wellwiki.org/wiki/47-033-00212,,"4620412"
47-015-01146,015-01146,"37.0462224768942","-81",WV,"015",,THE PITSTON COMPANY,OPERATOR UNKNOWN,,,Not Available,Never Drilled,Vertical,Not Drilled,https://wellwiki.org/wiki/47-015-01146,,"4620413"
47-017-02973,017-02973,"39.160978797636496","-80.80459569776127",WV,"017",,PITTS/KNIGHT,OPERATOR UNKNOWN,,,Not Available,Never Drilled,Vertical,Not Drilled,https://wellwiki.org/wiki/47-017-02973,,"4620414"
47-033-03660,033-03660,"39.256340403703","-80.56799253846135",WV,"033",,"TAYLOR, JAMES P.",OPERATOR UNKNOWN,,,Not Available,Plugged,Vertical,Plugged,https://wellwiki.org/wiki/47-033-03660,,"4620415"
47-021-00137,021-00137,"38.825575058664384","-80.98972857830616",WV,"021",,"STUMP, MARY A./SIMMONS, K",OPERATOR UNKNOWN,,,Not Available,Plugged,Vertical,Plugged,https://wellwiki.org/wiki/47-021-00137,,"4620416"
47-097-00993,097-00993,"39.05565408216302","-80.29989399597905",WV,"097",,HILDRETH,DEB OIL & GAS,,,Unknown,Plugged,Vertical,Plugged,https://wellwiki.org/wiki/47-097-00993,,"4620417"
47-099-01243,099-01243,"38.19262664733715","-82.59291790136128",WV,"099",,"BELLOMY, MARSH","HICKS, F M",,,Unknown,Plugged,Vertical,Plugged,https://wellwiki.org/wiki/47-099-01243,,"4620418"
47-103-00475,103-00475,"39.509601769442305","-80.59527643904929",WV,"103",,"WYATT, MARY","ALLEN, RICHARD",,,Not Available,Plugged,Vertical,Plugged,https://wellwiki.org/wiki/47-103-00475,,"4620419"
47-001-01678,001-01678,"37.0462224768942","-81",WV,"001",,"DUMIRE, W. C., ET AL",FOX DRILLING CO,,,Unknown,Never Drilled,Vertical,Not Drilled,https://wellwiki.org/wiki/47-001-01678,,"4620420"
47-103-00760,103-00760,"39.67401815580174","-80.47408855463662",WV,"103",,"GOODWIN, ROGER L.",EQT PRODUCTION COMPANY,,,Unknown,Plugged,Vertical,Plugged,https://wellwiki.org/wiki/47-103-00760,,"4620421"
47-011-00391,011-00391,"38.46720681854347","-82.12933385122409",WV,"011",,"LOCKE, O. A.",MONICKEL GAS CO.,,,Unknown,Plugged,Vertical,Plugged,https://wellwiki.org/wiki/47-011-00391,,"4620422"
47-001-02794,001-02794,"39.183081877468304","-80.0654579960462",WV,"001",,"MAYLE, JAMES W.","MAYLE, JAMES",,,Unknown,Never Issued,Vertical,Not Drilled,https://wellwiki.org/wiki/47-001-02794,,"4620423"
47-103-00010,103-00010,"37.0462224768942","-81",WV,"103",,"JENNINGS, H.A.",OPERATOR UNKNOWN,,,Not Available,Plugged,Vertical,Plugged,https://wellwiki.org/wiki/47-103-00010,,"4620424"
47-001-01032,001-01032,"39.217185588402046","-80.07672833268181",WV,"001",,"SAYERS, EZRA",WOLF RUN MINING LLC,,,Gas Production,Plugged,Vertical,Plugged,https://wellwiki.org/wiki/47-001-01032,,"4620425"
47-013-04566,013-04566,"38.804540919629254","-81.0733817488815",WV,"013",,"MACE, BEULAH C.","GREER, INC.",,,Unknown,Never Drilled,Vertical,Not Drilled,https://wellwiki.org/wiki/47-013-04566,,"4620426"
47-017-00167,017-00167,"39.28086320181601","-80.87310951167134",WV,"017",,"CARDER, A. A.",CARNEGIE PRODUCTION COMPANY,,,Unknown,Plugged,Vertical,Plugged,https://wellwiki.org/wiki/47-017-00167,,"4620427"
47-017-03555,017-03555,"39.141791895864934","-80.66909730999728",WV,"017",,"ADAMS, JACK D.",CONSOL GAS COMPANY,,,Gas Production,Plugged,Vertical,Plugged,https://wellwiki.org/wiki/47-017-03555,,"4620428"
47-033-03467,033-03467,"39.18804238152847","-80.52568949275279",WV,"033",,"REED, LYNN",EMAX OIL COMPANY,,,Unknown,Never Drilled,Vertical,Not Drilled,https://wellwiki.org/wiki/47-033-03467,,"4620429"
47-035-00742,035-00742,"38.848777396958795","-81.84854468476689",WV,"035",,"ANKRUM, L. O.",OPERATOR UNKNOWN,,,Not Available,Plugged,Vertical,Plugged,https://wellwiki.org/wiki/47-035-00742,,"4620430"
47-043-02173,043-02173,"38.27260347266657","-81.91498094144161",WV,"043",,"PAULEY, REXFOED D.","C. I. MCKOWN & SON, INC.",,,Not Available,Plugged,Vertical,Plugged,https://wellwiki.org/wiki/47-043-02173,,"4620431"
47-045-00632,045-00632,"37.75512046068395","-81.8523914454278",WV,"045",,"SHITE, E N",OPERATOR UNKNOWN,,,Not Available,Plugged,Vertical,Plugged,https://wellwiki.org/wiki/47-045-00632,,"4620432"
47-005-00168,005-00168,"38.04932727901898","-81.84840578307681",WV,"005",,"MYERS, LETHA",LIBBEY OWENS GAS,,,Unknown,Plugged,Vertical,Plugged,https://wellwiki.org/wiki/47-005-00168,,"4620433"
47-049-00746,049-00746,"39.41461914039794","-80.12530867904921",WV,"049",,FOSTER,EMAX OIL COMPANY,,,Not Available,Plugged,Vertical,Plugged,https://wellwiki.org/wiki/47-049-00746,,"4620434"
47-047-02626,047-02626,"37.42996513749506","-81.93617677875224",WV,"047",,WV DNR,EQT PRODUCTION COMPANY,,,Unknown,Never Issued,Vertical,Not Drilled,https://wellwiki.org/wiki/47-047-02626,,"4620435"
47-053-00020,053-00020,"38.53826988128532","-82.11275171743293",WV,"053",,"HINER, VELMA K.",OPERATOR UNKNOWN,,,Not Available,Plugged,Vertical,Plugged,https://wellwiki.org/wiki/47-053-00020,,"4620436"
47-067-00246,067-00246,"38.38086416848725","-80.71279598508013",WV,"067",,TIOGA LUMBER CO,OPERATOR UNKNOWN,,,Not Available,Plugged,Vertical,Plugged,https://wellwiki.org/wiki/47-067-00246,,"4620437"
47-007-00266,007-00266,"38.74458074601566","-80.81273441530328",WV,"007",,"MOORE, MONROE","MOORE, MONROE",,,Not Available,Plugged,Vertical,Plugged,https://wellwiki.org/wiki/47-007-00266,,"4620438"
47-073-00118,073-00118,"39.45594543610491","-81.05928404249472",WV,"073",,"DOTH, G. M.",OPERATOR UNKNOWN,,,Not Available,Plugged,Vertical,Plugged,https://wellwiki.org/wiki/47-073-00118,,"4620439"
47-081-00170,081-00170,"37.832574378975416","-81.40152055957975",WV,"081",,"JONES, LUTHER","HOPE GAS, INC.",,,Unknown,Plugged,Vertical,Plugged,https://wellwiki.org/wiki/47-081-00170,,"4620440"
47-005-01221,005-01221,"38.0828522279699","-81.89209249076424",WV,"005",,"BYRNSIDE, DORA","EAST RESOURCES, INC.",,,Not Available,Plugged,Vertical,Plugged,https://wellwiki.org/wiki/47-005-01221,,"4620441"
47-085-00372,085-00372,"39.29349771006692","-81.12987387642916",WV,"085",,"SCADDEN, A.C.",OPERATOR UNKNOWN,,,Not Available,Plugged,Vertical,Plugged,https://wellwiki.org/wiki/47-085-00372,,"4620442"
47-085-01119,085-01119,"39.08124047266578","-81.1376151434952",WV,"085",,"HAUGHT, J.",SALVAGE OIL & GAS CORP.,,,Not Available,Plugged,Vertical,Plugged,https://wellwiki.org/wiki/47-085-01119,,"4620443"
47-085-02132,085-02132,"39.03712196936038","-81.01708908157966",WV,"085",,"COX, W. C.",OPERATOR UNKNOWN,,,Not Available,Plugged,Vertical,Plugged,https://wellwiki.org/wiki/47-085-02132,,"4620444"
47-085-01496,085-01496,"39.193642137224785","-80.9756227857735",WV,"085",,"MASON, LEROY","HAUGHT, INC.",,,Not Available,Plugged,Vertical,Plugged,https://wellwiki.org/wiki/47-085-01496,,"4620445"
47-085-01712,085-01712,"39.18641864050145","-81.11232678621498",WV,"085",,LAYFIELD HEIRS,OPERATOR UNKNOWN,,,Not Available,Plugged,Vertical,Plugged,https://wellwiki.org/wiki/47-085-01712,,"4620446"
47-087-02392,087-02392,"38.706346340296996","-81.28171811826698",WV,"087",,"EPLING, J. W.","STONE, JOHN W",,,Unknown,Never Drilled,Vertical,Not Drilled,https://wellwiki.org/wiki/47-087-02392,,"4620447"
47-087-03392,087-03392,"38.706346340296996","-81.28171811826698",WV,"087",,"DODD, W.P.",OPERATOR UNKNOWN,,,Not Available,Never Drilled,Vertical,Not Drilled,https://wellwiki.org/wiki/47-087-03392,,"4620448"
47-087-03901,087-03901,"38.80352258544565","-81.40153342969127",WV,"087",,"WARD, ALMA J.",D & R ENERGY,,,Not Available,Plugged,Vertical,Plugged,https://wellwiki.org/wiki/47-087-03901,,"4620449"
47-087-00210,087-00210,"38.681138150080976","-81.45910252935141",WV,"087",,"KEE, A.N.",OPERATOR UNKNOWN,,,Not Available,Plugged,Vertical,Plugged,https://wellwiki.org/wiki/47-087-00210,,"4620450"
47-087-02716,087-02716,"38.81760070051061","-81.34689205647604",WV,"087",,"SMITH, W. R.",D & R ENERGY,,,Unknown,Plugged,Vertical,Plugged,https://wellwiki.org/wiki/47-087-02716,,"4620451"
47-095-00900,095-00900,"39.49914487631964","-81.02017909555848",WV,"095",,"GILLESPIE, H. M.","HOPE GAS, INC.",,,Unknown,Plugged,Vertical,Plugged,https://wellwiki.org/wiki/47-095-00900,,"4620452"
47-097-03368,097-03368,"39.03963625445987","-80.29406665123084",WV,"097",,TRUS JOIST,EQT PRODUCTION COMPANY,,,Unknown,Never Drilled,Vertical,Not Drilled,https://wellwiki.org/wiki/47-097-03368,,"4620453"
47-087-80002,087-80002,"37.0462224768942","-81",WV,"087",,N.C. Hively,OPERATOR UNKNOWN,,,Not Available,Plugged,Vertical,Plugged,https://wellwiki.org/wiki/47-087-80002,,"4620454"
47-097-00043,097-00043,"38.85855532698979","-80.27501247780253",WV,"097",,"TALBOTT, H.C.",OPERATOR UNKNOWN,,,Not Available,Plugged,Vertical,Plugged,https://wellwiki.org/wiki/47-097-00043,,"4620455"
47-099-00101,099-00101,"37.967146388977106","-82.47121002220278",WV,"099",,"COPLEY, DENNIE",LIBBEY OWENS GAS,,,Unknown,Plugged,Vertical,Plugged,https://wellwiki.org/wiki/47-099-00101,,"4620456"
47-043-03606,043-03606,"38.23156238502266","-81.94950400067982",WV,"043",,ANDY & REBECCA MCCLURE,"HG ENERGY, LLC",,,,Never Drilled,Vertical,Not Drilled,https://wellwiki.org/wiki/47-043-03606,,"4620457"
47-097-01679,097-01679,"38.85681221592627","-80.38611466814251",WV,"097",,"KERR, W.R.",OPERATOR UNKNOWN,,,Not Available,Plugged,Vertical,Plugged,https://wellwiki.org/wiki/47-097-01679,,"4620458"
47-087-01657,087-01657,"38.60764831005333","-81.10808799263638",WV,"087",,"FOREMAN, ANNA","GRUSS, JOSEPH S.",,,Unknown,Plugged,Vertical,Plugged,https://wellwiki.org/wiki/47-087-01657,,"4620459"
47-087-01169,087-01169,"38.74849297474109","-81.33073534736678",WV,"087",,"WEST, J. A.",OPERATOR UNKNOWN,,,Not Available,Plugged,Vertical,Plugged,https://wellwiki.org/wiki/47-087-01169,,"4620460"
47-087-00134,087-00134,"38.732239761258604","-81.19407549855588",WV,"087",,"YOUNG, DARLE","BOGGESS, GUY G.",,,Unknown,Plugged,Vertical,Plugged,https://wellwiki.org/wiki/47-087-00134,,"4620461"
47-001-00245,001-00245,"39.20443215806377","-79.97351448874913",WV,"001",,CHESSER & DAYTON,"EASTERN GAS TRANSMISSION AND STORAGE, INC",,,Not Available,Plugged,Vertical,Plugged,https://wellwiki.org/wiki/47-001-00245,,"4620462"
47-107-00727,107-00727,"39.235707150812694","-81.67508940009024",WV,"107",,"BOSO, CHARLES & ROWENA",E. I. DU PONT DE NEMOURS AND COMPANY,,,Not Available,Plugged,Vertical,Plugged,https://wellwiki.org/wiki/47-107-00727,,"4620463"
47-001-00295,001-00295,"39.060903782543356","-80.14118593150853",WV,"001",,"STREETS, HERBERT","ROSS AND WHARTON GAS COMPANY, INC.",,,Not Available,Abandoned Well,Vertical,Orphaned / Abandoned / Unverified Plug,https://wellwiki.org/wiki/47-001-00295,,"4620464"
47-107-00431,107-00431,"39.35586233979104","-81.51586670545254",WV,"107",,"SHOWALTER, D. J.",B. & L. OIL COMPANY,,,Not Available,Plugged,Vertical,Plugged,https://wellwiki.org/wiki/47-107-00431,,"4620465"
47-001-00304,001-00304,"39.06510011737737","-80.13204295437373",WV,"001",,"AUVIL, WINFRED","ROSS AND WHARTON GAS COMPANY, INC.",,,House Gas,Abandoned Well,Vertical,Orphaned / Abandoned / Unverified Plug,https://wellwiki.org/wiki/47-001-00304,,"4620466"
47-001-00315,001-00315,"39.117152543786204","-80.18644179347686",WV,"001",,ATLAS ENGINEERING CO.,"ROSS AND WHARTON GAS COMPANY, INC.",,,Not Available,Abandoned Well,Vertical,Orphaned / Abandoned / Unverified Plug,https://wellwiki.org/wiki/47-001-00315,,"4620467"
47-001-00316,001-00316,"39.11342912717698","-80.20102279430104",WV,"001",,ATLAS ENGINEERING CO.,"ROSS AND WHARTON GAS COMPANY, INC.",,,Not Available,Abandoned Well,Vertical,Orphaned / Abandoned / Unverified Plug,https://wellwiki.org/wiki/47-001-00316,,"4620468"
47-001-00319,001-00319,"39.079198598161994","-80.13736173914492",WV,"001",,"MARTIN, RAY, ETAL","ROSS AND WHARTON GAS COMPANY, INC.",,,House Gas,Abandoned Well,Vertical,Orphaned / Abandoned / Unverified Plug,https://wellwiki.org/wiki/47-001-00319,,"4620469"
47-001-00330,001-00330,"39.276620355172746","-79.94876499666118",WV,"001",,"BAKER, GLEN, ETAL",BEEKAY COMPANY,,,Not Available,Plugged,Vertical,Plugged,https://wellwiki.org/wiki/47-001-00330,,"4620470"
47-001-00332,001-00332,"39.18070431924097","-80.20714126388202",WV,"001",,"LAWSON, T. M.","ROSS AND WHARTON GAS COMPANY, INC.",,,Gas Production,Abandoned Well,Vertical,Orphaned / Abandoned / Unverified Plug,https://wellwiki.org/wiki/47-001-00332,,"4620471"
47-001-00338,001-00338,"39.261483494388635","-79.9078518502166",WV,"001",,"FOREMAN, EARL & VIVIAN",BEEKAY COMPANY,,,Not Available,Plugged,Vertical,Plugged,https://wellwiki.org/wiki/47-001-00338,,"4620472"
47-001-00346,001-00346,"39.08568147262931","-80.09056952115196",WV,"001",,"STEELE, OCIE","ROSS AND WHARTON GAS COMPANY, INC.",,,Not Available,Abandoned Well,Vertical,Orphaned / Abandoned / Unverified Plug,https://wellwiki.org/wiki/47-001-00346,,"4620473"
47-103-00301,103-00301,"39.555751955292386","-80.53513461947475",WV,"103",,"KILCOYNE, S.","ROSS AND WHARTON GAS COMPANY, INC.",,,House Gas,Abandoned Well,Vertical,Orphaned / Abandoned / Unverified Plug,https://wellwiki.org/wiki/47-103-00301,,"4620474"
47-103-00302,103-00302,"39.5567584260585","-80.55847454758661",WV,"103",,BARR TRACT,DIVERSIFIED PRODUCTION LLC,,,Gas Production,Abandoned Well,Vertical,Orphaned / Abandoned / Unverified Plug,https://wellwiki.org/wiki/47-103-00302,,"4620475"
47-103-00303,103-00303,"39.53654032509784","-80.53412355357749",WV,"103",,COASTAL LUMBER COMPANY,DIVERSIFIED PRODUCTION LLC,,,Not Available,Abandoned Well,Vertical,Orphaned / Abandoned / Unverified Plug,https://wellwiki.org/wiki/47-103-00303,,"4620476"
47-103-00311,103-00311,"39.53786882025468","-80.52707080387538",WV,"103",,FISHER-COZART,DIVERSIFIED PRODUCTION LLC,,,Gas Production,Abandoned Well,Vertical,Orphaned / Abandoned / Unverified Plug,https://wellwiki.org/wiki/47-103-00311,,"4620477"
47-103-00312,103-00312,"39.554956523411924","-80.55994910036974",WV,"103",,BARR TRACT,DIVERSIFIED PRODUCTION LLC,,,Gas Production,Abandoned Well,Vertical,Orphaned / Abandoned / Unverified Plug,https://wellwiki.org/wiki/47-103-00312,,"4620478"
47-001-00280,001-00280,"39.075013921215785","-80.12443153906014",WV,"001",,"RITTER, C. G.",BRAXTON OIL AND GAS CORP.,,,Gas Production,Abandoned Well,Vertical,Orphaned / Abandoned / Unverified Plug,https://wellwiki.org/wiki/47-001-00280,,"4620479"
47-001-00287,001-00287,"39.07484427422233","-80.11461427484366",WV,"001",,"GEORGE, HARRY R.",WV MINERAL GROUP LLC,,,House Gas,Abandoned Well,Vertical,Orphaned / Abandoned / Unverified Plug,https://wellwiki.org/wiki/47-001-00287,,"4620480"
47-001-00299,001-00299,"39.07638462930004","-80.13167928332977",WV,"001",,"HENDERSON, JUSTIN M.,ETAL",BRAXTON OIL AND GAS CORP.,,,Gas Production,Abandoned Well,Vertical,Orphaned / Abandoned / Unverified Plug,https://wellwiki.org/wiki/47-001-00299,,"4620481"
47-001-00300,001-00300,"39.204185149709616","-80.14574174786183",WV,"001",,"SMITH, WILLIAM B.",WV MINERAL GROUP LLC,,,Gas Production,Abandoned Well,Vertical,Orphaned / Abandoned / Unverified Plug,https://wellwiki.org/wiki/47-001-00300,,"4620482"
47-001-00301,001-00301,"39.21129180685206","-80.1377666619438",WV,"001",,"BANISH, CHARLES",WV MINERAL GROUP LLC,,,Gas Production,Abandoned Well,Vertical,Orphaned / Abandoned / Unverified Plug,https://wellwiki.org/wiki/47-001-00301,,"4620483"
47-001-00305,001-00305,"39.080227378227306","-80.13053039258007",WV,"001",,"CURKENDALL, MARVIN",WV MINERAL GROUP LLC,,,Gas Production,Abandoned Well,Vertical,Orphaned / Abandoned / Unverified Plug,https://wellwiki.org/wiki/47-001-00305,,"4620484"
47-001-00309,001-00309,"39.19471353392852","-80.14815971670676",WV,"001",,"STOUT, ABNER",WV MINERAL GROUP LLC,,,Gas Production,Abandoned Well,Vertical,Orphaned / Abandoned / Unverified Plug,https://wellwiki.org/wiki/47-001-00309,,"4620485"
47-001-00314,001-00314,"39.2194107797889","-80.14685349392161",WV,"001",,"LAW, ROSALTHA - HEIRS",WV MINERAL GROUP LLC,,,Gas Production,Abandoned Well,Vertical,Orphaned / Abandoned / Unverified Plug,https://wellwiki.org/wiki/47-001-00314,,"4620486"
47-107-00793,107-00793,"37.0462224768942","-81",WV,"107",,"RAWSON, MARTHA E.","COMMONWEALTH ENERGY,  INC.",,,Unknown,Abandoned Well,Vertical,Orphaned / Abandoned / Unverified Plug,https://wellwiki.org/wiki/47-107-00793,,"4620487"
47-107-00795,107-00795,"39.23025902291009","-81.37478142918384",WV,"107",,"HEWITT, GEORGE",CUNNINGHAM ENERGY LLC,,,Unknown,Abandoned Well,Vertical,Orphaned / Abandoned / Unverified Plug,https://wellwiki.org/wiki/47-107-00795,,"4620488"
47-107-00796,107-00796,"39.234579750661766","-81.37144217101088",WV,"107",,"HARRISON, A. B.",CUNNINGHAM ENERGY LLC,,,Unknown,Abandoned Well,Vertical,Orphaned / Abandoned / Unverified Plug,https://wellwiki.org/wiki/47-107-00796,,"4620489"
47-107-00427,107-00427,"39.168812769625056","-81.7322486264733",WV,"107",,"NEAL, GEORGE B.",OPERATOR UNKNOWN,,,Not Available,Plugged,Vertical,Plugged,https://wellwiki.org/wiki/47-107-00427,,"4620490"
47-107-00814,107-00814,"39.235588428986105","-81.37546363064907",WV,"107",,"BLIZZARD, PAUL/MARTIN, WW",CUNNINGHAM ENERGY LLC,,,Unknown,Abandoned Well,Vertical,Orphaned / Abandoned / Unverified Plug,https://wellwiki.org/wiki/47-107-00814,,"4620491"
47-001-02053,001-02053,"39.23805381567579","-79.87479506280944",WV,"001",,"LEWIS, THOMAS J.","COMMONWEALTH ENERGY,  INC.",,,Gas Production,Abandoned Well,Vertical,Orphaned / Abandoned / Unverified Plug,https://wellwiki.org/wiki/47-001-02053,,"4620492"
47-001-02061,001-02061,"37.0462224768942","-81",WV,"001",,"ANNON, ELBERT, ET AL",CONTINENTAL RESERVES OIL COMPANY,,,Unknown,Never Drilled,Vertical,Not Drilled,https://wellwiki.org/wiki/47-001-02061,,"4620493"
47-001-02077,001-02077,"39.077920166475074","-79.90864950047133",WV,"001",,"THOMAS, ARDEN, SR., ETUX","COMMONWEALTH ENERGY,  INC.",,,Gas Production,Abandoned Well,Vertical,Orphaned / Abandoned / Unverified Plug,https://wellwiki.org/wiki/47-001-02077,,"4620494"
47-001-02128,001-02128,"39.240229524399574","-79.89622575072337",WV,"001",,"HARDIN, McCLURE","COMMONWEALTH ENERGY,  INC.",,,Gas Production,Abandoned Well,Vertical,Orphaned / Abandoned / Unverified Plug,https://wellwiki.org/wiki/47-001-02128,,"4620495"
47-001-02150,001-02150,"39.060503362181","-79.9292977046274",WV,"001",,"STEMPLE, L. W.","COMMONWEALTH ENERGY,  INC.",,,House Gas,Abandoned Well,Vertical,Orphaned / Abandoned / Unverified Plug,https://wellwiki.org/wiki/47-001-02150,,"4620496"
47-001-02152,001-02152,"39.05847116499201","-79.92222976019828",WV,"001",,"STEMPLE, LEWIS","COMMONWEALTH ENERGY,  INC.",,,House Gas,Abandoned Well,Vertical,Orphaned / Abandoned / Unverified Plug,https://wellwiki.org/wiki/47-001-02152,,"4620497"
47-001-02205,001-02205,"39.16735706010093","-79.9927930737953",WV,"001",,"KENNEDY, HELEN",ENERGY DEVELOPMENT CORPORATION,,,Gas Production,Abandoned Well,Vertical,Orphaned / Abandoned / Unverified Plug,https://wellwiki.org/wiki/47-001-02205,,"4620498"
47-103-00376,103-00376,"39.59243846837583","-80.57187875870824",WV,"103",,"ROBINSON, S. J.","JCR PETROLEUM, INC.",,,Gas Production,Abandoned Well,Vertical,Orphaned / Abandoned / Unverified Plug,https://wellwiki.org/wiki/47-103-00376,,"4620499"
47-103-00379,103-00379,"39.5188739394319","-80.63800841325285",WV,"103",,"LEMASTERS, DIANNE, ETAL","ROSS AND WHARTON GAS COMPANY, INC.",,,Not Available,Plugged,Vertical,Plugged,https://wellwiki.org/wiki/47-103-00379,,"4620500"
47-103-00381,103-00381,"39.58415397182064","-80.57744818371431",WV,"103",,"DULANEY, DONALD J.","JCR PETROLEUM, INC.",,,House Gas,Abandoned Well,Vertical,Orphaned / Abandoned / Unverified Plug,https://wellwiki.org/wiki/47-103-00381,,"4620501"
47-103-00405,103-00405,"39.673899924480786","-80.41418514227003",WV,"103",,"SANTEE, J.W. & CHARLES",BEEKAY COMPANY,,,Unknown,Plugged,Vertical,Plugged,https://wellwiki.org/wiki/47-103-00405,,"4620502"
47-001-03224,001-03224,"39.18717011749352","-80.02775761008878",WV,"001",,"CNX GAS COMPANY, LLC",CNX GAS COMPANY LLC,,,Unknown,Never Drilled,Horizontal,Not Drilled,https://wellwiki.org/wiki/47-001-03224,,"4620503"
47-001-03225,001-03225,"39.18713761222745","-80.02781444607574",WV,"001",,"CNX GAS COMPANY, LLC",CNX GAS COMPANY LLC,,,Unknown,Never Drilled,Horizontal,Not Drilled,https://wellwiki.org/wiki/47-001-03225,,"4620504"
47-001-03226,001-03226,"39.18710790092661","-80.02787135930427",WV,"001",,"CNX GAS COMPANY, LLC",CNX GAS COMPANY LLC,,,Unknown,Never Drilled,Horizontal,Not Drilled,https://wellwiki.org/wiki/47-001-03226,,"4620505"
47-001-03229,001-03229,"39.12966983935171","-80.07933690398205",WV,"001",,"SIMON, GEORGE & SHERYL",CNX GAS COMPANY LLC,,,Unknown,Never Issued,Horizontal,Not Drilled,https://wellwiki.org/wiki/47-001-03229,,"4620506"
47-001-03230,001-03230,"39.12963460568169","-80.07939382082549",WV,"001",,"SIMON, GEORGE & SHERYL",CNX GAS COMPANY LLC,,,Unknown,Never Issued,Horizontal,Not Drilled,https://wellwiki.org/wiki/47-001-03230,,"4620507"
47-001-03250,001-03250,"39.12970239832372","-80.07928360838999",WV,"001",,"SIMON, GEORGE & SHERYL",CNX GAS COMPANY LLC,,,Unknown,Never Issued,Horizontal,Not Drilled,https://wellwiki.org/wiki/47-001-03250,,"4620508"
47-001-03256,001-03256,"39.21382625617577","-80.03699868573766",WV,"001",,"WATSON, MARY LOU & RONALD EARL CATE",CNX GAS COMPANY LLC,,,Unknown,Never Drilled,Horizontal,Not Drilled,https://wellwiki.org/wiki/47-001-03256,,"4620509"
47-001-03259,001-03259,"39.20168430262692","-80.03027203528453",WV,"001",,"MCBEE, ROBERT",CNX GAS COMPANY LLC,,,Unknown,Never Drilled,Horizontal,Not Drilled,https://wellwiki.org/wiki/47-001-03259,,"4620510"
47-001-03269,001-03269,"39.10193553735218","-80.08986191977493",WV,"001",,"JENKINS, DANA L.",CNX GAS COMPANY LLC,,,Gas Production,Never Issued,Horizontal 6A,Not Drilled,https://wellwiki.org/wiki/47-001-03269,,"4620511"
47-001-03270,001-03270,"39.101901918054956","-80.08991855676952",WV,"001",,"JENKINS, DNAD L.",CNX GAS COMPANY LLC,,,Gas Production,Never Issued,Horizontal 6A,Not Drilled,https://wellwiki.org/wiki/47-001-03270,,"4620512"
47-107-00382,107-00382,"39.35774834073054","-81.49515099963111",WV,"107",,A. A. KELLAR HEIRS,OPERATOR UNKNOWN,,,Not Available,Plugged,Vertical,Plugged,https://wellwiki.org/wiki/47-107-00382,,"4620513"
47-001-00463,001-00463,"37.0462224768942","-81",WV,"001",,"MARTIN, MOLLIE",EMAX OIL COMPANY,,,Unknown,Never Drilled,Vertical,Not Drilled,https://wellwiki.org/wiki/47-001-00463,,"4620626"
47-107-00397,107-00397,"39.3558256130854","-81.48824477706825",WV,"107",,"PARKER, GEORGE - HEIRS",OPERATOR UNKNOWN,,,Not Available,Abandoned Well,Vertical,Orphaned / Abandoned / Unverified Plug,https://wellwiki.org/wiki/47-107-00397,,"4620514"
47-107-00403,107-00403,"39.227306416105556","-81.31706290871281",WV,"107",,MIKE DICKS,OPERATOR UNKNOWN,,,Oil Production,Abandoned Well,Vertical,Orphaned / Abandoned / Unverified Plug,https://wellwiki.org/wiki/47-107-00403,,"4620515"
47-107-00406,107-00406,"39.32310313673757","-81.51477907765158",WV,"107",,"TAYLOR, J. LEE",OPERATOR UNKNOWN,,,Not Available,Plugged,Vertical,Plugged,https://wellwiki.org/wiki/47-107-00406,,"4620516"
47-107-00411,107-00411,"39.276470724779635","-81.37506717119189",WV,"107",,"FRESHWATER, CHARLES",OPERATOR UNKNOWN,,,Not Available,Plugged,Vertical,Plugged,https://wellwiki.org/wiki/47-107-00411,,"4620517"
47-107-00412,107-00412,"39.30076593995958","-81.464731745809",WV,"107",,"BRADLEY, HAROLD",OPERATOR UNKNOWN,,,Not Available,Plugged,Vertical,Plugged,https://wellwiki.org/wiki/47-107-00412,,"4620518"
47-107-00416,107-00416,"39.22879487814522","-81.31579169107093",WV,"107",,"MCGUIRE, C. B.",OPERATOR UNKNOWN,,,Not Available,Plugged,Vertical,Plugged,https://wellwiki.org/wiki/47-107-00416,,"4620519"
47-107-00418,107-00418,"39.22129226657285","-81.32272156360926",WV,"107",,"HART, BONNIE & R. W.",OPERATOR UNKNOWN,,,Not Available,Plugged,Vertical,Plugged,https://wellwiki.org/wiki/47-107-00418,,"4620520"
47-107-00422,107-00422,"39.22531187081425","-81.30815183508624",WV,"107",,"BADGETT, B. R.",OPERATOR UNKNOWN,,,Not Available,Plugged,Vertical,Plugged,https://wellwiki.org/wiki/47-107-00422,,"4620521"
47-107-00425,107-00425,"39.06731877163745","-81.63975252456474",WV,"107",,"FLINN, S. M.",OPERATOR UNKNOWN,,,Not Available,Plugged,Vertical,Plugged,https://wellwiki.org/wiki/47-107-00425,,"4620522"
47-107-00426,107-00426,"39.08050942937552","-81.68753696534384",WV,"107",,"FLINN, JOHN",OPERATOR UNKNOWN,,,Not Available,Plugged,Vertical,Plugged,https://wellwiki.org/wiki/47-107-00426,,"4620523"
47-109-01830,109-01830,"37.53776350673316","-81.58413165960205",WV,"109",,US STEEL MINING CO,"VITRUVIAN EXPLORATION, LLC",,,Gas Production,Never Drilled,Coal Bed Methane Well,Not Drilled,https://wellwiki.org/wiki/47-109-01830,,"4620524"
47-109-01850,109-01850,"37.54338784405771","-81.55935146508396",WV,"109",,U.S. STEEL,"PINNACLE MINING COMPANY, LLC",,,Gas Production,Abandoned Well,Coal Bed Methane Well,Orphaned / Abandoned / Unverified Plug,https://wellwiki.org/wiki/47-109-01850,,"4620525"
47-109-01860,109-01860,"37.5198635247887","-81.56427155805241",WV,"109",,U.S. STEELE MINING,"PINNACLE MINING COMPANY, LLC",,,Vent,Plugged,Vertical,Plugged,https://wellwiki.org/wiki/47-109-01860,,"4620526"
47-001-01616,001-01616,"39.13810803364486","-80.02287125491713",WV,"001",,"SISK, CHARLES & KENT",BRAXTON OIL AND GAS CORP.,,,Not Available,Abandoned Well,Vertical,Orphaned / Abandoned / Unverified Plug,https://wellwiki.org/wiki/47-001-01616,,"4620527"
47-001-01622,001-01622,"39.0651466838048","-79.97133917577163",WV,"001",,"MELLIE, FRANK & MARY",BEREA OIL & GAS CORP.,,,Unknown,Never Drilled,Vertical,Not Drilled,https://wellwiki.org/wiki/47-001-01622,,"4620528"
47-001-01643,001-01643,"37.0462224768942","-81",WV,"001",,"TENNEY, LETA, ET AL",BEREA OIL & GAS CORP.,,,Unknown,Never Drilled,Vertical,Not Drilled,https://wellwiki.org/wiki/47-001-01643,,"4620529"
47-001-01649,001-01649,"39.10290327871473","-80.08872686913811",WV,"001",,"NITZ, R. & J. MOCKUS",MULE HEAD LLC,,,Gas Production,Abandoned Well,Vertical,Orphaned / Abandoned / Unverified Plug,https://wellwiki.org/wiki/47-001-01649,,"4620530"
47-001-01661,001-01661,"37.0462224768942","-81",WV,"001",,"SMITHSON, VERNER, ET AL",BEREA OIL & GAS CORP.,,,Unknown,Never Drilled,Vertical,Not Drilled,https://wellwiki.org/wiki/47-001-01661,,"4620531"
47-001-01672,001-01672,"39.185284653807074","-80.20596437704609",WV,"001",,"McCARTY, JOHNIVE",BRAXTON OIL AND GAS CORP.,,,Gas Production,Abandoned Well,Vertical,Orphaned / Abandoned / Unverified Plug,https://wellwiki.org/wiki/47-001-01672,,"4620532"
47-001-01673,001-01673,"39.206076002964","-79.99368564846921",WV,"001",,"NESTOR, WILLIE",BRAXTON OIL AND GAS CORP.,,,Gas Production,Abandoned Well,Vertical,Orphaned / Abandoned / Unverified Plug,https://wellwiki.org/wiki/47-001-01673,,"4620533"
47-001-01676,001-01676,"39.212294129582766","-79.92069044829327",WV,"001",,"HOFFMAN, ARLIN",WV MINERAL GROUP LLC,,,Gas Production,Abandoned Well,Vertical,Orphaned / Abandoned / Unverified Plug,https://wellwiki.org/wiki/47-001-01676,,"4620534"
47-001-01679,001-01679,"37.0462224768942","-81",WV,"001",,"DUMIRE, W. C., ET AL",FOX DRILLING CO,,,Unknown,Never Drilled,Vertical,Not Drilled,https://wellwiki.org/wiki/47-001-01679,,"4620535"
47-001-01698,001-01698,"37.0462224768942","-81",WV,"001",,"HADDIX, CHARLES M., ET UX",FOX DRILLING CO,,,Unknown,Never Drilled,Vertical,Not Drilled,https://wellwiki.org/wiki/47-001-01698,,"4620536"
47-001-01701,001-01701,"39.21933731110537","-79.8888808016154",WV,"001",,"KINES, D. C. & LOLA",FOX DRILLING CO,,,Not Available,Never Drilled,Vertical,Not Drilled,https://wellwiki.org/wiki/47-001-01701,,"4620537"
47-001-02264,001-02264,"39.1392579168181","-79.9781116612248",WV,"001",,"SHAW, VIRGIL & BEATRICE",CONTINENTAL RESERVES OIL COMPANY,,,Unknown,Never Drilled,Vertical,Not Drilled,https://wellwiki.org/wiki/47-001-02264,,"4620538"
47-001-02266,001-02266,"39.13915210739586","-79.97232931402093",WV,"001",,"SHAW, BEATRICE & VIRGIL",CONTINENTAL RESERVES OIL COMPANY,,,Unknown,Never Drilled,Vertical,Not Drilled,https://wellwiki.org/wiki/47-001-02266,,"4620539"
47-001-02273,001-02273,"39.11847615421852","-79.94882540446811",WV,"001",,"DELAUDER, WINFIELD S.",CONTINENTAL RESERVES OIL COMPANY,,,Unknown,Never Drilled,Vertical,Not Drilled,https://wellwiki.org/wiki/47-001-02273,,"4620540"
47-001-02274,001-02274,"39.08562250212828","-79.99451802673325",WV,"001",,"JONES, MILDRED",CONTINENTAL RESERVES OIL COMPANY,,,Unknown,Never Drilled,Vertical,Not Drilled,https://wellwiki.org/wiki/47-001-02274,,"4620541"
47-001-02292,001-02292,"39.17142273626493","-79.94106192672274",WV,"001",,"MARSH, WILBERT & HELEN","MOSESSO, JOHN A. CREDIT TRUST",,,Gas Production,Abandoned Well,Vertical,Orphaned / Abandoned / Unverified Plug,https://wellwiki.org/wiki/47-001-02292,,"4620542"
47-001-03289,001-03289,"39.115435637447064","-80.08876348348525",WV,"001",,"MIKE ROSS, INC.",CNX GAS COMPANY LLC,,,Gas Production,Never Drilled,Horizontal 6A,Not Drilled,https://wellwiki.org/wiki/47-001-03289,,"4620543"
47-001-03290,001-03290,"39.11548572755799","-80.08888891824557",WV,"001",,"MIKE ROSS, INC.",CNX GAS COMPANY LLC,,,Gas Production,Never Drilled,Horizontal 6A,Not Drilled,https://wellwiki.org/wiki/47-001-03290,,"4620544"
47-001-03301,001-03301,"39.08885500318764","-80.11891559274127",WV,"001",,"KORTAS, JANEY HANEY",CNX GAS COMPANY LLC,,,Gas Production,Never Drilled,Horizontal 6A,Not Drilled,https://wellwiki.org/wiki/47-001-03301,,"4620545"
47-001-03302,001-03302,"39.088831877983","-80.11897959058822",WV,"001",,"KORTAS, JANEY HANEY",CNX GAS COMPANY LLC,,,Gas Production,Never Drilled,Horizontal 6A,Not Drilled,https://wellwiki.org/wiki/47-001-03302,,"4620546"
47-001-03303,001-03303,"39.088808661767565","-80.11904347389942",WV,"001",,"KORTAS, JANEY HANEY",CNX GAS COMPANY LLC,,,Gas Production,Never Drilled,Horizontal 6A,Not Drilled,https://wellwiki.org/wiki/47-001-03303,,"4620547"
47-001-03304,001-03304,"39.08878553561808","-80.11910735604839",WV,"001",,"KORTAS, JANEY HANEY",CNX GAS COMPANY LLC,,,Gas Production,Never Drilled,Horizontal 6A,Not Drilled,https://wellwiki.org/wiki/47-001-03304,,"4620548"
47-001-03336,001-03336,"39.121997750591596","-80.0837271320071",WV,"001",,"MURPHY, BRIAN E. & LISA L.",CNX GAS COMPANY LLC,,,Gas Production,Never Issued,Horizontal 6A,Not Drilled,https://wellwiki.org/wiki/47-001-03336,,"4620549"
47-001-03337,001-03337,"39.12204863369396","-80.0837005604029",WV,"001",,"MURPHY, BRIAN E. & LISA L.",CNX GAS COMPANY LLC,,,Gas Production,Never Issued,Horizontal 6A,Not Drilled,https://wellwiki.org/wiki/47-001-03337,,"4620550"
47-001-03338,001-03338,"39.21919984501446","-80.08734200959532",WV,"001",,"JACOBS, ROBERT",CNX GAS COMPANY LLC,,,Gas Production,Never Drilled,Horizontal 6A,Not Drilled,https://wellwiki.org/wiki/47-001-03338,,"4620551"
47-001-03339,001-03339,"39.219165889946794","-80.0872864987091",WV,"001",,"JACOBS, ROBERT",CNX GAS COMPANY LLC,,,Gas Production,Never Drilled,Horizontal 6A,Not Drilled,https://wellwiki.org/wiki/47-001-03339,,"4620552"
47-001-03340,001-03340,"39.21912271078468","-80.08733026603967",WV,"001",,"JACOBS, ROBERT",CNX GAS COMPANY LLC,,,Gas Production,Never Drilled,Horizontal 6A,Not Drilled,https://wellwiki.org/wiki/47-001-03340,,"4620553"
47-001-03341,001-03341,"39.2190796207964","-80.08737391632198",WV,"001",,"JACOBS, ROBERT",CNX GAS COMPANY LLC,,,Gas Production,Never Drilled,Horizontal 6A,Not Drilled,https://wellwiki.org/wiki/47-001-03341,,"4620554"
47-103-00528,103-00528,"39.66341083846124","-80.41252502544158",WV,"103",,"SLEETH, MIKE",DIVERSIFIED PRODUCTION LLC,,,House Gas,Abandoned Well,Vertical,Orphaned / Abandoned / Unverified Plug,https://wellwiki.org/wiki/47-103-00528,,"4620555"
47-103-00530,103-00530,"39.74973702916212","-80.41429082409874",WV,"103",,"SNODGRASS, W. G.",DIVERSIFIED PRODUCTION LLC,,,House Gas,Abandoned Well,Vertical,Orphaned / Abandoned / Unverified Plug,https://wellwiki.org/wiki/47-103-00530,,"4620556"
47-103-00557,103-00557,"39.6701635397502","-80.41368038199514",WV,"103",,"MAPLE, JOHN",BEEKAY COMPANY,,,Unknown,Plugged,Vertical,Plugged,https://wellwiki.org/wiki/47-103-00557,,"4620557"
47-105-00288,105-00288,"39.05360506710691","-81.54590232897631",WV,"105",,MORRIS,OPERATOR UNKNOWN,,,Not Available,Plugged,Vertical,Plugged,https://wellwiki.org/wiki/47-105-00288,,"4620558"
47-103-00563,103-00563,"39.60248606461527","-80.59297165228215",WV,"103",,"ASHCRAFT, J. P.","JCR PETROLEUM, INC.",,,Gas Production,Abandoned Well,Vertical,Orphaned / Abandoned / Unverified Plug,https://wellwiki.org/wiki/47-103-00563,,"4620559"
47-103-00564,103-00564,"39.669185157851864","-80.41549345758577",WV,"103",,"SNODGRASS, W. G. - HEIRS",DIVERSIFIED PRODUCTION LLC,,,House Gas,Abandoned Well,Vertical,Orphaned / Abandoned / Unverified Plug,https://wellwiki.org/wiki/47-103-00564,,"4620560"
47-103-00566,103-00566,"39.590290092078945","-80.57646876812784",WV,"103",,"HIGGINBOTHAM, S. B. - HEI","JCR PETROLEUM, INC.",,,House Gas,Abandoned Well,Vertical,Orphaned / Abandoned / Unverified Plug,https://wellwiki.org/wiki/47-103-00566,,"4620561"
47-103-00575,103-00575,"39.641786319485995","-80.51350663300285",WV,"103",,"COSGRAY, I. C.","LAVELLE, JOHN E.",,,Not Available,Abandoned Well,Vertical,Orphaned / Abandoned / Unverified Plug,https://wellwiki.org/wiki/47-103-00575,,"4620562"
47-103-00579,103-00579,"39.66938370089266","-80.41180871223717",WV,"103",,"LEEZER, L. S.",DIVERSIFIED PRODUCTION LLC,,,Gas Production,Abandoned Well,Vertical,Orphaned / Abandoned / Unverified Plug,https://wellwiki.org/wiki/47-103-00579,,"4620563"
47-103-00580,103-00580,"37.0462224768942","-81",WV,"103",,"LEEZER, L.S. HEIRS",BEEKAY COMPANY,,,Unknown,Never Drilled,Vertical,Not Drilled,https://wellwiki.org/wiki/47-103-00580,,"4620564"
47-103-00582,103-00582,"39.670125365229495","-80.41432895100496",WV,"103",,"MAPLE, JOHN",DIVERSIFIED PRODUCTION LLC,,,House Gas,Abandoned Well,Vertical,Orphaned / Abandoned / Unverified Plug,https://wellwiki.org/wiki/47-103-00582,,"4620565"
47-109-01888,109-01888,"37.49735528538487","-81.56532507947739",WV,"109",,BERWIND LAND COMPANY,"PINNACLE MINING COMPANY, LLC",,,Gas Production,Abandoned Well,Coal Bed Methane Well,Orphaned / Abandoned / Unverified Plug,https://wellwiki.org/wiki/47-109-01888,,"4620566"
47-109-01889,109-01889,"37.49619433782869","-81.56532537803315",WV,"109",,BERWIND LAND COMPANY,"PINNACLE MINING COMPANY, LLC",,,Gas Production,Abandoned Well,Coal Bed Methane Well,Orphaned / Abandoned / Unverified Plug,https://wellwiki.org/wiki/47-109-01889,,"4620567"
47-109-01915,109-01915,"37.56007836853931","-81.57320125780694",WV,"109",,NORTH AMERICA TIMBER CO,"EASTERN STATES OIL & GAS, INC.",,,Unknown,Never Drilled,Vertical,Not Drilled,https://wellwiki.org/wiki/47-109-01915,,"4620568"
47-109-01916,109-01916,"37.575663217341884","-81.57795830915383",WV,"109",,NORTH AMERICAN TIMBER,"EASTERN STATES OIL & GAS, INC.",,,Unknown,Never Drilled,Vertical,Not Drilled,https://wellwiki.org/wiki/47-109-01916,,"4620569"
47-109-01917,109-01917,"37.56750151450056","-81.57278707782675",WV,"109",,NORTH AMERICAN TIMBER CO.,"EASTERN STATES OIL & GAS, INC.",,,Unknown,Never Drilled,Vertical,Not Drilled,https://wellwiki.org/wiki/47-109-01917,,"4620570"
47-109-01919,109-01919,"37.763330017661964","-81.56745924339008",WV,"109",,POCAHONTAS LAND CORP.,PENN VIRGINIA OIL AND GAS CORPORATION,,,Gas Production,Plugged,Coal Bed Methane Well,Plugged,https://wellwiki.org/wiki/47-109-01919,,"4620571"
47-109-01920,109-01920,"37.54324320595861","-81.57556950058554",WV,"109",,U.S. STEEL MINING CO.,"PINNACLE MINING COMPANY, LLC",,,Gas Production,Abandoned Well,Coal Bed Methane Well,Orphaned / Abandoned / Unverified Plug,https://wellwiki.org/wiki/47-109-01920,,"4620572"
47-109-01923,109-01923,"37.54324310805696","-81.57429375041154",WV,"109",,U.S. STEEL MINING CO.,"PINNACLE MINING COMPANY, LLC",,,Gas Production,Abandoned Well,Coal Bed Methane Well,Orphaned / Abandoned / Unverified Plug,https://wellwiki.org/wiki/47-109-01923,,"4620573"
47-109-01935,109-01935,"37.79234338880325","-81.50682262548827",WV,"109",,POCAHONTAS LAND CORP.,PENN VIRGINIA OIL AND GAS CORPORATION,,,Unknown,Never Drilled,Vertical,Not Drilled,https://wellwiki.org/wiki/47-109-01935,,"4620574"
47-109-01937,109-01937,"37.76088094034242","-81.55136246119572",WV,"109",,POCAHONTAS LAND CORP.,"ENERVEST OPERATING, L.L.C., A LIMITED LIABILITY COMPANY",,,Gas Production,Plugged,Coal Bed Methane Well,Plugged,https://wellwiki.org/wiki/47-109-01937,,"4620575"
47-109-01942,109-01942,"37.53423298111615","-81.55242745465677",WV,"109",,U.S. STEEL MINING,"PINNACLE MINING COMPANY, LLC",,,Vent,Plugged,Vertical,Plugged,https://wellwiki.org/wiki/47-109-01942,,"4620576"
47-001-01891,001-01891,"37.0462224768942","-81",WV,"001",,"HUMPHREYS, HORACE H.",FOX DRILLING CO,,,Unknown,Never Drilled,Vertical,Not Drilled,https://wellwiki.org/wiki/47-001-01891,,"4620577"
47-001-01892,001-01892,"37.0462224768942","-81",WV,"001",,"BOTTNER, WILLIAM",BEREA OIL & GAS CORP.,,,Unknown,Never Drilled,Vertical,Not Drilled,https://wellwiki.org/wiki/47-001-01892,,"4620578"
47-001-01893,001-01893,"37.0462224768942","-81",WV,"001",,"BOTTNER, WILLIAM",BEREA OIL & GAS CORP.,,,Unknown,Never Drilled,Vertical,Not Drilled,https://wellwiki.org/wiki/47-001-01893,,"4620579"
47-001-01894,001-01894,"37.0462224768942","-81",WV,"001",,"BOTTNER, WILLIAM",BEREA OIL & GAS CORP.,,,Unknown,Never Drilled,Vertical,Not Drilled,https://wellwiki.org/wiki/47-001-01894,,"4620580"
47-103-01861,103-01861,"39.51794664081433","-80.63137620526733",WV,"103",,"ANDERSON, LUCY",QUAKER STATE CORPORATION,,,Not Available,Plugged,Vertical,Plugged,https://wellwiki.org/wiki/47-103-01861,,"4620581"
47-103-01862,103-01862,"39.51374966367728","-80.62661490155203",WV,"103",,"ANDERSON, LUCY",QUAKER STATE CORPORATION,,,Not Available,Plugged,Vertical,Plugged,https://wellwiki.org/wiki/47-103-01862,,"4620582"
47-103-01863,103-01863,"39.51867232679295","-80.63006472888326",WV,"103",,"ANDERSON, LUCY",QUAKER STATE CORPORATION,,,Not Available,Plugged,Vertical,Plugged,https://wellwiki.org/wiki/47-103-01863,,"4620583"
47-103-01864,103-01864,"39.516930866632805","-80.63100115813945",WV,"103",,"WYATT, THOMAS & SHEILA",QUAKER STATE CORPORATION,,,Not Available,Plugged,Vertical,Plugged,https://wellwiki.org/wiki/47-103-01864,,"4620584"
47-103-01865,103-01865,"39.51286656362723","-80.6251934424236",WV,"103",,WV PUBLIC LAND CORP.,QUAKER STATE CORPORATION,,,Not Available,Plugged,Vertical,Plugged,https://wellwiki.org/wiki/47-103-01865,,"4620585"
47-103-01886,103-01886,"39.600554159748576","-80.54972070933286",WV,"103",,"ROBERTS, CHARLES",DIVERSIFIED PRODUCTION LLC,,,Unknown,Abandoned Well,Vertical,Orphaned / Abandoned / Unverified Plug,https://wellwiki.org/wiki/47-103-01886,,"4620586"
47-103-01891,103-01891,"39.51707452323804","-80.64149269410227",WV,"103",,WV PUBLIC LAND CORP.,QUAKER STATE CORPORATION,,,Not Available,Plugged,Vertical,Plugged,https://wellwiki.org/wiki/47-103-01891,,"4620587"
47-103-01900,103-01900,"39.514113911660935","-80.64040544763316",WV,"103",,WVDNR,QUAKER STATE CORPORATION,,,Not Available,Plugged,Vertical,Plugged,https://wellwiki.org/wiki/47-103-01900,,"4620588"
47-103-01901,103-01901,"39.51273062106459","-80.64265736509557",WV,"103",,WVDNR,QUAKER STATE CORPORATION,,,Not Available,Plugged,Vertical,Plugged,https://wellwiki.org/wiki/47-103-01901,,"4620589"
47-103-01902,103-01902,"39.513930586814524","-80.64097210672246",WV,"103",,WVDNR,QUAKER STATE CORPORATION,,,Not Available,Plugged,Vertical,Plugged,https://wellwiki.org/wiki/47-103-01902,,"4620590"
47-109-01949,109-01949,"37.497065223221576","-81.55732127670102",WV,"109",,BERWIND LAND CO.,"PINNACLE MINING COMPANY, LLC",,,Gas Production,Abandoned Well,Coal Bed Methane Well,Orphaned / Abandoned / Unverified Plug,https://wellwiki.org/wiki/47-109-01949,,"4620591"
47-109-01950,109-01950,"37.49619464213518","-81.55786687021313",WV,"109",,BERWIND LAND CO.,"PINNACLE MINING COMPANY, LLC",,,Gas Production,Abandoned Well,Coal Bed Methane Well,Orphaned / Abandoned / Unverified Plug,https://wellwiki.org/wiki/47-109-01950,,"4620592"
47-109-01963,109-01963,"37.525379550774375","-81.56864531775051",WV,"109",,U. S. STEEL MINING CO.,"PINNACLE MINING COMPANY, LLC",,,Vent,Plugged,Vertical,Plugged,https://wellwiki.org/wiki/47-109-01963,,"4620593"
47-109-01965,109-01965,"37.61864533337511","-81.46119379997965",WV,"109",,POCAHONTAS LAND CORP.,PENN VIRGINIA OIL AND GAS CORPORATION,,,Gas Production,Never Issued,Coal Bed Methane Well,Not Drilled,https://wellwiki.org/wiki/47-109-01965,,"4620594"
47-109-01966,109-01966,"37.6136654530053","-81.47000407477177",WV,"109",,POCAHONTAS LAND CORP.,PENN VIRGINIA OIL AND GAS CORPORATION,,,Gas Production,Never Issued,Coal Bed Methane Well,Not Drilled,https://wellwiki.org/wiki/47-109-01966,,"4620595"
47-109-01967,109-01967,"37.51180309248217","-81.6305126508716",WV,"109",,POCAHONTAS LAND CORP.,PENN VIRGINIA OIL AND GAS CORPORATION,,,Gas Production,Never Issued,Coal Bed Methane Well,Not Drilled,https://wellwiki.org/wiki/47-109-01967,,"4620596"
47-109-01970,109-01970,"37.518150419282236","-81.6251508725907",WV,"109",,POCAHONTAS LAND CORP.,PENN VIRGINIA OIL AND GAS CORPORATION,,,Gas Production,Never Issued,Coal Bed Methane Well,Not Drilled,https://wellwiki.org/wiki/47-109-01970,,"4620597"
47-109-01972,109-01972,"37.51013882460324","-81.59099760560254",WV,"109",,U.S. STEEL MINING COMPANY,"PINNACLE MINING COMPANY, LLC",,,Gas Production,Abandoned Well,Coal Bed Methane Well,Orphaned / Abandoned / Unverified Plug,https://wellwiki.org/wiki/47-109-01972,,"4620598"
47-001-00470,001-00470,"37.0462224768942","-81",WV,"001",,"MARTIN, MOLLIE",EMAX OIL COMPANY,,,Unknown,Never Drilled,Vertical,Not Drilled,https://wellwiki.org/wiki/47-001-00470,,"4620627"
47-109-01973,109-01973,"37.510720153913404","-81.59172634589697",WV,"109",,U.S. STEEL MINING COMPANY,"PINNACLE MINING COMPANY, LLC",,,Gas Production,Plugged,Coal Bed Methane Well,Plugged,https://wellwiki.org/wiki/47-109-01973,,"4620599"
47-109-01974,109-01974,"37.511300577257074","-81.59245509037153",WV,"109",,U.S. STEEL MINING COMPANY,"PINNACLE MINING COMPANY, LLC",,,Gas Production,Abandoned Well,Coal Bed Methane Well,Orphaned / Abandoned / Unverified Plug,https://wellwiki.org/wiki/47-109-01974,,"4620600"
47-109-01975,109-01975,"37.51057503623291","-81.59172633176186",WV,"109",,U.S. STEEL MINING COMPANY,"PINNACLE MINING COMPANY, LLC",,,Gas Production,Abandoned Well,Coal Bed Methane Well,Orphaned / Abandoned / Unverified Plug,https://wellwiki.org/wiki/47-109-01975,,"4620601"
47-001-00355,001-00355,"39.22640723033503","-80.02874463815681",WV,"001",,"McCAULEY, EDNA",WV MINERAL GROUP LLC,,,House Gas,Abandoned Well,Vertical,Orphaned / Abandoned / Unverified Plug,https://wellwiki.org/wiki/47-001-00355,,"4620602"
47-001-00357,001-00357,"39.149906574898914","-80.11237599830325",WV,"001",,"DOUGLAS, GLEN G.",WV MINERAL GROUP LLC,,,Gas Production,Abandoned Well,Vertical,Orphaned / Abandoned / Unverified Plug,https://wellwiki.org/wiki/47-001-00357,,"4620603"
47-001-00361,001-00361,"39.09587802362286","-80.09342662457881",WV,"001",,"PAUGH, SALLIE",WV MINERAL GROUP LLC,,,Gas Production,Abandoned Well,Vertical,Orphaned / Abandoned / Unverified Plug,https://wellwiki.org/wiki/47-001-00361,,"4620604"
47-001-00363,001-00363,"39.13794413845268","-80.11516087089963",WV,"001",,NUTTER-POLING,WV MINERAL GROUP LLC,,,Gas Production,Abandoned Well,Vertical,Orphaned / Abandoned / Unverified Plug,https://wellwiki.org/wiki/47-001-00363,,"4620605"
47-001-00375,001-00375,"39.148446207134604","-80.06359252959484",WV,"001",,"DYER, CLIFFORD",BRAXTON OIL AND GAS CORP.,,,Unknown,Plugged,Vertical,Plugged,https://wellwiki.org/wiki/47-001-00375,,"4620606"
47-103-01903,103-01903,"39.496079711963425","-80.66540936993948",WV,"103",,WVDNR,QUAKER STATE CORPORATION,,,Not Available,Plugged,Vertical,Plugged,https://wellwiki.org/wiki/47-103-01903,,"4620607"
47-103-01904,103-01904,"39.514753904395675","-80.63156292417771",WV,"103",,WVDNR,QUAKER STATE CORPORATION,,,Not Available,Plugged,Vertical,Plugged,https://wellwiki.org/wiki/47-103-01904,,"4620608"
47-103-01962,103-01962,"39.602731467743816","-80.55215615029334",WV,"103",,"HAWKINS, SAMUEL & CHARLES",DIVERSIFIED PRODUCTION LLC,,,Unknown,Abandoned Well,Vertical,Orphaned / Abandoned / Unverified Plug,https://wellwiki.org/wiki/47-103-01962,,"4620609"
47-103-01963,103-01963,"39.606359639034764","-80.54765860824607",WV,"103",,"YOHO, JAMES A.",DIVERSIFIED PRODUCTION LLC,,,Unknown,Abandoned Well,Vertical,Orphaned / Abandoned / Unverified Plug,https://wellwiki.org/wiki/47-103-01963,,"4620610"
47-001-00380,001-00380,"39.18962829042763","-80.1061274611732",WV,"001",,"PATSEY, D. H., ETAL",WV MINERAL GROUP LLC,,,Gas Production,Abandoned Well,Vertical,Orphaned / Abandoned / Unverified Plug,https://wellwiki.org/wiki/47-001-00380,,"4620611"
47-001-00383,001-00383,"39.18009254545863","-80.09823193689378",WV,"001",,"BUEHL, JANET & GUY GOLDEN",WV MINERAL GROUP LLC,,,Gas Production,Abandoned Well,Vertical,Orphaned / Abandoned / Unverified Plug,https://wellwiki.org/wiki/47-001-00383,,"4620612"
47-001-00384,001-00384,"39.20962219388595","-80.02531970277597",WV,"001",,"McBEE, IRA B.",WV MINERAL GROUP LLC,,,Gas Production,Abandoned Well,Vertical,Orphaned / Abandoned / Unverified Plug,https://wellwiki.org/wiki/47-001-00384,,"4620613"
47-001-00385,001-00385,"39.21990740589588","-80.02514388652193",WV,"001",,"WOLFE, LARRY, ETAL",WV MINERAL GROUP LLC,,,Gas Production,Abandoned Well,Vertical,Orphaned / Abandoned / Unverified Plug,https://wellwiki.org/wiki/47-001-00385,,"4620614"
47-001-00388,001-00388,"39.084481348722036","-80.09336441413464",WV,"001",,"DAYTON, RUTH WOODS",WV MINERAL GROUP LLC,,,Gas Production,Abandoned Well,Vertical,Orphaned / Abandoned / Unverified Plug,https://wellwiki.org/wiki/47-001-00388,,"4620615"
47-001-00389,001-00389,"39.230358283517376","-80.1461532371085",WV,"001",,"McDONALD, VIRGINIA",WV MINERAL GROUP LLC,,,Gas Production,Abandoned Well,Vertical,Orphaned / Abandoned / Unverified Plug,https://wellwiki.org/wiki/47-001-00389,,"4620616"
47-001-00395,001-00395,"39.09443262499975","-80.11940412344352",WV,"001",,"HARVEY, EGBERT S.",WV MINERAL GROUP LLC,,,Gas Production,Abandoned Well,Vertical,Orphaned / Abandoned / Unverified Plug,https://wellwiki.org/wiki/47-001-00395,,"4620617"
47-001-00406,001-00406,"39.13005142862134","-80.12302501257598",WV,"001",,STEMPLE-GREGORY-POST,WV MINERAL GROUP LLC,,,Gas Production,Abandoned Well,Vertical,Orphaned / Abandoned / Unverified Plug,https://wellwiki.org/wiki/47-001-00406,,"4620618"
47-001-00407,001-00407,"39.22643770618216","-80.06159421802379",WV,"001",,"PROUDFOOT, LINDA G.",WV MINERAL GROUP LLC,,,Gas Production,Abandoned Well,Vertical,Orphaned / Abandoned / Unverified Plug,https://wellwiki.org/wiki/47-001-00407,,"4620619"
47-001-00408,001-00408,"39.078685012791844","-80.0374339424131",WV,"001",,HARRISON-RITCHIE OIL&GAS,WV MINERAL GROUP LLC,,,Gas Production,Abandoned Well,Vertical,Orphaned / Abandoned / Unverified Plug,https://wellwiki.org/wiki/47-001-00408,,"4620620"
47-001-00432,001-00432,"39.13294450648705","-80.17239475735268",WV,"001",,"CASTO, ORMA",WV MINERAL GROUP LLC,,,Gas Production,Abandoned Well,Vertical,Orphaned / Abandoned / Unverified Plug,https://wellwiki.org/wiki/47-001-00432,,"4620621"
47-001-00446,001-00446,"39.20436018042994","-80.1523098546577",WV,"001",,"BENNETT, THELMA",MULE HEAD LLC,,,Gas Production,Abandoned Well,Vertical,Orphaned / Abandoned / Unverified Plug,https://wellwiki.org/wiki/47-001-00446,,"4620622"
47-001-00450,001-00450,"39.03781178948711","-80.00572009614372",WV,"001",,"WILMOUTH, BOYD","WILMOTH, CLIFFORD L.",,,Gas Production,Abandoned Well,Vertical,Orphaned / Abandoned / Unverified Plug,https://wellwiki.org/wiki/47-001-00450,,"4620623"
47-001-00454,001-00454,"39.17743443020183","-80.05270419051277",WV,"001",,"MAYLE, JAMES",WV MINERAL GROUP LLC,,,Gas Production,Abandoned Well,Vertical,Orphaned / Abandoned / Unverified Plug,https://wellwiki.org/wiki/47-001-00454,,"4620624"
47-001-00460,001-00460,"39.109379175016535","-80.09250303945726",WV,"001",,"STRADER, MARTHA",WV MINERAL GROUP LLC,,,Gas Production,Abandoned Well,Vertical,Orphaned / Abandoned / Unverified Plug,https://wellwiki.org/wiki/47-001-00460,,"4620625"
47-001-03121,001-03121,"39.01564103796956","-79.98527167222052",WV,"001",,"POLING, ROBERT D.","SENECA-UPSHUR PETROLEUM, LLC",,,Unknown,Never Drilled,Vertical,Not Drilled,https://wellwiki.org/wiki/47-001-03121,,"4620628"
47-105-00550,105-00550,"39.035259827172396","-81.30673280128208",WV,"105",,"DENNIS, JAMES L.",CAD ENERGY CORP.,,,Oil Production,Abandoned Well,Vertical,Orphaned / Abandoned / Unverified Plug,https://wellwiki.org/wiki/47-105-00550,,"4620629"
47-105-00553,105-00553,"38.96130902089498","-81.32163810109596",WV,"105",,"RIGHTER, C.R.",BELCO PETROLEUM CORP.,,,Unknown,Plugged,Vertical,Plugged,https://wellwiki.org/wiki/47-105-00553,,"4620630"
47-105-00566,105-00566,"38.96921036693065","-81.33440274167333",WV,"105",,"SMITH, W. GALE",BELCO PETROLEUM CORP.,,,Unknown,Plugged,Vertical,Plugged,https://wellwiki.org/wiki/47-105-00566,,"4620631"
47-105-00568,105-00568,"38.96772198311412","-81.30708115757193",WV,"105",,"ASHLEY, NILES G.",KIMCO INC.,,,Not Available,Plugged,Vertical,Plugged,https://wellwiki.org/wiki/47-105-00568,,"4620632"
47-105-00575,105-00575,"37.0462224768942","-81",WV,"105",,"WILLIAMSON, MARTIN E.","KIRBY, EDDIE A.",,,Unknown,Never Drilled,Vertical,Not Drilled,https://wellwiki.org/wiki/47-105-00575,,"4620633"
47-105-00578,105-00578,"39.01367757300951","-81.19400263141651",WV,"105",,"MUNDY, G. W.","DALE, DAVID DBA DD OIL COMPANY",,,Gas Production,Abandoned Well,Vertical,Orphaned / Abandoned / Unverified Plug,https://wellwiki.org/wiki/47-105-00578,,"4620634"
47-105-00579,105-00579,"37.0462224768942","-81",WV,"105",,"AMOS, RALPH",DRILCO OIL PRODUCERS,,,Unknown,Never Drilled,Vertical,Not Drilled,https://wellwiki.org/wiki/47-105-00579,,"4620635"
47-103-00292,103-00292,"39.51197551964695","-80.51897558663548",WV,"103",,"PETERSON, B. W.","WEST VIRGINIA LAND RESOURCES, INC.",,,Not Available,Plugged,Vertical,Plugged,https://wellwiki.org/wiki/47-103-00292,,"4620636"
47-103-00307,103-00307,"39.55827082957538","-80.55551993627041",WV,"103",,BARR,"EAST RESOURCES, INC.",,,Not Available,Plugged,Vertical,Plugged,https://wellwiki.org/wiki/47-103-00307,,"4620637"
47-103-00324,103-00324,"39.48432745346166","-80.62435364876357",WV,"103",,WV DEPT. NATURAL RES.,J A & M OIL & GAS CO,,,Oil Production,Abandoned Well,Vertical,Orphaned / Abandoned / Unverified Plug,https://wellwiki.org/wiki/47-103-00324,,"4620638"
47-103-00326,103-00326,"39.55012097011691","-80.74268157569733",WV,"103",,"FINCK, HENRY & PAULA","EASTERN GAS TRANSMISSION AND STORAGE, INC",,,Not Available,Plugged,Vertical,Plugged,https://wellwiki.org/wiki/47-103-00326,,"4620639"
47-103-00448,103-00448,"39.67445301252986","-80.41308677777516",WV,"103",,"SANTEE, J. W.",J A & M OIL & GAS CO,,,Gas Production,Abandoned Well,Vertical,Orphaned / Abandoned / Unverified Plug,https://wellwiki.org/wiki/47-103-00448,,"4620640"
47-103-00474,103-00474,"37.0462224768942","-81",WV,"103",,"DEWHURST, J.B.",IMPERIAL OIL COMPANY,,,Unknown,Never Drilled,Vertical,Not Drilled,https://wellwiki.org/wiki/47-103-00474,,"4620641"
47-103-00480,103-00480,"39.47467585157823","-80.62619487731162",WV,"103",,"DEWHURST, J.B.",IMPERIAL OIL COMPANY,,,Unknown,Plugged,Vertical,Plugged,https://wellwiki.org/wiki/47-103-00480,,"4620642"
47-103-00485,103-00485,"39.67343878603911","-80.4120821364331",WV,"103",,"SANTEE, J. W.",J A & M OIL & GAS CO,,,Gas Production,Abandoned Well,Vertical,Orphaned / Abandoned / Unverified Plug,https://wellwiki.org/wiki/47-103-00485,,"4620643"
47-103-00489,103-00489,"39.49182650584685","-80.63726953981585",WV,"103",,EZRA HAYS HEIRS,IMPERIAL OIL COMPANY,,,Unknown,Plugged,Vertical,Plugged,https://wellwiki.org/wiki/47-103-00489,,"4620644"
47-103-00491,103-00491,"39.4820859171754","-80.61643909678776",WV,"103",,"DEWHURST, J.B.",IMPERIAL OIL COMPANY,,,Unknown,Plugged,Vertical,Plugged,https://wellwiki.org/wiki/47-103-00491,,"4620645"
47-103-00492,103-00492,"37.0462224768942","-81",WV,"103",,"DEWHURST, J.B.",IMPERIAL OIL COMPANY,,,Unknown,Never Drilled,Vertical,Not Drilled,https://wellwiki.org/wiki/47-103-00492,,"4620646"
47-103-00513,103-00513,"39.491409989722825","-80.63690770808404",WV,"103",,EZRA HAYES HEIRS,IMPERIAL OIL COMPANY,,,Unknown,Plugged,Vertical,Plugged,https://wellwiki.org/wiki/47-103-00513,,"4620647"
47-103-00541,103-00541,"37.0462224768942","-81",WV,"103",,"HUNT, GAROLD J.","NEELY, D",,,Unknown,Never Drilled,Vertical,Not Drilled,https://wellwiki.org/wiki/47-103-00541,,"4620648"
47-103-00542,103-00542,"37.0462224768942","-81",WV,"103",,"HUNT, GAROLD J.","NEELY, D",,,Unknown,Abandoned Well,Vertical,Orphaned / Abandoned / Unverified Plug,https://wellwiki.org/wiki/47-103-00542,,"4620649"
47-103-00555,103-00555,"37.0462224768942","-81",WV,"103",,"BARTRUG, D.R.","NEELY, D",,,Unknown,Never Drilled,Vertical,Not Drilled,https://wellwiki.org/wiki/47-103-00555,,"4620650"
47-103-00565,103-00565,"39.66806757754563","-80.4140012266695",WV,"103",,"MAPLE, JOHN",J A & M OIL & GAS CO,,,Gas Production,Abandoned Well,Vertical,Orphaned / Abandoned / Unverified Plug,https://wellwiki.org/wiki/47-103-00565,,"4620651"
47-103-00571,103-00571,"39.49601830806598","-80.6706015485064",WV,"103",,WV PUBLIC LANDS CORPORATION,"EAST RESOURCES, INC.",,,Not Available,Plugged,Vertical,Plugged,https://wellwiki.org/wiki/47-103-00571,,"4620652"
47-103-00572,103-00572,"39.558764021490965","-80.51488755407931",WV,"103",,"COSGRAY, CATHERINE, ETAL","CHISLER, F. M.",,,Not Available,Abandoned Well,Vertical,Orphaned / Abandoned / Unverified Plug,https://wellwiki.org/wiki/47-103-00572,,"4620653"
47-103-00583,103-00583,"39.489276718267924","-80.65938238082947",WV,"103",,"REILLY, MARY J.","EAST RESOURCES, INC.",,,Unknown,Plugged,Vertical,Plugged,https://wellwiki.org/wiki/47-103-00583,,"4620654"
47-001-00474,001-00474,"38.96445069973762","-80.01132181275568",WV,"001",,"YEAGER, S. L. & BETTY",BRAXTON OIL AND GAS CORP.,,,Gas Production,Abandoned Well,Vertical,Orphaned / Abandoned / Unverified Plug,https://wellwiki.org/wiki/47-001-00474,,"4620655"
47-001-00479,001-00479,"39.136483121014095","-80.09249767474977",WV,"001",,"ROY, BURTON A.",WV MINERAL GROUP LLC,,,Gas Production,Abandoned Well,Vertical,Orphaned / Abandoned / Unverified Plug,https://wellwiki.org/wiki/47-001-00479,,"4620656"
47-001-00494,001-00494,"39.176192928744776","-80.06893776424401",WV,"001",,"POLING, HERMAN, JR., ETAL",WV MINERAL GROUP LLC,,,Gas Production,Abandoned Well,Vertical,Orphaned / Abandoned / Unverified Plug,https://wellwiki.org/wiki/47-001-00494,,"4620657"
47-001-00524,001-00524,"39.1881507194023","-80.12119757964409",WV,"001",,"TALBOTT, WILLIAM E.",WV MINERAL GROUP LLC,,,Gas Production,Abandoned Well,Vertical,Orphaned / Abandoned / Unverified Plug,https://wellwiki.org/wiki/47-001-00524,,"4620658"
47-001-00533,001-00533,"39.11571860535374","-80.11991536873859",WV,"001",,"NUZUM, ZONA V.",WV MINERAL GROUP LLC,,,Gas Production,Abandoned Well,Vertical,Orphaned / Abandoned / Unverified Plug,https://wellwiki.org/wiki/47-001-00533,,"4620659"
47-107-00268,107-00268,"37.0462224768942","-81",WV,"107",,"AUVILLE, J. G.",P & M OIL COMPANY,,,Unknown,Plugged,Vertical,Plugged,https://wellwiki.org/wiki/47-107-00268,,"4620660"
47-107-00280,107-00280,"39.06346115953359","-81.58338089711842",WV,"107",,"QUICK, BENJAMIN","COLUMBIA GAS TRANSMISSION, LLC",,,Storage,Plugged,Vertical,Plugged,https://wellwiki.org/wiki/47-107-00280,,"4620661"
47-107-00281,107-00281,"39.056931976635006","-81.5771611929033",WV,"107",,"PROVINCE, P. E., ETAL","COLUMBIA GAS TRANSMISSION, LLC",,,Storage,Plugged,Vertical,Plugged,https://wellwiki.org/wiki/47-107-00281,,"4620662"
47-105-00252,105-00252,"39.016840540210055","-81.29963623324043",WV,"105",,"GIBSON, HAROLD",GREAT WESTERN ONSHORE INC,,,Unknown,Plugged,Vertical,Plugged,https://wellwiki.org/wiki/47-105-00252,,"4620663"
47-105-00268,105-00268,"39.02483487631083","-81.3064154537068",WV,"105",,KIDWELL HEIRS,"RESURRECTED RESOURCES, LLC",,,Unknown,Abandoned Well,Vertical,Orphaned / Abandoned / Unverified Plug,https://wellwiki.org/wiki/47-105-00268,,"4620664"
47-105-00287,105-00287,"39.0423253028843","-81.55440334817493",WV,"105",,"DAUGHERTY, FORREST - EST.","ROBERTS, GLEN W. - ESTATE",,,Unknown,Plugged,Vertical,Plugged,https://wellwiki.org/wiki/47-105-00287,,"4620665"
47-105-00300,105-00300,"38.98092281680671","-81.31482965604285",WV,"105",,"VALENTINE, JOE",WELCH OIL & GAS COMPANY,,,Not Available,Plugged,Vertical,Plugged,https://wellwiki.org/wiki/47-105-00300,,"4620666"
47-105-00310,105-00310,"39.00769726236445","-81.36953311840604",WV,"105",,"GRAY, PORTER H.","DODD, C. C., OIL & GAS",,,Unknown,Plugged,Vertical,Plugged,https://wellwiki.org/wiki/47-105-00310,,"4620667"
47-105-00331,105-00331,"38.94053039021047","-81.38916355124347",WV,"105",,"McCLUNG, JUDSON & DEPUE","ROBERTS, GLEN W. - ESTATE",,,Unknown,Plugged,Vertical,Plugged,https://wellwiki.org/wiki/47-105-00331,,"4620668"
47-105-00333,105-00333,"38.952186729739495","-81.33259048131315",WV,"105",,"MONROE, GUY R.","ROBERTS, GLEN W. - ESTATE",,,Unknown,Plugged,Vertical,Plugged,https://wellwiki.org/wiki/47-105-00333,,"4620669"
47-105-00336,105-00336,"39.04034240055781","-81.27609630239904",WV,"105",,"WILLIAMS, L. P. - HEIRS","LIPPIZAN PETROLEUM, INC.",,,Gas Production,Abandoned Well,Vertical,Orphaned / Abandoned / Unverified Plug,https://wellwiki.org/wiki/47-105-00336,,"4620670"
47-105-00385,105-00385,"39.03104205709653","-81.28537451713639",WV,"105",,"MCCAULEY, PAUL","LIPPIZAN PETROLEUM, INC.",,,Unknown,Plugged,Vertical,Plugged,https://wellwiki.org/wiki/47-105-00385,,"4620671"
47-105-00406,105-00406,"39.03819938028434","-81.27347777092804",WV,"105",,"PRIBBLE, W.E.","ROGERS, LENDOL & DAVID SCULL",,,Unknown,Plugged,Vertical,Plugged,https://wellwiki.org/wiki/47-105-00406,,"4620672"
47-105-00495,105-00495,"39.06997943316302","-81.31321352313047",WV,"105",,ROBINSON PETROLEUM CO.,WELCH OIL & GAS COMPANY,,,Oil Production,Never Drilled,Vertical,Not Drilled,https://wellwiki.org/wiki/47-105-00495,,"4620673"
47-105-00562,105-00562,"39.139436187192516","-81.32553537683795",WV,"105",,"BECKNER, O.C.","BEALL, RUSSELL G",,,Unknown,Plugged,Vertical,Plugged,https://wellwiki.org/wiki/47-105-00562,,"4620674"
47-105-00591,105-00591,"38.959142055200886","-81.43401153005189",WV,"105",,"ROBERTS, THORN C.","ROBERTS, GLEN W. - ESTATE",,,Not Available,Plugged,Vertical,Plugged,https://wellwiki.org/wiki/47-105-00591,,"4620675"
47-105-00077,105-00077,"39.18286631673936","-81.29989058378155",WV,"105",,"DEEM, ZORA",OPERATOR UNKNOWN,,,Not Available,Abandoned Well,Vertical,Orphaned / Abandoned / Unverified Plug,https://wellwiki.org/wiki/47-105-00077,,"4620676"
47-105-00078,105-00078,"39.01721899547551","-81.37167805911444",WV,"105",,"POMROY, W.M.",OPERATOR UNKNOWN,,,Not Available,Plugged,Vertical,Plugged,https://wellwiki.org/wiki/47-105-00078,,"4620677"
47-105-00079,105-00079,"38.997032746109845","-81.27397863171122",WV,"105",,"MENEFEE, C.C.",OPERATOR UNKNOWN,,,Not Available,Plugged,Vertical,Plugged,https://wellwiki.org/wiki/47-105-00079,,"4620678"
47-105-00080,105-00080,"38.92721948565281","-81.29722402451164",WV,"105",,"BLANKENSHIP, AL",OPERATOR UNKNOWN,,,Not Available,Abandoned Well,Vertical,Orphaned / Abandoned / Unverified Plug,https://wellwiki.org/wiki/47-105-00080,,"4620679"
47-105-00081,105-00081,"39.04654804058964","-81.30861936329008",WV,"105",,"MCCOSH, B.K.",OPERATOR UNKNOWN,,,Not Available,Abandoned Well,Vertical,Orphaned / Abandoned / Unverified Plug,https://wellwiki.org/wiki/47-105-00081,,"4620680"
47-105-00082,105-00082,"38.930114759296806","-81.2980065526263",WV,"105",,"MARKS, P.C.",OPERATOR UNKNOWN,,,Not Available,Abandoned Well,Vertical,Orphaned / Abandoned / Unverified Plug,https://wellwiki.org/wiki/47-105-00082,,"4620681"
47-105-00087,105-00087,"37.0462224768942","-81",WV,"105",,"MARKS, P.C.",OPERATOR UNKNOWN,,,Not Available,Plugged,Vertical,Plugged,https://wellwiki.org/wiki/47-105-00087,,"4620682"
47-105-00088,105-00088,"39.029272160838175","-81.25341246225494",WV,"105",,"FERREE, F.D.",OPERATOR UNKNOWN,,,Not Available,Plugged,Vertical,Plugged,https://wellwiki.org/wiki/47-105-00088,,"4620683"
47-107-00302,107-00302,"39.05351450055687","-81.55174371746277",WV,"107",,"STATES, DORTHY","COLUMBIA GAS TRANSMISSION, LLC",,,Unknown,Plugged,Vertical,Plugged,https://wellwiki.org/wiki/47-107-00302,,"4620684"
47-107-00305,107-00305,"39.06043163144039","-81.56209125751741",WV,"107",,CABOT CORPORATION,"COLUMBIA GAS TRANSMISSION, LLC",,,Storage,Plugged,Vertical,Plugged,https://wellwiki.org/wiki/47-107-00305,,"4620685"
47-107-00306,107-00306,"39.05815866412454","-81.55006930591838",WV,"107",,"WADE, CARL E. & DIANNE L.","COLUMBIA GAS TRANSMISSION, LLC",,,Storage,Plugged,Vertical,Plugged,https://wellwiki.org/wiki/47-107-00306,,"4620686"
47-107-00321,107-00321,"39.07191944611806","-81.54511743918094",WV,"107",,"COX, SANDRA J.","COLUMBIA GAS TRANSMISSION, LLC",,,Storage,Plugged,Vertical,Plugged,https://wellwiki.org/wiki/47-107-00321,,"4620687"
47-107-00329,107-00329,"39.07374425100546","-81.54990590031497",WV,"107",,"AMOS, MILDRED B.","COLUMBIA GAS TRANSMISSION, LLC",,,Storage,Plugged,Vertical,Plugged,https://wellwiki.org/wiki/47-107-00329,,"4620688"
47-107-00468,107-00468,"39.12611292230209","-81.57426858636022",WV,"107",,"ROBERTS, CLARICE",MARION GAS CO.,,,Unknown,Plugged,Vertical,Plugged,https://wellwiki.org/wiki/47-107-00468,,"4620689"
47-107-00899,107-00899,"39.35073808426878","-81.5072221111125",WV,"107",,"BEAL, J. H. ASSOCIATES",BEACON RESOURCES CORPORATION,,,Unknown,Abandoned Well,Vertical,Orphaned / Abandoned / Unverified Plug,https://wellwiki.org/wiki/47-107-00899,,"4620690"
47-107-00905,107-00905,"39.32382872110274","-81.37461461510883",WV,"107",,"HENDERSHOT, BERTHA",BEREA OIL & GAS CORP.,,,Unknown,Plugged,Vertical,Plugged,https://wellwiki.org/wiki/47-107-00905,,"4620691"
47-107-00908,107-00908,"39.32803795556603","-81.37648181519867",WV,"107",,"HOWARD, CARL S.",BEREA OIL & GAS CORP.,,,Unknown,Never Drilled,Vertical,Not Drilled,https://wellwiki.org/wiki/47-107-00908,,"4620692"
47-105-00606,105-00606,"38.94456189164401","-81.46302721528865",WV,"105",,"SOMERVILLE, NINA",APOLLO PETROLEUM CORPORATION,,,Unknown,Plugged,Vertical,Plugged,https://wellwiki.org/wiki/47-105-00606,,"4620693"
47-105-00608,105-00608,"38.944803563669986","-81.46615481162958",WV,"105",,"SOMERVILLE, NINA",APOLLO PETROLEUM CORPORATION,,,Unknown,Plugged,Vertical,Plugged,https://wellwiki.org/wiki/47-105-00608,,"4620694"
47-105-00668,105-00668,"38.972650686993","-81.26302294207579",WV,"105",,"ASHLEY, JESS",GREAT WESTERN ONSHORE INC,,,Not Available,Plugged,Vertical,Plugged,https://wellwiki.org/wiki/47-105-00668,,"4620695"
47-105-00716,105-00716,"38.965621980010916","-81.28593832826103",WV,"105",,"HOPKINS, NANNY","STALLWORTH, R. B., JR. DOMINION OIL- GAS",,,Not Available,Plugged,Vertical,Plugged,https://wellwiki.org/wiki/47-105-00716,,"4620696"
47-001-03257,001-03257,"39.12160625645767","-80.21075979735714",WV,"001",,"BUMGARDNER, RUSSELL C. & SANDRA S.",DIVERSIFIED PRODUCTION LLC,,,Unknown,Abandoned Well,Horizontal,Orphaned / Abandoned / Unverified Plug,https://wellwiki.org/wiki/47-001-03257,,"4620697"
47-001-03273,001-03273,"39.12153860165636","-80.21072116313027",WV,"001",,"BUMGARDNER, RUSSELL C. & SANDRA S.",PETROEDGE ENERGY LLC,,,Gas Production,Never Drilled,Horizontal 6A,Not Drilled,https://wellwiki.org/wiki/47-001-03273,,"4620698"
47-109-00002,109-00002,"37.69059431080502","-81.45870840469743",WV,"109",,Y & O COAL CO.,DIVERSIFIED PRODUCTION LLC,,,Gas Production,Abandoned Well,Vertical,Orphaned / Abandoned / Unverified Plug,https://wellwiki.org/wiki/47-109-00002,,"4620699"
47-109-00010,109-00010,"37.59666728609612","-81.3762827722498",WV,"109",,WYOMING LAND CO.,SONAT EXPLORATION CO.,,,Not Available,Plugged,Vertical,Plugged,https://wellwiki.org/wiki/47-109-00010,,"4620700"
47-109-00015,109-00015,"37.65749094990347","-81.49119673495865",WV,"109",,"SHUMATE, DONALD",SONAT EXPLORATION CO.,,,Not Available,Plugged,Vertical,Plugged,https://wellwiki.org/wiki/47-109-00015,,"4620701"
47-109-00022,109-00022,"37.62206459395032","-81.53973352650704",WV,"109",,"RITTER, W.M. LUMBER CO.",BLAZER ENERGY CORP.,,,Unknown,Plugged,Vertical,Plugged,https://wellwiki.org/wiki/47-109-00022,,"4620702"
47-109-00023,109-00023,"37.63630043032123","-81.51716735799361",WV,"109",,"RITTER, W.M. LUMBER CO.",BLAZER ENERGY CORP.,,,Unknown,Plugged,Vertical,Plugged,https://wellwiki.org/wiki/47-109-00023,,"4620703"
47-109-00028,109-00028,"37.65821619985892","-81.47677700443873",WV,"109",,WYOMING LAND CO.,DIVERSIFIED PRODUCTION LLC,,,Gas Production,Abandoned Well,Vertical,Orphaned / Abandoned / Unverified Plug,https://wellwiki.org/wiki/47-109-00028,,"4620704"
47-001-02403,001-02403,"39.04715058967193","-79.93171572401462",WV,"001",,"GHAZNAVI, JOHN J.","COMMONWEALTH ENERGY,  INC.",,,Unknown,Abandoned Well,Vertical,Orphaned / Abandoned / Unverified Plug,https://wellwiki.org/wiki/47-001-02403,,"4620705"
47-001-02436,001-02436,"39.0551330016887","-79.92334490975891",WV,"001",,"COLE, EDWIN L.","COMMONWEALTH ENERGY,  INC.",,,Unknown,Abandoned Well,Vertical,Orphaned / Abandoned / Unverified Plug,https://wellwiki.org/wiki/47-001-02436,,"4620706"
47-001-02454,001-02454,"39.05629517660744","-79.91534587129374",WV,"001",,"COLE, EDWIN","COMMONWEALTH ENERGY,  INC.",,,Unknown,Abandoned Well,Vertical,Orphaned / Abandoned / Unverified Plug,https://wellwiki.org/wiki/47-001-02454,,"4620707"
47-001-02523,001-02523,"39.24022518047153","-80.10289005522233",WV,"001",,"SNIDER, JOHN & LINDA","COMMONWEALTH ENERGY,  INC.",,,House Gas,Abandoned Well,Vertical,Orphaned / Abandoned / Unverified Plug,https://wellwiki.org/wiki/47-001-02523,,"4620708"
47-103-00550,103-00550,"39.66048770925181","-80.4243599777997",WV,"103",,"BARTRUG, D.R.","PILLAR ENERGY, LLC",,,Unknown,Abandoned Well,Vertical,Orphaned / Abandoned / Unverified Plug,https://wellwiki.org/wiki/47-103-00550,,"4620709"
47-103-00726,103-00726,"37.0462224768942","-81",WV,"103",,"STEWART, ALBERT, ADM.","PILLAR ENERGY, LLC",,,Unknown,Abandoned Well,Vertical,Orphaned / Abandoned / Unverified Plug,https://wellwiki.org/wiki/47-103-00726,,"4620710"
47-103-00727,103-00727,"39.69927242343245","-80.47577599672759",WV,"103",,"LOUGH, CARRIE","PILLAR ENERGY, LLC",,,Unknown,Abandoned Well,Vertical,Orphaned / Abandoned / Unverified Plug,https://wellwiki.org/wiki/47-103-00727,,"4620711"
47-107-00909,107-00909,"39.33166599517479","-81.37722760312327",WV,"107",,"HOWARD, CARL S.",BEREA OIL & GAS CORP.,,,Unknown,Never Drilled,Vertical,Not Drilled,https://wellwiki.org/wiki/47-107-00909,,"4620712"
47-107-00910,107-00910,"39.31570126555527","-81.362853984132",WV,"107",,MOORE-PRITCHETT,BEREA OIL & GAS CORP.,,,Unknown,Plugged,Vertical,Plugged,https://wellwiki.org/wiki/47-107-00910,,"4620713"
47-107-00923,107-00923,"37.0462224768942","-81",WV,"107",,"CORBIN, THEODORE",BEREA OIL & GAS CORP.,,,Unknown,Never Drilled,Vertical,Not Drilled,https://wellwiki.org/wiki/47-107-00923,,"4620714"
47-107-00925,107-00925,"39.324845062729835","-81.40504298224339",WV,"107",,"DORNON, THOMAS",BEREA OIL & GAS CORP.,,,Unknown,Never Drilled,Vertical,Not Drilled,https://wellwiki.org/wiki/47-107-00925,,"4620715"
47-107-00930,107-00930,"37.0462224768942","-81",WV,"107",,"MCCALE, CLAUDE",BEREA OIL & GAS CORP.,,,Unknown,Never Drilled,Vertical,Not Drilled,https://wellwiki.org/wiki/47-107-00930,,"4620716"
47-107-00931,107-00931,"37.0462224768942","-81",WV,"107",,"MCCALE, CLAUDE",BEREA OIL & GAS CORP.,,,Unknown,Never Drilled,Vertical,Not Drilled,https://wellwiki.org/wiki/47-107-00931,,"4620717"
47-107-00955,107-00955,"39.34415976360054","-81.47199115988573",WV,"107",,"HICKENBOTTOM, ROBERT",BEACON RESOURCES CORPORATION,,,Not Available,Abandoned Well,Vertical,Orphaned / Abandoned / Unverified Plug,https://wellwiki.org/wiki/47-107-00955,,"4620718"
47-107-00964,107-00964,"37.0462224768942","-81",WV,"107",,"HICKMAN, VICTOR R.",BEREA OIL & GAS CORP.,,,Unknown,Never Drilled,Vertical,Not Drilled,https://wellwiki.org/wiki/47-107-00964,,"4620719"
47-107-00965,107-00965,"39.30427388477249","-81.42994615705075",WV,"107",,"HICKMAN, RICHARD W.",BEREA OIL & GAS CORP.,,,Not Available,Plugged,Vertical,Plugged,https://wellwiki.org/wiki/47-107-00965,,"4620720"
47-109-00053,109-00053,"37.60246977551151","-81.61086052294092",WV,"109",,"RITTER, W.M. LUMBER CO.",BLAZER ENERGY CORP.,,,Unknown,Plugged,Vertical,Plugged,https://wellwiki.org/wiki/47-109-00053,,"4620721"
47-109-00063,109-00063,"37.64065477359502","-81.46107955714346",WV,"109",,"COOK, DICK, ETUX",SONAT EXPLORATION CO.,,,Not Available,Plugged,Vertical,Plugged,https://wellwiki.org/wiki/47-109-00063,,"4620722"
47-109-00066,109-00066,"37.597535904234924","-81.56882810993649",WV,"109",,"RITTER, W.M. LUMBER CO.",BLAZER ENERGY CORP.,,,Unknown,Plugged,Vertical,Plugged,https://wellwiki.org/wiki/47-109-00066,,"4620723"
47-109-00070,109-00070,"37.578510792817475","-81.61632732216378",WV,"109",,"RITTER, W.M. LUMBER CO.",BLAZER ENERGY CORP.,,,Unknown,Plugged,Vertical,Plugged,https://wellwiki.org/wiki/47-109-00070,,"4620724"
47-109-00072,109-00072,"37.576478646221176","-81.59446034002683",WV,"109",,"RITTER, W. M. LMBR. CO.",DIVERSIFIED PRODUCTION LLC,,,Gas Production,Abandoned Well,Vertical,Orphaned / Abandoned / Unverified Plug,https://wellwiki.org/wiki/47-109-00072,,"4620725"
47-109-00079,109-00079,"37.6209046872388","-81.44819806798307",WV,"109",,POCAHONTAS,DIVERSIFIED PRODUCTION LLC,,,Gas Production,Abandoned Well,Vertical,Orphaned / Abandoned / Unverified Plug,https://wellwiki.org/wiki/47-109-00079,,"4620726"
47-105-00089,105-00089,"38.92797953318345","-81.2980281909428",WV,"105",,"ROBERTS, PELL & NEWMAN",OPERATOR UNKNOWN,,,Not Available,Abandoned Well,Vertical,Orphaned / Abandoned / Unverified Plug,https://wellwiki.org/wiki/47-105-00089,,"4620727"
47-105-00090,105-00090,"39.08777859272364","-81.33075422807052",WV,"105",,"SILMAN, PETER",OPERATOR UNKNOWN,,,Not Available,Plugged,Vertical,Plugged,https://wellwiki.org/wiki/47-105-00090,,"4620728"
47-105-00092,105-00092,"38.926817232695946","-81.29665013377216",WV,"105",,"ROBERTS, PELL & NEWMAN",OPERATOR UNKNOWN,,,Not Available,Abandoned Well,Vertical,Orphaned / Abandoned / Unverified Plug,https://wellwiki.org/wiki/47-105-00092,,"4620729"
47-107-00432,107-00432,"37.0462224768942","-81",WV,"107",,"HAYDEN-BADGETT, ELLA G.",OPERATOR UNKNOWN,,,Not Available,Plugged,Vertical,Plugged,https://wellwiki.org/wiki/47-107-00432,,"4620730"
47-107-00434,107-00434,"39.35228791725207","-81.53381946079693",WV,"107",,"NEAL, HENRY C.","PREMMA OIL & GAS, LLC",,,Gas Production,Abandoned Well,Vertical,Orphaned / Abandoned / Unverified Plug,https://wellwiki.org/wiki/47-107-00434,,"4620731"
47-107-00435,107-00435,"39.32827403231459","-81.40312287668131",WV,"107",,"INGRAHAM, R. P., ETAL",OPERATOR UNKNOWN,,,Not Available,Abandoned Well,Vertical,Orphaned / Abandoned / Unverified Plug,https://wellwiki.org/wiki/47-107-00435,,"4620732"
47-107-00438,107-00438,"39.33430214421435","-81.53369310115349",WV,"107",,"FULL, E. C.",OPERATOR UNKNOWN,,,Not Available,Abandoned Well,Vertical,Orphaned / Abandoned / Unverified Plug,https://wellwiki.org/wiki/47-107-00438,,"4620733"
47-107-00461,107-00461,"37.0462224768942","-81",WV,"107",,JOHNSON TRACT,OPERATOR UNKNOWN,,,Not Available,Never Drilled,Vertical,Not Drilled,https://wellwiki.org/wiki/47-107-00461,,"4620734"
47-107-00462,107-00462,"39.35134074923056","-81.53483125674606",WV,"107",,"FULL, E. C.",OPERATOR UNKNOWN,,,Not Available,Abandoned Well,Vertical,Orphaned / Abandoned / Unverified Plug,https://wellwiki.org/wiki/47-107-00462,,"4620735"
47-107-00463,107-00463,"39.226963610267276","-81.36144080890068",WV,"107",,"VILLERS, CLYDE",OPERATOR UNKNOWN,,,Not Available,Abandoned Well,Vertical,Orphaned / Abandoned / Unverified Plug,https://wellwiki.org/wiki/47-107-00463,,"4620736"
47-107-00470,107-00470,"39.22770936083813","-81.36242593643219",WV,"107",,"VILLERS, CLYDE",OPERATOR UNKNOWN,,,Not Available,Abandoned Well,Vertical,Orphaned / Abandoned / Unverified Plug,https://wellwiki.org/wiki/47-107-00470,,"4620737"
47-107-00471,107-00471,"39.33143675091343","-81.3734299614339",WV,"107",,"BUNTING, V.F.",OPERATOR UNKNOWN,,,Gas Production,Abandoned Well,Vertical,Orphaned / Abandoned / Unverified Plug,https://wellwiki.org/wiki/47-107-00471,,"4620738"
47-107-00472,107-00472,"39.32835112244605","-81.39482774390946",WV,"107",,"TWYMAN, JOHN A.",OPERATOR UNKNOWN,,,Not Available,Abandoned Well,Vertical,Orphaned / Abandoned / Unverified Plug,https://wellwiki.org/wiki/47-107-00472,,"4620739"
47-107-00475,107-00475,"39.199482228128964","-81.35131482014803",WV,"107",,"KIRSCH, W. F.",OPERATOR UNKNOWN,,,Not Available,Plugged,Vertical,Plugged,https://wellwiki.org/wiki/47-107-00475,,"4620740"
47-107-00476,107-00476,"37.0462224768942","-81",WV,"107",,"JOHNSON, JOHN L.",OPERATOR UNKNOWN,,,Not Available,Abandoned Well,Vertical,Orphaned / Abandoned / Unverified Plug,https://wellwiki.org/wiki/47-107-00476,,"4620741"
47-107-00477,107-00477,"39.29262959280415","-81.39051847617465",WV,"107",,"WILLIAMSON, W. S.",OPERATOR UNKNOWN,,,Not Available,Plugged,Vertical,Plugged,https://wellwiki.org/wiki/47-107-00477,,"4620742"
47-107-00482,107-00482,"39.26197199419724","-81.3987218282597",WV,"107",,"NOWERY, I. N.",OPERATOR UNKNOWN,,,Not Available,Abandoned Well,Vertical,Orphaned / Abandoned / Unverified Plug,https://wellwiki.org/wiki/47-107-00482,,"4620743"
47-107-00483,107-00483,"37.0462224768942","-81",WV,"107",,"LEMASTERS, C. F.",OPERATOR UNKNOWN,,,Not Available,Plugged,Vertical,Plugged,https://wellwiki.org/wiki/47-107-00483,,"4620744"
47-001-02619,001-02619,"39.14063874681648","-80.07221459946601",WV,"001",,"SCOTT, MICHAEL R.",OWS ACQUISITION CO LLC,,,Unknown,Abandoned Well,Vertical,Orphaned / Abandoned / Unverified Plug,https://wellwiki.org/wiki/47-001-02619,,"4620745"
47-001-02649,001-02649,"39.144847019169845","-80.12573669959178",WV,"001",,"CHESSER, LUCILLE",OWS ACQUISITION CO LLC,,,Unknown,Abandoned Well,Vertical,Orphaned / Abandoned / Unverified Plug,https://wellwiki.org/wiki/47-001-02649,,"4620746"
47-001-02681,001-02681,"39.127577377886425","-80.0517169464241",WV,"001",,EASTERN ASSOCIATED COAL,OWS ACQUISITION CO LLC,,,Unknown,Abandoned Well,Vertical,Orphaned / Abandoned / Unverified Plug,https://wellwiki.org/wiki/47-001-02681,,"4620747"
47-001-01995,001-01995,"39.26749589821762","-79.86462030375897",WV,"001",,"WOLFE, ELSIE",FOX DRILLING CO,,,Not Available,Never Drilled,Vertical,Not Drilled,https://wellwiki.org/wiki/47-001-01995,,"4620748"
47-001-02009,001-02009,"37.0462224768942","-81",WV,"001",,"STEMPLE, LEWIS & NANCY",FOX DRILLING CO,,,Unknown,Never Drilled,Vertical,Not Drilled,https://wellwiki.org/wiki/47-001-02009,,"4620749"
47-001-02010,001-02010,"39.059952550424434","-79.93135371765675",WV,"001",,"STEMPLE, LEWIS W",FOX DRILLING CO,,,Not Available,Never Drilled,Vertical,Not Drilled,https://wellwiki.org/wiki/47-001-02010,,"4620750"
47-001-02024,001-02024,"39.12408360400655","-79.97115341348777",WV,"001",,"KNIGHT, PHILLIP",WV MINERAL GROUP LLC,,,Gas Production,Abandoned Well,Vertical,Orphaned / Abandoned / Unverified Plug,https://wellwiki.org/wiki/47-001-02024,,"4620751"
47-001-02030,001-02030,"39.12641793180271","-79.9760210995537",WV,"001",,"ISNER, CHARLES W., ETAL",BRAXTON OIL AND GAS CORP.,,,Gas Production,Abandoned Well,Vertical,Orphaned / Abandoned / Unverified Plug,https://wellwiki.org/wiki/47-001-02030,,"4620752"
47-001-02037,001-02037,"39.17432598598473","-79.90125662090507",WV,"001",,"PRICE, J. H., JR.",BRAXTON OIL AND GAS CORP.,,,Gas Production,Abandoned Well,Vertical,Orphaned / Abandoned / Unverified Plug,https://wellwiki.org/wiki/47-001-02037,,"4620753"
47-001-02044,001-02044,"39.18651592740318","-79.96595850947595",WV,"001",,"WHITE, MARVIN, JR.",WV MINERAL GROUP LLC,,,Gas Production,Abandoned Well,Vertical,Orphaned / Abandoned / Unverified Plug,https://wellwiki.org/wiki/47-001-02044,,"4620754"
47-001-02046,001-02046,"39.18332306619093","-79.9708043752082",WV,"001",,"WHITE, MARVIN, JR.",WV MINERAL GROUP LLC,,,Gas Production,Abandoned Well,Vertical,Orphaned / Abandoned / Unverified Plug,https://wellwiki.org/wiki/47-001-02046,,"4620755"
47-001-02058,001-02058,"39.12612740259435","-79.98235681947759",WV,"001",,"MARSH, J. MYRON",BRAXTON OIL AND GAS CORP.,,,Gas Production,Abandoned Well,Vertical,Orphaned / Abandoned / Unverified Plug,https://wellwiki.org/wiki/47-001-02058,,"4620756"
47-001-02067,001-02067,"39.14281959611681","-79.90554201231024",WV,"001",,"STREETS, STEPHEN",BRAXTON OIL AND GAS CORP.,,,Gas Production,Abandoned Well,Vertical,Orphaned / Abandoned / Unverified Plug,https://wellwiki.org/wiki/47-001-02067,,"4620757"
47-001-02068,001-02068,"39.22542719256528","-79.87572772593721",WV,"001",,"SKIDMORE, VELMA",BRAXTON OIL AND GAS CORP.,,,Gas Production,Abandoned Well,Vertical,Orphaned / Abandoned / Unverified Plug,https://wellwiki.org/wiki/47-001-02068,,"4620758"
47-001-02069,001-02069,"39.14064293036989","-79.91038692253125",WV,"001",,"STREETS, STEPHEN",BRAXTON OIL AND GAS CORP.,,,Gas Production,Abandoned Well,Vertical,Orphaned / Abandoned / Unverified Plug,https://wellwiki.org/wiki/47-001-02069,,"4620759"
47-001-02086,001-02086,"39.20828445818431","-80.03837389688037",WV,"001",,TYGART EAST INC.,WV MINERAL GROUP LLC,,,Gas Production,Abandoned Well,Vertical,Orphaned / Abandoned / Unverified Plug,https://wellwiki.org/wiki/47-001-02086,,"4620760"
47-001-02117,001-02117,"39.19856316152544","-79.90759233546567",WV,"001",,"SUMMERFIELD, ELMER",BRAXTON OIL AND GAS CORP.,,,Gas Production,Abandoned Well,Vertical,Orphaned / Abandoned / Unverified Plug,https://wellwiki.org/wiki/47-001-02117,,"4620761"
47-109-00089,109-00089,"37.632816758757755","-81.5361494421515",WV,"109",,"RITTER, W.M. LUMBER CO.",BLAZER ENERGY CORP.,,,Unknown,Plugged,Vertical,Plugged,https://wellwiki.org/wiki/47-109-00089,,"4620762"
47-109-00096,109-00096,"37.633833340189845","-81.43328354320307",WV,"109",,WESTERN POCAHONTAS CORP.,DIVERSIFIED PRODUCTION LLC,,,Gas Production,Abandoned Well,Vertical,Orphaned / Abandoned / Unverified Plug,https://wellwiki.org/wiki/47-109-00096,,"4620763"
47-103-00591,103-00591,"39.62471275175805","-80.49791682814745",WV,"103",,"CRIHFIELD, EARL","CHISLER, F. M.",,,Gas Production,Abandoned Well,Vertical,Orphaned / Abandoned / Unverified Plug,https://wellwiki.org/wiki/47-103-00591,,"4620764"
47-103-00608,103-00608,"37.0462224768942","-81",WV,"103",,BLACKSHERE WELLS & CO.,"EAST RESOURCES, INC.",,,Unknown,Never Drilled,Vertical,Not Drilled,https://wellwiki.org/wiki/47-103-00608,,"4620765"
47-103-00621,103-00621,"37.0462224768942","-81",WV,"103",,BLACKSHERE WELLS & CO.,"EAST RESOURCES, INC.",,,Unknown,Never Drilled,Vertical,Not Drilled,https://wellwiki.org/wiki/47-103-00621,,"4620766"
47-103-00669,103-00669,"39.65673447564789","-80.54579054067402",WV,"103",,"PRICE, PANZY O. RICE","EASTERN GAS TRANSMISSION AND STORAGE, INC",,,Not Available,Plugged,Vertical,Plugged,https://wellwiki.org/wiki/47-103-00669,,"4620767"
47-103-00683,103-00683,"39.571661253691026","-80.50917708246561",WV,"103",,"TRACY, JANET","EASTERN GAS TRANSMISSION AND STORAGE, INC",,,Not Available,Plugged,Vertical,Plugged,https://wellwiki.org/wiki/47-103-00683,,"4620768"
47-103-00697,103-00697,"39.61503821141265","-80.57207905025152",WV,"103",,"OSBOURNE, W. C.","EASTERN GAS TRANSMISSION AND STORAGE, INC",,,Not Available,Plugged,Vertical,Plugged,https://wellwiki.org/wiki/47-103-00697,,"4620769"
47-103-00714,103-00714,"39.53608591892743","-80.7580659760788",WV,"103",,"YOHO, S.","EASTERN GAS TRANSMISSION AND STORAGE, INC",,,Unknown,Plugged,Vertical,Plugged,https://wellwiki.org/wiki/47-103-00714,,"4620770"
47-103-00720,103-00720,"39.58878158736113","-80.69957749834943",WV,"103",,"BUNN, SHIRLEY","EASTERN GAS TRANSMISSION AND STORAGE, INC",,,Not Available,Plugged,Vertical,Plugged,https://wellwiki.org/wiki/47-103-00720,,"4620771"
47-103-00781,103-00781,"39.50952683189447","-80.69159223231497",WV,"103",,COASTAL LUMBER,"EAST RESOURCES, INC.",,,Fluid Injection,Plugged,Vertical,Plugged,https://wellwiki.org/wiki/47-103-00781,,"4620772"
47-103-00874,103-00874,"39.50981709657575","-80.69402676304105",WV,"103",,COASTAL LUMBER CO.,"EAST RESOURCES, INC.",,,Fluid Injection,Plugged,Vertical,Plugged,https://wellwiki.org/wiki/47-103-00874,,"4620773"
47-103-00901,103-00901,"39.510978385268494","-80.69327834979906",WV,"103",,COASTAL LUMBER CO.,"EAST RESOURCES, INC.",,,Not Available,Plugged,Vertical,Plugged,https://wellwiki.org/wiki/47-103-00901,,"4620774"
47-103-00903,103-00903,"39.63278463015945","-80.68900287086335",WV,"103",,"McHENRY, A. R.","EAST RESOURCES, INC.",,,Gas Production,Plugged,Vertical,Plugged,https://wellwiki.org/wiki/47-103-00903,,"4620775"
47-103-00905,103-00905,"39.48222981496436","-80.70426498978003",WV,"103",,COASTAL LUMBER CO.,"EAST RESOURCES, INC.",,,Fluid Injection,Plugged,Vertical,Plugged,https://wellwiki.org/wiki/47-103-00905,,"4620776"
47-103-00907,103-00907,"39.51750930515722","-80.6936521520225",WV,"103",,"HAUGHT, SANTFORD JOE","EAST RESOURCES, INC.",,,Oil Production,Plugged,Vertical,Plugged,https://wellwiki.org/wiki/47-103-00907,,"4620777"
47-103-00908,103-00908,"39.515912891913494","-80.69477596751155",WV,"103",,"HAUGHT, SANTFORD JOE","EAST RESOURCES, INC.",,,Not Available,Plugged,Vertical,Plugged,https://wellwiki.org/wiki/47-103-00908,,"4620778"
47-103-00909,103-00909,"39.51620294197612","-80.6964627066819",WV,"103",,"ICE, PATRICK & LORI","EAST RESOURCES, INC.",,,Not Available,Plugged,Vertical,Plugged,https://wellwiki.org/wiki/47-103-00909,,"4620779"
47-103-00912,103-00912,"39.47656946026989","-80.70183337640907",WV,"103",,WV DIVISION OF NATURAL RESOURCES,"EAST RESOURCES, INC.",,,Unknown,Plugged,Vertical,Plugged,https://wellwiki.org/wiki/47-103-00912,,"4620780"
47-103-00914,103-00914,"39.47889115378573","-80.70594763155833",WV,"103",,WV PUBLIC LANDS CORPORATION,"EAST RESOURCES, INC.",,,Unknown,Plugged,Vertical,Plugged,https://wellwiki.org/wiki/47-103-00914,,"4620781"
47-103-00923,103-00923,"39.559094175668186","-80.55834892020515",WV,"103",,"KILCOYNE, WILLIAM","EAST RESOURCES, INC.",,,Not Available,Plugged,Vertical,Plugged,https://wellwiki.org/wiki/47-103-00923,,"4620782"
47-103-00925,103-00925,"39.39410054273018","-80.56463934926042",WV,"103",,"KILCOYNE, WILLIAM","EAST RESOURCES, INC.",,,Not Available,Plugged,Vertical,Plugged,https://wellwiki.org/wiki/47-103-00925,,"4620783"
47-103-00955,103-00955,"39.461910886861396","-80.62968189425175",WV,"103",,"MORGAN, I. D.","EAST RESOURCES, INC.",,,Not Available,Plugged,Vertical,Plugged,https://wellwiki.org/wiki/47-103-00955,,"4620784"
47-103-00956,103-00956,"39.46336263041363","-80.63342197081225",WV,"103",,"MORGAN, I. D.","EAST RESOURCES, INC.",,,Not Available,Plugged,Vertical,Plugged,https://wellwiki.org/wiki/47-103-00956,,"4620785"
47-103-00960,103-00960,"39.62226558387559","-80.6303490380239",WV,"103",,"GREATHOUSE, FREDA","EAST RESOURCES, INC.",,,Gas Production,Plugged,Vertical,Plugged,https://wellwiki.org/wiki/47-103-00960,,"4620786"
47-103-00961,103-00961,"39.58007713347209","-80.66303472701917",WV,"103",,"MOTT, JOHN","EAST RESOURCES, INC.",,,Not Available,Plugged,Vertical,Plugged,https://wellwiki.org/wiki/47-103-00961,,"4620787"
47-103-00962,103-00962,"39.58225388290245","-80.66453330543044",WV,"103",,"MOTT, JOHN","EAST RESOURCES, INC.",,,Oil Production,Plugged,Vertical,Plugged,https://wellwiki.org/wiki/47-103-00962,,"4620788"
47-103-00963,103-00963,"39.58312467374677","-80.66685918947933",WV,"103",,"ABEL, PAUL","EAST RESOURCES, INC.",,,Gas Production,Plugged,Vertical,Plugged,https://wellwiki.org/wiki/47-103-00963,,"4620789"
47-103-00965,103-00965,"39.441002337261985","-80.52188129584539",WV,"103",,"DYE, M. P.","EAST RESOURCES, INC.",,,Not Available,Plugged,Vertical,Plugged,https://wellwiki.org/wiki/47-103-00965,,"4620790"
47-103-00977,103-00977,"39.62973643021821","-80.68900370124777",WV,"103",,"GARNER, J. H.","EAST RESOURCES, INC.",,,Not Available,Plugged,Vertical,Plugged,https://wellwiki.org/wiki/47-103-00977,,"4620791"
47-103-00978,103-00978,"39.62261766073192","-80.68912178704893",WV,"103",,"GARNER, J. H.","BLACKROCK ENTERPRISES, LLC",,,Unknown,Abandoned Well,Vertical,Orphaned / Abandoned / Unverified Plug,https://wellwiki.org/wiki/47-103-00978,,"4620792"
47-103-00979,103-00979,"39.622853955936854","-80.68652250072579",WV,"103",,"GARNER, J. H.","BLACKROCK ENTERPRISES, LLC",,,Unknown,Abandoned Well,Vertical,Orphaned / Abandoned / Unverified Plug,https://wellwiki.org/wiki/47-103-00979,,"4620793"
47-103-00980,103-00980,"39.52258659698168","-80.53590030224709",WV,"103",,COASTAL FOREST RESOURCES CO.,"WEST VIRGINIA LAND RESOURCES, INC.",,,Unknown,Plugged,Vertical,Plugged,https://wellwiki.org/wiki/47-103-00980,,"4620794"
47-001-02124,001-02124,"39.13774016039918","-79.90237514655007",WV,"001",,"REXROAD, VORLEY M.",BRAXTON OIL AND GAS CORP.,,,Gas Production,Abandoned Well,Vertical,Orphaned / Abandoned / Unverified Plug,https://wellwiki.org/wiki/47-001-02124,,"4620795"
47-001-03264,001-03264,"39.25559087167218","-79.88710107233098",WV,"001",,"MACKEY, MARGARET & JOHN M. WOLFE","MOUNTAINEER KEYSTONE HOLDINGS, LLC",,,Unknown,Never Drilled,Vertical,Not Drilled,https://wellwiki.org/wiki/47-001-03264,,"4620796"
47-001-03268,001-03268,"39.255413007759785","-79.88688483755764",WV,"001",,"MACKEY, MARGARET","MOUNTAINEER KEYSTONE HOLDINGS, LLC",,,Gas Production,Never Drilled,Horizontal 6A,Not Drilled,https://wellwiki.org/wiki/47-001-03268,,"4620797"
47-109-01844,109-01844,"37.54454897626364","-81.55260997825695",WV,"109",,US STEEL MINNING,"U. S. STEEL MINING COMPANY, LLC",,,Gas Production,Plugged,Coal Bed Methane Well,Plugged,https://wellwiki.org/wiki/47-109-01844,,"4620798"
47-109-01852,109-01852,"37.77131347374243","-81.53438308579891",WV,"109",,POCAHONTAS LAND CORP.,DIVERSIFIED PRODUCTION LLC,,,Unknown,Abandoned Well,Vertical,Orphaned / Abandoned / Unverified Plug,https://wellwiki.org/wiki/47-109-01852,,"4620799"
47-109-01857,109-01857,"37.64709569060889","-81.54022362067128",WV,"109",,GEORGIA PACIFIC CORP,BLAZER ENERGY CORP.,,,Gas Production,Never Drilled,Coal Bed Methane Well,Not Drilled,https://wellwiki.org/wiki/47-109-01857,,"4620800"
47-109-01858,109-01858,"37.64724362516993","-81.5479181999135",WV,"109",,GEORGIA PACIFIC CORP,BLAZER ENERGY CORP.,,,Gas Production,Never Drilled,Coal Bed Methane Well,Not Drilled,https://wellwiki.org/wiki/47-109-01858,,"4620801"
47-109-01859,109-01859,"37.64360304558884","-81.54505836320705",WV,"109",,GEORGIA PACIFIC CORP,BLAZER ENERGY CORP.,,,Gas Production,Never Drilled,Coal Bed Methane Well,Not Drilled,https://wellwiki.org/wiki/47-109-01859,,"4620802"
47-107-00484,107-00484,"39.30552023842234","-81.4058542229485",WV,"107",,"EDDY, FLOYD B.",OPERATOR UNKNOWN,,,Not Available,Abandoned Well,Vertical,Orphaned / Abandoned / Unverified Plug,https://wellwiki.org/wiki/47-107-00484,,"4620803"
47-107-00486,107-00486,"37.0462224768942","-81",WV,"107",,"FLINN, E. A.",OPERATOR UNKNOWN,,,Not Available,Never Drilled,Vertical,Not Drilled,https://wellwiki.org/wiki/47-107-00486,,"4620804"
47-107-00488,107-00488,"39.17253258197071","-81.72459351657352",WV,"107",,"DYE, CLARENCE",OPERATOR UNKNOWN,,,Not Available,Abandoned Well,Vertical,Orphaned / Abandoned / Unverified Plug,https://wellwiki.org/wiki/47-107-00488,,"4620805"
47-107-00491,107-00491,"39.23360661961683","-81.28257950532888",WV,"107",,VOLCANIC OIL & COAL CO.,OPERATOR UNKNOWN,,,Not Available,Abandoned Well,Vertical,Orphaned / Abandoned / Unverified Plug,https://wellwiki.org/wiki/47-107-00491,,"4620806"
47-107-00492,107-00492,"39.33350255248691","-81.4490313472097",WV,"107",,MT. STATE SPORTSMAN ASSOC,OPERATOR UNKNOWN,,,Not Available,Plugged,Vertical,Plugged,https://wellwiki.org/wiki/47-107-00492,,"4620807"
47-107-00496,107-00496,"39.24847877318517","-81.65045208589174",WV,"107",,"STEPHENS, DARREL S.","JAY-BEE OIL & GAS, INC.",,,Not Available,Plugged,Vertical,Plugged,https://wellwiki.org/wiki/47-107-00496,,"4620808"
47-107-00497,107-00497,"39.12784708023064","-81.61225035427591",WV,"107",,"WIGAL, MARY & PEARL ET AL",OPERATOR UNKNOWN,,,Not Available,Plugged,Vertical,Plugged,https://wellwiki.org/wiki/47-107-00497,,"4620809"
47-107-00499,107-00499,"39.2633324677757","-81.39877242457986",WV,"107",,"NOWERY, I. N.",OPERATOR UNKNOWN,,,Not Available,Abandoned Well,Vertical,Orphaned / Abandoned / Unverified Plug,https://wellwiki.org/wiki/47-107-00499,,"4620810"
47-107-00501,107-00501,"39.25912440582042","-81.54444420538499",WV,"107",,VITRO-AGATE COMPANY,OPERATOR UNKNOWN,,,Not Available,Plugged,Vertical,Plugged,https://wellwiki.org/wiki/47-107-00501,,"4620811"
47-107-00502,107-00502,"39.25922221546455","-81.54182695903356",WV,"107",,VIRTO-AGATE CO.,OPERATOR UNKNOWN,,,Not Available,Abandoned Well,Vertical,Orphaned / Abandoned / Unverified Plug,https://wellwiki.org/wiki/47-107-00502,,"4620812"
47-107-00503,107-00503,"37.0462224768942","-81",WV,"107",,"NAISH, GEORGE C.",OPERATOR UNKNOWN,,,Not Available,Abandoned Well,Vertical,Orphaned / Abandoned / Unverified Plug,https://wellwiki.org/wiki/47-107-00503,,"4620813"
47-107-00504,107-00504,"37.0462224768942","-81",WV,"107",,"WOODYARD, SHADIE & PARK",OPERATOR UNKNOWN,,,Not Available,Never Drilled,Vertical,Not Drilled,https://wellwiki.org/wiki/47-107-00504,,"4620814"
47-107-00506,107-00506,"37.0462224768942","-81",WV,"107",,"WOODYARD, SHADIE & PARK",OPERATOR UNKNOWN,,,Not Available,Never Drilled,Vertical,Not Drilled,https://wellwiki.org/wiki/47-107-00506,,"4620815"
47-107-00508,107-00508,"39.25486323264183","-81.53808911595131",WV,"107",,"STANLEY, H. C.",OPERATOR UNKNOWN,,,Not Available,Plugged,Vertical,Plugged,https://wellwiki.org/wiki/47-107-00508,,"4620816"
47-107-00509,107-00509,"39.25368735385776","-81.27539645739374",WV,"107",,POWER OIL COMPANY,OPERATOR UNKNOWN,,,Not Available,Never Drilled,Vertical,Not Drilled,https://wellwiki.org/wiki/47-107-00509,,"4620817"
47-107-00510,107-00510,"39.21943156071892","-81.47815169414392",WV,"107",,"WESTFALL, W. K. ET UX",OPERATOR UNKNOWN,,,Not Available,Plugged,Vertical,Plugged,https://wellwiki.org/wiki/47-107-00510,,"4620818"
47-107-00511,107-00511,"39.23875460811412","-81.55928913087257",WV,"107",,"MOLES, J. E. & EVA",OPERATOR UNKNOWN,,,Not Available,Plugged,Vertical,Plugged,https://wellwiki.org/wiki/47-107-00511,,"4620819"
47-107-00512,107-00512,"39.34333199448774","-81.41591996703238",WV,"107",,"PERKINS, EDNA B.",OPERATOR UNKNOWN,,,Not Available,Abandoned Well,Vertical,Orphaned / Abandoned / Unverified Plug,https://wellwiki.org/wiki/47-107-00512,,"4620820"
47-107-00516,107-00516,"39.16300446936784","-81.63288472025239",WV,"107",,"AYERS, J. DOUGLAS",OPERATOR UNKNOWN,,,Not Available,Never Drilled,Vertical,Not Drilled,https://wellwiki.org/wiki/47-107-00516,,"4620821"
47-107-00517,107-00517,"39.37131059260646","-81.4585538869726",WV,"107",,"DAVIDSON, JAMES W.",OPERATOR UNKNOWN,,,Not Available,Plugged,Vertical,Plugged,https://wellwiki.org/wiki/47-107-00517,,"4620822"
47-107-00519,107-00519,"39.357178483944885","-81.42965997708568",WV,"107",,"COMPTON, B. A.",OPERATOR UNKNOWN,,,Not Available,Plugged,Vertical,Plugged,https://wellwiki.org/wiki/47-107-00519,,"4620823"
47-107-00522,107-00522,"39.214952188053765","-81.39336248308094",WV,"107",,"BARRETT, OKEY & MARY",OPERATOR UNKNOWN,,,Not Available,Never Drilled,Vertical,Not Drilled,https://wellwiki.org/wiki/47-107-00522,,"4620824"
47-107-00524,107-00524,"39.2364417372166","-81.28424771416174",WV,"107",,"HOPE ""B""",OPERATOR UNKNOWN,,,Not Available,Abandoned Well,Vertical,Orphaned / Abandoned / Unverified Plug,https://wellwiki.org/wiki/47-107-00524,,"4620825"
47-107-00525,107-00525,"39.26387580210512","-81.27130403547916",WV,"107",,VOLCANIC OIL & COAL CO.,OPERATOR UNKNOWN,,,Not Available,Abandoned Well,Vertical,Orphaned / Abandoned / Unverified Plug,https://wellwiki.org/wiki/47-107-00525,,"4620826"
47-107-00528,107-00528,"39.35734512475551","-81.42649112900682",WV,"107",,"GROW, EUGENE A.",OPERATOR UNKNOWN,,,Not Available,Abandoned Well,Vertical,Orphaned / Abandoned / Unverified Plug,https://wellwiki.org/wiki/47-107-00528,,"4620827"
47-109-01901,109-01901,"37.61669203602722","-81.76915100216114",WV,"109",,GEORGIA PACIFIC CORP.,DIVERSIFIED PRODUCTION LLC,,,Unknown,Abandoned Well,Vertical,Orphaned / Abandoned / Unverified Plug,https://wellwiki.org/wiki/47-109-01901,,"4620828"
47-109-01903,109-01903,"37.76013778512321","-81.5464320749785",WV,"109",,PCOA LAND CO.,DIVERSIFIED PRODUCTION LLC,,,Gas Production,Abandoned Well,Coal Bed Methane Well,Orphaned / Abandoned / Unverified Plug,https://wellwiki.org/wiki/47-109-01903,,"4620829"
47-001-01834,001-01834,"39.13988081438912","-80.01541706395774",WV,"001",,BAR. CO. REST & RETIRE.,"MERRICO RESOURCES, INC.",,,Not Available,Plugged,Vertical,Plugged,https://wellwiki.org/wiki/47-001-01834,,"4620830"
47-001-01842,001-01842,"39.0876554791773","-79.9314066997912",WV,"001",,"RIFFLE, B. & M.",DIVERSIFIED PRODUCTION LLC,,,Gas Production,Abandoned Well,Vertical,Orphaned / Abandoned / Unverified Plug,https://wellwiki.org/wiki/47-001-01842,,"4620831"
47-001-01844,001-01844,"39.17784428996163","-79.88584375145412",WV,"001",,"KELLEY, KERMIT","SENECA-UPSHUR PETROLEUM, LLC",,,Not Available,Abandoned Well,Vertical,Orphaned / Abandoned / Unverified Plug,https://wellwiki.org/wiki/47-001-01844,,"4620832"
47-001-01907,001-01907,"37.0462224768942","-81",WV,"001",,"COLEBANK, SAMUEL","MASSEY GROUP, INC.",,,Unknown,Never Drilled,Vertical,Not Drilled,https://wellwiki.org/wiki/47-001-01907,,"4620833"
47-001-02778,001-02778,"39.11537200203405","-80.17223832067663",WV,"001",,"BEYMER, RANDAL, ETAL","CENTURY MINING, LLC",,,Unknown,Abandoned Well,Vertical,Orphaned / Abandoned / Unverified Plug,https://wellwiki.org/wiki/47-001-02778,,"4620834"
47-001-02790,001-02790,"39.112799059401674","-80.15997662054616",WV,"001",,NORTH CENTRAL RESOURCES,"CENTURY MINING, LLC",,,Gas Production,Plugged,Coal Bed Methane Well,Plugged,https://wellwiki.org/wiki/47-001-02790,,"4620835"
47-001-00002,001-00002,"39.09878614607906","-80.13582326181512",WV,"001",,INDIAN FORK COAL& COKE CO,"CENTURY MINING, LLC",,,Gas Production,Plugged,Vertical,Plugged,https://wellwiki.org/wiki/47-001-00002,,"4620836"
47-001-00006,001-00006,"39.16617725990625","-80.17780233979421",WV,"001",,"BENSON, IRA D.","CENTURY MINING, LLC",,,Gas Production,Abandoned Well,Vertical,Orphaned / Abandoned / Unverified Plug,https://wellwiki.org/wiki/47-001-00006,,"4620837"
47-001-00020,001-00020,"39.13832703185411","-80.1706597673058",WV,"001",,"TRIMBLE, HOFFMAN","CENTURY MINING, LLC",,,Not Available,Plugged,Vertical,Plugged,https://wellwiki.org/wiki/47-001-00020,,"4620838"
47-001-00024,001-00024,"39.12091354285356","-80.14925525877214",WV,"001",,"TRIMBLE, FRENCH","CENTURY MINING, LLC",,,Gas Production,Plugged,Vertical,Plugged,https://wellwiki.org/wiki/47-001-00024,,"4620839"
47-001-00025,001-00025,"39.13470412121515","-80.168059644142",WV,"001",,"TRIMBLE, HOFFMAN","CENTURY MINING, LLC",,,Not Available,Plugged,Vertical,Plugged,https://wellwiki.org/wiki/47-001-00025,,"4620840"
47-001-00027,001-00027,"39.13087013417049","-80.17137315205485",WV,"001",,"TRIMBLE, HOFFMAN","CENTURY MINING, LLC",,,Not Available,Plugged,Vertical,Plugged,https://wellwiki.org/wiki/47-001-00027,,"4620841"
47-001-00028,001-00028,"39.131617829013095","-80.1660365613757",WV,"001",,"WARD, F. S.","CENTURY MINING, LLC",,,Gas Production,Plugged,Vertical,Plugged,https://wellwiki.org/wiki/47-001-00028,,"4620842"
47-001-00029,001-00029,"39.144426969526904","-80.13635317512797",WV,"001",,"CHESSER, LUCILLE CRIM","CENTURY MINING, LLC",,,Not Available,Plugged,Vertical,Plugged,https://wellwiki.org/wiki/47-001-00029,,"4620843"
47-001-00030,001-00030,"39.13356609012297","-80.16002611832519",WV,"001",,"WARD, ETHEL P.","CENTURY MINING, LLC",,,Not Available,Plugged,Vertical,Plugged,https://wellwiki.org/wiki/47-001-00030,,"4620844"
47-001-00038,001-00038,"39.12320919931213","-80.17000646953447",WV,"001",,"WARD, F. S.","CENTURY MINING, LLC",,,Not Available,Plugged,Vertical,Plugged,https://wellwiki.org/wiki/47-001-00038,,"4620845"
47-001-03274,001-03274,"39.27070650929331","-79.89891799162952",WV,"001",,"HARSHBERGER, SCOT L. & DENISE E.","MOUNTAINEER KEYSTONE HOLDINGS, LLC",,,Gas Production,Never Drilled,Horizontal 6A,Not Drilled,https://wellwiki.org/wiki/47-001-03274,,"4620846"
47-001-03275,001-03275,"39.27078215382217","-79.89888469691007",WV,"001",,"HARSHBERGER, SCOT L. & DENISE E.","MOUNTAINEER KEYSTONE HOLDINGS, LLC",,,Gas Production,Never Drilled,Horizontal 6A,Not Drilled,https://wellwiki.org/wiki/47-001-03275,,"4620847"
47-001-03276,001-03276,"39.270711274094765","-79.89920274031232",WV,"001",,"HARSHBERGER, SCOT L. & DENISE E.","MOUNTAINEER KEYSTONE HOLDINGS, LLC",,,Gas Production,Never Drilled,Horizontal 6A,Not Drilled,https://wellwiki.org/wiki/47-001-03276,,"4620848"
47-001-03277,001-03277,"39.27076025017343","-79.89916974728438",WV,"001",,"HARSHBERGER, SCOT L. & DENISE E.","MOUNTAINEER KEYSTONE HOLDINGS, LLC",,,Gas Production,Never Drilled,Horizontal 6A,Not Drilled,https://wellwiki.org/wiki/47-001-03277,,"4620849"
47-001-03278,001-03278,"39.270834240773546","-79.89919977285899",WV,"001",,"HARSHBERGER, SCOT L. & DENISE E.","MOUNTAINEER KEYSTONE HOLDINGS, LLC",,,Gas Production,Never Drilled,Horizontal 6A,Not Drilled,https://wellwiki.org/wiki/47-001-03278,,"4620850"
47-001-03279,001-03279,"39.270878936767794","-79.89881896044588",WV,"001",,"HARSHBERGER, SCOT L.. & DENISE E.","MOUNTAINEER KEYSTONE HOLDINGS, LLC",,,Gas Production,Never Drilled,Horizontal 6A,Not Drilled,https://wellwiki.org/wiki/47-001-03279,,"4620851"
47-001-03280,001-03280,"39.27080503726434","-79.89878904975207",WV,"001",,"HARSHBERGER, SCOT L. & DENISE E.","MOUNTAINEER KEYSTONE HOLDINGS, LLC",,,Gas Production,Never Drilled,Horizontal 6A,Not Drilled,https://wellwiki.org/wiki/47-001-03280,,"4620852"
47-001-03314,001-03314,"39.19236975164289","-79.84838949276063",WV,"001",,"SPARKS, WALTER G. , IV","MOUNTAINEER KEYSTONE HOLDINGS, LLC",,,Unknown,Never Issued,Vertical,Not Drilled,https://wellwiki.org/wiki/47-001-03314,,"4620853"
47-001-03315,001-03315,"39.19752949262057","-79.87482112343413",WV,"001",,"HOWDERSHELT, MELVIN & RENEE","MOUNTAINEER KEYSTONE HOLDINGS, LLC",,,Gas Production,Never Drilled,Horizontal 6A,Not Drilled,https://wellwiki.org/wiki/47-001-03315,,"4620854"
47-001-03316,001-03316,"39.19753917289343","-79.87489045056677",WV,"001",,"HOWDERSHELT, MELVIN & RENEE","MOUNTAINEER KEYSTONE HOLDINGS, LLC",,,Gas Production,Never Drilled,Horizontal 6A,Not Drilled,https://wellwiki.org/wiki/47-001-03316,,"4620855"
47-001-03317,001-03317,"39.19732608005218","-79.87521809600034",WV,"001",,"HOWDERSHELT, MELVIN & RENEE","MOUNTAINEER KEYSTONE HOLDINGS, LLC",,,Gas Production,Never Drilled,Horizontal 6A,Not Drilled,https://wellwiki.org/wiki/47-001-03317,,"4620856"
47-001-03318,001-03318,"39.197593228750335","-79.87488958829138",WV,"001",,"HOWDERSHELT, MELVIN & RENEE","MOUNTAINEER KEYSTONE HOLDINGS, LLC",,,Gas Production,Never Drilled,Horizontal 6A,Not Drilled,https://wellwiki.org/wiki/47-001-03318,,"4620857"
47-103-01013,103-01013,"39.58604713324231","-80.65891489665047",WV,"103",,"LANTZ, J. A.","ASCENT RESOURCES - MARCELLUS, LLC",,,Gas Production,Plugged,Vertical,Plugged,https://wellwiki.org/wiki/47-103-01013,,"4620858"
47-001-03319,001-03319,"39.197646501808926","-79.87480767656027",WV,"001",,"HOWDERSHELT, MELVIN & RENEE","MOUNTAINEER KEYSTONE HOLDINGS, LLC",,,Gas Production,Never Drilled,Horizontal 6A,Not Drilled,https://wellwiki.org/wiki/47-001-03319,,"4620859"
47-001-03320,001-03320,"39.19764728460673","-79.87488872601368",WV,"001",,"HOWDERSHELT, MELVIN & RENEE","MOUNTAINEER KEYSTONE HOLDINGS, LLC",,,Gas Production,Never Drilled,Horizontal 6A,Not Drilled,https://wellwiki.org/wiki/47-001-03320,,"4620860"
47-001-03321,001-03321,"39.19743352101393","-79.87514690120425",WV,"001",,"HOWDERSHELT, MELVIN & RENEE","MOUNTAINEER KEYSTONE HOLDINGS, LLC",,,Gas Production,Never Drilled,Horizontal 6A,Not Drilled,https://wellwiki.org/wiki/47-001-03321,,"4620861"
47-001-03322,001-03322,"39.19688518273264","-79.8752830275748",WV,"001",,"HOWDERSHELT, MELVIN & RENEE","MOUNTAINEER KEYSTONE HOLDINGS, LLC",,,Gas Production,Never Drilled,Horizontal 6A,Not Drilled,https://wellwiki.org/wiki/47-001-03322,,"4620862"
47-001-03323,001-03323,"39.19693845609059","-79.87520111696942",WV,"001",,"HOWDERSHELT, MELVIN & RENEE","MOUNTAINEER KEYSTONE HOLDINGS, LLC",,,Gas Production,Never Drilled,Horizontal 6A,Not Drilled,https://wellwiki.org/wiki/47-001-03323,,"4620863"
47-001-00039,001-00039,"39.1287369164449","-80.14120259104959",WV,"001",,"PECK, CORA M.","CENTURY MINING, LLC",,,Gas Production,Abandoned Well,Vertical,Orphaned / Abandoned / Unverified Plug,https://wellwiki.org/wiki/47-001-00039,,"4620864"
47-001-00047,001-00047,"39.099997179634784","-80.15181740739655",WV,"001",,NORTH CENTRAL RESOURCES,"CENTURY MINING, LLC",,,Gas Production,Plugged,Vertical,Plugged,https://wellwiki.org/wiki/47-001-00047,,"4620865"
47-001-00159,001-00159,"39.113474843012874","-80.16260117470992",WV,"001",,NORTH CENTRAL RESOURCES,"CENTURY MINING, LLC",,,Gas Production,Plugged,Vertical,Plugged,https://wellwiki.org/wiki/47-001-00159,,"4620866"
47-001-00164,001-00164,"39.12355437670127","-80.16950845053506",WV,"001",,"WARD, CHARLES E.","CENTURY MINING, LLC",,,Not Available,Plugged,Vertical,Plugged,https://wellwiki.org/wiki/47-001-00164,,"4620867"
47-001-00184,001-00184,"39.119818675276534","-80.16374531465728",WV,"001",,"BOYERS, GIDEON","CENTURY MINING, LLC",,,Not Available,Plugged,Vertical,Plugged,https://wellwiki.org/wiki/47-001-00184,,"4620868"
47-001-00191,001-00191,"39.03419802604167","-79.94795179419931",WV,"001",,"SAYRE, RAYMOND","COMMONWEALTH ENERGY,  INC.",,,House Gas,Plugged,Vertical,Plugged,https://wellwiki.org/wiki/47-001-00191,,"4620869"
47-001-00248,001-00248,"39.05656350557813","-80.08967301949967",WV,"001",,"MITCHELL, ISAAC - HEIRS","COMMONWEALTH ENERGY,  INC.",,,House Gas,Abandoned Well,Vertical,Orphaned / Abandoned / Unverified Plug,https://wellwiki.org/wiki/47-001-00248,,"4620870"
47-105-00897,105-00897,"39.001484517111706","-81.34400833427603",WV,"105",,"DOUGLASS, ROY L.","MURPHY, SCOTT",,,Gas Production,Abandoned Well,Vertical,Orphaned / Abandoned / Unverified Plug,https://wellwiki.org/wiki/47-105-00897,,"4620871"
47-105-00898,105-00898,"39.006405999102384","-81.34141737638188",WV,"105",,"DOUGLASS, ROY I.","MURPHY, SCOTT",,,Gas Production,Abandoned Well,Vertical,Orphaned / Abandoned / Unverified Plug,https://wellwiki.org/wiki/47-105-00898,,"4620872"
47-105-00907,105-00907,"39.069189595347254","-81.29931876932177",WV,"105",,"ROBERTS, GLEN",GREAT WESTERN ONSHORE INC,,,Unknown,Never Drilled,Vertical,Not Drilled,https://wellwiki.org/wiki/47-105-00907,,"4620873"
47-105-00918,105-00918,"38.99004396038531","-81.3234493226",WV,"105",,WESTVACO CORP.,PATCHWORK OIL & GAS LLC,,,Gas Production,Abandoned Well,Vertical,Orphaned / Abandoned / Unverified Plug,https://wellwiki.org/wiki/47-105-00918,,"4620874"
47-105-00936,105-00936,"38.942916487178024","-81.26596399617",WV,"105",,"COOPER, SAM",BROWNING & EVANS ENTERPRISE,,,Unknown,Never Drilled,Vertical,Not Drilled,https://wellwiki.org/wiki/47-105-00936,,"4620875"
47-103-00860,103-00860,"39.50822995844906","-80.69261821574895",WV,"103",,McCOY HEIRS,"ASCENT RESOURCES - MARCELLUS, LLC",,,2R Production Well,Plugged,Vertical,Plugged,https://wellwiki.org/wiki/47-103-00860,,"4620876"
47-103-00888,103-00888,"37.0462224768942","-81",WV,"103",,"HUGGINS, JOHN R.","PERKINS OIL AND GAS, INC.",,,Unknown,Never Drilled,Vertical,Not Drilled,https://wellwiki.org/wiki/47-103-00888,,"4620877"
47-103-00899,103-00899,"37.0462224768942","-81",WV,"103",,"HIMELRICK, S.","PILLAR ENERGY, LLC",,,Unknown,Abandoned Well,Vertical,Orphaned / Abandoned / Unverified Plug,https://wellwiki.org/wiki/47-103-00899,,"4620878"
47-103-00916,103-00916,"39.53650455692182","-80.49773170294466",WV,"103",,MASTERS FUNERAL HOME,"PERKINS OIL AND GAS, INC.",,,Not Available,Plugged,Vertical,Plugged,https://wellwiki.org/wiki/47-103-00916,,"4620879"
47-103-00958,103-00958,"39.46496939808154","-80.59452175640817",WV,"103",,WV DEPT NATURAL RESOURCES,"PERKINS OIL AND GAS, INC.",,,Not Available,Plugged,Vertical,Plugged,https://wellwiki.org/wiki/47-103-00958,,"4620880"
47-103-00966,103-00966,"39.64171598851825","-80.67690066667339",WV,"103",,"DULANEY, J.M.","PERKINS OIL AND GAS, INC.",,,Not Available,Plugged,Vertical,Plugged,https://wellwiki.org/wiki/47-103-00966,,"4620881"
47-103-00971,103-00971,"39.646544584522985","-80.56193788967502",WV,"103",,"EFAW, A.","ASCENT RESOURCES - MARCELLUS, LLC",,,Gas Production,Plugged,Vertical,Plugged,https://wellwiki.org/wiki/47-103-00971,,"4620882"
47-103-00972,103-00972,"39.64858551692486","-80.56077111172186",WV,"103",,"EFAW, A.","ASCENT RESOURCES - MARCELLUS, LLC",,,Gas Production,Plugged,Vertical,Plugged,https://wellwiki.org/wiki/47-103-00972,,"4620883"
47-103-00987,103-00987,"39.49501869621168","-80.5820145911496",WV,"103",,"LOVE, CLIFFORD","PERKINS OIL AND GAS, INC.",,,Not Available,Plugged,Vertical,Plugged,https://wellwiki.org/wiki/47-103-00987,,"4620884"
47-103-00988,103-00988,"39.49210115928188","-80.57720122255917",WV,"103",,"LEMASTERS, ROBERT","PERKINS OIL AND GAS, INC.",,,Not Available,Plugged,Vertical,Plugged,https://wellwiki.org/wiki/47-103-00988,,"4620885"
47-103-00989,103-00989,"39.49718132805935","-80.57869749491947",WV,"103",,"LEMASTERS, FRANKLIN/PAUL","PERKINS OIL AND GAS, INC.",,,Not Available,Plugged,Vertical,Plugged,https://wellwiki.org/wiki/47-103-00989,,"4620886"
47-001-01919,001-01919,"37.0462224768942","-81",WV,"001",,"WOLFE, LESTER & ANNA",TRIO PETROLEUM CORP.,,,Unknown,Never Drilled,Vertical,Not Drilled,https://wellwiki.org/wiki/47-001-01919,,"4620887"
47-001-01923,001-01923,"37.0462224768942","-81",WV,"001",,"LINDSEY, SHERMAN, ET AL","MASSEY GROUP, INC.",,,Unknown,Never Drilled,Vertical,Not Drilled,https://wellwiki.org/wiki/47-001-01923,,"4620888"
47-001-01925,001-01925,"37.0462224768942","-81",WV,"001",,"MURPHY, FRANKLIN","MASSEY GROUP, INC.",,,Unknown,Never Drilled,Vertical,Not Drilled,https://wellwiki.org/wiki/47-001-01925,,"4620889"
47-105-00546,105-00546,"38.932791597314754","-81.49136972522209",WV,"105",,GOLDEN CREW,SENECA OIL COMPANY,,,Unknown,Plugged,Vertical,Plugged,https://wellwiki.org/wiki/47-105-00546,,"4620890"
47-001-01926,001-01926,"37.0462224768942","-81",WV,"001",,"MURPHY, FRANKLIN","MASSEY GROUP, INC.",,,Unknown,Never Drilled,Vertical,Not Drilled,https://wellwiki.org/wiki/47-001-01926,,"4620891"
47-001-01927,001-01927,"37.0462224768942","-81",WV,"001",,"MURPHY, FRANKLIN","MASSEY GROUP, INC.",,,Unknown,Never Drilled,Vertical,Not Drilled,https://wellwiki.org/wiki/47-001-01927,,"4620892"
47-001-01929,001-01929,"37.0462224768942","-81",WV,"001",,"PHILLIPS, WILLIAM & JAMES","MASSEY GROUP, INC.",,,Unknown,Never Drilled,Vertical,Not Drilled,https://wellwiki.org/wiki/47-001-01929,,"4620893"
47-001-01932,001-01932,"37.0462224768942","-81",WV,"001",,"PHILLIPS, WILLIAM & JAMES","MASSEY GROUP, INC.",,,Unknown,Never Drilled,Vertical,Not Drilled,https://wellwiki.org/wiki/47-001-01932,,"4620894"
47-001-01938,001-01938,"37.0462224768942","-81",WV,"001",,"HARDIN, THOMAS, ET UX","MASSEY GROUP, INC.",,,Unknown,Never Drilled,Vertical,Not Drilled,https://wellwiki.org/wiki/47-001-01938,,"4620895"
47-001-01939,001-01939,"37.0462224768942","-81",WV,"001",,"HARDIN, THOMAS, ET UX","MASSEY GROUP, INC.",,,Unknown,Never Drilled,Vertical,Not Drilled,https://wellwiki.org/wiki/47-001-01939,,"4620896"
47-103-01980,103-01980,"39.591702184683534","-80.49654537649984",WV,"103",,"GUMP, DENZIL, ETAL",DIVERSIFIED PRODUCTION LLC,,,Unknown,Abandoned Well,Vertical,Orphaned / Abandoned / Unverified Plug,https://wellwiki.org/wiki/47-103-01980,,"4620897"
47-103-01020,103-01020,"39.58051098728194","-80.67041851246321",WV,"103",,"LONG, ARA","ASCENT RESOURCES - MARCELLUS, LLC",,,Gas Production,Plugged,Vertical,Plugged,https://wellwiki.org/wiki/47-103-01020,,"4620898"
47-103-01027,103-01027,"39.575801125477916","-80.67325152671707",WV,"103",,"LONG, S. C.","ASCENT RESOURCES - MARCELLUS, LLC",,,Unknown,Plugged,Vertical,Plugged,https://wellwiki.org/wiki/47-103-01027,,"4620899"
47-103-01079,103-01079,"39.62984279052692","-80.65786236456704",WV,"103",,"DALTON, JANN","PERKINS OIL AND GAS, INC.",,,Not Available,Plugged,Vertical,Plugged,https://wellwiki.org/wiki/47-103-01079,,"4620900"
47-103-01080,103-01080,"39.63525199135678","-80.64658303542713",WV,"103",,"WADE, ENCIL","PERKINS OIL AND GAS, INC.",,,2R Production Well,Plugged,Vertical,Plugged,https://wellwiki.org/wiki/47-103-01080,,"4620901"
47-001-03144,001-03144,"39.19191814918711","-80.01851210987357",WV,"001",,"WARDER, MARY MORRIS",CONSOL GAS COMPANY,,,Unknown,Never Issued,Horizontal,Not Drilled,https://wellwiki.org/wiki/47-001-03144,,"4620902"
47-001-03145,001-03145,"39.1917669977752","-80.01849661197717",WV,"001",,"WARDER, MARY MORRIS",CONSOL GAS COMPANY,,,Unknown,Never Issued,Horizontal,Not Drilled,https://wellwiki.org/wiki/47-001-03145,,"4620903"
47-001-03146,001-03146,"39.191712038393476","-80.01849737658337",WV,"001",,"WARDER, MARY MORRIS",CONSOL GAS COMPANY,,,Unknown,Never Issued,Horizontal,Not Drilled,https://wellwiki.org/wiki/47-001-03146,,"4620904"
47-001-03111,001-03111,"39.14763226018586","-79.92628071444366",WV,"001",,"POLING, BAXTER","ABARTA OIL & GAS CO., LLC",,,Unknown,Never Issued,Vertical,Not Drilled,https://wellwiki.org/wiki/47-001-03111,,"4620905"
47-001-03112,001-03112,"39.14916311621645","-79.93147786165719",WV,"001",,"POLING, BAXTER","ABARTA OIL & GAS CO., LLC",,,Unknown,Never Issued,Vertical,Not Drilled,https://wellwiki.org/wiki/47-001-03112,,"4620906"
47-001-03113,001-03113,"39.14722204819737","-79.95365775658043",WV,"001",,"MOUSER, ALTHA GERALDINE","ABARTA OIL & GAS CO., LLC",,,Unknown,Never Issued,Vertical,Not Drilled,https://wellwiki.org/wiki/47-001-03113,,"4620907"
47-105-00031,105-00031,"38.967861457133225","-81.32121639220895",WV,"105",,"BELL, BRUCE & EVA",UNKNOWN - DEP PAID PLUGGING CONTRACT,,,Not Available,Plugged,Vertical,Plugged,https://wellwiki.org/wiki/47-105-00031,,"4620908"
47-105-00046,105-00046,"39.02853893935012","-81.25616409418075",WV,"105",,"MCCONAUGHEY, W.C.",UNKNOWN - DEP PAID PLUGGING CONTRACT,,,Not Available,Plugged,Vertical,Plugged,https://wellwiki.org/wiki/47-105-00046,,"4620909"
47-105-00277,105-00277,"38.929133840375535","-81.29822753338027",WV,"105",,"BLANKENSHIP, A. L.",WEVA OIL CORP.,,,Unknown,Plugged,Vertical,Plugged,https://wellwiki.org/wiki/47-105-00277,,"4620910"
47-105-00306,105-00306,"38.97802074834163","-81.3491811516845",WV,"105",,"TUCKER, B. C.",WEVA OIL CORP.,,,Unknown,Plugged,Vertical,Plugged,https://wellwiki.org/wiki/47-105-00306,,"4620911"
47-105-00322,105-00322,"39.06730230691138","-81.32145276652533",WV,"105",,"ROBINSON, BURTON",WEVA OIL CORP.,,,Unknown,Never Drilled,Vertical,Not Drilled,https://wellwiki.org/wiki/47-105-00322,,"4620912"
47-103-00998,103-00998,"39.613324601152","-80.6422362434164",WV,"103",,DALLISON LUMBER,"EAST RESOURCES, INC.",,,2R Production Well,Plugged,Vertical,Plugged,https://wellwiki.org/wiki/47-103-00998,,"4620913"
47-103-00999,103-00999,"39.61535670603038","-80.63998898567287",WV,"103",,DALLISON LUMBER CO.,"EAST RESOURCES, INC.",,,2R Production Well,Plugged,Vertical,Plugged,https://wellwiki.org/wiki/47-103-00999,,"4620914"
47-103-01001,103-01001,"39.61666319744626","-80.64261166826383",WV,"103",,"DALLISON LUMBER, INC.","EAST RESOURCES, INC.",,,2R Production Well,Plugged,Vertical,Plugged,https://wellwiki.org/wiki/47-103-01001,,"4620915"
47-105-00580,105-00580,"39.0149808480989","-81.19440123189327",WV,"105",,"MUNDAY, S. W.","DALE, DAVID DBA DD OIL COMPANY",,,Gas Production,Abandoned Well,Vertical,Orphaned / Abandoned / Unverified Plug,https://wellwiki.org/wiki/47-105-00580,,"4620916"
47-105-00654,105-00654,"38.9775482662479","-81.2993424238643",WV,"105",,"WAGONER, ERNEST","PETRO HOLDINGS, INC.",,,Not Available,Plugged,Vertical,Plugged,https://wellwiki.org/wiki/47-105-00654,,"4620917"
47-105-00752,105-00752,"39.08574603574833","-81.45315423961598",WV,"105",,"HUNTER, WILLIAM","MOONLIGHT OIL AND GAS, LLC",,,Gas Production,Abandoned Well,Vertical,Orphaned / Abandoned / Unverified Plug,https://wellwiki.org/wiki/47-105-00752,,"4620918"
47-105-00773,105-00773,"39.027090098332536","-81.18789548994833",WV,"105",,"WILSON, A. B.","EAST RESOURCES, INC.",,,Unknown,Never Drilled,Vertical,Not Drilled,https://wellwiki.org/wiki/47-105-00773,,"4620919"
47-105-00802,105-00802,"39.02578388025306","-81.17487453326889",WV,"105",,"BUSCH, NOBE","EAST RESOURCES, INC.",,,Unknown,Plugged,Vertical,Plugged,https://wellwiki.org/wiki/47-105-00802,,"4620920"
47-105-00821,105-00821,"39.03739432783244","-81.17766467726608",WV,"105",,"MAXWELL, H. JUDY BUSCH","EAST RESOURCES, INC.",,,Gas Production,Plugged,Vertical,Plugged,https://wellwiki.org/wiki/47-105-00821,,"4620921"
47-105-00833,105-00833,"38.99695999530737","-81.30024755767596",WV,"105",,WHEATON,"MOONLIGHT OIL AND GAS, LLC",,,Gas Production,Abandoned Well,Vertical,Orphaned / Abandoned / Unverified Plug,https://wellwiki.org/wiki/47-105-00833,,"4620922"
47-103-02001,103-02001,"39.50892920496985","-80.64650103713802",WV,"103",,MILLS,QUAKER STATE CORPORATION,,,Not Available,Plugged,Vertical,Plugged,https://wellwiki.org/wiki/47-103-02001,,"4620923"
47-103-02002,103-02002,"39.49369372599664","-80.65911567386206",WV,"103",,MILLS,QUAKER STATE CORPORATION,,,Not Available,Plugged,Vertical,Plugged,https://wellwiki.org/wiki/47-103-02002,,"4620924"
47-103-02003,103-02003,"39.49337791696916","-80.65590744618022",WV,"103",,MILLS,QUAKER STATE CORPORATION,,,Not Available,Plugged,Vertical,Plugged,https://wellwiki.org/wiki/47-103-02003,,"4620925"
47-103-02004,103-02004,"39.493213478673255","-80.65209364047784",WV,"103",,MILLS,QUAKER STATE CORPORATION,,,Not Available,Plugged,Vertical,Plugged,https://wellwiki.org/wiki/47-103-02004,,"4620926"
47-103-02005,103-02005,"39.49374822691767","-80.6501023029419",WV,"103",,MILLS,QUAKER STATE CORPORATION,,,Not Available,Plugged,Vertical,Plugged,https://wellwiki.org/wiki/47-103-02005,,"4620927"
47-103-02006,103-02006,"39.4928445475239","-80.64625734868488",WV,"103",,MILLS,QUAKER STATE CORPORATION,,,Not Available,Plugged,Vertical,Plugged,https://wellwiki.org/wiki/47-103-02006,,"4620928"
47-103-02007,103-02007,"39.49463450312873","-80.64819045503963",WV,"103",,MILLS,QUAKER STATE CORPORATION,,,Not Available,Plugged,Vertical,Plugged,https://wellwiki.org/wiki/47-103-02007,,"4620929"
47-103-02008,103-02008,"39.51599854854798","-80.67302431572845",WV,"103",,MILLS,QUAKER STATE CORPORATION,,,Not Available,Plugged,Vertical,Plugged,https://wellwiki.org/wiki/47-103-02008,,"4620930"
47-103-02009,103-02009,"39.51449246791488","-80.67255453455283",WV,"103",,MILLS,QUAKER STATE CORPORATION,,,Not Available,Plugged,Vertical,Plugged,https://wellwiki.org/wiki/47-103-02009,,"4620931"
47-103-02010,103-02010,"39.51699961899573","-80.67656785313577",WV,"103",,MILLS,QUAKER STATE CORPORATION,,,Not Available,Plugged,Vertical,Plugged,https://wellwiki.org/wiki/47-103-02010,,"4620932"
47-105-00094,105-00094,"39.02430789981718","-81.46656098259771",WV,"105",,"HOFFMAN, WALTER, ET AL",CARNEGIE PRODUCTION COMPANY,,,Unknown,Plugged,Vertical,Plugged,https://wellwiki.org/wiki/47-105-00094,,"4620933"
47-105-00096,105-00096,"39.04268300515695","-81.51937052397378",WV,"105",,"CAPLINGER, W.O.",CARNEGIE PRODUCTION COMPANY,,,Not Available,Plugged,Vertical,Plugged,https://wellwiki.org/wiki/47-105-00096,,"4620934"
47-105-00109,105-00109,"39.021573348357336","-81.31029437100867",WV,"105",,NANNIE KIDWELL HEIRS,CARNEGIE PRODUCTION COMPANY,,,Unknown,Plugged,Vertical,Plugged,https://wellwiki.org/wiki/47-105-00109,,"4620935"
47-001-03191,001-03191,"39.16039101272772","-80.178278044297",WV,"001",,"STEWART, JOHNNY L. & JANE P.",CONSOL GAS COMPANY,,,Unknown,Never Drilled,Horizontal,Not Drilled,https://wellwiki.org/wiki/47-001-03191,,"4620936"
47-001-03192,001-03192,"39.1603361746744","-80.17829627532277",WV,"001",,"STEWART, JOHNNY L. & JANE P.",CONSOL GAS COMPANY,,,Unknown,Never Drilled,Horizontal,Not Drilled,https://wellwiki.org/wiki/47-001-03192,,"4620937"
47-001-03193,001-03193,"39.16028142671921","-80.17831450527132",WV,"001",,"STEWART, JOHNNY L. & JANE P.",CONSOL GAS COMPANY,,,Unknown,Never Drilled,Horizontal,Not Drilled,https://wellwiki.org/wiki/47-001-03193,,"4620938"
47-001-03194,001-03194,"39.160226589474576","-80.1783328519731",WV,"001",,"STEWART, JOHNNY L. & JANE P.",CONSOL GAS COMPANY,,,Unknown,Never Drilled,Horizontal,Not Drilled,https://wellwiki.org/wiki/47-001-03194,,"4620939"
47-001-03195,001-03195,"39.160431567358984","-80.17818937567777",WV,"001",,"STEWART, JOHNNY L. & JANE P.",CONSOL GAS COMPANY,,,Unknown,Never Drilled,Horizontal,Not Drilled,https://wellwiki.org/wiki/47-001-03195,,"4620940"
47-001-03196,001-03196,"39.16037672932075","-80.17820760678315",WV,"001",,"STEWART, JOHNNY L. & JANE P.",CONSOL GAS COMPANY,,,Unknown,Never Drilled,Horizontal,Not Drilled,https://wellwiki.org/wiki/47-001-03196,,"4620941"
47-103-02030,103-02030,"39.635400789944185","-80.49267097487011",WV,"103",,"DRENNEN-BROWN, SHELLY",DIVERSIFIED PRODUCTION LLC,,,Gas Production,Abandoned Well,Coal Bed Methane Well,Orphaned / Abandoned / Unverified Plug,https://wellwiki.org/wiki/47-103-02030,,"4620942"
47-103-02037,103-02037,"39.63293181420273","-80.59290282068422",WV,"103",,"BOHRER, JOHN",DIVERSIFIED PRODUCTION LLC,,,Unknown,Abandoned Well,Vertical,Orphaned / Abandoned / Unverified Plug,https://wellwiki.org/wiki/47-103-02037,,"4620943"
47-103-02040,103-02040,"39.67646935199759","-80.42767991206155",WV,"103",,"KELCH, DANIEL & CAROL",DIVERSIFIED PRODUCTION LLC,,,Gas Production,Abandoned Well,Coal Bed Methane Well,Orphaned / Abandoned / Unverified Plug,https://wellwiki.org/wiki/47-103-02040,,"4620944"
47-103-02041,103-02041,"39.68926199185469","-80.4200404321843",WV,"103",,"MADISON, EARL & JULIA","MONUMENT OIL & GAS, LLC",,,Gas Production,Plugged,Coal Bed Methane Well,Plugged,https://wellwiki.org/wiki/47-103-02041,,"4620945"
47-103-02042,103-02042,"39.67633956212355","-80.43392149957953",WV,"103",,"SIX, RALPH & BETTY",DIVERSIFIED PRODUCTION LLC,,,Gas Production,Abandoned Well,Coal Bed Methane Well,Orphaned / Abandoned / Unverified Plug,https://wellwiki.org/wiki/47-103-02042,,"4620946"
47-103-02043,103-02043,"39.68882176384514","-80.42829166221148",WV,"103",,"STROPE, WILLIAM C.",DIVERSIFIED PRODUCTION LLC,,,Gas Production,Abandoned Well,Coal Bed Methane Well,Orphaned / Abandoned / Unverified Plug,https://wellwiki.org/wiki/47-103-02043,,"4620947"
47-103-02045,103-02045,"39.57862737312142","-80.49429841843069",WV,"103",,COASTAL LUMBER COMPANY,DIVERSIFIED PRODUCTION LLC,,,Unknown,Abandoned Well,Vertical,Orphaned / Abandoned / Unverified Plug,https://wellwiki.org/wiki/47-103-02045,,"4620948"
47-103-02050,103-02050,"39.67982379136301","-80.4973602181147",WV,"103",,"DRENNEN, EULAIA",DIVERSIFIED PRODUCTION LLC,,,Gas Production,Abandoned Well,Coal Bed Methane Well,Orphaned / Abandoned / Unverified Plug,https://wellwiki.org/wiki/47-103-02050,,"4620949"
47-103-02067,103-02067,"39.51446707715474","-80.65739635080445",WV,"103",,MILLS,QUAKER STATE CORPORATION,,,Not Available,Plugged,Vertical,Plugged,https://wellwiki.org/wiki/47-103-02067,,"4620950"
47-103-02068,103-02068,"39.51949787542202","-80.64327070128407",WV,"103",,MILLS,QUAKER STATE CORPORATION,,,Not Available,Plugged,Vertical,Plugged,https://wellwiki.org/wiki/47-103-02068,,"4620951"
47-103-02069,103-02069,"39.52127881615586","-80.64818287852385",WV,"103",,MILLS,QUAKER STATE CORPORATION,,,Not Available,Plugged,Vertical,Plugged,https://wellwiki.org/wiki/47-103-02069,,"4620952"
47-105-00108,105-00108,"39.02476243532924","-81.30251018606987",WV,"105",,"KIDWELL, J. A.",OPERATOR UNKNOWN,,,Not Available,Abandoned Well,Vertical,Orphaned / Abandoned / Unverified Plug,https://wellwiki.org/wiki/47-105-00108,,"4620953"
47-105-00113,105-00113,"39.020280110902654","-81.29895071690751",WV,"105",,"HICKMAN, J. W.",OPERATOR UNKNOWN,,,Not Available,Abandoned Well,Vertical,Orphaned / Abandoned / Unverified Plug,https://wellwiki.org/wiki/47-105-00113,,"4620954"
47-105-00114,105-00114,"37.0462224768942","-81",WV,"105",,"TUCKER, B.C.",OPERATOR UNKNOWN,,,Not Available,Plugged,Vertical,Plugged,https://wellwiki.org/wiki/47-105-00114,,"4620955"
47-105-00115,105-00115,"39.0008186262906","-81.26211670294191",WV,"105",,"MCCONAUGHEY, W.C.",OPERATOR UNKNOWN,,,Not Available,Plugged,Vertical,Plugged,https://wellwiki.org/wiki/47-105-00115,,"4620956"
47-105-00116,105-00116,"39.02260265482027","-81.30680551987076",WV,"105",,"PATTERSON, W. C.",OPERATOR UNKNOWN,,,Not Available,Abandoned Well,Vertical,Orphaned / Abandoned / Unverified Plug,https://wellwiki.org/wiki/47-105-00116,,"4620957"
47-105-00117,105-00117,"39.070904010132544","-81.3295529784769",WV,"105",,"WEST, EDGAR",OPERATOR UNKNOWN,,,Not Available,Abandoned Well,Vertical,Orphaned / Abandoned / Unverified Plug,https://wellwiki.org/wiki/47-105-00117,,"4620958"
47-105-00118,105-00118,"38.92466843760784","-81.29863556115748",WV,"105",,"BLANKENSHIP, AL",OPERATOR UNKNOWN,,,Not Available,Abandoned Well,Vertical,Orphaned / Abandoned / Unverified Plug,https://wellwiki.org/wiki/47-105-00118,,"4620959"
47-103-00630,103-00630,"37.0462224768942","-81",WV,"103",,"NICE, J.","CLAY RESOURCES, INC.",,,Unknown,Never Drilled,Vertical,Not Drilled,https://wellwiki.org/wiki/47-103-00630,,"4620960"
