api_num,other_id,latitude,longitude,stusps,county,municipality,well_name,operator,spud_date,plug_date,well_type,well_status,well_configuration,ft_category,wellwiki,src_url,ft_uid
34-035-62042,"62042","41.46839869","-81.79272194",OH,,,Cuyahoga 1 1,,1/1/1900,,OG_R,,,Other / Unknown,https://wellwiki.org/wiki/34-035-62042,,"575256"
34-073-20123,"20123","39.41884265","-82.28827139",OH,,, ,,,,OG_R,nogis_rec,,Other / Unknown,https://wellwiki.org/wiki/34-073-20123,,"576279"
47-105-00376,105-00376,"38.95037484268344","-81.53966719002088",WV,"105",,"WILKINSON, R.L.",OPERATOR UNKNOWN,,,Not Available,Plugged,Vertical,Plugged,https://wellwiki.org/wiki/47-105-00376,,"4621213"
34-151-60010,"60010","40.69102931","-81.51543796",OH,,," 1",,,,UN_R,unknown,,Other / Unknown,https://wellwiki.org/wiki/34-151-60010,,"655846"
34-105-60314,"60314","38.89210741","-81.86093244",OH,,, ,,,,UN_R,unknown,,Other / Unknown,https://wellwiki.org/wiki/34-105-60314,,"664528"
34-009-61076,"61076","39.33620327","-81.87144127",OH,,, ,,,,UN_R,unknown,,Other / Unknown,https://wellwiki.org/wiki/34-009-61076,,"667770"
34-145-60186,"60186","38.86204607","-82.96707485",OH,,,BARNETT #2 #2,,1/1/1900,,OG_R,,,Other / Unknown,https://wellwiki.org/wiki/34-145-60186,,"578483"
47-001-02809,001-02809,"39.20687046423919","-80.11343256982434",WV,"001",,"WOLFE, A.J.",ARCH RECLAMATION SERVICES LLC,,,Gas Production,Abandoned Well,Coal Bed Methane Well,Orphaned / Abandoned / Unverified Plug,https://wellwiki.org/wiki/47-001-02809,,"4621128"
47-001-02816,001-02816,"39.250252283460604","-80.01044151391825",WV,"001",,SHILOH DEVELOPMENT,CONSOL GAS COMPANY,,,Unknown,Never Drilled,Vertical,Not Drilled,https://wellwiki.org/wiki/47-001-02816,,"4621129"
47-105-00617,105-00617,"38.98075181689187","-81.26899411841495",WV,"105",,"MILLS, WARREN",SENECA OIL COMPANY,,,Gas Production,Abandoned Well,Vertical,Orphaned / Abandoned / Unverified Plug,https://wellwiki.org/wiki/47-105-00617,,"4621130"
47-105-00719,105-00719,"39.0336196940585","-81.446643310797",WV,"105",,"SPENCER, R. O.","STONESTREET, VANCE",,,Not Available,Plugged,Vertical,Plugged,https://wellwiki.org/wiki/47-105-00719,,"4621131"
47-001-02407,001-02407,"39.291182663919905","-79.89308846025165",WV,"001",,"GAINER, SHERWOOD",CNG PRODUCING COMPANY,,,Not Available,Plugged,Vertical,Plugged,https://wellwiki.org/wiki/47-001-02407,,"4621132"
47-001-02408,001-02408,"39.29409479721104","-79.9016133341591",WV,"001",,"GAINER, LORENZO",CNG PRODUCING COMPANY,,,Unknown,Never Drilled,Vertical,Not Drilled,https://wellwiki.org/wiki/47-001-02408,,"4621133"
47-001-02409,001-02409,"39.28934971705858","-79.89950232206623",WV,"001",,"GAINER, LORENZO",CNG PRODUCING COMPANY,,,Unknown,Never Drilled,Vertical,Not Drilled,https://wellwiki.org/wiki/47-001-02409,,"4621134"
47-001-02418,001-02418,"39.1015280470876","-79.93647570048329",WV,"001",,BELINGTON NATIONAL BANK,CNG PRODUCING COMPANY,,,Unknown,Never Drilled,Vertical,Not Drilled,https://wellwiki.org/wiki/47-001-02418,,"4621135"
47-001-02419,001-02419,"39.103361949601506","-79.9418237293929",WV,"001",,BELINGTON NATIONAL BANK,CNG PRODUCING COMPANY,,,Unknown,Never Drilled,Vertical,Not Drilled,https://wellwiki.org/wiki/47-001-02419,,"4621136"
47-001-02443,001-02443,"39.286248053086894","-79.89244726916132",WV,"001",,"GRAGG, WILLIAM W.",CNG PRODUCING COMPANY,,,Unknown,Never Drilled,Vertical,Not Drilled,https://wellwiki.org/wiki/47-001-02443,,"4621137"
47-001-02450,001-02450,"39.28260643496694","-79.88211488661385",WV,"001",,"GRUNER, SARAH A.",CNG PRODUCING COMPANY,,,Unknown,Never Drilled,Vertical,Not Drilled,https://wellwiki.org/wiki/47-001-02450,,"4621138"
47-001-02451,001-02451,"39.288189552610284","-79.88580765637126",WV,"001",,"NESTOR, JOHN JR./MILDRED",CNG PRODUCING COMPANY,,,Unknown,Never Drilled,Vertical,Not Drilled,https://wellwiki.org/wiki/47-001-02451,,"4621139"
47-001-02467,001-02467,"39.19536751591839","-80.00352857324137",WV,"001",,"BOWMAR, CHARLES M.",WV MINERAL GROUP LLC,,,Gas Production,Abandoned Well,Vertical,Orphaned / Abandoned / Unverified Plug,https://wellwiki.org/wiki/47-001-02467,,"4621140"
47-001-02506,001-02506,"39.093748199762786","-80.08815900872195",WV,"001",,"CRITES, JAMES H.",BRAXTON OIL AND GAS CORP.,,,Gas Production,Abandoned Well,Vertical,Orphaned / Abandoned / Unverified Plug,https://wellwiki.org/wiki/47-001-02506,,"4621141"
47-103-01945,103-01945,"39.48526713341213","-80.67452448488696",WV,"103",,WV PUBLIC LANDS CORP.,"TRIBUNE RESOURCES, LLC",,,2R Production Well,Abandoned Well,Vertical,Orphaned / Abandoned / Unverified Plug,https://wellwiki.org/wiki/47-103-01945,,"4621142"
47-103-01948,103-01948,"39.48150455467878","-80.67172464886123",WV,"103",,WV PUBLIC LANDS,"TRIBUNE RESOURCES, LLC",,,2R Production Well,Abandoned Well,Vertical,Orphaned / Abandoned / Unverified Plug,https://wellwiki.org/wiki/47-103-01948,,"4621143"
47-103-01949,103-01949,"39.48193909299071","-80.68350728070419",WV,"103",,WV PUBLIC LANDS CORP.,"TRIBUNE RESOURCES, LLC",,,2R Production Well,Abandoned Well,Vertical,Orphaned / Abandoned / Unverified Plug,https://wellwiki.org/wiki/47-103-01949,,"4621144"
47-103-02022,103-02022,"39.600553915429984","-80.66108006856818",WV,"103",,"DALLISON LUMBER, INC.","TRIBUNE RESOURCES, LLC",,,2R Production Well,Plugged,Vertical,Plugged,https://wellwiki.org/wiki/47-103-02022,,"4621145"
47-103-02059,103-02059,"39.595037435852475","-80.65123065109313",WV,"103",,DOLLISON LUMBER,"TRIBUNE RESOURCES, LLC",,,2R Production Well,Abandoned Well,Vertical,Orphaned / Abandoned / Unverified Plug,https://wellwiki.org/wiki/47-103-02059,,"4621146"
47-103-02060,103-02060,"39.58403195307306","-80.67158261093968",WV,"103",,"ABLE, PAUL","TRIBUNE RESOURCES, LLC",,,Gas Production,Plugged,Vertical,Plugged,https://wellwiki.org/wiki/47-103-02060,,"4621147"
47-103-02061,103-02061,"39.58850654056184","-80.66873046772574",WV,"103",,"ABLE, PAUL","TRIBUNE RESOURCES, LLC",,,2R Production Well,Abandoned Well,Vertical,Orphaned / Abandoned / Unverified Plug,https://wellwiki.org/wiki/47-103-02061,,"4621148"
47-103-02062,103-02062,"39.59286003678253","-80.6654685904384",WV,"103",,"ABLE, PAUL","TRIBUNE RESOURCES, LLC",,,2R Production Well,Abandoned Well,Vertical,Orphaned / Abandoned / Unverified Plug,https://wellwiki.org/wiki/47-103-02062,,"4621149"
47-103-02108,103-02108,"39.596924091038936","-80.6652813259834",WV,"103",,DALLISON LUMBER,"TRIBUNE RESOURCES, LLC",,,2R Production Well,Abandoned Well,Vertical,Orphaned / Abandoned / Unverified Plug,https://wellwiki.org/wiki/47-103-02108,,"4621150"
47-103-00640,103-00640,"39.52289473572757","-80.49028875377734",WV,"103",,"SMITH, WALTER B.",EQT PRODUCTION COMPANY,,,Not Available,Plugged,Vertical,Plugged,https://wellwiki.org/wiki/47-103-00640,,"4621151"
47-103-00671,103-00671,"39.55505101729534","-80.59615316310528",WV,"103",,"HENTHORN, W.",EQT PRODUCTION COMPANY,,,Unknown,Plugged,Vertical,Plugged,https://wellwiki.org/wiki/47-103-00671,,"4621152"
47-109-01992,109-01992,"37.76425981500627","-81.51802416337127",WV,"109",,POCAHONTAS LAND CORP.,DIVERSIFIED PRODUCTION LLC,,,Gas Production,Plugged,Coal Bed Methane Well,Plugged,https://wellwiki.org/wiki/47-109-01992,,"4621153"
47-001-02534,001-02534,"39.232388467411255","-80.05004121929231",WV,"001",,"DUCKWORTH, DOLORES & J.H.",WV MINERAL GROUP LLC,,,Gas Production,Abandoned Well,Vertical,Orphaned / Abandoned / Unverified Plug,https://wellwiki.org/wiki/47-001-02534,,"4621154"
47-001-02572,001-02572,"39.088813046792154","-80.09094902625414",WV,"001",,"CANN, CARMINE J.",WV MINERAL GROUP LLC,,,Gas Production,Abandoned Well,Vertical,Orphaned / Abandoned / Unverified Plug,https://wellwiki.org/wiki/47-001-02572,,"4621155"
47-001-02576,001-02576,"39.13802348124525","-80.20560458625314",WV,"001",,"WARD, A. M.",WV MINERAL GROUP LLC,,,Gas Production,Abandoned Well,Vertical,Orphaned / Abandoned / Unverified Plug,https://wellwiki.org/wiki/47-001-02576,,"4621156"
47-001-02580,001-02580,"39.235581771623366","-80.02775297382702",WV,"001",,"WILLIS, VIRGINIA",WV MINERAL GROUP LLC,,,Gas Production,Abandoned Well,Vertical,Orphaned / Abandoned / Unverified Plug,https://wellwiki.org/wiki/47-001-02580,,"4621157"
47-105-00289,105-00289,"39.01970327921713","-81.19891583470171",WV,"105",,RICHTER OIL CO.,OPERATOR UNKNOWN,,,Not Available,Abandoned Well,Vertical,Orphaned / Abandoned / Unverified Plug,https://wellwiki.org/wiki/47-105-00289,,"4621158"
47-001-02614,001-02614,"39.18767600669326","-79.97098982750184",WV,"001",,"MOATS, BURLIN",WV MINERAL GROUP LLC,,,Unknown,Abandoned Well,Vertical,Orphaned / Abandoned / Unverified Plug,https://wellwiki.org/wiki/47-001-02614,,"4621159"
47-105-00285,105-00285,"39.0359419891596","-81.20445079000665",WV,"105",,"BERNETT, MARY S., ET AL",OPERATOR UNKNOWN,,,Not Available,Plugged,Vertical,Plugged,https://wellwiki.org/wiki/47-105-00285,,"4621160"
47-105-00290,105-00290,"38.9884706266964","-81.43972019488795",WV,"105",,"MINEAR, B.C.",OPERATOR UNKNOWN,,,Not Available,Plugged,Vertical,Plugged,https://wellwiki.org/wiki/47-105-00290,,"4621161"
47-105-00291,105-00291,"39.04658598017243","-81.53092960585057",WV,"105",,"GANT, W.T.",OPERATOR UNKNOWN,,,Not Available,Plugged,Vertical,Plugged,https://wellwiki.org/wiki/47-105-00291,,"4621162"
47-105-00292,105-00292,"39.082701540487456","-81.44698617403864",WV,"105",,"TANNER, EARL",OPERATOR UNKNOWN,,,Not Available,Plugged,Vertical,Plugged,https://wellwiki.org/wiki/47-105-00292,,"4621163"
47-105-00293,105-00293,"39.059755337934476","-81.36293534103145",WV,"105",,"RATHBONE, C.A.",OPERATOR UNKNOWN,,,Not Available,Plugged,Vertical,Plugged,https://wellwiki.org/wiki/47-105-00293,,"4621164"
47-105-00294,105-00294,"39.123203211446246","-81.43719249949966",WV,"105",,"TIPPENS, W.S.",OPERATOR UNKNOWN,,,Not Available,Never Drilled,Vertical,Not Drilled,https://wellwiki.org/wiki/47-105-00294,,"4621165"
47-105-00295,105-00295,"39.00203152747464","-81.19975675056108",WV,"105",,PELL & ROBERTS,OPERATOR UNKNOWN,,,Not Available,Plugged,Vertical,Plugged,https://wellwiki.org/wiki/47-105-00295,,"4621166"
47-105-00296,105-00296,"39.08831150931897","-81.31600490578246",WV,"105",,"BROWN, CORA L., ET AL",OPERATOR UNKNOWN,,,Not Available,Plugged,Vertical,Plugged,https://wellwiki.org/wiki/47-105-00296,,"4621167"
47-105-00297,105-00297,"39.09641738993024","-81.42368335470482",WV,"105",,"FOUGHT, FLOYD B.",OPERATOR UNKNOWN,,,Not Available,Plugged,Vertical,Plugged,https://wellwiki.org/wiki/47-105-00297,,"4621168"
47-105-00299,105-00299,"38.93019627614851","-81.51007640626366",WV,"105",,"MCVEY, W.F.",OPERATOR UNKNOWN,,,Not Available,Plugged,Vertical,Plugged,https://wellwiki.org/wiki/47-105-00299,,"4621169"
47-105-00301,105-00301,"39.06396489401276","-81.31438443728706",WV,"105",,"VANDEVENDER, C.E.","OIL ROCK OIL COMPANY, INC.",,,Unknown,Never Drilled,Vertical,Not Drilled,https://wellwiki.org/wiki/47-105-00301,,"4621170"
47-105-00302,105-00302,"39.117534326015566","-81.32011695756933",WV,"105",,"WELCH, N.M.",OPERATOR UNKNOWN,,,Not Available,Plugged,Vertical,Plugged,https://wellwiki.org/wiki/47-105-00302,,"4621171"
47-105-00303,105-00303,"39.031442743715374","-81.20128833041662",WV,"105",,"BARNETT, MARY S. - HEIRS",OPERATOR UNKNOWN,,,Not Available,Abandoned Well,Vertical,Orphaned / Abandoned / Unverified Plug,https://wellwiki.org/wiki/47-105-00303,,"4621172"
47-103-00817,103-00817,"39.55453550570798","-80.50205902557981",WV,"103",,"POWELL, CHESTER & AUDRA",EQT PRODUCTION COMPANY,,,Unknown,Plugged,Vertical,Plugged,https://wellwiki.org/wiki/47-103-00817,,"4621173"
47-103-00818,103-00818,"39.580367019955276","-80.62781217634605",WV,"103",,"HUEY, J. W.","INVITATION ENERGY, INCORPORATED",,,Unknown,Abandoned Well,Vertical,Orphaned / Abandoned / Unverified Plug,https://wellwiki.org/wiki/47-103-00818,,"4621174"
47-103-00821,103-00821,"39.56658080620132","-80.52491417404727",WV,"103",,"CONWAY, ATLEE & HILDA",EQT PRODUCTION COMPANY,,,Unknown,Plugged,Vertical,Plugged,https://wellwiki.org/wiki/47-103-00821,,"4621175"
47-103-00824,103-00824,"39.541312319868126","-80.67472952459894",WV,"103",,"JUDGE, JOHN","INVITATION ENERGY, INCORPORATED",,,Unknown,Abandoned Well,Vertical,Orphaned / Abandoned / Unverified Plug,https://wellwiki.org/wiki/47-103-00824,,"4621176"
47-103-00826,103-00826,"39.59677835728662","-80.7132101094004",WV,"103",,"LONG, JOHN F. - ESTATE",EQT PRODUCTION COMPANY,,,Unknown,Plugged,Vertical,Plugged,https://wellwiki.org/wiki/47-103-00826,,"4621177"
47-103-00827,103-00827,"39.60171270618238","-80.70788538987541",WV,"103",,"SPRINGER, FRANCIS DAVID, ET AL",EQT PRODUCTION COMPANY,,,Unknown,Plugged,Vertical,Plugged,https://wellwiki.org/wiki/47-103-00827,,"4621178"
47-001-00372,001-00372,"39.2547816037024","-79.92765371088944",WV,"001",,WHITESCARVER & SHINGLETON,BEEKAY COMPANY,,,Not Available,Plugged,Vertical,Plugged,https://wellwiki.org/wiki/47-001-00372,,"4621179"
47-001-00403,001-00403,"39.01534344764133","-80.03847696631405",WV,"001",,"DAVIS, SHIRLEY","ROSS AND WHARTON GAS COMPANY, INC.",,,House Gas,Abandoned Well,Vertical,Orphaned / Abandoned / Unverified Plug,https://wellwiki.org/wiki/47-001-00403,,"4621180"
47-107-00371,107-00371,"37.0462224768942","-81",WV,"107",,"COMPTON, S. V.","LOVE, C. E.",,,Not Available,Plugged,Vertical,Plugged,https://wellwiki.org/wiki/47-107-00371,,"4621296"
47-001-00413,001-00413,"39.19111354515213","-80.11288601693046",WV,"001",,"WENTZ, WILLIAM H. & EDITH M.","SENECA-UPSHUR PETROLEUM, LLC",,,Gas Production,Plugged,Vertical,Plugged,https://wellwiki.org/wiki/47-001-00413,,"4621181"
47-001-00449,001-00449,"39.15384525709436","-80.1133252864576",WV,"001",,"GRAHAM, I.","ROSS AND WHARTON GAS COMPANY, INC.",,,Gas Production,Abandoned Well,Vertical,Orphaned / Abandoned / Unverified Plug,https://wellwiki.org/wiki/47-001-00449,,"4621182"
47-001-00451,001-00451,"39.23481642751307","-79.94508942131591",WV,"001",,"PHILLIPS, F. L.","ROSS AND WHARTON GAS COMPANY, INC.",,,Gas Production,Abandoned Well,Vertical,Orphaned / Abandoned / Unverified Plug,https://wellwiki.org/wiki/47-001-00451,,"4621183"
47-001-00453,001-00453,"39.108254832755634","-80.10394793224785",WV,"001",,"WINSLOW, JOHN S. & CHARLES D.","ROSS AND WHARTON GAS COMPANY, INC.",,,Gas Production,Abandoned Well,Vertical,Orphaned / Abandoned / Unverified Plug,https://wellwiki.org/wiki/47-001-00453,,"4621184"
47-001-00458,001-00458,"39.112303199977816","-80.10661478091595",WV,"001",,"WINSLOW, JOHN S. & CHARLES D.","ROSS AND WHARTON GAS COMPANY, INC.",,,Not Available,Abandoned Well,Vertical,Orphaned / Abandoned / Unverified Plug,https://wellwiki.org/wiki/47-001-00458,,"4621185"
47-105-00351,105-00351,"38.9509061284371","-81.531107113132",WV,"105",,"WILKINSON, R.L.",OPERATOR UNKNOWN,,,Not Available,Plugged,Vertical,Plugged,https://wellwiki.org/wiki/47-105-00351,,"4621186"
47-001-00464,001-00464,"37.0462224768942","-81",WV,"001",,"DICKENSON, R.",DEN-MARK DRILLING CO INC,,,Unknown,Never Drilled,Vertical,Not Drilled,https://wellwiki.org/wiki/47-001-00464,,"4621187"
47-001-00485,001-00485,"39.14499380131372","-80.06399931775533",WV,"001",,"DICKENSON, R.","ROSS AND WHARTON GAS COMPANY, INC.",,,Gas Production,Abandoned Well,Vertical,Orphaned / Abandoned / Unverified Plug,https://wellwiki.org/wiki/47-001-00485,,"4621188"
47-001-02629,001-02629,"39.21961645229595","-80.04594120449089",WV,"001",,"PHILIPPI DEVELOPMENT, INC","REI UNDERGROUND EXPLORATION, INC.",,,Unknown,Plugged,Vertical,Plugged,https://wellwiki.org/wiki/47-001-02629,,"4621189"
47-001-02631,001-02631,"39.279861363577176","-79.9530526583105",WV,"001",,"BEYMER, JOE L.",WV MINERAL GROUP LLC,,,Unknown,Abandoned Well,Vertical,Orphaned / Abandoned / Unverified Plug,https://wellwiki.org/wiki/47-001-02631,,"4621190"
47-001-02634,001-02634,"39.274345750135744","-79.95603995281807",WV,"001",,"TALBOTT, RICHARD E.",WV MINERAL GROUP LLC,,,Unknown,Abandoned Well,Vertical,Orphaned / Abandoned / Unverified Plug,https://wellwiki.org/wiki/47-001-02634,,"4621191"
47-001-02637,001-02637,"39.17141814175496","-80.09804407706815",WV,"001",,ANKER ENERGY CORP.,WV MINERAL GROUP LLC,,,Unknown,Abandoned Well,Vertical,Orphaned / Abandoned / Unverified Plug,https://wellwiki.org/wiki/47-001-02637,,"4621192"
47-001-02645,001-02645,"39.28552121326092","-79.9407312404947",WV,"001",,"HALLER, DONALD",WV MINERAL GROUP LLC,,,Unknown,Abandoned Well,Vertical,Orphaned / Abandoned / Unverified Plug,https://wellwiki.org/wiki/47-001-02645,,"4621193"
47-001-02648,001-02648,"39.21787530515541","-80.02458469859764",WV,"001",,"MCCORMICK, RON & AMANDA",WV MINERAL GROUP LLC,,,Unknown,Abandoned Well,Vertical,Orphaned / Abandoned / Unverified Plug,https://wellwiki.org/wiki/47-001-02648,,"4621194"
47-001-02652,001-02652,"39.12656100422917","-80.03296953510664",WV,"001",,"LOUGHRAN, KENNETH",EMAX OIL COMPANY,,,Unknown,Plugged,Vertical,Plugged,https://wellwiki.org/wiki/47-001-02652,,"4621195"
47-001-02659,001-02659,"39.16938724119195","-80.0645754688756",WV,"001",,"WOODFORD, JAMES R., ETAL",WV MINERAL GROUP LLC,,,Unknown,Abandoned Well,Vertical,Orphaned / Abandoned / Unverified Plug,https://wellwiki.org/wiki/47-001-02659,,"4621196"
47-001-02701,001-02701,"39.17388782446328","-80.04817790454422",WV,"001",,"COCHRAN, CHARLES & PAT",WV MINERAL GROUP LLC,,,Unknown,Abandoned Well,Vertical,Orphaned / Abandoned / Unverified Plug,https://wellwiki.org/wiki/47-001-02701,,"4621197"
47-001-02702,001-02702,"39.16996915724668","-80.04687288517704",WV,"001",,"NORRIS, LARRY & SHARON Y.",WV MINERAL GROUP LLC,,,Unknown,Abandoned Well,Vertical,Orphaned / Abandoned / Unverified Plug,https://wellwiki.org/wiki/47-001-02702,,"4621198"
47-001-02703,001-02703,"39.17112983744966","-80.03800153739108",WV,"001",,"NORRIS, DOROTHY, ETAL",WV MINERAL GROUP LLC,,,Unknown,Abandoned Well,Vertical,Orphaned / Abandoned / Unverified Plug,https://wellwiki.org/wiki/47-001-02703,,"4621199"
47-001-02704,001-02704,"39.16168323554195","-80.07035250134295",WV,"001",,"BARTLETT, RUSSELL & BETTY",WV MINERAL GROUP LLC,,,Unknown,Abandoned Well,Vertical,Orphaned / Abandoned / Unverified Plug,https://wellwiki.org/wiki/47-001-02704,,"4621200"
47-001-02705,001-02705,"39.16647247875402","-80.06606678237185",WV,"001",,ALDERSON-BROADDUS COLLEGE,WV MINERAL GROUP LLC,,,Unknown,Abandoned Well,Vertical,Orphaned / Abandoned / Unverified Plug,https://wellwiki.org/wiki/47-001-02705,,"4621201"
47-105-00418,105-00418,"39.00567050022673","-81.22396633555935",WV,"105",,"WOLVERTON, M. L.",GREAT WESTERN DRILLING INC,,,Not Available,Plugged,Vertical,Plugged,https://wellwiki.org/wiki/47-105-00418,,"4621202"
47-105-00570,105-00570,"38.9855570383363","-81.31958752973557",WV,"105",,"WATERS, R. L.","WATERS, R L",,,Not Available,Plugged,Vertical,Plugged,https://wellwiki.org/wiki/47-105-00570,,"4621203"
47-105-00613,105-00613,"38.971740024153384","-81.24845357053837",WV,"105",,"SMITH, D. C.","ROWES, ALVIN",,,Not Available,Plugged,Vertical,Plugged,https://wellwiki.org/wiki/47-105-00613,,"4621204"
47-105-00618,105-00618,"38.97622062921548","-81.24880748191042",WV,"105",,"SMITH, DAVID","ROWES, ALVIN",,,Not Available,Abandoned Well,Vertical,Orphaned / Abandoned / Unverified Plug,https://wellwiki.org/wiki/47-105-00618,,"4621205"
47-105-00642,105-00642,"38.962757284636474","-81.30617673429622",WV,"105",,HODGEN,"ROWES, ALVIN",,,Not Available,Abandoned Well,Vertical,Orphaned / Abandoned / Unverified Plug,https://wellwiki.org/wiki/47-105-00642,,"4621206"
47-105-00646,105-00646,"38.962085800822486","-81.29822469496611",WV,"105",,"PETTY, SADIE - HEIRS","ROWES, ALVIN",,,Not Available,Abandoned Well,Vertical,Orphaned / Abandoned / Unverified Plug,https://wellwiki.org/wiki/47-105-00646,,"4621207"
47-103-02094,103-02094,"39.52177800551603","-80.66791254440577",WV,"103",,MILLS,QUAKER STATE CORPORATION,,,Not Available,Plugged,Vertical,Plugged,https://wellwiki.org/wiki/47-103-02094,,"4621208"
47-105-00647,105-00647,"38.95845144868041","-81.29895158944238",WV,"105",,"PETTY, SADIE - HEIRS","ROWES, ALVIN",,,Not Available,Abandoned Well,Vertical,Orphaned / Abandoned / Unverified Plug,https://wellwiki.org/wiki/47-105-00647,,"4621209"
47-105-00655,105-00655,"38.946936759450594","-81.31668835091628",WV,"105",,WESTVACO,"ROWES, ALVIN",,,Not Available,Abandoned Well,Vertical,Orphaned / Abandoned / Unverified Plug,https://wellwiki.org/wiki/47-105-00655,,"4621210"
47-105-00658,105-00658,"38.96729891957541","-81.29107366976828",WV,"105",,"PETTY, W. T. - HEIRS","ROWES, ALVIN",,,Gas Production,Abandoned Well,Vertical,Orphaned / Abandoned / Unverified Plug,https://wellwiki.org/wiki/47-105-00658,,"4621211"
47-105-00659,105-00659,"38.96219828539633","-81.29366712327312",WV,"105",,"PETTY, W. T. - HEIRS","ROWES, ALVIN",,,Not Available,Abandoned Well,Vertical,Orphaned / Abandoned / Unverified Plug,https://wellwiki.org/wiki/47-105-00659,,"4621212"
47-105-00377,105-00377,"37.0462224768942","-81",WV,"105",,"WILKINSON, R.L.",OPERATOR UNKNOWN,,,Not Available,Never Drilled,Vertical,Not Drilled,https://wellwiki.org/wiki/47-105-00377,,"4621214"
47-105-00379,105-00379,"38.95805482258563","-81.54344065595782",WV,"105",,"PALMER, LINDSEY",OPERATOR UNKNOWN,,,Not Available,Plugged,Vertical,Plugged,https://wellwiki.org/wiki/47-105-00379,,"4621215"
47-105-00383,105-00383,"38.9592981601361","-81.53549674993364",WV,"105",,"KITTLE, DELBERT",OPERATOR UNKNOWN,,,Not Available,Abandoned Well,Vertical,Orphaned / Abandoned / Unverified Plug,https://wellwiki.org/wiki/47-105-00383,,"4621216"
47-105-00384,105-00384,"38.95935624240397","-81.53363665907597",WV,"105",,"BROTTON, GRETTA V.",OPERATOR UNKNOWN,,,Not Available,Plugged,Vertical,Plugged,https://wellwiki.org/wiki/47-105-00384,,"4621217"
47-105-00392,105-00392,"38.96801840658572","-81.4616781189664",WV,"105",,"CLINE, HENRY E.",OPERATOR UNKNOWN,,,Not Available,Plugged,Vertical,Plugged,https://wellwiki.org/wiki/47-105-00392,,"4621218"
47-105-00393,105-00393,"38.951111268372095","-81.53453268092808",WV,"105",,"KITTLE, H.M.",OPERATOR UNKNOWN,,,Not Available,Plugged,Vertical,Plugged,https://wellwiki.org/wiki/47-105-00393,,"4621219"
47-105-00395,105-00395,"39.001319318373085","-81.48855666037463",WV,"105",,"LIGHTNER, D. H.",OPERATOR UNKNOWN,,,Not Available,Plugged,Vertical,Plugged,https://wellwiki.org/wiki/47-105-00395,,"4621220"
47-105-00396,105-00396,"39.05152345713516","-81.27955139916412",WV,"105",,"LEEK, GARFIELD",OPERATOR UNKNOWN,,,Not Available,Plugged,Vertical,Plugged,https://wellwiki.org/wiki/47-105-00396,,"4621221"
47-105-01003,105-01003,"39.062517775916334","-81.42021986821116",WV,"105",,"GOODWIN, MAGGIE",HUGHES RIVER OIL & GAS COMPANY,,,Gas Production,Abandoned Well,Vertical,Orphaned / Abandoned / Unverified Plug,https://wellwiki.org/wiki/47-105-01003,,"4621222"
47-103-00832,103-00832,"39.53507134441756","-80.65554320576221",WV,"103",,WHEELING JESUIT UNIVERSITY,EQT PRODUCTION COMPANY,,,Unknown,Plugged,Vertical,Plugged,https://wellwiki.org/wiki/47-103-00832,,"4621223"
47-103-00849,103-00849,"39.6034575523999","-80.48492996164501",WV,"103",,"PARK, ERVIN PAUL",EQT PRODUCTION COMPANY,,,Unknown,Plugged,Vertical,Plugged,https://wellwiki.org/wiki/47-103-00849,,"4621224"
47-103-00867,103-00867,"39.50720714404992","-80.58213699134649",WV,"103",,COASTAL LUMBER CO,EQT PRODUCTION COMPANY,,,Not Available,Plugged,Vertical,Plugged,https://wellwiki.org/wiki/47-103-00867,,"4621225"
47-103-00871,103-00871,"39.5712602910899","-80.57577775142938",WV,"103",,"MORRISON, BILLY & ROSA",EQT PRODUCTION COMPANY,,,Unknown,Plugged,Vertical,Plugged,https://wellwiki.org/wiki/47-103-00871,,"4621226"
47-103-00919,103-00919,"39.5402975046979","-80.62249152803119",WV,"103",,"ARNOLDS, BILLY & DAVID","LUCAS WELL SERVICE, INC.",,,Unknown,Plugged,Vertical,Plugged,https://wellwiki.org/wiki/47-103-00919,,"4621227"
47-103-00924,103-00924,"39.56063049800394","-80.56021357762074",WV,"103",,"KILCOYNE, WILLIAM","EASTERN OVERTHRUST DRILLING, INC.",,,Not Available,Plugged,Vertical,Plugged,https://wellwiki.org/wiki/47-103-00924,,"4621228"
47-103-00926,103-00926,"39.55075965102397","-80.56695794182865",WV,"103",,"KILCOYNE, WILLIAM","EASTERN OVERTHRUST DRILLING, INC.",,,Not Available,Plugged,Vertical,Plugged,https://wellwiki.org/wiki/47-103-00926,,"4621229"
47-103-01130,103-01130,"39.49355243819378","-80.55419837450654",WV,"103",,"SMITH, JO R.","COBHAM GAS INDUSTRIES, INC.",,,Unknown,Plugged,Vertical,Plugged,https://wellwiki.org/wiki/47-103-01130,,"4621230"
47-001-01692,001-01692,"39.23623754201043","-79.84481823629032",WV,"001",,INTERSTATE LUMBER,ENERGY CORPORATION OF AMERICA,,,Not Available,Plugged,Vertical,Plugged,https://wellwiki.org/wiki/47-001-01692,,"4621231"
47-001-01693,001-01693,"37.0462224768942","-81",WV,"001",,INTERSTATE LUMBER CO.,OPERATOR UNKNOWN,,,Not Available,Never Drilled,Vertical,Not Drilled,https://wellwiki.org/wiki/47-001-01693,,"4621232"
47-001-01694,001-01694,"39.23614067409536","-79.83554361124874",WV,"001",,INTERSTATE LUMBER CO.,ENERGY CORPORATION OF AMERICA,,,Not Available,Plugged,Vertical,Plugged,https://wellwiki.org/wiki/47-001-01694,,"4621233"
47-001-01699,001-01699,"37.0462224768942","-81",WV,"001",,INTERSTATE LUMBER CO.,OPERATOR UNKNOWN,,,Not Available,Never Drilled,Vertical,Not Drilled,https://wellwiki.org/wiki/47-001-01699,,"4621234"
47-001-01770,001-01770,"37.0462224768942","-81",WV,"001",,"HUDKINS, BONARD",OPERATOR UNKNOWN,,,Not Available,Never Drilled,Vertical,Not Drilled,https://wellwiki.org/wiki/47-001-01770,,"4621235"
47-001-01778,001-01778,"37.0462224768942","-81",WV,"001",,"NORRIS, CHARLES D.",OPERATOR UNKNOWN,,,Not Available,Never Drilled,Vertical,Not Drilled,https://wellwiki.org/wiki/47-001-01778,,"4621236"
47-001-01780,001-01780,"37.0462224768942","-81",WV,"001",,"HOTSINPILLER, BLY",ENERGY CORPORATION OF AMERICA,,,Unknown,Never Drilled,Vertical,Not Drilled,https://wellwiki.org/wiki/47-001-01780,,"4621237"
47-001-01781,001-01781,"37.0462224768942","-81",WV,"001",,"CAMPBELL, MAE & ELMER",OPERATOR UNKNOWN,,,Not Available,Never Drilled,Vertical,Not Drilled,https://wellwiki.org/wiki/47-001-01781,,"4621238"
47-001-01791,001-01791,"39.29308236093479","-79.8800211654147",WV,"001",,"HAMILTON, TERRY D.","R & B PETROLEUM, INC.",,,Not Available,Plugged,Vertical,Plugged,https://wellwiki.org/wiki/47-001-01791,,"4621239"
34-073-61491,"61491","39.46707341","-82.33133922",OH,,, ,,,,OG_R,unknown,,Other / Unknown,https://wellwiki.org/wiki/34-073-61491,,"579346"
47-001-01804,001-01804,"37.0462224768942","-81",WV,"001",,"WILLIS, VIRGINIA I.",OPERATOR UNKNOWN,,,Not Available,Abandoned Well,Vertical,Orphaned / Abandoned / Unverified Plug,https://wellwiki.org/wiki/47-001-01804,,"4621240"
47-001-00535,001-00535,"39.02127417142872","-80.03483297658444",WV,"001",,"DAVIS, MAUD","ROSS AND WHARTON GAS COMPANY, INC.",,,House Gas,Abandoned Well,Vertical,Orphaned / Abandoned / Unverified Plug,https://wellwiki.org/wiki/47-001-00535,,"4621241"
47-001-00544,001-00544,"39.21257100483132","-80.15171191122506",WV,"001",,"QUEEN, NELLIE B.",DIVERSIFIED PRODUCTION LLC,,,Gas Production,Plugged,Vertical,Plugged,https://wellwiki.org/wiki/47-001-00544,,"4621242"
47-001-00561,001-00561,"39.187590433436014","-80.02532653566702",WV,"001",,U. S. STEEL,DIVERSIFIED PRODUCTION LLC,,,Brine Disposal,Abandoned Well,Vertical,Orphaned / Abandoned / Unverified Plug,https://wellwiki.org/wiki/47-001-00561,,"4621243"
47-001-00564,001-00564,"39.219986890146615","-80.13589487672746",WV,"001",,"LAW, ROSALTHA",DIVERSIFIED PRODUCTION LLC,,,Gas Production,Abandoned Well,Vertical,Orphaned / Abandoned / Unverified Plug,https://wellwiki.org/wiki/47-001-00564,,"4621244"
47-001-00574,001-00574,"39.21433977621938","-80.10862428130272",WV,"001",,"CORDER, LACO B.",DIVERSIFIED PRODUCTION LLC,,,Gas Production,Abandoned Well,Vertical,Orphaned / Abandoned / Unverified Plug,https://wellwiki.org/wiki/47-001-00574,,"4621245"
47-001-00579,001-00579,"39.077461306119815","-80.08236056495136",WV,"001",,"GOSS, ZEPPA","ROSS AND WHARTON GAS COMPANY, INC.",,,Gas Production,Abandoned Well,Vertical,Orphaned / Abandoned / Unverified Plug,https://wellwiki.org/wiki/47-001-00579,,"4621246"
47-001-00604,001-00604,"39.14665807630891","-80.19723113398501",WV,"001",,PAUGH TKE 2,"ROSS AND WHARTON GAS COMPANY, INC.",,,Gas Production,Abandoned Well,Vertical,Orphaned / Abandoned / Unverified Plug,https://wellwiki.org/wiki/47-001-00604,,"4621247"
47-103-01256,103-01256,"39.57891298038501","-80.7972968402906",WV,"103",,"TAYLOR, LURTY, BROOKOVER","BLUERIDGE GAS PARTNERS, LLC",,,Gas Production,Abandoned Well,Vertical,Orphaned / Abandoned / Unverified Plug,https://wellwiki.org/wiki/47-103-01256,,"4621248"
47-103-01257,103-01257,"39.58094513006817","-80.79954408283707",WV,"103",,"TAYLOR, LURTY, BROOKOVER","BLUERIDGE GAS PARTNERS, LLC",,,Gas Production,Abandoned Well,Vertical,Orphaned / Abandoned / Unverified Plug,https://wellwiki.org/wiki/47-103-01257,,"4621249"
47-001-02130,001-02130,"39.163204385142336","-79.94729995731925",WV,"001",,"STEMPLE, DONALD & ETHEL",ENERGY CORPORATION OF AMERICA,,,Not Available,Never Drilled,Vertical,Not Drilled,https://wellwiki.org/wiki/47-001-02130,,"4621250"
47-001-02161,001-02161,"39.206295510727436","-80.19138606148015",WV,"001",,"SMITH, HAROLD, ETAL",PETROLEUM DEVELOPMENT CORPORATION,,,Unknown,Never Drilled,Vertical,Not Drilled,https://wellwiki.org/wiki/47-001-02161,,"4621251"
47-001-02162,001-02162,"39.247629875511066","-79.91112869739806",WV,"001",,"MILLER, DALE & MABEL",ENERGY CORPORATION OF AMERICA,,,Not Available,Never Drilled,Vertical,Not Drilled,https://wellwiki.org/wiki/47-001-02162,,"4621252"
47-001-02171,001-02171,"39.05632487446677","-80.05161028067994",WV,"001",,"O'BRIEN, NANCY - HEIRS",ENERGY CORPORATION OF AMERICA,,,Not Available,Never Drilled,Vertical,Not Drilled,https://wellwiki.org/wiki/47-001-02171,,"4621253"
47-001-02172,001-02172,"39.19905483917163","-79.94202260601477",WV,"001",,"BALL, GEORGE & LILY",ENERGY CORPORATION OF AMERICA,,,Not Available,Never Drilled,Vertical,Not Drilled,https://wellwiki.org/wiki/47-001-02172,,"4621254"
47-001-02177,001-02177,"39.20224405418281","-79.94541643008452",WV,"001",,"BALL, GEORGE & LILY",ENERGY CORPORATION OF AMERICA,,,Not Available,Never Drilled,Vertical,Not Drilled,https://wellwiki.org/wiki/47-001-02177,,"4621255"
47-001-02178,001-02178,"39.25136667889842","-79.92132393320139",WV,"001",,"MILLER, DALE & MABEL",ENERGY CORPORATION OF AMERICA,,,Not Available,Never Drilled,Vertical,Not Drilled,https://wellwiki.org/wiki/47-001-02178,,"4621256"
47-001-02179,001-02179,"39.25422956126838","-79.913369106994",WV,"001",,"MILLER, DALE & MABEL",ENERGY CORPORATION OF AMERICA,,,Not Available,Never Drilled,Vertical,Not Drilled,https://wellwiki.org/wiki/47-001-02179,,"4621257"
47-001-02180,001-02180,"39.25511957365206","-79.91879363168778",WV,"001",,"MILLER, DALE & MABEL",ENERGY CORPORATION OF AMERICA,,,Not Available,Never Drilled,Vertical,Not Drilled,https://wellwiki.org/wiki/47-001-02180,,"4621258"
47-105-01106,105-01106,"38.99444297004103","-81.29447552355445",WV,"105",,"GIBSON, WARREN","EASTERN GAS TRANSMISSION AND STORAGE, INC",,,Not Available,Never Drilled,Vertical,Not Drilled,https://wellwiki.org/wiki/47-105-01106,,"4621259"
47-105-01131,105-01131,"39.12538077837827","-81.35422966847078",WV,"105",,"JONES, GARY",HUGHES RIVER OIL & GAS COMPANY,,,House Gas,Abandoned Well,Vertical,Orphaned / Abandoned / Unverified Plug,https://wellwiki.org/wiki/47-105-01131,,"4621260"
47-105-01132,105-01132,"39.13728156583173","-81.34528605977722",WV,"105",,"JONES, LONNIE R.",HUGHES RIVER OIL & GAS COMPANY,,,House Gas,Abandoned Well,Vertical,Orphaned / Abandoned / Unverified Plug,https://wellwiki.org/wiki/47-105-01132,,"4621261"
47-105-01169,105-01169,"39.03739317811833","-81.31680517840202",WV,"105",,WESTVACO CORPORATION,"PRIOR, FERRELL L",,,Not Available,Abandoned Well,Vertical,Orphaned / Abandoned / Unverified Plug,https://wellwiki.org/wiki/47-105-01169,,"4621262"
47-105-01175,105-01175,"39.00502750579328","-81.33354688694016",WV,"105",,"BURKE,PARSONS,BOWLBY CORP","MCFEE, AMY L.",,,Not Available,Abandoned Well,Vertical,Orphaned / Abandoned / Unverified Plug,https://wellwiki.org/wiki/47-105-01175,,"4621263"
47-105-01177,105-01177,"39.00647834177059","-81.29931994568067",WV,"105",,NATURAL STEAM ENERGY LLC,"PETRO HOLDINGS, INC.",,,Gas Production,Abandoned Well,Vertical,Orphaned / Abandoned / Unverified Plug,https://wellwiki.org/wiki/47-105-01177,,"4621264"
47-105-01203,105-01203,"39.08254181278462","-81.3221982839057",WV,"105",,"PEASE, JOHN & VICKIE","MOONLIGHT OIL AND GAS, LLC",,,House Gas,Abandoned Well,Vertical,Orphaned / Abandoned / Unverified Plug,https://wellwiki.org/wiki/47-105-01203,,"4621265"
47-105-01204,105-01204,"39.08502079389056","-81.32349990865042",WV,"105",,"PEASE, JOHN & VICKIE","MOONLIGHT OIL AND GAS, LLC",,,House Gas,Abandoned Well,Vertical,Orphaned / Abandoned / Unverified Plug,https://wellwiki.org/wiki/47-105-01204,,"4621266"
34-167-62323,"62323","39.49384898","-81.20707961",OH,,, ,,,,OG_R,unknown,,Other / Unknown,https://wellwiki.org/wiki/34-167-62323,,"579689"
47-105-01224,105-01224,"39.14395811229871","-81.33783166426525",WV,"105",,"JONES, GARY",HUGHES RIVER OIL & GAS COMPANY,,,Gas Production,Abandoned Well,Vertical,Orphaned / Abandoned / Unverified Plug,https://wellwiki.org/wiki/47-105-01224,,"4621267"
47-105-01228,105-01228,"39.15368243612218","-81.31945664468206",WV,"105",,WESTVACO,HUGHES RIVER OIL & GAS COMPANY,,,Gas Production,Abandoned Well,Vertical,Orphaned / Abandoned / Unverified Plug,https://wellwiki.org/wiki/47-105-01228,,"4621268"
47-105-01334,105-01334,"39.037866452434834","-81.19044246592557",WV,"105",,"MILLS, CLARENCE","EAST RESOURCES, INC.",,,Unknown,Never Drilled,Vertical,Not Drilled,https://wellwiki.org/wiki/47-105-01334,,"4621269"
47-107-00196,107-00196,"39.30516228710723","-81.41413049241959",WV,"107",,G. H. ROLSTON HEIRS,"BICKEL, W. H.",,,Unknown,Abandoned Well,Vertical,Orphaned / Abandoned / Unverified Plug,https://wellwiki.org/wiki/47-107-00196,,"4621270"
47-107-00198,107-00198,"39.14918242901124","-81.68496549044342",WV,"107",,"HOFFMAN, RAY","DALE, DAVID DBA DD OIL COMPANY",,,Not Available,Plugged,Vertical,Plugged,https://wellwiki.org/wiki/47-107-00198,,"4621271"
47-001-00542,001-00542,"39.070850747157074","-80.04983406325304",WV,"001",,"O'BRIEN, ESTHER E.",WV MINERAL GROUP LLC,,,Gas Production,Abandoned Well,Vertical,Orphaned / Abandoned / Unverified Plug,https://wellwiki.org/wiki/47-001-00542,,"4621272"
47-001-00546,001-00546,"39.008838966875146","-80.0422759110645",WV,"001",,"PHILLIPS, J. E.",BRAXTON OIL AND GAS CORP.,,,Gas Production,Abandoned Well,Vertical,Orphaned / Abandoned / Unverified Plug,https://wellwiki.org/wiki/47-001-00546,,"4621273"
47-001-00559,001-00559,"39.192450716999204","-80.01795965205707",WV,"001",,"PHILLIPS, L. DOW",WV MINERAL GROUP LLC,,,Gas Production,Abandoned Well,Vertical,Orphaned / Abandoned / Unverified Plug,https://wellwiki.org/wiki/47-001-00559,,"4621274"
47-001-00570,001-00570,"39.131693161899506","-80.0918349011289",WV,"001",,"GRUBBS, VIVIAN",WV MINERAL GROUP LLC,,,Gas Production,Abandoned Well,Vertical,Orphaned / Abandoned / Unverified Plug,https://wellwiki.org/wiki/47-001-00570,,"4621275"
47-001-00572,001-00572,"39.188661399533956","-80.10354370554411",WV,"001",,"PATSEY, D. H.",WV MINERAL GROUP LLC,,,Gas Production,Abandoned Well,Vertical,Orphaned / Abandoned / Unverified Plug,https://wellwiki.org/wiki/47-001-00572,,"4621276"
47-001-00576,001-00576,"39.14296130459156","-80.07806241025709",WV,"001",,"SHAW, W. RALSTON",WV MINERAL GROUP LLC,,,Gas Production,Abandoned Well,Vertical,Orphaned / Abandoned / Unverified Plug,https://wellwiki.org/wiki/47-001-00576,,"4621277"
47-001-02249,001-02249,"39.2390829543224","-80.13995268518066",WV,"001",,TYGART EAST CO.,ENERGY CORPORATION OF AMERICA,,,Unknown,Never Drilled,Vertical,Not Drilled,https://wellwiki.org/wiki/47-001-02249,,"4621278"
47-001-02252,001-02252,"39.034723575029105","-79.98457627775109",WV,"001",,"WARE, GENEVA K.",ENERGY CORPORATION OF AMERICA,,,Unknown,Never Drilled,Vertical,Not Drilled,https://wellwiki.org/wiki/47-001-02252,,"4621279"
47-001-02255,001-02255,"39.303091911422776","-79.90479555651208",WV,"001",,"BEYMER, JOE & GEORGIA",ENERGY CORPORATION OF AMERICA,,,Unknown,Never Drilled,Vertical,Not Drilled,https://wellwiki.org/wiki/47-001-02255,,"4621280"
47-105-00400,105-00400,"39.048830818417855","-81.2810824034653",WV,"105",,"EVANS, WESLEY, ET AL",OPERATOR UNKNOWN,,,Not Available,Plugged,Vertical,Plugged,https://wellwiki.org/wiki/47-105-00400,,"4621281"
47-105-00402,105-00402,"39.007093240365876","-81.42269365869755",WV,"105",,"DAGGETT, C.W.",OPERATOR UNKNOWN,,,Not Available,Plugged,Vertical,Plugged,https://wellwiki.org/wiki/47-105-00402,,"4621282"
47-105-00403,105-00403,"39.04778896954241","-81.2800197269623",WV,"105",,"LEEK, CORA",OPERATOR UNKNOWN,,,Not Available,Plugged,Vertical,Plugged,https://wellwiki.org/wiki/47-105-00403,,"4621283"
47-105-00404,105-00404,"39.04871332736559","-81.28010195988453",WV,"105",,"EVANS, WESLEY, ET AL",OPERATOR UNKNOWN,,,Not Available,Plugged,Vertical,Plugged,https://wellwiki.org/wiki/47-105-00404,,"4621284"
47-105-00407,105-00407,"39.072905846761046","-81.31836384716101",WV,"105",,"HALE, J. C.",OPERATOR UNKNOWN,,,Not Available,Abandoned Well,Vertical,Orphaned / Abandoned / Unverified Plug,https://wellwiki.org/wiki/47-105-00407,,"4621285"
47-105-00451,105-00451,"38.94086691008743","-81.47165840910877",WV,"105",,"ROGERS, C. E.",OPERATOR UNKNOWN,,,Not Available,Abandoned Well,Vertical,Orphaned / Abandoned / Unverified Plug,https://wellwiki.org/wiki/47-105-00451,,"4621286"
47-105-00460,105-00460,"39.07256394588109","-81.32080267419076",WV,"105",,"WILSON, SHERMAN",OPERATOR UNKNOWN,,,Not Available,Abandoned Well,Vertical,Orphaned / Abandoned / Unverified Plug,https://wellwiki.org/wiki/47-105-00460,,"4621287"
47-105-00461,105-00461,"39.06875263212405","-81.31435712548276",WV,"105",,ROBINSON PETROLEUM CO.,OPERATOR UNKNOWN,,,Not Available,Abandoned Well,Vertical,Orphaned / Abandoned / Unverified Plug,https://wellwiki.org/wiki/47-105-00461,,"4621288"
47-105-00462,105-00462,"38.9385139999331","-81.46831053684606",WV,"105",,"WILLIAMS, DAISY, ET AL",OPERATOR UNKNOWN,,,Not Available,Plugged,Vertical,Plugged,https://wellwiki.org/wiki/47-105-00462,,"4621289"
47-105-00463,105-00463,"38.93639352101659","-81.46900848681854",WV,"105",,"WILLIAMS, DAISY, ET AL",OPERATOR UNKNOWN,,,Not Available,Plugged,Vertical,Plugged,https://wellwiki.org/wiki/47-105-00463,,"4621290"
47-105-00724,105-00724,"38.99979182408933","-81.2219118200227",WV,"105",,WESTVACO,"STONESTREET, VANCE",,,Not Available,Plugged,Vertical,Plugged,https://wellwiki.org/wiki/47-105-00724,,"4621291"
47-105-00744,105-00744,"38.9391463075768","-81.52372706679479",WV,"105",,"HUTCHINSON, MARGARET","STONESTREET, VANCE",,,Not Available,Plugged,Vertical,Plugged,https://wellwiki.org/wiki/47-105-00744,,"4621292"
47-105-00750,105-00750,"38.98498634828861","-81.30182033687483",WV,"105",,"SCOTT, CARL","STONESTREET, VANCE",,,Not Available,Plugged,Vertical,Plugged,https://wellwiki.org/wiki/47-105-00750,,"4621293"
47-001-00615,001-00615,"39.004382247049215","-80.04912556124307",WV,"001",,"THACKER, VICTOR","ROSS AND WHARTON GAS COMPANY, INC.",,,Gas Production,Abandoned Well,Vertical,Orphaned / Abandoned / Unverified Plug,https://wellwiki.org/wiki/47-001-00615,,"4621294"
47-107-00368,107-00368,"39.24108976714574","-81.40792018617151",WV,"107",,"HARRIS, CURTIS & BETTY","EAST RESOURCES, INC.",,,Not Available,Plugged,Vertical,Plugged,https://wellwiki.org/wiki/47-107-00368,,"4621295"
47-107-00381,107-00381,"39.367837778412984","-81.42064842701876",WV,"107",,"REED, C. S.","LOVE, C. E.",,,Not Available,Plugged,Vertical,Plugged,https://wellwiki.org/wiki/47-107-00381,,"4621297"
47-107-00383,107-00383,"39.362846375357215","-81.42347867147194",WV,"107",,"COMPTON, JOHN S.","LOVE, C. E.",,,Not Available,Plugged,Vertical,Plugged,https://wellwiki.org/wiki/47-107-00383,,"4621298"
47-107-00414,107-00414,"39.36345935567267","-81.42365765408748",WV,"107",,"COMPTON, S. V.","LOVE, C. E.",,,Not Available,Plugged,Vertical,Plugged,https://wellwiki.org/wiki/47-107-00414,,"4621299"
47-107-00421,107-00421,"39.103369555344024","-81.70636261961576",WV,"107",,"SMITH, NELSON L.","BASE PETROLEUM, INC.",,,Not Available,Abandoned Well,Vertical,Orphaned / Abandoned / Unverified Plug,https://wellwiki.org/wiki/47-107-00421,,"4621300"
47-107-00423,107-00423,"39.36237085618467","-81.42365804272366",WV,"107",,"COMPTON, JOHN S.","LOVE, C. E.",,,Not Available,Plugged,Vertical,Plugged,https://wellwiki.org/wiki/47-107-00423,,"4621301"
47-107-00450,107-00450,"39.26146846269475","-81.37979754645974",WV,"107",,"LOWTHER, AMMON","EVANS, ROBERT P.",,,Oil Production,Abandoned Well,Vertical,Orphaned / Abandoned / Unverified Plug,https://wellwiki.org/wiki/47-107-00450,,"4621302"
47-107-00454,107-00454,"39.37337191398236","-81.43081685314974",WV,"107",,"DYE, AWARD","LOVE, C. E.",,,Not Available,Plugged,Vertical,Plugged,https://wellwiki.org/wiki/47-107-00454,,"4621303"
47-107-00464,107-00464,"39.36049012225239","-81.429853217048",WV,"107",,"COMPTON, BEVERLY A.","LOVE, C. E.",,,Not Available,Plugged,Vertical,Plugged,https://wellwiki.org/wiki/47-107-00464,,"4621304"
47-107-00466,107-00466,"37.0462224768942","-81",WV,"107",,"MORRIS, FRED",DRILCO OIL PRODUCERS,,,Unknown,Never Drilled,Vertical,Not Drilled,https://wellwiki.org/wiki/47-107-00466,,"4621305"
47-107-00480,107-00480,"37.0462224768942","-81",WV,"107",,"ATHEY, H. O. -180 ACRES","LOVE, C. E.",,,Not Available,Plugged,Vertical,Plugged,https://wellwiki.org/wiki/47-107-00480,,"4621306"
47-107-00485,107-00485,"39.36100817234315","-81.4279156023501",WV,"107",,"ATHEY, H. O.","LOVE, C. E.",,,Not Available,Plugged,Vertical,Plugged,https://wellwiki.org/wiki/47-107-00485,,"4621307"
47-107-00489,107-00489,"39.37535998429809","-81.43340416371231",WV,"107",,"ATHEY, H. O.","LOVE, C. E.",,,Not Available,Plugged,Vertical,Plugged,https://wellwiki.org/wiki/47-107-00489,,"4621308"
47-107-00494,107-00494,"39.14779748040917","-81.68551020189767",WV,"107",,"HALL, MARION & F. MORRIS","DALE, DAVID DBA DD OIL COMPANY",,,Oil Production,Abandoned Well,Vertical,Orphaned / Abandoned / Unverified Plug,https://wellwiki.org/wiki/47-107-00494,,"4621309"
47-107-00545,107-00545,"39.328539838630135","-81.53720188781445",WV,"107",,"ROMINE, JOHN & KATHRYN",DRILCO OIL PRODUCERS,,,Not Available,Plugged,Vertical,Plugged,https://wellwiki.org/wiki/47-107-00545,,"4621310"
47-107-00604,107-00604,"39.31801837909574","-81.35065874012295",WV,"107",,"ELLIOTT, W. J.","MOUNTAINEER GAS TRANSMISSION, INC.",,,Gas Production,Abandoned Well,Vertical,Orphaned / Abandoned / Unverified Plug,https://wellwiki.org/wiki/47-107-00604,,"4621311"
47-107-00605,107-00605,"39.17645717779176","-81.71579239245213",WV,"107",,"RHODES, GEORGE D.",PILOT OIL & GAS CORPORATION,,,Not Available,Plugged,Vertical,Plugged,https://wellwiki.org/wiki/47-107-00605,,"4621312"
47-107-00606,107-00606,"39.34507763608233","-81.41685638991433",WV,"107",,"PERKINS, EDNA","LOVE, C. E.",,,Unknown,Plugged,Vertical,Plugged,https://wellwiki.org/wiki/47-107-00606,,"4621313"
47-107-00660,107-00660,"39.184424418431725","-81.44314770533501",WV,"107",,"NEAL, GEORGE B.","EAST RESOURCES, INC.",,,Unknown,Plugged,Vertical,Plugged,https://wellwiki.org/wiki/47-107-00660,,"4621314"
47-107-00719,107-00719,"39.257338105333126","-81.37077292185822",WV,"107",,"MARSHALL, LOUISE, ETAL","EAST RESOURCES, INC.",,,Not Available,Plugged,Vertical,Plugged,https://wellwiki.org/wiki/47-107-00719,,"4621315"
47-001-00631,001-00631,"39.23372415867873","-80.13861256713886",WV,"001",,"POST, LILLIAN W.",WV MINERAL GROUP LLC,,,Gas Production,Abandoned Well,Vertical,Orphaned / Abandoned / Unverified Plug,https://wellwiki.org/wiki/47-001-00631,,"4621316"
47-001-00669,001-00669,"39.23705183201184","-80.12591198508031",WV,"001",,"POST, LILLIAN W.",WV MINERAL GROUP LLC,,,Gas Production,Abandoned Well,Vertical,Orphaned / Abandoned / Unverified Plug,https://wellwiki.org/wiki/47-001-00669,,"4621317"
47-105-00468,105-00468,"38.95220697577283","-81.51388327019721",WV,"105",,"BUMGARDNER, BASIL",CAMDEN OIL CO,,,Not Available,Plugged,Vertical,Plugged,https://wellwiki.org/wiki/47-105-00468,,"4621318"
47-105-00470,105-00470,"38.94556783507301","-81.27855550647858",WV,"105",,"WRIGHT, I. S.",OPERATOR UNKNOWN,,,Not Available,Abandoned Well,Vertical,Orphaned / Abandoned / Unverified Plug,https://wellwiki.org/wiki/47-105-00470,,"4621319"
47-105-00472,105-00472,"38.982664831459836","-81.52008512065748",WV,"105",,"FULL, CECIL",OPERATOR UNKNOWN,,,Not Available,Plugged,Vertical,Plugged,https://wellwiki.org/wiki/47-105-00472,,"4621320"
47-105-00475,105-00475,"38.95223029489421","-81.51717250638251",WV,"105",,"BUMGARDNER, BASIL",CAMDEN OIL CO,,,Not Available,Plugged,Vertical,Plugged,https://wellwiki.org/wiki/47-105-00475,,"4621321"
47-105-00480,105-00480,"38.94103403742469","-81.466396674036",WV,"105",,"THORNE, DOVIE",OPERATOR UNKNOWN,,,Not Available,Plugged,Vertical,Plugged,https://wellwiki.org/wiki/47-105-00480,,"4621322"
47-105-00481,105-00481,"38.95441779141584","-81.51093436734038",WV,"105",,"BUMGARDNER, BASIL",CAMDEN OIL CO,,,Not Available,Plugged,Vertical,Plugged,https://wellwiki.org/wiki/47-105-00481,,"4621323"
47-105-00486,105-00486,"38.975397940423285","-81.52012316291649",WV,"105",,"WILCOX, L. L.","TOF, INC.",,,Oil Production,Abandoned Well,Vertical,Orphaned / Abandoned / Unverified Plug,https://wellwiki.org/wiki/47-105-00486,,"4621324"
47-105-00491,105-00491,"38.95246702101388","-81.5108915090839",WV,"105",,"YOUNG, J.P., ET AL",OPERATOR UNKNOWN,,,Not Available,Plugged,Vertical,Plugged,https://wellwiki.org/wiki/47-105-00491,,"4621325"
47-105-00502,105-00502,"38.955761154156676","-81.28579828898584",WV,"105",,"KING, ROY C.",OPERATOR UNKNOWN,,,Not Available,Abandoned Well,Vertical,Orphaned / Abandoned / Unverified Plug,https://wellwiki.org/wiki/47-105-00502,,"4621326"
47-105-00503,105-00503,"39.07019623952699","-81.3140190461787",WV,"105",,"VANDEVENDER, C. A.",OPERATOR UNKNOWN,,,Not Available,Abandoned Well,Vertical,Orphaned / Abandoned / Unverified Plug,https://wellwiki.org/wiki/47-105-00503,,"4621327"
47-105-00504,105-00504,"38.95019251251765","-81.51336556859134",WV,"105",,"FULL, LEWIS H.",OPERATOR UNKNOWN,,,Not Available,Plugged,Vertical,Plugged,https://wellwiki.org/wiki/47-105-00504,,"4621328"
47-105-00511,105-00511,"39.05856444073556","-81.31738635583791",WV,"105",,"WELCH, N. M.",OPERATOR UNKNOWN,,,Not Available,Abandoned Well,Vertical,Orphaned / Abandoned / Unverified Plug,https://wellwiki.org/wiki/47-105-00511,,"4621329"
47-105-00518,105-00518,"39.02229859989636","-81.19297726365058",WV,"105",,WV PULP & PAPER,OPERATOR UNKNOWN,,,Not Available,Abandoned Well,Vertical,Orphaned / Abandoned / Unverified Plug,https://wellwiki.org/wiki/47-105-00518,,"4621330"
47-105-00519,105-00519,"39.01603588901046","-81.19397095664159",WV,"105",,WV PULP & PAPER,OPERATOR UNKNOWN,,,Not Available,Abandoned Well,Vertical,Orphaned / Abandoned / Unverified Plug,https://wellwiki.org/wiki/47-105-00519,,"4621331"
47-105-00525,105-00525,"39.0159250503129","-81.19719569847457",WV,"105",,"RICHTER, M. - HEIRS",OPERATOR UNKNOWN,,,Not Available,Abandoned Well,Vertical,Orphaned / Abandoned / Unverified Plug,https://wellwiki.org/wiki/47-105-00525,,"4621332"
47-105-00541,105-00541,"38.98488014889647","-81.50085086691332",WV,"105",,"ANDRICK, RUTH, ET AL",OPERATOR UNKNOWN,,,Not Available,Plugged,Vertical,Plugged,https://wellwiki.org/wiki/47-105-00541,,"4621333"
47-105-00560,105-00560,"37.0462224768942","-81",WV,"105",,"RIGHTER, JAMES A.",OPERATOR UNKNOWN,,,Not Available,Never Drilled,Vertical,Not Drilled,https://wellwiki.org/wiki/47-105-00560,,"4621334"
47-105-00565,105-00565,"37.0462224768942","-81",WV,"105",,WV PULP & PAPER CO.,COOPERATIVE OIL INVESTMENTS INC,,,Unknown,Never Drilled,Vertical,Not Drilled,https://wellwiki.org/wiki/47-105-00565,,"4621335"
47-105-00572,105-00572,"38.9722650196595","-81.31862886151805",WV,"105",,"ROBERTS, G. W., ETAL",OPERATOR UNKNOWN,,,Not Available,Abandoned Well,Vertical,Orphaned / Abandoned / Unverified Plug,https://wellwiki.org/wiki/47-105-00572,,"4621336"
47-105-00573,105-00573,"39.05418057954199","-81.31297833694882",WV,"105",,"WELCH, N. M.",OPERATOR UNKNOWN,,,Not Available,Abandoned Well,Vertical,Orphaned / Abandoned / Unverified Plug,https://wellwiki.org/wiki/47-105-00573,,"4621337"
47-001-02075,001-02075,"39.229925113034824","-79.88057171492937",WV,"001",,"HARDIN, THOMAS H.",SWIFT ENERGY COMPANY,,,Not Available,Plugged,Vertical,Plugged,https://wellwiki.org/wiki/47-001-02075,,"4621338"
47-001-02079,001-02079,"39.22411957211335","-79.88019940410602",WV,"001",,"NESTOR, CARL F.","NESTOR, WESLEY",,,Not Available,Plugged,Vertical,Plugged,https://wellwiki.org/wiki/47-001-02079,,"4621339"
47-001-02084,001-02084,"39.23612292653217","-79.92430796939801",WV,"001",,"NEWLON, DONALD",SWIFT ENERGY COMPANY,,,Not Available,Never Drilled,Vertical,Not Drilled,https://wellwiki.org/wiki/47-001-02084,,"4621340"
47-001-02099,001-02099,"39.22687627283144","-79.93342159640441",WV,"001",,"WOLFE, LINDSEY","GREYLOCK CONVENTIONAL, LLC",,,Gas Production,Abandoned Well,Vertical,Orphaned / Abandoned / Unverified Plug,https://wellwiki.org/wiki/47-001-02099,,"4621341"
47-001-02109,001-02109,"39.13193495553175","-79.88429766649821",WV,"001",,"HYMES, DELLA & JOHN","ROSS AND WHARTON GAS COMPANY, INC.",,,House Gas,Abandoned Well,Vertical,Orphaned / Abandoned / Unverified Plug,https://wellwiki.org/wiki/47-001-02109,,"4621342"
47-001-02120,001-02120,"39.21151131705014","-79.90644426992345",WV,"001",,"BONER, JOHN A.",SWIFT ENERGY COMPANY,,,Not Available,Never Drilled,Vertical,Not Drilled,https://wellwiki.org/wiki/47-001-02120,,"4621343"
47-001-02125,001-02125,"39.133531418909335","-79.90498353446684",WV,"001",,"REXROAD, VORLEY & RUTH","GREYLOCK CONVENTIONAL, LLC",,,Gas Production,Abandoned Well,Vertical,Orphaned / Abandoned / Unverified Plug,https://wellwiki.org/wiki/47-001-02125,,"4621344"
47-001-02147,001-02147,"39.23108535552928","-79.90796641461665",WV,"001",,"FREEMAN, JUNIOR & DELPHIA","GREYLOCK CONVENTIONAL, LLC",,,Gas Production,Abandoned Well,Vertical,Orphaned / Abandoned / Unverified Plug,https://wellwiki.org/wiki/47-001-02147,,"4621345"
47-107-00829,107-00829,"39.232861627330486","-81.4280771175453",WV,"107",,"BOOTH, JOHN C. JR.","PETRO HOLDINGS, INC.",,,Unknown,Plugged,Vertical,Plugged,https://wellwiki.org/wiki/47-107-00829,,"4621346"
47-107-00830,107-00830,"39.299010594867795","-81.38958786746515",WV,"107",,"TAYLOR, ROGER L.","EAST RESOURCES, INC.",,,Not Available,Plugged,Vertical,Plugged,https://wellwiki.org/wiki/47-107-00830,,"4621347"
47-107-00838,107-00838,"39.2926246093754","-81.35165224829163",WV,"107",,"WILLIAMSON, W. S.","EAST RESOURCES, INC.",,,Not Available,Plugged,Vertical,Plugged,https://wellwiki.org/wiki/47-107-00838,,"4621348"
47-107-00839,107-00839,"39.281872150865375","-81.42826849312053",WV,"107",,"BUNNER, WILLIAM & MILDRED","EAST RESOURCES, INC.",,,Not Available,Plugged,Vertical,Plugged,https://wellwiki.org/wiki/47-107-00839,,"4621349"
47-107-00881,107-00881,"39.34643206671455","-81.41943382483494",WV,"107",,"HALL, DON",SALVAGE OIL & GAS CORP.,,,Unknown,Plugged,Vertical,Plugged,https://wellwiki.org/wiki/47-107-00881,,"4621350"
47-107-00935,107-00935,"39.3351136479934","-81.39352095341503",WV,"107",,"CORBITT, C. G. - HEIRS","MOUNTAINEER GAS TRANSMISSION, INC.",,,Unknown,Abandoned Well,Vertical,Orphaned / Abandoned / Unverified Plug,https://wellwiki.org/wiki/47-107-00935,,"4621351"
47-107-00949,107-00949,"39.34030285616007","-81.3854746984615",WV,"107",,"CORBITT, C. G. - HEIRS","MOUNTAINEER GAS TRANSMISSION, INC.",,,Unknown,Abandoned Well,Vertical,Orphaned / Abandoned / Unverified Plug,https://wellwiki.org/wiki/47-107-00949,,"4621352"
47-107-00989,107-00989,"39.33617717604082","-81.38454812782284",WV,"107",,"SHARP, JAMES P.","MOUNTAINEER GAS TRANSMISSION, INC.",,,Unknown,Abandoned Well,Vertical,Orphaned / Abandoned / Unverified Plug,https://wellwiki.org/wiki/47-107-00989,,"4621353"
47-103-01037,103-01037,"39.5168079564614","-80.53517095003797",WV,"103",,"BAKER, MICHAEL","WEST VIRGINIA LAND RESOURCES, INC.",,,Not Available,Plugged,Vertical,Plugged,https://wellwiki.org/wiki/47-103-01037,,"4621354"
47-103-01038,103-01038,"39.50546568992628","-80.54316763428216",WV,"103",,"EAST RESOURCES, INC.","EAST RESOURCES, INC.",,,Unknown,Plugged,Vertical,Plugged,https://wellwiki.org/wiki/47-103-01038,,"4621355"
47-103-01039,103-01039,"39.50379338479252","-80.5449488685266",WV,"103",,"EAST RESOURCES, INC.","EAST RESOURCES, INC.",,,Unknown,Plugged,Vertical,Plugged,https://wellwiki.org/wiki/47-103-01039,,"4621356"
47-103-01040,103-01040,"39.50338833278281","-80.5497088036106",WV,"103",,"MORGAN, I. D.","EAST RESOURCES, INC.",,,Not Available,Plugged,Vertical,Plugged,https://wellwiki.org/wiki/47-103-01040,,"4621357"
47-103-01041,103-01041,"39.507943623009766","-80.5157929591392",WV,"103",,"MORGAN, I. D.","WEST VIRGINIA LAND RESOURCES, INC.",,,Unknown,Abandoned Well,Vertical,Orphaned / Abandoned / Unverified Plug,https://wellwiki.org/wiki/47-103-01041,,"4621358"
47-103-01042,103-01042,"39.50924024487573","-80.51536287346683",WV,"103",,"ENSMINGER, WALTER","EAST RESOURCES, INC.",,,Unknown,Plugged,Vertical,Plugged,https://wellwiki.org/wiki/47-103-01042,,"4621359"
47-103-01043,103-01043,"39.50539653021488","-80.51648526753242",WV,"103",,"MORGAN, I. D.","WEST VIRGINIA LAND RESOURCES, INC.",,,Unknown,Plugged,Vertical,Plugged,https://wellwiki.org/wiki/47-103-01043,,"4621360"
47-103-01048,103-01048,"39.459153500817386","-80.63304883801727",WV,"103",,"MORGAN, I. D.","EAST RESOURCES, INC.",,,Not Available,Plugged,Vertical,Plugged,https://wellwiki.org/wiki/47-103-01048,,"4621361"
47-103-01051,103-01051,"39.47990825005849","-80.67153681327433",WV,"103",,WV PUBLIC LAND CORP.,"EAST RESOURCES, INC.",,,Not Available,Plugged,Vertical,Plugged,https://wellwiki.org/wiki/47-103-01051,,"4621362"
47-103-01054,103-01054,"39.480197391772215","-80.67827004920632",WV,"103",,WV PUBLIC LANDS CORPORATION,"EAST RESOURCES, INC.",,,Unknown,Plugged,Vertical,Plugged,https://wellwiki.org/wiki/47-103-01054,,"4621363"
47-103-01055,103-01055,"39.47702311066021","-80.6762134596395",WV,"103",,"PENNICK, C. C.","EAST RESOURCES, INC.",,,Unknown,Never Drilled,Vertical,Not Drilled,https://wellwiki.org/wiki/47-103-01055,,"4621364"
47-103-01058,103-01058,"39.47835207795713","-80.66655075745103",WV,"103",,"PENNICK, C. C.","EAST RESOURCES, INC.",,,Unknown,Plugged,Vertical,Plugged,https://wellwiki.org/wiki/47-103-01058,,"4621365"
47-103-01059,103-01059,"39.48019743456931","-80.69603673572809",WV,"103",,WV PUBLIC LANDS,"EAST RESOURCES, INC.",,,Unknown,Plugged,Vertical,Plugged,https://wellwiki.org/wiki/47-103-01059,,"4621366"
47-103-01060,103-01060,"39.51243179541172","-80.5471027399491",WV,"103",,"PETERSON, B. W.","EAST RESOURCES, INC.",,,Gas Production,Plugged,Vertical,Plugged,https://wellwiki.org/wiki/47-103-01060,,"4621367"
47-001-00751,001-00751,"39.182768574171774","-80.14297686235052",WV,"001",,"KELLEY, CARL",BRAXTON OIL AND GAS CORP.,,,Gas Production,Abandoned Well,Vertical,Orphaned / Abandoned / Unverified Plug,https://wellwiki.org/wiki/47-001-00751,,"4621368"
47-001-00754,001-00754,"39.1142638146954","-80.09537603225662",WV,"001",,"KENNEDY, OLAF",BRAXTON OIL AND GAS CORP.,,,Gas Production,Abandoned Well,Vertical,Orphaned / Abandoned / Unverified Plug,https://wellwiki.org/wiki/47-001-00754,,"4621369"
47-001-00760,001-00760,"39.13101116507641","-80.05914478232874",WV,"001",,"CHESSER, LUCILLE C.",WV MINERAL GROUP LLC,,,Gas Production,Abandoned Well,Vertical,Orphaned / Abandoned / Unverified Plug,https://wellwiki.org/wiki/47-001-00760,,"4621370"
47-105-00574,105-00574,"37.0462224768942","-81",WV,"105",,"BLAIR, C.O.",OPERATOR UNKNOWN,,,Not Available,Never Drilled,Vertical,Not Drilled,https://wellwiki.org/wiki/47-105-00574,,"4621371"
47-105-00577,105-00577,"38.995799646720045","-81.3541243222831",WV,"105",,WV PULP & PAPER CO.,COOPERATIVE OIL INVESTMENTS INC,,,Unknown,Plugged,Vertical,Plugged,https://wellwiki.org/wiki/47-105-00577,,"4621372"
47-105-00590,105-00590,"38.973455103851016","-81.44066052024459",WV,"105",,WEST VIRGINIA CO.,OPERATOR UNKNOWN,,,Not Available,Plugged,Vertical,Plugged,https://wellwiki.org/wiki/47-105-00590,,"4621373"
47-105-00636,105-00636,"38.97661418334374","-81.26882607506447",WV,"105",,"BOYCE, JEWEL",OPERATOR UNKNOWN,,,Not Available,Plugged,Vertical,Plugged,https://wellwiki.org/wiki/47-105-00636,,"4621374"
47-105-00637,105-00637,"38.99819429689274","-81.26060922872918",WV,"105",,"PARSONS, PERRY","TOF, INC.",,,Gas Production,Abandoned Well,Vertical,Orphaned / Abandoned / Unverified Plug,https://wellwiki.org/wiki/47-105-00637,,"4621375"
47-001-02159,001-02159,"39.12394930198369","-79.89209049232262",WV,"001",,"MARTIN, CHARLES A.,  ETAL","MERRICO RESOURCES, INC.",,,Not Available,Never Drilled,Vertical,Not Drilled,https://wellwiki.org/wiki/47-001-02159,,"4621376"
47-001-02160,001-02160,"39.12809318564468","-79.89445237186642",WV,"001",,"PHILLIPS, CARL,  ETUX","MERRICO RESOURCES, INC.",,,Not Available,Never Drilled,Vertical,Not Drilled,https://wellwiki.org/wiki/47-001-02160,,"4621377"
47-001-02164,001-02164,"39.242406418363544","-79.91888722650694",WV,"001",,"MILLER, DALE & MABLE","GREYLOCK CONVENTIONAL, LLC",,,Gas Production,Abandoned Well,Vertical,Orphaned / Abandoned / Unverified Plug,https://wellwiki.org/wiki/47-001-02164,,"4621378"
47-001-02174,001-02174,"39.24588933157434","-79.92261383730029",WV,"001",,"MILLER, DALE & MABLE","GREYLOCK CONVENTIONAL, LLC",,,Gas Production,Abandoned Well,Vertical,Orphaned / Abandoned / Unverified Plug,https://wellwiki.org/wiki/47-001-02174,,"4621379"
47-107-00201,107-00201,"39.307665447708615","-81.39442383096645",WV,"107",,"WILLIS, FRANK","LAMAR OIL & GAS CO., INC.",,,Not Available,Plugged,Vertical,Plugged,https://wellwiki.org/wiki/47-107-00201,,"4621380"
47-107-00207,107-00207,"39.305984534531355","-81.395070871312",WV,"107",,"FOX, JIM","LAMAR OIL & GAS CO., INC.",,,Not Available,Plugged,Vertical,Plugged,https://wellwiki.org/wiki/47-107-00207,,"4621381"
47-107-00243,107-00243,"39.3044832551472","-81.3958882272215",WV,"107",,"WILLIS, FRANK","LAMAR OIL & GAS CO., INC.",,,Not Available,Plugged,Vertical,Plugged,https://wellwiki.org/wiki/47-107-00243,,"4621382"
47-107-00258,107-00258,"39.22847514592029","-81.67812470652682",WV,"107",,"KIRK, GEORGE","HYDROCARBON EXPLORATION, INC.",,,Not Available,Plugged,Vertical,Plugged,https://wellwiki.org/wiki/47-107-00258,,"4621383"
47-107-00259,107-00259,"39.22825725113794","-81.67763126433874",WV,"107",,"KIRK, GEORGE","HYDROCARBON EXPLORATION, INC.",,,Not Available,Plugged,Vertical,Plugged,https://wellwiki.org/wiki/47-107-00259,,"4621384"
47-107-00536,107-00536,"39.3079846343852","-81.55785176371052",WV,"107",,"DILS, SHERMAN III","DILS, SHERMAN III DBA DILS OIL & GAS",,,Not Available,Plugged,Vertical,Plugged,https://wellwiki.org/wiki/47-107-00536,,"4621385"
47-107-00539,107-00539,"39.28881948422214","-81.5591792745033",WV,"107",,PARKERSBURG STEEL CO.,PARKERSBURG STEEL COMPANY,,,Gas Production,Plugged,Vertical,Plugged,https://wellwiki.org/wiki/47-107-00539,,"4621386"
47-105-00849,105-00849,"37.0462224768942","-81",WV,"105",,"O'BRIEN, DENNIS",BOW VALLEY/RAY RES,,,Unknown,Abandoned Well,Vertical,Orphaned / Abandoned / Unverified Plug,https://wellwiki.org/wiki/47-105-00849,,"4621387"
47-105-00857,105-00857,"38.936199067430266","-81.2859505155418",WV,"105",,"NEWMAN, R. B.",OPERATOR UNKNOWN,,,Not Available,Abandoned Well,Vertical,Orphaned / Abandoned / Unverified Plug,https://wellwiki.org/wiki/47-105-00857,,"4621388"
47-105-00879,105-00879,"39.06955128360398","-81.45095685370717",WV,"105",,"TUELL, FRANCIS M.",OPERATOR UNKNOWN,,,Not Available,Never Drilled,Vertical,Not Drilled,https://wellwiki.org/wiki/47-105-00879,,"4621389"
47-103-01119,103-01119,"39.66486271213397","-80.52795614230276",WV,"103",,"BOOTH, JOHN C.","EAST RESOURCES, INC.",,,Unknown,Plugged,Vertical,Plugged,https://wellwiki.org/wiki/47-103-01119,,"4621390"
47-103-01120,103-01120,"39.66864879712294","-80.52551698610866",WV,"103",,"JOLLIFF, WILLIAM & PATTY","EAST RESOURCES, INC.",,,Unknown,Plugged,Vertical,Plugged,https://wellwiki.org/wiki/47-103-01120,,"4621391"
47-103-01124,103-01124,"39.475995192336335","-80.50702920949443",WV,"103",,"STARKEY, MARY S.","EAST RESOURCES, INC.",,,Unknown,Plugged,Vertical,Plugged,https://wellwiki.org/wiki/47-103-01124,,"4621392"
47-103-01136,103-01136,"39.670825537892085","-80.52570380066365",WV,"103",,"MINOR, ELLSWORTH & SUSAN","EAST RESOURCES, INC.",,,Unknown,Plugged,Vertical,Plugged,https://wellwiki.org/wiki/47-103-01136,,"4621393"
47-103-01137,103-01137,"39.504737323433076","-80.70039751540408",WV,"103",,"FLUHARTY, FRANCIS","EAST RESOURCES, INC.",,,Unknown,Plugged,Vertical,Plugged,https://wellwiki.org/wiki/47-103-01137,,"4621394"
47-103-01150,103-01150,"39.51254712265241","-80.54456372145783",WV,"103",,"FLUHARTY, ELVA VIRGINIA","EAST RESOURCES, INC.",,,Not Available,Plugged,Vertical,Plugged,https://wellwiki.org/wiki/47-103-01150,,"4621395"
47-103-01162,103-01162,"39.51228447836865","-80.68971879825182",WV,"103",,COASTAL LUMBER CO.,"EAST RESOURCES, INC.",,,Not Available,Plugged,Vertical,Plugged,https://wellwiki.org/wiki/47-103-01162,,"4621396"
47-103-01169,103-01169,"39.68157925446157","-80.52244595515585",WV,"103",,"BRITTON, GOLDIE","EAST RESOURCES, INC.",,,Unknown,Plugged,Vertical,Plugged,https://wellwiki.org/wiki/47-103-01169,,"4621397"
47-103-01170,103-01170,"39.505435092312545","-80.53476983495766",WV,"103",,"SOUTHERN COUNTRY FARMS, INC.","WEST VIRGINIA LAND RESOURCES, INC.",,,Fluid Injection,Plugged,Vertical,Plugged,https://wellwiki.org/wiki/47-103-01170,,"4621398"
47-107-00928,107-00928,"39.30713826148893","-81.37536072202752",WV,"107",,"HUGGINS, MINNIE V.","HEINRICH ENTERPRISES, INC.",,,Unknown,Abandoned Well,Vertical,Orphaned / Abandoned / Unverified Plug,https://wellwiki.org/wiki/47-107-00928,,"4621399"
47-001-00769,001-00769,"39.10410709879837","-80.11397074096762",WV,"001",,"WHITE, VIRGIL",WV MINERAL GROUP LLC,,,Gas Production,Abandoned Well,Vertical,Orphaned / Abandoned / Unverified Plug,https://wellwiki.org/wiki/47-001-00769,,"4621400"
47-001-00771,001-00771,"39.199461226188085","-80.04013750687778",WV,"001",,"McBEE, J. L.",WV MINERAL GROUP LLC,,,Gas Production,Abandoned Well,Vertical,Orphaned / Abandoned / Unverified Plug,https://wellwiki.org/wiki/47-001-00771,,"4621401"
47-001-00778,001-00778,"39.233260055950645","-80.0022234615366",WV,"001",,"MARTENY, RICHARD",WV MINERAL GROUP LLC,,,Gas Production,Abandoned Well,Vertical,Orphaned / Abandoned / Unverified Plug,https://wellwiki.org/wiki/47-001-00778,,"4621402"
47-001-00787,001-00787,"39.24068425493186","-80.00668258325611",WV,"001",,"WILLIAMSON, DONALD L.",WV MINERAL GROUP LLC,,,Gas Production,Abandoned Well,Vertical,Orphaned / Abandoned / Unverified Plug,https://wellwiki.org/wiki/47-001-00787,,"4621403"
47-001-00808,001-00808,"39.064010649409326","-80.01766246474459",WV,"001",,"SHOCKEY, LENARD",UNITED OPERATING COMPANY,,,Not Available,Plugged,Vertical,Plugged,https://wellwiki.org/wiki/47-001-00808,,"4621404"
47-001-00811,001-00811,"39.19943249566241","-80.00619144374205",WV,"001",,"TALBOTT, M. L.",WV MINERAL GROUP LLC,,,Gas Production,Abandoned Well,Vertical,Orphaned / Abandoned / Unverified Plug,https://wellwiki.org/wiki/47-001-00811,,"4621405"
47-001-00816,001-00816,"39.17358889459788","-80.0905136213386",WV,"001",,"WOODFORD, J. E.",WV MINERAL GROUP LLC,,,Gas Production,Abandoned Well,Vertical,Orphaned / Abandoned / Unverified Plug,https://wellwiki.org/wiki/47-001-00816,,"4621406"
47-001-00824,001-00824,"39.14100575476861","-80.06278740968075",WV,"001",,"DAYTON, R. W.",MULE HEAD LLC,,,Gas Production,Abandoned Well,Vertical,Orphaned / Abandoned / Unverified Plug,https://wellwiki.org/wiki/47-001-00824,,"4621407"
47-001-00825,001-00825,"39.09511528497409","-80.17490937578272",WV,"001",,"WARD, I. S.",BANNON ENERGY INCORPORATED,,,Not Available,Plugged,Vertical,Plugged,https://wellwiki.org/wiki/47-001-00825,,"4621408"
47-001-00829,001-00829,"39.22513416852433","-79.96130142394654",WV,"001",,"POE, IDA L.",WV MINERAL GROUP LLC,,,Gas Production,Abandoned Well,Vertical,Orphaned / Abandoned / Unverified Plug,https://wellwiki.org/wiki/47-001-00829,,"4621409"
47-001-00840,001-00840,"39.12910110062689","-80.06881426682281",WV,"001",,"DAYTON, PHILLIPS",WV MINERAL GROUP LLC,,,Gas Production,Abandoned Well,Vertical,Orphaned / Abandoned / Unverified Plug,https://wellwiki.org/wiki/47-001-00840,,"4621410"
47-001-00850,001-00850,"39.12930843448096","-80.07363069446498",WV,"001",,"HALLER, B. S.",BRAXTON OIL AND GAS CORP.,,,Gas Production,Abandoned Well,Vertical,Orphaned / Abandoned / Unverified Plug,https://wellwiki.org/wiki/47-001-00850,,"4621411"
47-001-00851,001-00851,"39.141743682179765","-80.20303443717695",WV,"001",,"WARD, A. M.",WV MINERAL GROUP LLC,,,Gas Production,Abandoned Well,Vertical,Orphaned / Abandoned / Unverified Plug,https://wellwiki.org/wiki/47-001-00851,,"4621412"
47-001-00852,001-00852,"39.233467006474946","-80.02862332548551",WV,"001",,"WEAVER, E. M.",WV MINERAL GROUP LLC,,,Gas Production,Abandoned Well,Vertical,Orphaned / Abandoned / Unverified Plug,https://wellwiki.org/wiki/47-001-00852,,"4621413"
47-001-00862,001-00862,"39.211781149135994","-80.01141608780027",WV,"001",,"MITCHELL, I. C.",WV MINERAL GROUP LLC,,,Gas Production,Abandoned Well,Vertical,Orphaned / Abandoned / Unverified Plug,https://wellwiki.org/wiki/47-001-00862,,"4621414"
47-001-00866,001-00866,"39.09867006514135","-80.07274527171809",WV,"001",,"CORLEY, CHARLES","CHESAPEAKE APPALACHIA, L.L.C.",,,Gas Production,Plugged,Vertical,Plugged,https://wellwiki.org/wiki/47-001-00866,,"4621415"
47-001-01639,001-01639,"39.159942510976144","-80.0376296174856",WV,"001",,"PHILIPPI, CITY OF",DENEX PETROLEUM CORP.,,,Not Available,Never Drilled,Vertical,Not Drilled,https://wellwiki.org/wiki/47-001-01639,,"4621416"
47-001-01710,001-01710,"39.20505781472404","-80.09391709829907",WV,"001",,"MOSS, HENRY & LUMMIE",WOLF RUN MINING LLC,,,Not Available,Plugged,Vertical,Plugged,https://wellwiki.org/wiki/47-001-01710,,"4621417"
47-001-01769,001-01769,"39.20583662381746","-80.094995778656",WV,"001",,"MOSS, HENRY",WOLF RUN MINING LLC,,,Gas Production,Plugged,Vertical,Plugged,https://wellwiki.org/wiki/47-001-01769,,"4621418"
47-001-01788,001-01788,"39.19058161128295","-79.890634389728",WV,"001",,"ERVIN, CHARLES L., ETAL","CROSTON, MILES",,,House Gas,Abandoned Well,Vertical,Orphaned / Abandoned / Unverified Plug,https://wellwiki.org/wiki/47-001-01788,,"4621419"
47-001-02026,001-02026,"39.21322036976005","-80.10365774409303",WV,"001",,"CORDER, LACO",WOLF RUN MINING LLC,,,Gas Production,Plugged,Vertical,Plugged,https://wellwiki.org/wiki/47-001-02026,,"4621420"
47-001-02028,001-02028,"39.215478360583106","-80.09397545269829",WV,"001",,"CORDER, LACO B.",WOLF RUN MINING LLC,,,Gas Production,Plugged,Vertical,Plugged,https://wellwiki.org/wiki/47-001-02028,,"4621421"
47-105-00978,105-00978,"37.0462224768942","-81",WV,"105",,"JONES, LEO F.",BOW VALLEY/RAY RES,,,Unknown,Never Drilled,Vertical,Not Drilled,https://wellwiki.org/wiki/47-105-00978,,"4621422"
47-105-00979,105-00979,"38.93551487296502","-81.34678156001365",WV,"105",,"STEWART, JAMES",OPERATOR UNKNOWN,,,Not Available,Abandoned Well,Vertical,Orphaned / Abandoned / Unverified Plug,https://wellwiki.org/wiki/47-105-00979,,"4621423"
47-105-00980,105-00980,"38.92348679020051","-81.3663953096143",WV,"105",,"STEWART, JAMES",B. & L. OIL COMPANY,,,Unknown,Never Drilled,Vertical,Not Drilled,https://wellwiki.org/wiki/47-105-00980,,"4621424"
47-105-00983,105-00983,"38.92974729633302","-81.35431159318021",WV,"105",,"MURRAY, ROBERT B.",B. & L. OIL COMPANY,,,Not Available,Abandoned Well,Vertical,Orphaned / Abandoned / Unverified Plug,https://wellwiki.org/wiki/47-105-00983,,"4621425"
47-105-00987,105-00987,"37.0462224768942","-81",WV,"105",,"PHILLIPS, REBECCA",OPERATOR UNKNOWN,,,Not Available,Never Drilled,Vertical,Not Drilled,https://wellwiki.org/wiki/47-105-00987,,"4621426"
47-105-00988,105-00988,"37.0462224768942","-81",WV,"105",,"PHILLIPS, REBECCA",OPERATOR UNKNOWN,,,Not Available,Never Drilled,Vertical,Not Drilled,https://wellwiki.org/wiki/47-105-00988,,"4621427"
47-105-00989,105-00989,"37.0462224768942","-81",WV,"105",,"JONES, MYRTLE",BOW VALLEY/RAY RES,,,Unknown,Never Drilled,Vertical,Not Drilled,https://wellwiki.org/wiki/47-105-00989,,"4621428"
47-105-00990,105-00990,"37.0462224768942","-81",WV,"105",,"MCCRAY, LEOLA, ET AL",OPERATOR UNKNOWN,,,Not Available,Never Drilled,Vertical,Not Drilled,https://wellwiki.org/wiki/47-105-00990,,"4621429"
47-105-00996,105-00996,"37.0462224768942","-81",WV,"105",,"MILLS, VONDA B., ET AL",OPERATOR UNKNOWN,,,Not Available,Never Drilled,Vertical,Not Drilled,https://wellwiki.org/wiki/47-105-00996,,"4621430"
47-105-00997,105-00997,"37.0462224768942","-81",WV,"105",,"MILLS, VONDA B., ET AL",OPERATOR UNKNOWN,,,Not Available,Never Drilled,Vertical,Not Drilled,https://wellwiki.org/wiki/47-105-00997,,"4621431"
47-105-01002,105-01002,"37.0462224768942","-81",WV,"105",,"GOODWIN, MAGGIE",BOW VALLEY/RAY RES,,,Unknown,Never Drilled,Vertical,Not Drilled,https://wellwiki.org/wiki/47-105-01002,,"4621432"
47-001-02256,001-02256,"38.972193177656685","-80.0385440403892",WV,"001",,"SIMPSON, WILLIAM C.",ENERGY CORPORATION OF AMERICA,,,Unknown,Never Drilled,Vertical,Not Drilled,https://wellwiki.org/wiki/47-001-02256,,"4621433"
47-001-02268,001-02268,"39.06204088112268","-80.0621907109063",WV,"001",,"CONLEY, JOHN T. - HEIR",LOCK 3 COMPANY,,,Unknown,Never Drilled,Vertical,Not Drilled,https://wellwiki.org/wiki/47-001-02268,,"4621434"
47-001-02285,001-02285,"39.187754947562375","-79.9528678625701",WV,"001",,"MOATS, ROBERT & RUBY",ENERGY CORPORATION OF AMERICA,,,Unknown,Never Drilled,Vertical,Not Drilled,https://wellwiki.org/wiki/47-001-02285,,"4621435"
47-001-02287,001-02287,"39.16499802050415","-79.96009899311794",WV,"001",,TYGART EAST CO.,ENERGY CORPORATION OF AMERICA,,,Unknown,Never Drilled,Vertical,Not Drilled,https://wellwiki.org/wiki/47-001-02287,,"4621436"
47-001-02301,001-02301,"38.96455153629817","-80.06059281736474",WV,"001",,"CARR, ROY & SHARON",ENERGY CORPORATION OF AMERICA,,,Unknown,Never Drilled,Vertical,Not Drilled,https://wellwiki.org/wiki/47-001-02301,,"4621437"
47-001-02306,001-02306,"39.17896423548555","-80.189579318006",WV,"001",,"COMPTON, WILLIAM","PEPPER DEVELOPMENT, LLC",,,Oil Production,Abandoned Well,Vertical,Orphaned / Abandoned / Unverified Plug,https://wellwiki.org/wiki/47-001-02306,,"4621438"
47-001-02307,001-02307,"39.18279576343511","-80.19289052742747",WV,"001",,"COMPTON, WILLIAM","PEPPER DEVELOPMENT, LLC",,,Not Available,Plugged,Vertical,Plugged,https://wellwiki.org/wiki/47-001-02307,,"4621439"
47-001-02308,001-02308,"38.96362973354507","-80.0392578061538",WV,"001",,"DURRETT, DEWEY",ENERGY CORPORATION OF AMERICA,,,Unknown,Never Drilled,Vertical,Not Drilled,https://wellwiki.org/wiki/47-001-02308,,"4621440"
47-001-02309,001-02309,"39.17072198308257","-79.98771022957479",WV,"001",,"MAYLE, HARTSEL",ENERGY CORPORATION OF AMERICA,,,Unknown,Never Drilled,Vertical,Not Drilled,https://wellwiki.org/wiki/47-001-02309,,"4621441"
47-001-02316,001-02316,"39.182882568121215","-80.18976588627822",WV,"001",,"COMPTON, WILLIAM","PEPPER DEVELOPMENT, LLC",,,Oil Production,Abandoned Well,Vertical,Orphaned / Abandoned / Unverified Plug,https://wellwiki.org/wiki/47-001-02316,,"4621442"
47-001-02318,001-02318,"39.04935061542081","-80.06891009686237",WV,"001",,"HEWITT, DONALD",ENERGY CORPORATION OF AMERICA,,,Unknown,Never Drilled,Vertical,Not Drilled,https://wellwiki.org/wiki/47-001-02318,,"4621443"
47-001-02322,001-02322,"39.00704888445899","-80.00271827683821",WV,"001",,"SALESKY, EDWARD",ENERGY CORPORATION OF AMERICA,,,Unknown,Never Drilled,Vertical,Not Drilled,https://wellwiki.org/wiki/47-001-02322,,"4621444"
47-103-02092,103-02092,"39.499583337612286","-80.63706965183991",WV,"103",,MILLS,QUAKER STATE CORPORATION,,,Not Available,Plugged,Vertical,Plugged,https://wellwiki.org/wiki/47-103-02092,,"4621445"
47-103-02093,103-02093,"39.517316438387155","-80.6580569855962",WV,"103",,MILLS,QUAKER STATE CORPORATION,,,Not Available,Plugged,Vertical,Plugged,https://wellwiki.org/wiki/47-103-02093,,"4621446"
47-103-02097,103-02097,"39.4912872565716","-80.65611056498342",WV,"103",,DIV. OF NATURAL RESOURCES,D & R ENERGY,,,Not Available,Abandoned Well,Vertical,Orphaned / Abandoned / Unverified Plug,https://wellwiki.org/wiki/47-103-02097,,"4621447"
47-001-00888,001-00888,"39.22515286786764","-80.03535409219101",WV,"001",,"MITCHELL, LEROY",WV MINERAL GROUP LLC,,,Gas Production,Abandoned Well,Vertical,Orphaned / Abandoned / Unverified Plug,https://wellwiki.org/wiki/47-001-00888,,"4621448"
47-001-00897,001-00897,"39.212058540905524","-80.04433155999794",WV,"001",,"CAMPBELL, J. L.",WV MINERAL GROUP LLC,,,Gas Production,Abandoned Well,Vertical,Orphaned / Abandoned / Unverified Plug,https://wellwiki.org/wiki/47-001-00897,,"4621449"
47-001-00903,001-00903,"39.08951194727295","-80.00853964714928",WV,"001",,"FLINT, JAUNITA",CNG PRODUCING COMPANY,,,Not Available,Plugged,Vertical,Plugged,https://wellwiki.org/wiki/47-001-00903,,"4621450"
47-001-00907,001-00907,"39.222131771674476","-80.0533918541732",WV,"001",,McBEE,WV MINERAL GROUP LLC,,,Gas Production,Abandoned Well,Vertical,Orphaned / Abandoned / Unverified Plug,https://wellwiki.org/wiki/47-001-00907,,"4621451"
47-001-00916,001-00916,"39.1017268103463","-80.02991932730475",WV,"001",,"DAUGHERTY, PAT",BRAXTON OIL AND GAS CORP.,,,Gas Production,Abandoned Well,Vertical,Orphaned / Abandoned / Unverified Plug,https://wellwiki.org/wiki/47-001-00916,,"4621452"
47-001-00927,001-00927,"39.19985806450077","-80.1799645949846",WV,"001",,"THRASHER, H. WOOD, ET AL",WV MINERAL GROUP LLC,,,Gas Production,Abandoned Well,Vertical,Orphaned / Abandoned / Unverified Plug,https://wellwiki.org/wiki/47-001-00927,,"4621453"
47-001-00936,001-00936,"39.09818346653568","-80.01794354117145",WV,"001",,"KINES, DAVID",BRAXTON OIL AND GAS CORP.,,,Gas Production,Abandoned Well,Vertical,Orphaned / Abandoned / Unverified Plug,https://wellwiki.org/wiki/47-001-00936,,"4621454"
47-001-00948,001-00948,"39.072982285621855","-80.0513267740852",WV,"001",,"STREET, W. O.",BRAXTON OIL AND GAS CORP.,,,Unknown,Abandoned Well,Vertical,Orphaned / Abandoned / Unverified Plug,https://wellwiki.org/wiki/47-001-00948,,"4621455"
47-001-00961,001-00961,"39.141434046096954","-79.9844113473888",WV,"001",,"SHAW, VIRGIL",WV MINERAL GROUP LLC,,,Gas Production,Abandoned Well,Vertical,Orphaned / Abandoned / Unverified Plug,https://wellwiki.org/wiki/47-001-00961,,"4621456"
47-001-00968,001-00968,"39.23388816455745","-80.16020650564509",WV,"001",,"MOSESSO, J. & M.",WV MINERAL GROUP LLC,,,Gas Production,Abandoned Well,Vertical,Orphaned / Abandoned / Unverified Plug,https://wellwiki.org/wiki/47-001-00968,,"4621457"
47-001-00970,001-00970,"39.066306877972735","-80.02305291063408",WV,"001",,"MITCHELL, ISAAC",WV MINERAL GROUP LLC,,,Gas Production,Abandoned Well,Vertical,Orphaned / Abandoned / Unverified Plug,https://wellwiki.org/wiki/47-001-00970,,"4621458"
47-001-00977,001-00977,"39.223452670930996","-79.96078520920256",WV,"001",,"MITCHELL, JOHN",WV MINERAL GROUP LLC,,,Gas Production,Abandoned Well,Vertical,Orphaned / Abandoned / Unverified Plug,https://wellwiki.org/wiki/47-001-00977,,"4621459"
47-001-00980,001-00980,"39.23751230252941","-79.98689050456989",WV,"001",,"DECKER, JERRY W. & EVA F.",WV MINERAL GROUP LLC,,,Gas Production,Abandoned Well,Vertical,Orphaned / Abandoned / Unverified Plug,https://wellwiki.org/wiki/47-001-00980,,"4621460"
47-001-00990,001-00990,"39.099434252656906","-80.04661029341499",WV,"001",,"DAYTON, R. & R. A. CORLEY",WV MINERAL GROUP LLC,,,Gas Production,Abandoned Well,Vertical,Orphaned / Abandoned / Unverified Plug,https://wellwiki.org/wiki/47-001-00990,,"4621461"
47-001-00994,001-00994,"39.21584511399749","-79.9635372195067",WV,"001",,"WILSON, DAVID & SHEILA",WV MINERAL GROUP LLC,,,Gas Production,Abandoned Well,Vertical,Orphaned / Abandoned / Unverified Plug,https://wellwiki.org/wiki/47-001-00994,,"4621462"
47-001-00997,001-00997,"39.104017023886776","-80.13061175741834",WV,"001",,"CASTO, ENCIL W.",WV MINERAL GROUP LLC,,,Gas Production,Abandoned Well,Vertical,Orphaned / Abandoned / Unverified Plug,https://wellwiki.org/wiki/47-001-00997,,"4621463"
47-001-00999,001-00999,"39.16081120375155","-80.16486902573932",WV,"001",,"RILEY, M. D.",WV MINERAL GROUP LLC,,,Unknown,Abandoned Well,Vertical,Orphaned / Abandoned / Unverified Plug,https://wellwiki.org/wiki/47-001-00999,,"4621464"
47-101-00002,101-00002,"38.330107332355034","-80.45181505955588",WV,"101",,WV & PITTSBURGH RAILROAD,"HOPE GAS, INC.",,,Unknown,Plugged,Vertical,Plugged,https://wellwiki.org/wiki/47-101-00002,,"4621465"
47-101-00086,101-00086,"38.67142627081391","-80.40885253665472",WV,"101",,"WARE, NEIL O ET.AL","CHESAPEAKE APPALACHIA, L.L.C.",,,Unknown,Never Drilled,Vertical,Not Drilled,https://wellwiki.org/wiki/47-101-00086,,"4621466"
47-101-00110,101-00110,"38.68550657081175","-80.2931333761004",WV,"101",,SUN LUMBER COMPANY,"CHESAPEAKE APPALACHIA, L.L.C.",,,Unknown,Never Drilled,Vertical,Not Drilled,https://wellwiki.org/wiki/47-101-00110,,"4621467"
47-001-02368,001-02368,"39.179689702393574","-80.19218751446648",WV,"001",,"COMPTON, WILLIAM M.","PEPPER DEVELOPMENT, LLC",,,Not Available,Plugged,Vertical,Plugged,https://wellwiki.org/wiki/47-001-02368,,"4621468"
47-001-02405,001-02405,"39.239797487328445","-80.11002544600784",WV,"001",,"STUART, CAROLINE & GAIL",PETROLEUM DEVELOPMENT CORPORATION,,,Unknown,Never Drilled,Vertical,Not Drilled,https://wellwiki.org/wiki/47-001-02405,,"4621469"
47-001-02411,001-02411,"39.182302264801194","-80.18976560161225",WV,"001",,"COMPTON, WILLIAM M.","PEPPER DEVELOPMENT, LLC",,,Oil Production,Abandoned Well,Vertical,Orphaned / Abandoned / Unverified Plug,https://wellwiki.org/wiki/47-001-02411,,"4621470"
47-001-02413,001-02413,"39.25329367698133","-79.96382328372597",WV,"001",,"GALLAGHER, EMMA F.",PETROLEUM DEVELOPMENT CORPORATION,,,Unknown,Never Drilled,Vertical,Not Drilled,https://wellwiki.org/wiki/47-001-02413,,"4621471"
47-001-02414,001-02414,"39.215301068100295","-80.18683323982233",WV,"001",,"SMITH, VIRGINIA",PETROLEUM DEVELOPMENT CORPORATION,,,Unknown,Never Drilled,Vertical,Not Drilled,https://wellwiki.org/wiki/47-001-02414,,"4621472"
47-001-02415,001-02415,"39.182302264801194","-80.18976560161225",WV,"001",,"COMPTON, WILLIAM M.","PEPPER DEVELOPMENT, LLC",,,Gas Production,Abandoned Well,Vertical,Orphaned / Abandoned / Unverified Plug,https://wellwiki.org/wiki/47-001-02415,,"4621473"
47-001-02417,001-02417,"39.2117650343662","-80.18390836281365",WV,"001",,"HUDKINS, BONARD - HEIRS",PETROLEUM DEVELOPMENT CORPORATION,,,Unknown,Never Drilled,Vertical,Not Drilled,https://wellwiki.org/wiki/47-001-02417,,"4621474"
47-001-02420,001-02420,"39.18068482949502","-80.1934440004264",WV,"001",,"COMPTON, WILLIAM M.","PEPPER DEVELOPMENT, LLC",,,Unknown,Abandoned Well,Vertical,Orphaned / Abandoned / Unverified Plug,https://wellwiki.org/wiki/47-001-02420,,"4621475"
47-001-02428,001-02428,"39.17976675960445","-80.18780834614485",WV,"001",,"COMPTON, WILLIAM M.","PEPPER DEVELOPMENT, LLC",,,Oil Production,Abandoned Well,Vertical,Orphaned / Abandoned / Unverified Plug,https://wellwiki.org/wiki/47-001-02428,,"4621476"
47-001-02873,001-02873,"39.222928633747976","-80.10647676490382",WV,"001",,BECKWITH LUMBER COMPANY,WOLF RUN MINING LLC,,,Gas Production,Abandoned Well,Coal Bed Methane Well,Orphaned / Abandoned / Unverified Plug,https://wellwiki.org/wiki/47-001-02873,,"4621477"
47-001-02880,001-02880,"39.22337862997376","-80.1081813047006",WV,"001",,BECKWITH LUMBER COMPANY,WOLF RUN MINING LLC,,,Gas Production,Abandoned Well,Coal Bed Methane Well,Orphaned / Abandoned / Unverified Plug,https://wellwiki.org/wiki/47-001-02880,,"4621478"
47-001-02882,001-02882,"39.171031470360205","-79.24035489028934",WV,"001",,"MAYLE, ALICE VIRGINIA","MOUNTAIN V OIL & GAS, INC.",,,Unknown,Never Issued,Vertical,Not Drilled,https://wellwiki.org/wiki/47-001-02882,,"4621479"
47-001-02883,001-02883,"39.173395647669665","-79.98723083207271",WV,"001",,"MAYLE, ALICE VIRGINIA","MOUNTAIN V OIL & GAS, INC.",,,Unknown,Never Issued,Vertical,Not Drilled,https://wellwiki.org/wiki/47-001-02883,,"4621480"
47-103-01734,103-01734,"39.66021564501982","-80.66159669752496",WV,"103",,"LEMASTERS, MARY EDNA","HADDAD AND BROOKS, INC.",,,Unknown,Never Drilled,Vertical,Not Drilled,https://wellwiki.org/wiki/47-103-01734,,"4621481"
47-103-01762,103-01762,"37.0462224768942","-81",WV,"103",,"MYERS, NELSON","INVITATION ENERGY, INCORPORATED",,,Not Available,Abandoned Well,Vertical,Orphaned / Abandoned / Unverified Plug,https://wellwiki.org/wiki/47-103-01762,,"4621482"
47-103-01786,103-01786,"39.50996361022232","-80.63980648888852",WV,"103",,WV CONSERVATION COMM.,"INVITATION ENERGY, INCORPORATED",,,Not Available,Abandoned Well,Vertical,Orphaned / Abandoned / Unverified Plug,https://wellwiki.org/wiki/47-103-01786,,"4621483"
47-103-01787,103-01787,"39.47628042382351","-80.62668972769717",WV,"103",,WV NATURAL RESOURCES,"INVITATION ENERGY, INCORPORATED",,,Not Available,Abandoned Well,Vertical,Orphaned / Abandoned / Unverified Plug,https://wellwiki.org/wiki/47-103-01787,,"4621484"
47-103-01788,103-01788,"39.51707452323804","-80.64149269410227",WV,"103",,WV CONSERVATION COMM.,"INVITATION ENERGY, INCORPORATED",,,Not Available,Abandoned Well,Vertical,Orphaned / Abandoned / Unverified Plug,https://wellwiki.org/wiki/47-103-01788,,"4621485"
47-103-01826,103-01826,"39.60841426326377","-80.76840790191383",WV,"103",,"STOUT, GWENDOLYN L.",UNKNOWN - DEP PAID PLUGGING CONTRACT,,,Not Available,Plugged,Vertical,Plugged,https://wellwiki.org/wiki/47-103-01826,,"4621486"
47-103-01968,103-01968,"39.681129017458346","-80.42322427783324",WV,"103",,"DAILEY, RANDY L.",DYNATEC ENERGY INC.,,,Gas Production,Plugged,Coal Bed Methane Well,Plugged,https://wellwiki.org/wiki/47-103-01968,,"4621487"
47-103-02019,103-02019,"39.68200078022006","-80.50261876666491",WV,"103",,"VARNER, STEPHEN",DYNATEC ENERGY INC.,,,Gas Production,Plugged,Coal Bed Methane Well,Plugged,https://wellwiki.org/wiki/47-103-02019,,"4621488"
47-103-02032,103-02032,"39.623876333615215","-80.50645610491615",WV,"103",,JIM C. HAMER CO.,DYNATEC ENERGY INC.,,,Gas Production,Never Issued,Coal Bed Methane Well,Not Drilled,https://wellwiki.org/wiki/47-103-02032,,"4621489"
47-103-02167,103-02167,"39.716554187430354","-80.40726647443987",WV,"103",,"PICHARDO, PAUL G.","INDIGO ENERGY, INC",,,Unknown,Never Drilled,Vertical,Not Drilled,https://wellwiki.org/wiki/47-103-02167,,"4621490"
47-103-02233,103-02233,"39.660438228052826","-80.5339602571065",WV,"103",,"AMOS, REDA M., ET AL","DAC ENERGY, LLC",,,Unknown,Plugged,Vertical,Plugged,https://wellwiki.org/wiki/47-103-02233,,"4621491"
47-107-01008,107-01008,"39.28129166958695","-81.49215135554374",WV,"107",,"JOHNSON, W. W.",AMERICAN PETROEL CORPORATION,,,Not Available,Abandoned Well,Vertical,Orphaned / Abandoned / Unverified Plug,https://wellwiki.org/wiki/47-107-01008,,"4621492"
47-107-01050,107-01050,"39.30989613233906","-81.38566739046088",WV,"107",,"DORNAN, THOMAS",PATCHWORK OIL & GAS LLC,,,Oil Production,Plugged,Vertical,Plugged,https://wellwiki.org/wiki/47-107-01050,,"4621493"
47-107-01053,107-01053,"39.268374535705064","-81.65658393748396",WV,"107",,WASHINGTON WORKS,E. I. DU PONT DE NEMOURS AND COMPANY,,,Not Available,Plugged,Vertical,Plugged,https://wellwiki.org/wiki/47-107-01053,,"4621494"
47-103-01752,103-01752,"39.676195932898324","-80.49210563034562",WV,"103",,"ELLISON, ROY, ETAL","CLOWSER WELL SERVICE, INC.",,,Not Available,Plugged,Vertical,Plugged,https://wellwiki.org/wiki/47-103-01752,,"4621495"
47-103-01765,103-01765,"39.68011447096513","-80.5253277553741",WV,"103",,"RICE, LARRY G.","CLOWSER WELL SERVICE, INC.",,,Not Available,Plugged,Vertical,Plugged,https://wellwiki.org/wiki/47-103-01765,,"4621496"
47-103-01821,103-01821,"39.69843785439097","-80.54348450403451",WV,"103",,"KOONTZ, RUTH L.",CNX GAS COMPANY LLC,,,Gas Production,Never Issued,Coal Bed Methane Well,Not Drilled,https://wellwiki.org/wiki/47-103-01821,,"4621497"
47-103-01822,103-01822,"39.69459877248591","-80.5415617960723",WV,"103",,"KOONTZ, RUTH L.",CNX GAS COMPANY LLC,,,Gas Production,Plugged,Coal Bed Methane Well,Plugged,https://wellwiki.org/wiki/47-103-01822,,"4621498"
47-001-02605,001-02605,"39.20407707755489","-79.95075178088537",WV,"001",,"McDANIEL, JAMES H.",PETROLEUM DEVELOPMENT CORPORATION,,,Unknown,Plugged,Vertical,Plugged,https://wellwiki.org/wiki/47-001-02605,,"4621499"
47-001-02632,001-02632,"39.27434614112674","-79.94857292273818",WV,"001",,"BAKER, GLEN & ALICE",PETROLEUM DEVELOPMENT CORPORATION,,,Unknown,Plugged,Vertical,Plugged,https://wellwiki.org/wiki/47-001-02632,,"4621500"
34-115-60221,"60221","39.63938435","-81.94477605",OH,,, ,,,,UN_R,unknown,,Other / Unknown,https://wellwiki.org/wiki/34-115-60221,,"584106"
47-001-02633,001-02633,"39.27869998039262","-79.94726615379157",WV,"001",,"BAKER, GLEN & ALICE",PETROLEUM DEVELOPMENT CORPORATION,,,Unknown,Plugged,Vertical,Plugged,https://wellwiki.org/wiki/47-001-02633,,"4621501"
47-001-02642,001-02642,"39.295718852662105","-79.90199441038436",WV,"001",,"BEYMER, JOE L. & G. COZAD",PETROLEUM DEVELOPMENT CORPORATION,,,Unknown,Never Drilled,Vertical,Not Drilled,https://wellwiki.org/wiki/47-001-02642,,"4621502"
47-001-02643,001-02643,"39.297870564699075","-79.90540910376599",WV,"001",,"BEYMER, JOE & GEORGIA",PETROLEUM DEVELOPMENT CORPORATION,,,Unknown,Plugged,Vertical,Plugged,https://wellwiki.org/wiki/47-001-02643,,"4621503"
47-001-00001,001-00001,"39.250097916631795","-79.91646408280424",WV,"001",,"WAUGH, NATHAN D.",OPERATOR UNKNOWN,,,Not Available,Plugged,Vertical,Plugged,https://wellwiki.org/wiki/47-001-00001,,"4621504"
47-001-00021,001-00021,"39.15729930895333","-80.15172213508242",WV,"001",,"STUART, DAVID C.",OPERATOR UNKNOWN,,,Not Available,Plugged,Vertical,Plugged,https://wellwiki.org/wiki/47-001-00021,,"4621505"
47-001-00042,001-00042,"39.14324959778473","-80.18585217632956",WV,"001",,"COMPTON, WILLIAM M.","PEPPER DEVELOPMENT, LLC",,,Not Available,Abandoned Well,Vertical,Orphaned / Abandoned / Unverified Plug,https://wellwiki.org/wiki/47-001-00042,,"4621506"
47-001-00065,001-00065,"39.08402475466956","-80.06397664112924",WV,"001",,"LANTZ, J. LEE & H.WHEELER",OPERATOR UNKNOWN,,,Not Available,Plugged,Vertical,Plugged,https://wellwiki.org/wiki/47-001-00065,,"4621507"
47-001-00069,001-00069,"39.124518058942655","-80.01040322787595",WV,"001",,"GOLDEN, LEROY, ETAL",OPERATOR UNKNOWN,,,Not Available,Plugged,Vertical,Plugged,https://wellwiki.org/wiki/47-001-00069,,"4621508"
47-001-00076,001-00076,"39.24008378885226","-79.90964262499583",WV,"001",,"MILLER, B. H.",OPERATOR UNKNOWN,,,Not Available,Plugged,Vertical,Plugged,https://wellwiki.org/wiki/47-001-00076,,"4621509"
47-103-02144,103-02144,"39.51851664840693","-80.62843333455925",WV,"103",,ANDERSON,QUAKER STATE CORPORATION,,,Not Available,Plugged,Vertical,Plugged,https://wellwiki.org/wiki/47-103-02144,,"4621510"
47-103-02145,103-02145,"39.52403328264854","-80.63521663997867",WV,"103",,DAVIS,QUAKER STATE CORPORATION,,,Not Available,Plugged,Vertical,Plugged,https://wellwiki.org/wiki/47-103-02145,,"4621511"
47-103-02146,103-02146,"39.52475004418577","-80.63195001903249",WV,"103",,MORGAN,QUAKER STATE CORPORATION,,,Not Available,Plugged,Vertical,Plugged,https://wellwiki.org/wiki/47-103-02146,,"4621512"
47-103-02147,103-02147,"39.52513331424151","-80.6338500677372",WV,"103",,MORGAN,QUAKER STATE CORPORATION,,,Not Available,Plugged,Vertical,Plugged,https://wellwiki.org/wiki/47-103-02147,,"4621513"
47-103-02292,103-02292,"39.55293792628245","-80.62717859038388",WV,"103",,COASTAL FOREST RESOURCES,EQT PRODUCTION COMPANY,,,Unknown,Plugged,Vertical,Plugged,https://wellwiki.org/wiki/47-103-02292,,"4621514"
47-103-02293,103-02293,"39.52695313815545","-80.56441603419789",WV,"103",,DALLISON TIMBERLANDS,EQT PRODUCTION COMPANY,,,Unknown,Never Drilled,Vertical,Not Drilled,https://wellwiki.org/wiki/47-103-02293,,"4621515"
47-103-02304,103-02304,"39.48712909054797","-80.63118779263445",WV,"103",,"WEST VIRGINIA, STATE OF",EQT PRODUCTION COMPANY,,,Unknown,Plugged,Vertical,Plugged,https://wellwiki.org/wiki/47-103-02304,,"4621516"
47-103-02348,103-02348,"39.55289273867676","-80.62708024547926",WV,"103",,COASTAL FOREST RESOURCES,EQT PRODUCTION COMPANY,,,Unknown,Plugged,Vertical,Plugged,https://wellwiki.org/wiki/47-103-02348,,"4621517"
47-103-02369,103-02369,"39.67184797769606","-80.50273075999866",WV,"103",,"PEIRISH, HOWARD SR., ETAL","DAC ENERGY, LLC",,,Unknown,Never Drilled,Vertical,Not Drilled,https://wellwiki.org/wiki/47-103-02369,,"4621518"
47-103-02385,103-02385,"39.6009498732792","-80.57220129196503",WV,"103",,"WHITE, GERALD D.",EQT PRODUCTION COMPANY,,,Unknown,Never Drilled,Vertical,Not Drilled,https://wellwiki.org/wiki/47-103-02385,,"4621519"
47-103-02405,103-02405,"39.68861659513667","-80.69820831180571",WV,"103",,"KELLEY, MARGARET SUE","SWN PRODUCTION COMPANY, LLC",,,Unknown,Abandoned Well,Horizontal,Orphaned / Abandoned / Unverified Plug,https://wellwiki.org/wiki/47-103-02405,,"4621520"
47-103-02422,103-02422,"39.549173958526","-80.54063843383233",WV,"103",,"BRAMMER, TIMOTHY S.","DAC ENERGY, LLC",,,Unknown,Never Drilled,Vertical,Not Drilled,https://wellwiki.org/wiki/47-103-02422,,"4621521"
47-103-00707,103-00707,"39.43664771340917","-80.57607947651125",WV,"103",,"SMITH, H.",DIVERSIFIED PRODUCTION LLC,,,Unknown,Abandoned Well,Vertical,Orphaned / Abandoned / Unverified Plug,https://wellwiki.org/wiki/47-103-00707,,"4621522"
47-103-00708,103-00708,"39.58705715247277","-80.50467939727629",WV,"103",,"LONG, A.",DIVERSIFIED PRODUCTION LLC,,,Unknown,Abandoned Well,Vertical,Orphaned / Abandoned / Unverified Plug,https://wellwiki.org/wiki/47-103-00708,,"4621523"
47-103-00709,103-00709,"39.54467704430172","-80.67577172580106",WV,"103",,DOMINION TRANSMISSION INC.,DIVERSIFIED PRODUCTION LLC,,,Not Available,Abandoned Well,Vertical,Orphaned / Abandoned / Unverified Plug,https://wellwiki.org/wiki/47-103-00709,,"4621524"
47-001-00441,001-00441,"39.17258010404603","-80.08481370365242",WV,"001",,"MARSH, JUANITA, ETAL",OPERATOR UNKNOWN,,,Gas Production,Plugged,Vertical,Plugged,https://wellwiki.org/wiki/47-001-00441,,"4621525"
47-001-00457,001-00457,"39.18594766265694","-80.20593607530132",WV,"001",,"WEEKS, NEUA S.",OPERATOR UNKNOWN,,,Not Available,Plugged,Vertical,Plugged,https://wellwiki.org/wiki/47-001-00457,,"4621526"
47-001-00459,001-00459,"39.049137070574616","-79.95725467391826",WV,"001",,"HARRIS, MINOR",OPERATOR UNKNOWN,,,Not Available,Plugged,Vertical,Plugged,https://wellwiki.org/wiki/47-001-00459,,"4621527"
47-001-00481,001-00481,"39.171324487546435","-80.14453387330967",WV,"001",,"NUTTER, LOTTIE","PEPPER DEVELOPMENT, LLC",,,Not Available,Abandoned Well,Vertical,Orphaned / Abandoned / Unverified Plug,https://wellwiki.org/wiki/47-001-00481,,"4621528"
47-105-01019,105-01019,"37.0462224768942","-81",WV,"105",,"WILSON, HERBERT",BOW VALLEY/RAY RES,,,Unknown,Never Drilled,Vertical,Not Drilled,https://wellwiki.org/wiki/47-105-01019,,"4621529"
47-103-00712,103-00712,"39.453628411090314","-80.55868851853657",WV,"103",,"CARLIN, CATHERINE","ROSS AND WHARTON GAS COMPANY, INC.",,,Unknown,Abandoned Well,Vertical,Orphaned / Abandoned / Unverified Plug,https://wellwiki.org/wiki/47-103-00712,,"4621530"
47-103-00713,103-00713,"39.54683926445841","-80.69121529911654",WV,"103",,"CUNNINGHAM, S.",DIVERSIFIED PRODUCTION LLC,,,Unknown,Abandoned Well,Vertical,Orphaned / Abandoned / Unverified Plug,https://wellwiki.org/wiki/47-103-00713,,"4621531"
47-103-00715,103-00715,"39.558886445388","-80.65629032678683",WV,"103",,"STACKPOLE, M.",DIVERSIFIED PRODUCTION LLC,,,Unknown,Abandoned Well,Vertical,Orphaned / Abandoned / Unverified Plug,https://wellwiki.org/wiki/47-103-00715,,"4621532"
47-103-00716,103-00716,"39.45435375576748","-80.56130610561739",WV,"103",,"CARLIN, CATHERINE","ROSS AND WHARTON GAS COMPANY, INC.",,,Unknown,Abandoned Well,Vertical,Orphaned / Abandoned / Unverified Plug,https://wellwiki.org/wiki/47-103-00716,,"4621533"
47-103-00717,103-00717,"39.592572714695635","-80.53259433017281",WV,"103",,"TAYLOR, L.",DIVERSIFIED PRODUCTION LLC,,,Unknown,Abandoned Well,Vertical,Orphaned / Abandoned / Unverified Plug,https://wellwiki.org/wiki/47-103-00717,,"4621534"
47-103-00719,103-00719,"39.538413191632756","-80.50018663438576",WV,"103",,"ROBINS, M.",DIVERSIFIED PRODUCTION LLC,,,Unknown,Abandoned Well,Vertical,Orphaned / Abandoned / Unverified Plug,https://wellwiki.org/wiki/47-103-00719,,"4621535"
47-103-00729,103-00729,"39.67938810549473","-80.46264017973584",WV,"103",,"BUCHER, JOHN & BARBARA","COLUMBIA NATURAL RESOURCES, LLC",,,Not Available,Plugged,Vertical,Plugged,https://wellwiki.org/wiki/47-103-00729,,"4621536"
47-103-00732,103-00732,"37.0462224768942","-81",WV,"103",,"TEAGARDEN, LEE","COLUMBIA NATURAL RESOURCES, LLC",,,Unknown,Plugged,Vertical,Plugged,https://wellwiki.org/wiki/47-103-00732,,"4621537"
47-103-00742,103-00742,"39.46713817904142","-80.55850089247464",WV,"103",,"SMITH, W. L.","ROSS AND WHARTON GAS COMPANY, INC.",,,Unknown,Abandoned Well,Vertical,Orphaned / Abandoned / Unverified Plug,https://wellwiki.org/wiki/47-103-00742,,"4621538"
47-103-00743,103-00743,"37.0462224768942","-81",WV,"103",,"SMITH, H. L. & LYDIA","ROSS AND WHARTON GAS COMPANY, INC.",,,Unknown,Abandoned Well,Vertical,Orphaned / Abandoned / Unverified Plug,https://wellwiki.org/wiki/47-103-00743,,"4621539"
47-103-00744,103-00744,"39.59346719951062","-80.7244508281294",WV,"103",,"HART, JOHN & MELISSA","ROSS AND WHARTON GAS COMPANY, INC.",,,Unknown,Abandoned Well,Vertical,Orphaned / Abandoned / Unverified Plug,https://wellwiki.org/wiki/47-103-00744,,"4621540"
47-103-00745,103-00745,"37.0462224768942","-81",WV,"103",,"HALL, HAVES","COLUMBIA NATURAL RESOURCES, LLC",,,Unknown,Plugged,Vertical,Plugged,https://wellwiki.org/wiki/47-103-00745,,"4621541"
47-103-00751,103-00751,"37.0462224768942","-81",WV,"103",,"LEMLEY, W. H.",DIVERSIFIED PRODUCTION LLC,,,Unknown,Abandoned Well,Vertical,Orphaned / Abandoned / Unverified Plug,https://wellwiki.org/wiki/47-103-00751,,"4621542"
47-103-02326,103-02326,"39.4981916893484","-80.63472010525228",WV,"103",,WV CONSERVATION COMM.,"MEADOW RIDGE DEVELOPMENT, LLC",,,Unknown,Abandoned Well,Vertical,Orphaned / Abandoned / Unverified Plug,https://wellwiki.org/wiki/47-103-02326,,"4621543"
47-103-02339,103-02339,"39.50549619156535","-80.642171579674",WV,"103",,WV CONSERVATION COMMISS.,"MEADOW RIDGE DEVELOPMENT, LLC",,,Unknown,Abandoned Well,Horizontal,Orphaned / Abandoned / Unverified Plug,https://wellwiki.org/wiki/47-103-02339,,"4621544"
47-103-02360,103-02360,"39.505578437400146","-80.64213568138254",WV,"103",,WV CONSERVATION COMM.,"MEADOW RIDGE DEVELOPMENT, LLC",,,Unknown,Abandoned Well,Horizontal,Orphaned / Abandoned / Unverified Plug,https://wellwiki.org/wiki/47-103-02360,,"4621545"
47-103-02398,103-02398,"39.569836774229614","-80.60726920024251",WV,"103",,JIM C. HAMER COMPANY,"BERRY ENERGY, INC.",,,Unknown,Never Drilled,Vertical,Not Drilled,https://wellwiki.org/wiki/47-103-02398,,"4621546"
47-103-02401,103-02401,"39.56668929075875","-80.59052063428364",WV,"103",,COASTAL LUMBER COMPANY,"BERRY ENERGY, INC.",,,Unknown,Never Drilled,Vertical,Not Drilled,https://wellwiki.org/wiki/47-103-02401,,"4621547"
47-103-02402,103-02402,"39.57119501056551","-80.62349665207002",WV,"103",,"SCYOC, WILLIAM F., ET AL","BERRY ENERGY, INC.",,,Unknown,Never Drilled,Vertical,Not Drilled,https://wellwiki.org/wiki/47-103-02402,,"4621548"
47-103-02412,103-02412,"39.57344900942676","-80.59944151788675",WV,"103",,"COEN, JAMES & ESTHER","BERRY ENERGY, INC.",,,Unknown,Never Drilled,Vertical,Not Drilled,https://wellwiki.org/wiki/47-103-02412,,"4621549"
47-103-02419,103-02419,"39.541492619985455","-80.54157027590692",WV,"103",,CNX GAS COMPANY LLC,CNX GAS COMPANY LLC,,,Gas Production,Never Issued,Coal Bed Methane Well,Not Drilled,https://wellwiki.org/wiki/47-103-02419,,"4621550"
47-103-02420,103-02420,"39.540971971255686","-80.5425704539672",WV,"103",,CNX GAS COMPANY LLC,CNX GAS COMPANY LLC,,,Gas Production,Never Issued,Coal Bed Methane Well,Not Drilled,https://wellwiki.org/wiki/47-103-02420,,"4621551"
47-105-01164,105-01164,"39.154511224381515","-81.3642642881348",WV,"105",,"FARNSWORTH, GEORGE",OPERATOR UNKNOWN,,,Unknown,Never Drilled,Vertical,Not Drilled,https://wellwiki.org/wiki/47-105-01164,,"4621552"
47-105-01187,105-01187,"39.046258054608316","-81.33875366498356",WV,"105",,"BAILEY, CHARLES","TNG, INC.",,,Not Available,Plugged,Vertical,Plugged,https://wellwiki.org/wiki/47-105-01187,,"4621553"
47-105-01188,105-01188,"39.04945055751259","-81.33819571458524",WV,"105",,"BAILEY, CHARLES","TNG, INC.",,,Not Available,Plugged,Vertical,Plugged,https://wellwiki.org/wiki/47-105-01188,,"4621554"
47-105-01213,105-01213,"39.04816428608811","-81.36382848003961",WV,"105",,"COTTRILL, JOHN W.",ENERGY CORPORATION OF AMERICA,,,Not Available,Plugged,Vertical,Plugged,https://wellwiki.org/wiki/47-105-01213,,"4621555"
47-105-01230,105-01230,"38.98466347411384","-81.30569643137027",WV,"105",,"SCOTT, CARL & BERTHA",OPERATOR UNKNOWN,,,Not Available,Plugged,Vertical,Plugged,https://wellwiki.org/wiki/47-105-01230,,"4621556"
47-105-01295,105-01295,"37.0462224768942","-81",WV,"105",,"FREELAND, RAY",OPERATOR UNKNOWN,,,Not Available,Plugged,Vertical,Plugged,https://wellwiki.org/wiki/47-105-01295,,"4621557"
47-103-00777,103-00777,"39.639463634888166","-80.54260079220717",WV,"103",,"FREELAND, CALEB",DIVERSIFIED PRODUCTION LLC,,,Unknown,Abandoned Well,Vertical,Orphaned / Abandoned / Unverified Plug,https://wellwiki.org/wiki/47-103-00777,,"4621558"
47-103-00780,103-00780,"39.61869673888044","-80.50992385297582",WV,"103",,SNYDER-STONEKING,DIVERSIFIED PRODUCTION LLC,,,Unknown,Abandoned Well,Vertical,Orphaned / Abandoned / Unverified Plug,https://wellwiki.org/wiki/47-103-00780,,"4621559"
47-103-00783,103-00783,"37.0462224768942","-81",WV,"103",,"ANDERSON, E.",DIVERSIFIED PRODUCTION LLC,,,Unknown,Abandoned Well,Vertical,Orphaned / Abandoned / Unverified Plug,https://wellwiki.org/wiki/47-103-00783,,"4621560"
47-103-00787,103-00787,"37.0462224768942","-81",WV,"103",,"CHURCH, GEORGE",DIVERSIFIED PRODUCTION LLC,,,Unknown,Abandoned Well,Vertical,Orphaned / Abandoned / Unverified Plug,https://wellwiki.org/wiki/47-103-00787,,"4621561"
47-103-00792,103-00792,"39.451742074718354","-80.52188106966757",WV,"103",,"MANION, MIKE",DIVERSIFIED PRODUCTION LLC,,,Unknown,Abandoned Well,Vertical,Orphaned / Abandoned / Unverified Plug,https://wellwiki.org/wiki/47-103-00792,,"4621562"
47-103-00793,103-00793,"37.0462224768942","-81",WV,"103",,SMITH & DYE,DIVERSIFIED PRODUCTION LLC,,,Unknown,Abandoned Well,Vertical,Orphaned / Abandoned / Unverified Plug,https://wellwiki.org/wiki/47-103-00793,,"4621563"
47-103-00798,103-00798,"39.55648551669953","-80.55237802639427",WV,"103",,M. BARR,DIVERSIFIED PRODUCTION LLC,,,Gas Production,Abandoned Well,Vertical,Orphaned / Abandoned / Unverified Plug,https://wellwiki.org/wiki/47-103-00798,,"4621564"
47-103-00823,103-00823,"37.0462224768942","-81",WV,"103",,"HAUGHT, J. R.",DIVERSIFIED PRODUCTION LLC,,,Unknown,Abandoned Well,Vertical,Orphaned / Abandoned / Unverified Plug,https://wellwiki.org/wiki/47-103-00823,,"4621565"
47-103-00833,103-00833,"39.60194130830306","-80.6019212254053",WV,"103",,"DULANEY, HARLEY","EQUITRANS, L. P.",,,Not Available,Plugged,Vertical,Plugged,https://wellwiki.org/wiki/47-103-00833,,"4621566"
47-103-00835,103-00835,"39.52766956141896","-80.65535521889149",WV,"103",,"MILLS, JOHN",DIVERSIFIED PRODUCTION LLC,,,Unknown,Abandoned Well,Vertical,Orphaned / Abandoned / Unverified Plug,https://wellwiki.org/wiki/47-103-00835,,"4621567"
47-103-00836,103-00836,"39.551630876495985","-80.59570043743548",WV,"103",,COASTAL LUMBER COMPANY,"EQUITRANS, L. P.",,,Not Available,Plugged,Vertical,Plugged,https://wellwiki.org/wiki/47-103-00836,,"4621568"
47-103-00837,103-00837,"39.57876832503795","-80.7132109912902",WV,"103",,"HARRISON, KEVIN JAMES","EQUITRANS, L. P.",,,Not Available,Plugged,Vertical,Plugged,https://wellwiki.org/wiki/47-103-00837,,"4621569"
47-103-00838,103-00838,"39.59199072770731","-80.60656346776817",WV,"103",,LAVELLE,DIVERSIFIED PRODUCTION LLC,,,Unknown,Abandoned Well,Vertical,Orphaned / Abandoned / Unverified Plug,https://wellwiki.org/wiki/47-103-00838,,"4621570"
47-105-01338,105-01338,"38.99180860327569","-81.4503040804797",WV,"105",,WESTVACO,"EXCO RESOURCES (WV), INC.",,,Unknown,Never Drilled,Vertical,Not Drilled,https://wellwiki.org/wiki/47-105-01338,,"4621571"
47-001-03349,001-03349,"39.1218633584334","-80.08324081877146",WV,"001",,"MURPHY, BRIAN E. & LISA L.",DIVERSIFIED PRODUCTION LLC,,,Gas Production,Abandoned Well,Horizontal 6A,Orphaned / Abandoned / Unverified Plug,https://wellwiki.org/wiki/47-001-03349,,"4621572"
47-001-03352,001-03352,"39.12172128742836","-80.08334792894402",WV,"001",,"MURPHY, BRIAN E. & LISA L.",DIVERSIFIED PRODUCTION LLC,,,Gas Production,Abandoned Well,Horizontal 6A,Orphaned / Abandoned / Unverified Plug,https://wellwiki.org/wiki/47-001-03352,,"4621573"
47-105-00160,105-00160,"39.020501399280654","-81.18972633221999",WV,"105",,M. RICHTER HEIRS,RICHTER OIL/BUSCH,,,Unknown,Abandoned Well,Vertical,Orphaned / Abandoned / Unverified Plug,https://wellwiki.org/wiki/47-105-00160,,"4621574"
47-105-00218,105-00218,"38.98183985068908","-81.42766269969826",WV,"105",,"SMITH, A. CARTER",BLAZER ENERGY CORP.,,,Unknown,Plugged,Vertical,Plugged,https://wellwiki.org/wiki/47-105-00218,,"4621575"
47-105-00334,105-00334,"38.95320783386362","-81.49436319993637",WV,"105",,"WATKINS, FRANK","LAW, DAVID",,,Unknown,Abandoned Well,Vertical,Orphaned / Abandoned / Unverified Plug,https://wellwiki.org/wiki/47-105-00334,,"4621576"
47-105-00338,105-00338,"38.95329177433351","-81.49516044235592",WV,"105",,"WATKINS, FRANK","LAW, DAVID",,,Unknown,Plugged,Vertical,Plugged,https://wellwiki.org/wiki/47-105-00338,,"4621577"
47-105-00355,105-00355,"38.956344967338154","-81.5415890757558",WV,"105",,"PALMER, LINDSEY","LAW, DAVID",,,Unknown,Plugged,Vertical,Plugged,https://wellwiki.org/wiki/47-105-00355,,"4621578"
47-105-00362,105-00362,"38.951507853721324","-81.54096831378017",WV,"105",,"WILKINSON, R.L.","LAW, DAVID",,,Unknown,Plugged,Vertical,Plugged,https://wellwiki.org/wiki/47-105-00362,,"4621579"
47-105-00363,105-00363,"38.95639510541002","-81.54088197851625",WV,"105",,"PALMER, LINDSEY",R & A PRODUCTION DBA/R LYNCH & A ENGELKE,,,Unknown,Never Drilled,Vertical,Not Drilled,https://wellwiki.org/wiki/47-105-00363,,"4621580"
47-105-80001,105-80001,"37.0462224768942","-81",WV,"105",,,OPERATOR UNKNOWN,,,Not Available,Abandoned Well,Vertical,Orphaned / Abandoned / Unverified Plug,https://wellwiki.org/wiki/47-105-80001,,"4621581"
47-105-80003,105-80003,"37.0462224768942","-81",WV,"105",,,OPERATOR UNKNOWN,,,Not Available,Abandoned Well,Vertical,Orphaned / Abandoned / Unverified Plug,https://wellwiki.org/wiki/47-105-80003,,"4621582"
47-105-80004,105-80004,"37.0462224768942","-81",WV,"105",,Grow,OPERATOR UNKNOWN,,,Not Available,Abandoned Well,Vertical,Orphaned / Abandoned / Unverified Plug,https://wellwiki.org/wiki/47-105-80004,,"4621583"
47-105-80005,105-80005,"37.0462224768942","-81",WV,"105",,Grow,OPERATOR UNKNOWN,,,Not Available,Abandoned Well,Vertical,Orphaned / Abandoned / Unverified Plug,https://wellwiki.org/wiki/47-105-80005,,"4621584"
47-105-80006,105-80006,"37.0462224768942","-81",WV,"105",,Grow,OPERATOR UNKNOWN,,,Not Available,Abandoned Well,Vertical,Orphaned / Abandoned / Unverified Plug,https://wellwiki.org/wiki/47-105-80006,,"4621585"
47-105-80007,105-80007,"37.0462224768942","-81",WV,"105",,Grow,OPERATOR UNKNOWN,,,Not Available,Abandoned Well,Vertical,Orphaned / Abandoned / Unverified Plug,https://wellwiki.org/wiki/47-105-80007,,"4621586"
47-105-80008,105-80008,"37.0462224768942","-81",WV,"105",,Grow/Lockhart,OPERATOR UNKNOWN,,,Not Available,Abandoned Well,Vertical,Orphaned / Abandoned / Unverified Plug,https://wellwiki.org/wiki/47-105-80008,,"4621587"
47-105-80009,105-80009,"37.0462224768942","-81",WV,"105",,Grow,OPERATOR UNKNOWN,,,Not Available,Abandoned Well,Vertical,Orphaned / Abandoned / Unverified Plug,https://wellwiki.org/wiki/47-105-80009,,"4621588"
47-105-00382,105-00382,"38.94927218864789","-81.53568211008854",WV,"105",,"WILKINSON, R.L.","LAW, DAVID",,,Unknown,Plugged,Vertical,Plugged,https://wellwiki.org/wiki/47-105-00382,,"4621618"
47-105-80010,105-80010,"37.0462224768942","-81",WV,"105",,Grow,OPERATOR UNKNOWN,,,Not Available,Abandoned Well,Vertical,Orphaned / Abandoned / Unverified Plug,https://wellwiki.org/wiki/47-105-80010,,"4621589"
47-105-80012,105-80012,"37.0462224768942","-81",WV,"105",,Grow,OPERATOR UNKNOWN,,,Not Available,Abandoned Well,Vertical,Orphaned / Abandoned / Unverified Plug,https://wellwiki.org/wiki/47-105-80012,,"4621590"
47-105-80013,105-80013,"37.0462224768942","-81",WV,"105",,Grow,OPERATOR UNKNOWN,,,Not Available,Abandoned Well,Vertical,Orphaned / Abandoned / Unverified Plug,https://wellwiki.org/wiki/47-105-80013,,"4621591"
47-105-80015,105-80015,"37.0462224768942","-81",WV,"105",,Bell,OPERATOR UNKNOWN,,,Not Available,Abandoned Well,Vertical,Orphaned / Abandoned / Unverified Plug,https://wellwiki.org/wiki/47-105-80015,,"4621592"
47-107-80453,107-80453,"39.329202998331056","-81.37145032157686",WV,"107",,WINGROVE,OPERATOR UNKNOWN,,,Not Available,Abandoned Well,Vertical,Orphaned / Abandoned / Unverified Plug,https://wellwiki.org/wiki/47-107-80453,,"4621593"
47-107-80454,107-80454,"37.0462224768942","-81",WV,"107",,WINGROVE,OPERATOR UNKNOWN,,,Not Available,Abandoned Well,Vertical,Orphaned / Abandoned / Unverified Plug,https://wellwiki.org/wiki/47-107-80454,,"4621594"
47-105-00885,105-00885,"38.97324441840891","-81.31338832159734",WV,"105",,"O'BRIEN, DENNIS",GREAT WESTERN DRILLING INC,,,Unknown,Never Drilled,Vertical,Not Drilled,https://wellwiki.org/wiki/47-105-00885,,"4621595"
47-105-01090,105-01090,"39.0830846882304","-81.37594547510264",WV,"105",,"CALE, CLYDE",ALAN GABLE OIL DEVELOPMENT COMPANY,,,Unknown,Never Drilled,Vertical,Not Drilled,https://wellwiki.org/wiki/47-105-01090,,"4621596"
47-105-01092,105-01092,"37.0462224768942","-81",WV,"105",,"BUMGARNER, ROY, ET AL",ALAN GABLE OIL DEVELOPMENT COMPANY,,,Unknown,Never Drilled,Vertical,Not Drilled,https://wellwiki.org/wiki/47-105-01092,,"4621597"
47-105-01098,105-01098,"37.0462224768942","-81",WV,"105",,"BUMGARNER, PAUL & JOHN",ALAN GABLE OIL DEVELOPMENT COMPANY,,,Unknown,Never Drilled,Vertical,Not Drilled,https://wellwiki.org/wiki/47-105-01098,,"4621598"
47-105-01107,105-01107,"39.10223395645713","-81.38934893751811",WV,"105",,"NOBLE, HAROLD",ALAN GABLE OIL DEVELOPMENT COMPANY,,,Unknown,Never Drilled,Vertical,Not Drilled,https://wellwiki.org/wiki/47-105-01107,,"4621599"
47-105-01148,105-01148,"38.99529184439359","-81.29106128456642",WV,"105",,"KIRBY, FRED W.","H. D. WELLS OIL & GAS EXPLORATION AND DEVELOPMENT, INC.",,,Not Available,Plugged,Vertical,Plugged,https://wellwiki.org/wiki/47-105-01148,,"4621600"
47-107-00567,107-00567,"39.34617767814262","-81.49994871036496",WV,"107",,"BROOKOVER, JAMES",BIG D INDUSTRIAL EQUIPMENT INC,,,Not Available,Plugged,Vertical,Plugged,https://wellwiki.org/wiki/47-107-00567,,"4621601"
47-105-01176,105-01176,"39.0085103961198","-81.29931926991341",WV,"105",,"REYNOLDS, CHARLES","H. D. WELLS OIL & GAS EXPLORATION AND DEVELOPMENT, INC.",,,Not Available,Plugged,Vertical,Plugged,https://wellwiki.org/wiki/47-105-01176,,"4621602"
47-103-00181,103-00181,"39.696125954977134","-80.62045551074812",WV,"103",,"MILLER, ESTEL","HOPE GAS, INC.",,,Unknown,Plugged,Vertical,Plugged,https://wellwiki.org/wiki/47-103-00181,,"4621603"
47-105-01196,105-01196,"39.00691403973395","-81.29094836842964",WV,"105",,"FLORENCE, JOHN","DURST OIL & GAS, INC.",,,Gas Production,Abandoned Well,Vertical,Orphaned / Abandoned / Unverified Plug,https://wellwiki.org/wiki/47-105-01196,,"4621604"
47-103-01797,103-01797,"39.63220411526103","-80.67379970762256",WV,"103",,"WEST, MORRIS",CHISLER BROTHERS CONTRACTING LIMITED LIABILITY COMPANY,,,Not Available,Abandoned Well,Vertical,Orphaned / Abandoned / Unverified Plug,https://wellwiki.org/wiki/47-103-01797,,"4621605"
47-001-01008,001-01008,"39.20111835843923","-80.19425255634262",WV,"001",,"BRANNON, MARGARET",WV MINERAL GROUP LLC,,,Unknown,Abandoned Well,Vertical,Orphaned / Abandoned / Unverified Plug,https://wellwiki.org/wiki/47-001-01008,,"4621606"
47-001-01012,001-01012,"39.23456493491272","-80.05507168371867",WV,"001",,"YOUNG, E. L.",WV MINERAL GROUP LLC,,,Unknown,Abandoned Well,Vertical,Orphaned / Abandoned / Unverified Plug,https://wellwiki.org/wiki/47-001-01012,,"4621607"
47-001-01027,001-01027,"39.19690825855039","-80.0666158376045",WV,"001",,"McKEEN, MINNIE",WV MINERAL GROUP LLC,,,Gas Production,Abandoned Well,Vertical,Orphaned / Abandoned / Unverified Plug,https://wellwiki.org/wiki/47-001-01027,,"4621608"
47-001-01029,001-01029,"39.21745083322835","-80.00244613546229",WV,"001",,HALL-MITCHELL,WV MINERAL GROUP LLC,,,Gas Production,Abandoned Well,Vertical,Orphaned / Abandoned / Unverified Plug,https://wellwiki.org/wiki/47-001-01029,,"4621609"
47-001-01044,001-01044,"37.0462224768942","-81",WV,"001",,"HILLYARD, H.",BEREA OIL & GAS CORP.,,,Unknown,Never Drilled,Vertical,Not Drilled,https://wellwiki.org/wiki/47-001-01044,,"4621610"
47-001-01045,001-01045,"39.206121871022184","-80.07090771938252",WV,"001",,"SAYERS, E.",WV MINERAL GROUP LLC,,,Gas Production,Abandoned Well,Vertical,Orphaned / Abandoned / Unverified Plug,https://wellwiki.org/wiki/47-001-01045,,"4621611"
47-001-01051,001-01051,"37.0462224768942","-81",WV,"001",,"WATSON, HENRY",BEREA OIL & GAS CORP.,,,Unknown,Never Drilled,Vertical,Not Drilled,https://wellwiki.org/wiki/47-001-01051,,"4621612"
47-001-01056,001-01056,"37.0462224768942","-81",WV,"001",,"GRIFFITH, AL",BEREA OIL & GAS CORP.,,,Unknown,Never Drilled,Vertical,Not Drilled,https://wellwiki.org/wiki/47-001-01056,,"4621613"
47-001-01084,001-01084,"39.098849017778846","-80.11596548001607",WV,"001",,"WHITE, VIRGIL&MAUDE BROWN",WV MINERAL GROUP LLC,,,Gas Production,Abandoned Well,Vertical,Orphaned / Abandoned / Unverified Plug,https://wellwiki.org/wiki/47-001-01084,,"4621614"
47-103-01710,103-01710,"39.61073489281185","-80.64572336750815",WV,"103",,DALLISON LUMBER COMPANY,"HG ENERGY, LLC",,,Fluid Injection,Plugged,Vertical,Plugged,https://wellwiki.org/wiki/47-103-01710,,"4621615"
47-103-02525,103-02525,"39.58879923448045","-80.77660636158242",WV,"103",,"WILLEY, BERNARD & CAROLYN",EQT PRODUCTION COMPANY,,,Unknown,Abandoned Well,Vertical,Orphaned / Abandoned / Unverified Plug,https://wellwiki.org/wiki/47-103-02525,,"4621616"
47-103-02526,103-02526,"39.60561909349094","-80.78193049686425",WV,"103",,"LEASURE, DELBERT & RUTH",EQT PRODUCTION COMPANY,,,Unknown,Plugged,Vertical,Plugged,https://wellwiki.org/wiki/47-103-02526,,"4621617"
47-105-00390,105-00390,"38.95823523021622","-81.53403105109314",WV,"105",,"KITTLE, DELBERT","PURSLEY, AYWARD A",,,Not Available,Plugged,Vertical,Plugged,https://wellwiki.org/wiki/47-105-00390,,"4621619"
47-105-00416,105-00416,"38.97230306154182","-81.23683542505559",WV,"105",,"BLAIR, EVELYN H.",D & R ENERGY,,,Gas Production,Abandoned Well,Vertical,Orphaned / Abandoned / Unverified Plug,https://wellwiki.org/wiki/47-105-00416,,"4621620"
47-105-00444,105-00444,"38.95125759646755","-81.52211397356494",WV,"105",,"FULL, LEWIS H.",R & A PRODUCTION DBA/R LYNCH & A ENGELKE,,,Oil Production,Abandoned Well,Vertical,Orphaned / Abandoned / Unverified Plug,https://wellwiki.org/wiki/47-105-00444,,"4621621"
47-105-00465,105-00465,"38.96930983416236","-81.517501002794",WV,"105",,"ENOCH, DUSTIN","PURSLEY, AYWARD A",,,Not Available,Plugged,Vertical,Plugged,https://wellwiki.org/wiki/47-105-00465,,"4621622"
47-105-00528,105-00528,"39.018202004857564","-81.19624903305743",WV,"105",,"RICHTER, M. - HEIRS",RICHTER OIL/BUSCH,,,Unknown,Abandoned Well,Vertical,Orphaned / Abandoned / Unverified Plug,https://wellwiki.org/wiki/47-105-00528,,"4621623"
47-107-80455,107-80455,"37.0462224768942","-81",WV,"107",,WINGROVE,OPERATOR UNKNOWN,,,Not Available,Abandoned Well,Vertical,Orphaned / Abandoned / Unverified Plug,https://wellwiki.org/wiki/47-107-80455,,"4621624"
47-107-80456,107-80456,"37.0462224768942","-81",WV,"107",,"BUNTING, STERLING R.",OPERATOR UNKNOWN,,,Not Available,Abandoned Well,Vertical,Orphaned / Abandoned / Unverified Plug,https://wellwiki.org/wiki/47-107-80456,,"4621625"
47-107-80457,107-80457,"37.0462224768942","-81",WV,"107",,"BUNTING, STERLING R.",OPERATOR UNKNOWN,,,Not Available,Abandoned Well,Vertical,Orphaned / Abandoned / Unverified Plug,https://wellwiki.org/wiki/47-107-80457,,"4621626"
47-107-80458,107-80458,"37.0462224768942","-81",WV,"107",,"BUNTING, STERLING R.",OPERATOR UNKNOWN,,,Not Available,Abandoned Well,Vertical,Orphaned / Abandoned / Unverified Plug,https://wellwiki.org/wiki/47-107-80458,,"4621627"
47-107-80459,107-80459,"37.0462224768942","-81",WV,"107",,"BUNTING, STERLING R.",OPERATOR UNKNOWN,,,Not Available,Abandoned Well,Vertical,Orphaned / Abandoned / Unverified Plug,https://wellwiki.org/wiki/47-107-80459,,"4621628"
47-107-80460,107-80460,"37.0462224768942","-81",WV,"107",,"BUNTING, STERLING R.",OPERATOR UNKNOWN,,,Not Available,Abandoned Well,Vertical,Orphaned / Abandoned / Unverified Plug,https://wellwiki.org/wiki/47-107-80460,,"4621629"
47-107-80461,107-80461,"37.0462224768942","-81",WV,"107",,"BUNTING, STERLING R.",OPERATOR UNKNOWN,,,Not Available,Abandoned Well,Vertical,Orphaned / Abandoned / Unverified Plug,https://wellwiki.org/wiki/47-107-80461,,"4621630"
47-107-80463,107-80463,"37.0462224768942","-81",WV,"107",,CARR CONCRETE,OPERATOR UNKNOWN,,,Not Available,Abandoned Well,Vertical,Orphaned / Abandoned / Unverified Plug,https://wellwiki.org/wiki/47-107-80463,,"4621631"
47-107-80464,107-80464,"37.0462224768942","-81",WV,"107",,CARR CONCRETE,OPERATOR UNKNOWN,,,Not Available,Abandoned Well,Vertical,Orphaned / Abandoned / Unverified Plug,https://wellwiki.org/wiki/47-107-80464,,"4621632"
47-107-80645,107-80645,"39.37168564898363","-81.49901839980835",WV,"107",,U. S. FISH & WILDLIFE,OPERATOR UNKNOWN,,,Not Available,Abandoned Well,Vertical,Orphaned / Abandoned / Unverified Plug,https://wellwiki.org/wiki/47-107-80645,,"4621633"
47-107-80646,107-80646,"39.372121184639894","-81.4983133259529",WV,"107",,U. S. FISH & WILDLIFE,OPERATOR UNKNOWN,,,Not Available,Abandoned Well,Vertical,Orphaned / Abandoned / Unverified Plug,https://wellwiki.org/wiki/47-107-80646,,"4621634"
47-107-80647,107-80647,"39.3663284874431","-81.50845276748211",WV,"107",,U. S. FISH & WILDLIFE,OPERATOR UNKNOWN,,,Not Available,Abandoned Well,Vertical,Orphaned / Abandoned / Unverified Plug,https://wellwiki.org/wiki/47-107-80647,,"4621635"
47-107-80648,107-80648,"39.366816521193364","-81.50811965913508",WV,"107",,U. S. FISH & WILDLIFE,OPERATOR UNKNOWN,,,Not Available,Abandoned Well,Vertical,Orphaned / Abandoned / Unverified Plug,https://wellwiki.org/wiki/47-107-80648,,"4621636"
47-107-80650,107-80650,"39.36479706646082","-81.51246970674363",WV,"107",,U. S. FISH & WILDLIFE,OPERATOR UNKNOWN,,,Not Available,Abandoned Well,Vertical,Orphaned / Abandoned / Unverified Plug,https://wellwiki.org/wiki/47-107-80650,,"4621637"
47-107-80651,107-80651,"39.36740103322142","-81.50839089357592",WV,"107",,U. S. FISH & WILDLIFE,OPERATOR UNKNOWN,,,Not Available,Abandoned Well,Vertical,Orphaned / Abandoned / Unverified Plug,https://wellwiki.org/wiki/47-107-80651,,"4621638"
47-103-01848,103-01848,"39.491820862896226","-80.48674784476",WV,"103",,"KOCHER, MARY",CONSOLIDATION COAL COMPANY,,,Not Available,Plugged,Vertical,Plugged,https://wellwiki.org/wiki/47-103-01848,,"4621639"
47-107-80652,107-80652,"39.367882031965294","-81.50760498919824",WV,"107",,U. S. FISH & WILDLIFE,OPERATOR UNKNOWN,,,Not Available,Abandoned Well,Vertical,Orphaned / Abandoned / Unverified Plug,https://wellwiki.org/wiki/47-107-80652,,"4621640"
47-107-80653,107-80653,"39.368543992315495","-81.50664624992785",WV,"107",,U. S. FISH & WILDLIFE,OPERATOR UNKNOWN,,,Not Available,Abandoned Well,Vertical,Orphaned / Abandoned / Unverified Plug,https://wellwiki.org/wiki/47-107-80653,,"4621641"
47-107-80654,107-80654,"39.369070687422386","-81.50570973475367",WV,"107",,U. S. FISH & WILDLIFE,OPERATOR UNKNOWN,,,Not Available,Abandoned Well,Vertical,Orphaned / Abandoned / Unverified Plug,https://wellwiki.org/wiki/47-107-80654,,"4621642"
47-107-80655,107-80655,"39.367365090657295","-81.50630108091906",WV,"107",,US FISH & WILDLIFE,OPERATOR UNKNOWN,,,Not Available,Abandoned Well,Vertical,Orphaned / Abandoned / Unverified Plug,https://wellwiki.org/wiki/47-107-80655,,"4621643"
47-107-80656,107-80656,"39.36869945127846","-81.50404699226186",WV,"107",,US FISH & WILDLIFE,OPERATOR UNKNOWN,,,Not Available,Abandoned Well,Vertical,Orphaned / Abandoned / Unverified Plug,https://wellwiki.org/wiki/47-107-80656,,"4621644"
47-107-90745,107-90745,"39.32385603888321","-81.40129580689691",WV,"107",,ANDERSON,OPERATOR UNKNOWN,,,Unknown,Plugged,Vertical,Plugged,https://wellwiki.org/wiki/47-107-90745,,"4621645"
47-107-90746,107-90746,"37.0462224768942","-81",WV,"107",,ANDERSON,OPERATOR UNKNOWN,,,Unknown,Plugged,Vertical,Plugged,https://wellwiki.org/wiki/47-107-90746,,"4621646"
34-121-61083,"61083","39.68877907","-81.39717406",OH,,, ,,,,UN_R,unknown,,Other / Unknown,https://wellwiki.org/wiki/34-121-61083,,"586947"
47-107-91170,107-91170,"39.228885811998246","-81.43178926622136",WV,"107",,Avington,OPERATOR UNKNOWN,,,Not Available,Abandoned Well,Vertical,Orphaned / Abandoned / Unverified Plug,https://wellwiki.org/wiki/47-107-91170,,"4621647"
47-109-00006,109-00006,"37.709909425181245","-81.44587912369948",WV,"109",,GEORGIA PACIFIC CORP.,PENN VIRGINIA OIL AND GAS CORPORATION,,,Not Available,Plugged,Vertical,Plugged,https://wellwiki.org/wiki/47-109-00006,,"4621648"
47-109-00007,109-00007,"37.69465827822855","-81.4722133465907",WV,"109",,GEORGIA PACIFIC CORP.,PENN VIRGINIA OIL AND GAS CORPORATION,,,Unknown,Plugged,Vertical,Plugged,https://wellwiki.org/wiki/47-109-00007,,"4621649"
47-109-00013,109-00013,"37.68159456641167","-81.57416789615036",WV,"109",,WATTS LAND CO.,OPERATOR UNKNOWN,,,Not Available,Plugged,Vertical,Plugged,https://wellwiki.org/wiki/47-109-00013,,"4621650"
47-109-00016,109-00016,"37.53829399088619","-81.75293300024708",WV,"109",,"GILBERT, JOHN--TRUSTEE",OPERATOR UNKNOWN,,,Not Available,Plugged,Vertical,Plugged,https://wellwiki.org/wiki/47-109-00016,,"4621651"
47-109-00017,109-00017,"37.60972746012442","-81.54513938659706",WV,"109",,"SHARP, C.C., ET AL",OPERATOR UNKNOWN,,,Not Available,Plugged,Vertical,Plugged,https://wellwiki.org/wiki/47-109-00017,,"4621652"
47-109-00020,109-00020,"37.71368101310696","-81.57763646763868",WV,"109",,WATTS LAND CO.,OPERATOR UNKNOWN,,,Not Available,Plugged,Vertical,Plugged,https://wellwiki.org/wiki/47-109-00020,,"4621653"
47-109-00021,109-00021,"37.53553777268016","-81.65963524932044",WV,"109",,"GILBERT, JOHN--TRUSTEE",OPERATOR UNKNOWN,,,Not Available,Plugged,Vertical,Plugged,https://wellwiki.org/wiki/47-109-00021,,"4621654"
47-001-02186,001-02186,"39.21487710987496","-79.90805133993672",WV,"001",,"BONER, JOHN A.",SWIFT ENERGY COMPANY,,,Not Available,Never Drilled,Vertical,Not Drilled,https://wellwiki.org/wiki/47-001-02186,,"4621655"
47-001-02219,001-02219,"39.100427920849995","-79.92762430643417",WV,"001",,"SCOTT, JOY L.","ROSS AND WHARTON GAS COMPANY, INC.",,,House Gas,Abandoned Well,Vertical,Orphaned / Abandoned / Unverified Plug,https://wellwiki.org/wiki/47-001-02219,,"4621656"
47-105-01086,105-01086,"39.042362721792216","-81.33991254612897",WV,"105",,WV PULP & PAPER,CABOT OIL & GAS CORPORATION,,,Not Available,Plugged,Vertical,Plugged,https://wellwiki.org/wiki/47-105-01086,,"4621657"
47-105-01133,105-01133,"39.12900868388873","-81.38546217147734",WV,"105",,"EXLINE, R. W.",FRAZIER OIL & GAS LLC,,,Gas Production,Abandoned Well,Vertical,Orphaned / Abandoned / Unverified Plug,https://wellwiki.org/wiki/47-105-01133,,"4621658"
47-105-01141,105-01141,"39.10621061086566","-81.37800300185056",WV,"105",,"REYNOLDS, SIMON P.",FRAZIER OIL & GAS LLC,,,Gas Production,Abandoned Well,Vertical,Orphaned / Abandoned / Unverified Plug,https://wellwiki.org/wiki/47-105-01141,,"4621659"
47-105-01165,105-01165,"39.03129802143938","-81.19198733527598",WV,"105",,"HAUGHT, N. W.","PERKINS OIL AND GAS, INC.",,,Not Available,Plugged,Vertical,Plugged,https://wellwiki.org/wiki/47-105-01165,,"4621660"
47-105-01166,105-01166,"39.02566846640486","-81.17474023865843",WV,"105",,"BUSCH, NOBE","PERKINS OIL AND GAS, INC.",,,Not Available,Never Drilled,Vertical,Not Drilled,https://wellwiki.org/wiki/47-105-01166,,"4621661"
47-105-01167,105-01167,"39.105775470845344","-81.39027990719126",WV,"105",,"MASON, LEO",FRAZIER OIL & GAS LLC,,,Gas Production,Abandoned Well,Vertical,Orphaned / Abandoned / Unverified Plug,https://wellwiki.org/wiki/47-105-01167,,"4621662"
47-105-01253,105-01253,"39.027315719521305","-81.54386732281351",WV,"105",,"BOICE, RICHARD","EXCO RESOURCES (WV), INC.",,,Unknown,Never Drilled,Vertical,Not Drilled,https://wellwiki.org/wiki/47-105-01253,,"4621663"
47-105-01336,105-01336,"38.955222025927526","-81.46356168219354",WV,"105",,"MARSHALL, KENNETH","EXCO RESOURCES (WV), INC.",,,Unknown,Never Drilled,Vertical,Not Drilled,https://wellwiki.org/wiki/47-105-01336,,"4621664"
47-001-00084,001-00084,"39.063694349560336","-80.02528503205461",WV,"001",,"SHOCKEY, OTTO, ETAL",CABOT OIL & GAS CORPORATION,,,Not Available,Plugged,Vertical,Plugged,https://wellwiki.org/wiki/47-001-00084,,"4621665"
47-001-00085,001-00085,"39.23035802342905","-79.97732741233514",WV,"001",,"McVICKERS, NAOMI",CABOT OIL & GAS CORPORATION,,,Not Available,Plugged,Vertical,Plugged,https://wellwiki.org/wiki/47-001-00085,,"4621666"
47-109-00030,109-00030,"37.597390925043186","-81.53207984145352",WV,"109",,"SHANNON, EDNA",OPERATOR UNKNOWN,,,Not Available,Plugged,Vertical,Plugged,https://wellwiki.org/wiki/47-109-00030,,"4621667"
47-109-00034,109-00034,"37.54469299917898","-81.66200369202052",WV,"109",,"GILBERT, JOHN",OPERATOR UNKNOWN,,,Not Available,Plugged,Vertical,Plugged,https://wellwiki.org/wiki/47-109-00034,,"4621668"
47-109-00047,109-00047,"37.63325335005679","-81.47841950387554",WV,"109",,POCAHONTAS LAND CORP.,OPERATOR UNKNOWN,,,Not Available,Plugged,Vertical,Plugged,https://wellwiki.org/wiki/47-109-00047,,"4621669"
47-109-00060,109-00060,"37.620469023331765","-81.45767322493688",WV,"109",,POCAHONTAS LAND CORP.,OPERATOR UNKNOWN,,,Not Available,Plugged,Vertical,Plugged,https://wellwiki.org/wiki/47-109-00060,,"4621670"
47-109-00067,109-00067,"37.57764126110028","-81.53554178615565",WV,"109",,POCAHONTAS LAND CORP.,OPERATOR UNKNOWN,,,Not Available,Plugged,Vertical,Plugged,https://wellwiki.org/wiki/47-109-00067,,"4621671"
47-109-00082,109-00082,"37.616986113850004","-81.43726496035649",WV,"109",,POCAHONTAS LAND CORP.,OPERATOR UNKNOWN,,,Not Available,Plugged,Vertical,Plugged,https://wellwiki.org/wiki/47-109-00082,,"4621672"
47-109-00085,109-00085,"37.633252889143876","-81.46819889722595",WV,"109",,POCAHONTAS LAND CORP.,OPERATOR UNKNOWN,,,Not Available,Plugged,Vertical,Plugged,https://wellwiki.org/wiki/47-109-00085,,"4621673"
47-103-01847,103-01847,"39.492537762796246","-80.48544821990627",WV,"103",,"KOCHER, MARY",CONSOLIDATION COAL COMPANY,,,Not Available,Abandoned Well,Vertical,Orphaned / Abandoned / Unverified Plug,https://wellwiki.org/wiki/47-103-01847,,"4621674"
47-103-01850,103-01850,"39.49065042169244","-80.48451319790365",WV,"103",,"KOCHER, MARY",CONSOLIDATION COAL COMPANY,,,Not Available,Plugged,Vertical,Plugged,https://wellwiki.org/wiki/47-103-01850,,"4621675"
47-103-01851,103-01851,"39.48934432274404","-80.48339135273946",WV,"103",,"KOCHER, MARY",CONSOLIDATION COAL COMPANY,,,Not Available,Plugged,Vertical,Plugged,https://wellwiki.org/wiki/47-103-01851,,"4621676"
47-103-01852,103-01852,"39.48731278042551","-80.48488786206242",WV,"103",,"KOCHER,, MARY",CONSOLIDATION COAL COMPANY,,,Not Available,Plugged,Vertical,Plugged,https://wellwiki.org/wiki/47-103-01852,,"4621677"
47-103-01870,103-01870,"39.489053929105076","-80.4762847988206",WV,"103",,"LIGGETT, EVE MAE",CONSOLIDATION COAL COMPANY,,,Not Available,Plugged,Vertical,Plugged,https://wellwiki.org/wiki/47-103-01870,,"4621678"
47-103-01872,103-01872,"39.47990945131551","-80.52835886987793",WV,"103",,MICHAEL W. & ANGIE LEE COEN,CONSOLIDATION COAL COMPANY,,,Not Available,Plugged,Vertical,Plugged,https://wellwiki.org/wiki/47-103-01872,,"4621679"
47-103-01873,103-01873,"39.487602693341834","-80.47796787632629",WV,"103",,"KOCHER, MARY R.",CONSOLIDATION COAL COMPANY,,,Not Available,Plugged,Vertical,Plugged,https://wellwiki.org/wiki/47-103-01873,,"4621680"
47-103-01876,103-01876,"39.49065043366126","-80.48208271679601",WV,"103",,"JOHN, JOSEPH E.",CONSOLIDATION COAL COMPANY,,,Not Available,Plugged,Vertical,Plugged,https://wellwiki.org/wiki/47-103-01876,,"4621681"
47-103-01880,103-01880,"39.489273624354354","-80.48137496539572",WV,"103",,"KOCHER, MARY R.",CONSOLIDATION COAL COMPANY,,,Not Available,Abandoned Well,Vertical,Orphaned / Abandoned / Unverified Plug,https://wellwiki.org/wiki/47-103-01880,,"4621682"
47-103-01881,103-01881,"39.48925724611082","-80.48139985655106",WV,"103",,"KOCHER, MARY R.",CONSOLIDATION COAL COMPANY,,,Not Available,Abandoned Well,Vertical,Orphaned / Abandoned / Unverified Plug,https://wellwiki.org/wiki/47-103-01881,,"4621683"
47-103-01892,103-01892,"39.49311821774987","-80.4774067891063",WV,"103",,"LIGGETT, EVA MAE",CONSOLIDATION COAL COMPANY,,,Not Available,Abandoned Well,Vertical,Orphaned / Abandoned / Unverified Plug,https://wellwiki.org/wiki/47-103-01892,,"4621684"
47-103-01893,103-01893,"39.49369839144379","-80.48039939369421",WV,"103",,"HADOX, ROBERT BRUCE",CONSOLIDATION COAL COMPANY,,,Not Available,Abandoned Well,Vertical,Orphaned / Abandoned / Unverified Plug,https://wellwiki.org/wiki/47-103-01893,,"4621685"
47-103-01894,103-01894,"39.492392676401124","-80.47516309840512",WV,"103",,"LIGGETT, EVE MAE",CONSOLIDATION COAL COMPANY,,,Not Available,Abandoned Well,Vertical,Orphaned / Abandoned / Unverified Plug,https://wellwiki.org/wiki/47-103-01894,,"4621686"
47-013-00902,013-00902,"38.85263420806235","-81.06407433633676",WV,"013",,"LYNN, R. G.","YOAK, CREDE",,,Unknown,Never Drilled,Vertical,Not Drilled,https://wellwiki.org/wiki/47-013-00902,,"4621687"
47-103-01895,103-01895,"39.49123147479791","-80.47721972962132",WV,"103",,"LIGGETT, EVE MAE",CONSOLIDATION COAL COMPANY,,,Not Available,Abandoned Well,Vertical,Orphaned / Abandoned / Unverified Plug,https://wellwiki.org/wiki/47-103-01895,,"4621688"
47-109-00235,109-00235,"37.528715916495784","-81.6712357174628",WV,"109",,JOHN GILBERT TRACT,OPERATOR UNKNOWN,,,Not Available,Plugged,Vertical,Plugged,https://wellwiki.org/wiki/47-109-00235,,"4621689"
47-107-00559,107-00559,"39.322656533476014","-81.49496554571297",WV,"107",,"STRATTON, M.",OPERATOR UNKNOWN,,,Not Available,Plugged,Vertical,Plugged,https://wellwiki.org/wiki/47-107-00559,,"4621690"
47-107-00560,107-00560,"39.31305747319143","-81.49429588401847",WV,"107",,"DEARMAN, A. M.",OPERATOR UNKNOWN,,,Not Available,Plugged,Vertical,Plugged,https://wellwiki.org/wiki/47-107-00560,,"4621691"
47-073-00851,073-00851,"37.0462224768942","-81",WV,"073",,"LOUGH, CHESTER D.",KEY OIL CO.,,,Unknown,Never Drilled,Vertical,Not Drilled,https://wellwiki.org/wiki/47-073-00851,,"4621692"
47-107-00569,107-00569,"39.34823572970458","-81.52471780994595",WV,"107",,"PEBLER, DELBERT A.",BIG D INDUSTRIAL EQUIPMENT INC,,,Not Available,Plugged,Vertical,Plugged,https://wellwiki.org/wiki/47-107-00569,,"4621693"
47-107-00579,107-00579,"39.346229724779256","-81.4992012467946",WV,"107",,"FARNSWORTH, RHODA",OPERATOR UNKNOWN,,,Not Available,Never Drilled,Vertical,Not Drilled,https://wellwiki.org/wiki/47-107-00579,,"4621694"
47-107-00580,107-00580,"39.343619861340386","-81.4993666145062",WV,"107",,"BROOKOVER, HOWARD",OPERATOR UNKNOWN,,,Not Available,Never Drilled,Vertical,Not Drilled,https://wellwiki.org/wiki/47-107-00580,,"4621695"
47-107-00586,107-00586,"39.09208054764242","-81.54173076871719",WV,"107",,"POST, CHARLES D.",OPERATOR UNKNOWN,,,Not Available,Plugged,Vertical,Plugged,https://wellwiki.org/wiki/47-107-00586,,"4621696"
47-107-00587,107-00587,"37.0462224768942","-81",WV,"107",,DEEM-JOHNSON,OPERATOR UNKNOWN,,,Not Available,Abandoned Well,Vertical,Orphaned / Abandoned / Unverified Plug,https://wellwiki.org/wiki/47-107-00587,,"4621697"
47-107-00588,107-00588,"39.10710170112841","-81.71132108346998",WV,"107",,"MYERS, JESSIE B.",OPERATOR UNKNOWN,,,Not Available,Plugged,Vertical,Plugged,https://wellwiki.org/wiki/47-107-00588,,"4621698"
47-107-00589,107-00589,"39.08570044153982","-81.71895798374564",WV,"107",,"SHAVER, MABEL ET AL",OPERATOR UNKNOWN,,,Not Available,Plugged,Vertical,Plugged,https://wellwiki.org/wiki/47-107-00589,,"4621699"
47-107-00705,107-00705,"39.27195746745414","-81.29899707583485",WV,"107",,"PAYNE, EARL I.",OPERATOR UNKNOWN,,,Not Available,Abandoned Well,Vertical,Orphaned / Abandoned / Unverified Plug,https://wellwiki.org/wiki/47-107-00705,,"4621700"
47-001-00415,001-00415,"39.184583328067276","-80.10170246089776",WV,"001",,"LYONS, MORGAN & HILDA",HOUSTON EXPLORATION COMPANY,,,Not Available,Plugged,Vertical,Plugged,https://wellwiki.org/wiki/47-001-00415,,"4621701"
47-001-00476,001-00476,"39.05934081178773","-80.02416831952982",WV,"001",,"SHOCKEY, DARRIN & NINA","EXCO RESOURCES (WV), INC.",,,Not Available,Plugged,Vertical,Plugged,https://wellwiki.org/wiki/47-001-00476,,"4621702"
47-001-00629,001-00629,"39.060066705356526","-79.99924188174468",WV,"001",,"ALLEN, COLUMBUS F.","EXCO RESOURCES (WV), INC.",,,Not Available,Plugged,Vertical,Plugged,https://wellwiki.org/wiki/47-001-00629,,"4621703"
47-001-00756,001-00756,"39.19019874409648","-80.08157461617354",WV,"001",,"HEATHERLY, WAYNE","ALAMCO, INC.",,,Not Available,Plugged,Vertical,Plugged,https://wellwiki.org/wiki/47-001-00756,,"4621704"
47-001-00793,001-00793,"37.0462224768942","-81",WV,"001",,"MATKO, EDMUND",CHESTERFIELD ENERGY CORPORATION,,,Unknown,Never Drilled,Vertical,Not Drilled,https://wellwiki.org/wiki/47-001-00793,,"4621705"
47-001-00797,001-00797,"37.0462224768942","-81",WV,"001",,"HUDKINS, O. C.",FOSSIL PETROLEUM CORP.,,,Unknown,Never Drilled,Vertical,Not Drilled,https://wellwiki.org/wiki/47-001-00797,,"4621706"
47-001-00826,001-00826,"39.232419570856706","-80.04283423290548",WV,"001",,"COLE, A. J.","ALAMCO, INC.",,,Not Available,Plugged,Vertical,Plugged,https://wellwiki.org/wiki/47-001-00826,,"4621707"
47-001-00857,001-00857,"39.01980826843862","-80.0210155858791",WV,"001",,"KING, WILLIAM","SUDER, STONEY",,,Gas Production,Abandoned Well,Vertical,Orphaned / Abandoned / Unverified Plug,https://wellwiki.org/wiki/47-001-00857,,"4621708"
47-101-00011,101-00011,"38.42183142210281","-80.51901123036433",WV,"101",,"GIVEN, DEWEY",WV GAS CORP.,,,Unknown,Plugged,Vertical,Plugged,https://wellwiki.org/wiki/47-101-00011,,"4621709"
47-101-00068,101-00068,"38.583646619646494","-80.51533786731521",WV,"101",,"MATTOX, WILLIAM",CABOT OIL & GAS CORPORATION,,,Not Available,Plugged,Vertical,Plugged,https://wellwiki.org/wiki/47-101-00068,,"4621710"
47-103-02048,103-02048,"39.54098975507092","-80.47787106193546",WV,"103",,CONSOLIDATION COAL,CONSOLIDATION COAL COMPANY,,,Not Available,Plugged,Vertical,Plugged,https://wellwiki.org/wiki/47-103-02048,,"4621711"
47-103-02051,103-02051,"39.50112560927013","-80.47127261992816",WV,"103",,"DYSLE, LYNDA L.",CONSOLIDATION COAL COMPANY,,,Not Available,Plugged,Vertical,Plugged,https://wellwiki.org/wiki/47-103-02051,,"4621712"
47-103-02052,103-02052,"39.501138488680965","-80.46970840710854",WV,"103",,DYSLE. LYNDA L.,CONSOLIDATION COAL COMPANY,,,Not Available,Plugged,Vertical,Plugged,https://wellwiki.org/wiki/47-103-02052,,"4621713"
47-103-02058,103-02058,"39.503523153875214","-80.47354278196465",WV,"103",,"DYSLE, LYNDA L.",CONSOLIDATION COAL COMPANY,,,Not Available,Plugged,Vertical,Plugged,https://wellwiki.org/wiki/47-103-02058,,"4621714"
47-103-02065,103-02065,"39.505176410738656","-80.48474785688973",WV,"103",,CONSOLIDATION COAL CO.,CONSOLIDATION COAL COMPANY,,,Not Available,Plugged,Vertical,Plugged,https://wellwiki.org/wiki/47-103-02065,,"4621715"
47-103-02066,103-02066,"39.50386969723499","-80.48025154165586",WV,"103",,CONSOLIDATION COAL CO.,CONSOLIDATION COAL COMPANY,,,Not Available,Plugged,Vertical,Plugged,https://wellwiki.org/wiki/47-103-02066,,"4621716"
47-103-02098,103-02098,"39.50140249643743","-80.48062698733445",WV,"103",,CONSOLIDATION COAL CO.,CONSOLIDATION COAL COMPANY,,,Not Available,Plugged,Vertical,Plugged,https://wellwiki.org/wiki/47-103-02098,,"4621717"
47-103-02099,103-02099,"39.50241892085366","-80.483061943632",WV,"103",,"STRADER, RALPH & SUSAN",CONSOLIDATION COAL COMPANY,,,Not Available,Plugged,Vertical,Plugged,https://wellwiki.org/wiki/47-103-02099,,"4621718"
47-103-02100,103-02100,"39.50517640357036","-80.4823122173173",WV,"103",,CONSOLIDATION COAL CO.,CONSOLIDATION COAL COMPANY,,,Not Available,Plugged,Vertical,Plugged,https://wellwiki.org/wiki/47-103-02100,,"4621719"
47-103-02101,103-02101,"39.504450834770076","-80.47762898575873",WV,"103",,CONSOLIDATION COAL CO.,CONSOLIDATION COAL COMPANY,,,Not Available,Plugged,Vertical,Plugged,https://wellwiki.org/wiki/47-103-02101,,"4621720"
47-103-02102,103-02102,"39.5106911270858","-80.47594324799348",WV,"103",,CONSOLIDATION COAL CO.,CONSOLIDATION COAL COMPANY,,,Not Available,Plugged,Vertical,Plugged,https://wellwiki.org/wiki/47-103-02102,,"4621721"
47-103-02103,103-02103,"39.502418642228946","-80.47575531655866",WV,"103",,CONSOLIDATION COAL CO.,CONSOLIDATION COAL COMPANY,,,Not Available,Plugged,Vertical,Plugged,https://wellwiki.org/wiki/47-103-02103,,"4621722"
47-103-02130,103-02130,"39.50909473552026","-80.48324977385039",WV,"103",,DALLISON LUMBER CO.,CONSOLIDATION COAL COMPANY,,,Not Available,Plugged,Vertical,Plugged,https://wellwiki.org/wiki/47-103-02130,,"4621723"
47-103-02138,103-02138,"39.50532109496183","-80.47519380483135",WV,"103",,CONSOLIDATION COAL,CONSOLIDATION COAL COMPANY,,,Not Available,Plugged,Vertical,Plugged,https://wellwiki.org/wiki/47-103-02138,,"4621724"
47-103-02139,103-02139,"39.504885782566","-80.47238342787588",WV,"103",,"DYSLE, LYNDA",CONSOLIDATION COAL COMPANY,,,Not Available,Plugged,Vertical,Plugged,https://wellwiki.org/wiki/47-103-02139,,"4621725"
47-103-00843,103-00843,"39.59271626662159","-80.60956174940755",WV,"103",,COASTAL LUMBER COMPANY,"EQUITRANS, L. P.",,,Gas Production,Plugged,Vertical,Plugged,https://wellwiki.org/wiki/47-103-00843,,"4621726"
47-103-00844,103-00844,"39.534637846069785","-80.56040207335059",WV,"103",,ROBINSON-HODGE,DIVERSIFIED PRODUCTION LLC,,,Unknown,Abandoned Well,Vertical,Orphaned / Abandoned / Unverified Plug,https://wellwiki.org/wiki/47-103-00844,,"4621727"
47-103-00845,103-00845,"39.60998787098036","-80.58576820885996",WV,"103",,"GOODWIN, RONALD W.","EQUITRANS, L. P.",,,Not Available,Plugged,Vertical,Plugged,https://wellwiki.org/wiki/47-103-00845,,"4621728"
47-103-00851,103-00851,"39.61289175456279","-80.49073723871332",WV,"103",,"RAY, CECIL/J. SUMMERS","EQUITRANS, L. P.",,,Not Available,Plugged,Vertical,Plugged,https://wellwiki.org/wiki/47-103-00851,,"4621729"
47-103-00854,103-00854,"39.576014028731784","-80.60993723909921",WV,"103",,"SHIBEN, JOSEPH - ESTATE","EQUITRANS, L. P.",,,Not Available,Plugged,Vertical,Plugged,https://wellwiki.org/wiki/47-103-00854,,"4621730"
47-103-00858,103-00858,"39.59533018457221","-80.5129221694989",WV,"103",,"POTTS, CAROL SUE","EQUITRANS, L. P.",,,Not Available,Plugged,Vertical,Plugged,https://wellwiki.org/wiki/47-103-00858,,"4621731"
47-103-00859,103-00859,"39.589669751476144","-80.5131097075834",WV,"103",,COASTAL LUMBER COMPANY,"EQUITRANS, L. P.",,,Not Available,Plugged,Vertical,Plugged,https://wellwiki.org/wiki/47-103-00859,,"4621732"
47-103-00861,103-00861,"39.600108325079624","-80.58819265960673",WV,"103",,"RABER, LEVI E.","EQUITRANS, L. P.",,,Not Available,Plugged,Vertical,Plugged,https://wellwiki.org/wiki/47-103-00861,,"4621733"
47-103-00862,103-00862,"39.578045972842204","-80.60225612760432",WV,"103",,BARR,DIVERSIFIED PRODUCTION LLC,,,Unknown,Abandoned Well,Vertical,Orphaned / Abandoned / Unverified Plug,https://wellwiki.org/wiki/47-103-00862,,"4621734"
47-103-00865,103-00865,"39.59866683126378","-80.5889524390251",WV,"103",,HICKS,DIVERSIFIED PRODUCTION LLC,,,Unknown,Abandoned Well,Vertical,Orphaned / Abandoned / Unverified Plug,https://wellwiki.org/wiki/47-103-00865,,"4621735"
47-103-02498,103-02498,"39.61468495038353","-80.43986588520465",WV,"103",,"ANDERSON, PERMAN",CNX GAS COMPANY LLC,,,Unknown,Never Issued,Vertical,Not Drilled,https://wellwiki.org/wiki/47-103-02498,,"4621736"
47-107-00710,107-00710,"39.26403962579383","-81.3137068089052",WV,"107",,"CLEGG, RAY HOWARD",OPERATOR UNKNOWN,,,Not Available,Plugged,Vertical,Plugged,https://wellwiki.org/wiki/47-107-00710,,"4621737"
47-107-00712,107-00712,"39.21340612941846","-81.40174593087322",WV,"107",,"INGOLD, C. B.",OPERATOR UNKNOWN,,,Not Available,Plugged,Vertical,Plugged,https://wellwiki.org/wiki/47-107-00712,,"4621738"
47-107-00714,107-00714,"39.26783410387608","-81.32105384545024",WV,"107",,"STARKEY, WILLIAM H. ET UX",OPERATOR UNKNOWN,,,Not Available,Never Drilled,Vertical,Not Drilled,https://wellwiki.org/wiki/47-107-00714,,"4621739"
47-107-00724,107-00724,"37.0462224768942","-81",WV,"107",,WASHINGTON WORKS,OPERATOR UNKNOWN,,,Not Available,Plugged,Vertical,Plugged,https://wellwiki.org/wiki/47-107-00724,,"4621740"
47-103-02020,103-02020,"39.48361352882406","-80.6700225142032",WV,"103",,WV PUBLIC LANDS CORP.,"HG ENERGY, LLC",,,Fluid Injection,Never Drilled,Vertical,Not Drilled,https://wellwiki.org/wiki/47-103-02020,,"4621741"
47-103-02028,103-02028,"39.57672995797843","-80.664037140624",WV,"103",,"LONG, HELEN L.","HG ENERGY, LLC",,,Fluid Injection,Plugged,Vertical,Plugged,https://wellwiki.org/wiki/47-103-02028,,"4621742"
47-103-02056,103-02056,"39.595127503556505","-80.65121855281909",WV,"103",,DALLISON LUMBER INC.,"HG ENERGY, LLC",,,Gas Production,Plugged,Coal Bed Methane Well,Plugged,https://wellwiki.org/wiki/47-103-02056,,"4621743"
47-103-02106,103-02106,"39.63087171520804","-80.62800197262123",WV,"103",,"MYERS, HERBERT","HG ENERGY, LLC",,,Fluid Injection,Plugged,Vertical,Plugged,https://wellwiki.org/wiki/47-103-02106,,"4621744"
47-103-02243,103-02243,"39.527734698580595","-80.68233246473554",WV,"103",,WV CONSERVATION COMM.,POSTROCK EASTERN PRODUCTION LLC,,,Unknown,Never Drilled,Vertical,Not Drilled,https://wellwiki.org/wiki/47-103-02243,,"4621745"
47-103-00931,103-00931,"39.468008108660136","-80.58782616501591",WV,"103",,BLACKSHERE WELLS,DIVERSIFIED PRODUCTION LLC,,,Unknown,Abandoned Well,Vertical,Orphaned / Abandoned / Unverified Plug,https://wellwiki.org/wiki/47-103-00931,,"4621746"
47-103-00933,103-00933,"37.0462224768942","-81",WV,"103",,BLACKSHERE WELLS,DIVERSIFIED PRODUCTION LLC,,,Unknown,Abandoned Well,Vertical,Orphaned / Abandoned / Unverified Plug,https://wellwiki.org/wiki/47-103-00933,,"4621747"
47-103-00935,103-00935,"39.47540968401774","-80.58689072985011",WV,"103",,BLACKSHERE WELLS,DIVERSIFIED PRODUCTION LLC,,,Unknown,Abandoned Well,Vertical,Orphaned / Abandoned / Unverified Plug,https://wellwiki.org/wiki/47-103-00935,,"4621748"
47-103-00936,103-00936,"39.478603361843525","-80.54428752585069",WV,"103",,BLACKSHERE WELLS,DIVERSIFIED PRODUCTION LLC,,,Unknown,Abandoned Well,Vertical,Orphaned / Abandoned / Unverified Plug,https://wellwiki.org/wiki/47-103-00936,,"4621749"
47-103-00937,103-00937,"39.47816825731591","-80.54615766730181",WV,"103",,BLACKSHERE WELLS,DIVERSIFIED PRODUCTION LLC,,,Unknown,Abandoned Well,Vertical,Orphaned / Abandoned / Unverified Plug,https://wellwiki.org/wiki/47-103-00937,,"4621750"
47-103-00938,103-00938,"39.46786350491543","-80.55494825937632",WV,"103",,BLACKSHERE WELLS,DIVERSIFIED PRODUCTION LLC,,,Unknown,Abandoned Well,Vertical,Orphaned / Abandoned / Unverified Plug,https://wellwiki.org/wiki/47-103-00938,,"4621751"
47-103-00941,103-00941,"37.0462224768942","-81",WV,"103",,BLACKSHERE WELLS,DIVERSIFIED PRODUCTION LLC,,,Unknown,Abandoned Well,Vertical,Orphaned / Abandoned / Unverified Plug,https://wellwiki.org/wiki/47-103-00941,,"4621752"
47-103-00942,103-00942,"37.0462224768942","-81",WV,"103",,BLACKSHERE WELLS,DIVERSIFIED PRODUCTION LLC,,,Unknown,Abandoned Well,Vertical,Orphaned / Abandoned / Unverified Plug,https://wellwiki.org/wiki/47-103-00942,,"4621753"
47-073-00852,073-00852,"37.0462224768942","-81",WV,"073",,"MCCULLOUGH, S.K.",KEY OIL CO.,,,Unknown,Never Drilled,Vertical,Not Drilled,https://wellwiki.org/wiki/47-073-00852,,"4621754"
47-103-00943,103-00943,"39.45580504325217","-80.5581273169926",WV,"103",,BLACKSHERE WELLS,DIVERSIFIED PRODUCTION LLC,,,Gas Production,Abandoned Well,Vertical,Orphaned / Abandoned / Unverified Plug,https://wellwiki.org/wiki/47-103-00943,,"4621755"
47-103-00944,103-00944,"37.0462224768942","-81",WV,"103",,BLACKSHERE WELLS,DIVERSIFIED PRODUCTION LLC,,,Unknown,Abandoned Well,Vertical,Orphaned / Abandoned / Unverified Plug,https://wellwiki.org/wiki/47-103-00944,,"4621756"
47-103-02534,103-02534,"39.626225595347826","-80.72644972770169",WV,"103",,"GREATHOUSE, JAMES ARNOLD",EQT PRODUCTION COMPANY,,,Unknown,Plugged,Vertical,Plugged,https://wellwiki.org/wiki/47-103-02534,,"4621757"
47-103-02537,103-02537,"39.67046932302875","-80.55078052791856",WV,"103",,"WATSON, ERNEST JACK & NANCY LEE",EQT PRODUCTION COMPANY,,,Unknown,Plugged,Vertical,Plugged,https://wellwiki.org/wiki/47-103-02537,,"4621758"
47-103-02588,103-02588,"39.55481783918288","-80.523607190642",WV,"103",,"UNDERWOOD, RICHARD M. & MARY G.",EQT PRODUCTION COMPANY,,,Unknown,Never Issued,Horizontal,Not Drilled,https://wellwiki.org/wiki/47-103-02588,,"4621759"
47-103-00945,103-00945,"37.0462224768942","-81",WV,"103",,BLACKSHERE WELLS,DIVERSIFIED PRODUCTION LLC,,,Unknown,Abandoned Well,Vertical,Orphaned / Abandoned / Unverified Plug,https://wellwiki.org/wiki/47-103-00945,,"4621760"
47-103-00946,103-00946,"39.45624064989754","-80.56037136485864",WV,"103",,BLACKSHERE WELLS,DIVERSIFIED PRODUCTION LLC,,,Unknown,Abandoned Well,Vertical,Orphaned / Abandoned / Unverified Plug,https://wellwiki.org/wiki/47-103-00946,,"4621761"
47-103-00948,103-00948,"39.489489124696","-80.56429846369943",WV,"103",,BRAST BROS.,DIVERSIFIED PRODUCTION LLC,,,Unknown,Abandoned Well,Vertical,Orphaned / Abandoned / Unverified Plug,https://wellwiki.org/wiki/47-103-00948,,"4621762"
47-103-00949,103-00949,"39.49166619170603","-80.5508321131596",WV,"103",,"CAIN, A.",DIVERSIFIED PRODUCTION LLC,,,Gas Production,Abandoned Well,Vertical,Orphaned / Abandoned / Unverified Plug,https://wellwiki.org/wiki/47-103-00949,,"4621763"
47-103-00950,103-00950,"39.48600522274742","-80.5504580543275",WV,"103",,"CAIN, A.",DIVERSIFIED PRODUCTION LLC,,,Unknown,Abandoned Well,Vertical,Orphaned / Abandoned / Unverified Plug,https://wellwiki.org/wiki/47-103-00950,,"4621764"
47-103-00952,103-00952,"39.46292846140549","-80.58670414064295",WV,"103",,"DAWSON, CASSIE",DIVERSIFIED PRODUCTION LLC,,,Oil Production,Abandoned Well,Vertical,Orphaned / Abandoned / Unverified Plug,https://wellwiki.org/wiki/47-103-00952,,"4621765"
47-103-00953,103-00953,"37.0462224768942","-81",WV,"103",,"DAWSON, CASSIE",DIVERSIFIED PRODUCTION LLC,,,Unknown,Abandoned Well,Vertical,Orphaned / Abandoned / Unverified Plug,https://wellwiki.org/wiki/47-103-00953,,"4621766"
47-103-00954,103-00954,"37.0462224768942","-81",WV,"103",,"DAWSON, CASSIE",DIVERSIFIED PRODUCTION LLC,,,Unknown,Abandoned Well,Vertical,Orphaned / Abandoned / Unverified Plug,https://wellwiki.org/wiki/47-103-00954,,"4621767"
47-103-00967,103-00967,"37.0462224768942","-81",WV,"103",,EDGELL HEIRS,DIVERSIFIED PRODUCTION LLC,,,Unknown,Abandoned Well,Vertical,Orphaned / Abandoned / Unverified Plug,https://wellwiki.org/wiki/47-103-00967,,"4621768"
47-103-00970,103-00970,"37.0462224768942","-81",WV,"103",,EDGELL HEIRS,DIVERSIFIED PRODUCTION LLC,,,Unknown,Abandoned Well,Vertical,Orphaned / Abandoned / Unverified Plug,https://wellwiki.org/wiki/47-103-00970,,"4621769"
47-103-00974,103-00974,"39.523462915226034","-80.52004584171462",WV,"103",,"ENSMINGER, GEO",DIVERSIFIED PRODUCTION LLC,,,Unknown,Abandoned Well,Vertical,Orphaned / Abandoned / Unverified Plug,https://wellwiki.org/wiki/47-103-00974,,"4621770"
47-001-01177,001-01177,"39.02622711033203","-79.95177825738304",WV,"001",,WARE SAWMILL INC.,"PILLAR ENERGY, LLC",,,Gas Production,Abandoned Well,Vertical,Orphaned / Abandoned / Unverified Plug,https://wellwiki.org/wiki/47-001-01177,,"4621771"
47-105-01376,105-01376,"38.955583969909064","-81.48180844927641",WV,"105",,"HARPER, GENE","HARD ROCK EXPLORATION, INC.",,,Unknown,Never Drilled,Horizontal,Not Drilled,https://wellwiki.org/wiki/47-105-01376,,"4621772"
47-105-00609,105-00609,"38.968100820911936","-81.24864401826666",WV,"105",,"BLAIR, E. H.",D & R ENERGY,,,Unknown,Abandoned Well,Vertical,Orphaned / Abandoned / Unverified Plug,https://wellwiki.org/wiki/47-105-00609,,"4621773"
47-105-00610,105-00610,"38.962469120718616","-81.24844658098557",WV,"105",,"BLAIR, E. H.",D & R ENERGY,,,Gas Production,Abandoned Well,Vertical,Orphaned / Abandoned / Unverified Plug,https://wellwiki.org/wiki/47-105-00610,,"4621774"
47-105-00611,105-00611,"38.965547312275454","-81.24722109576302",WV,"105",,"BLAIR, E. H.",D & R ENERGY,,,Gas Production,Abandoned Well,Vertical,Orphaned / Abandoned / Unverified Plug,https://wellwiki.org/wiki/47-105-00611,,"4621775"
47-105-00612,105-00612,"38.9550996665938","-81.25219479744706",WV,"105",,"GARRETSON, A.",R & A PRODUCTION DBA/R LYNCH & A ENGELKE,,,Gas Production,Abandoned Well,Vertical,Orphaned / Abandoned / Unverified Plug,https://wellwiki.org/wiki/47-105-00612,,"4621776"
47-105-00630,105-00630,"38.960065266549535","-81.26743505497839",WV,"105",,"CAMPBELL, EARL","BARR, DAVID E & GARNET M",,,Gas Production,Plugged,Vertical,Plugged,https://wellwiki.org/wiki/47-105-00630,,"4621777"
47-107-00066,107-00066,"39.29811925989254","-81.39205197373087",WV,"107",,"OGDEN, LEWIS",KEY OIL CO.,,,Not Available,Never Drilled,Vertical,Not Drilled,https://wellwiki.org/wiki/47-107-00066,,"4621778"
47-107-00073,107-00073,"39.26257002217164","-81.33690502098007",WV,"107",,"HICKEL, TIMOTHY, ETUX",HARTMAN OIL AND GAS COMPANY,,,Not Available,Plugged,Vertical,Plugged,https://wellwiki.org/wiki/47-107-00073,,"4621779"
47-107-00093,107-00093,"39.226004900854285","-81.42048866474698",WV,"107",,"MCPEEK, R. S.","CHARITY GAS, INC.",,,Unknown,Plugged,Vertical,Plugged,https://wellwiki.org/wiki/47-107-00093,,"4621780"
47-107-00121,107-00121,"37.0462224768942","-81",WV,"107",,W. V. INVESTMENT CORP.,WV INVESTMENT CORP.,,,Unknown,Abandoned Well,Vertical,Orphaned / Abandoned / Unverified Plug,https://wellwiki.org/wiki/47-107-00121,,"4621781"
47-107-00140,107-00140,"39.317068682441494","-81.3891005658424",WV,"107",,"CORBITT, R. N.",WV GAS CORP.,,,Unknown,Plugged,Vertical,Plugged,https://wellwiki.org/wiki/47-107-00140,,"4621782"
47-107-00148,107-00148,"37.0462224768942","-81",WV,"107",,"CORBITT, R. N.",WV GAS CORP.,,,Unknown,Abandoned Well,Vertical,Orphaned / Abandoned / Unverified Plug,https://wellwiki.org/wiki/47-107-00148,,"4621783"
47-107-00157,107-00157,"39.31300420828955","-81.3984394501299",WV,"107",,R. N. CORBITT HEIRS,WV GAS CORP.,,,Unknown,Plugged,Vertical,Plugged,https://wellwiki.org/wiki/47-107-00157,,"4621784"
47-011-00400,011-00400,"38.26606406208096","-82.29245554336063",WV,"011",,"BRADSHAW, M. D.",WV GAS CORP.,,,Not Available,Plugged,Vertical,Plugged,https://wellwiki.org/wiki/47-011-00400,,"4621785"
47-011-00438,011-00438,"38.350267429755036","-82.25833540863873",WV,"011",,"MAYS, JASPER",WV GAS CORP.,,,Unknown,Never Drilled,Vertical,Not Drilled,https://wellwiki.org/wiki/47-011-00438,,"4621786"
47-011-00473,011-00473,"38.26809864188356","-82.29925642368853",WV,"011",,"FRANCE, J. G.",WV GAS CORP.,,,Not Available,Plugged,Vertical,Plugged,https://wellwiki.org/wiki/47-011-00473,,"4621787"
47-011-00493,011-00493,"38.388049874243514","-82.3981800291848",WV,"011",,"BARBOUR, EDGAR",MID-WAY CITY GAS COMPANY,,,Not Available,Plugged,Vertical,Plugged,https://wellwiki.org/wiki/47-011-00493,,"4621788"
47-105-00674,105-00674,"38.96456820751411","-81.47835360614833",WV,"105",,"SIMS, A. O.",AMERICAN ENERGY CORPORATION,,,Unknown,Never Drilled,Vertical,Not Drilled,https://wellwiki.org/wiki/47-105-00674,,"4621789"
47-105-00828,105-00828,"37.0462224768942","-81",WV,"105",,BELT,"GREYLOCK CONVENTIONAL, LLC",,,Unknown,Never Drilled,Vertical,Not Drilled,https://wellwiki.org/wiki/47-105-00828,,"4621790"
47-105-00992,105-00992,"37.0462224768942","-81",WV,"105",,PETTIT,"K. PETROLEUM, INC.",,,Unknown,Never Drilled,Vertical,Not Drilled,https://wellwiki.org/wiki/47-105-00992,,"4621791"
47-105-01007,105-01007,"38.988519287982825","-81.30166572106603",WV,"105",,"GROW, GEORGE C. JR.","HYDROCARBON MANAGEMENT, INC.",,,Unknown,Never Drilled,Vertical,Not Drilled,https://wellwiki.org/wiki/47-105-01007,,"4621792"
47-105-01044,105-01044,"39.00882796371326","-81.30246054939857",WV,"105",,"GROW, GEORGE C. JR.","HYDROCARBON MANAGEMENT, INC.",,,Not Available,Never Drilled,Vertical,Not Drilled,https://wellwiki.org/wiki/47-105-01044,,"4621793"
47-103-02589,103-02589,"39.55484517472593","-80.52357150220597",WV,"103",,"UNDERWOOD, RICHARD M. & MARY G.",EQT PRODUCTION COMPANY,,,Unknown,Never Issued,Horizontal,Not Drilled,https://wellwiki.org/wiki/47-103-02589,,"4621794"
47-103-02590,103-02590,"39.55487236519504","-80.52350042966276",WV,"103",,"UNDERWOOD, RICHARD M. & MARY G.",EQT PRODUCTION COMPANY,,,Unknown,Never Issued,Horizontal,Not Drilled,https://wellwiki.org/wiki/47-103-02590,,"4621795"
47-103-02591,103-02591,"39.554899610602774","-80.52346474177352",WV,"103",,"UNDERWOOD, RICHARD M. & MARY G.",EQT PRODUCTION COMPANY,,,Unknown,Never Issued,Horizontal,Not Drilled,https://wellwiki.org/wiki/47-103-02591,,"4621796"
47-103-02592,103-02592,"39.55489946504112","-80.5234292412859",WV,"103",,"UNDERWOOD, RICHARD M. & MARY G.",EQT PRODUCTION COMPANY,,,Unknown,Never Issued,Horizontal,Not Drilled,https://wellwiki.org/wiki/47-103-02592,,"4621797"
47-103-02593,103-02593,"39.55492680052845","-80.52339355273844",WV,"103",,"UNDERWOOD, RICHARD M. & MARY G.",EQT PRODUCTION COMPANY,,,Unknown,Never Issued,Horizontal,Not Drilled,https://wellwiki.org/wiki/47-103-02593,,"4621798"
47-103-02457,103-02457,"39.717239954621085","-80.6395635776807",WV,"103",,"DURIG, DANIEL","CHESAPEAKE APPALACHIA, L.L.C.",,,Unknown,Never Drilled,Horizontal,Not Drilled,https://wellwiki.org/wiki/47-103-02457,,"4621799"
47-103-02479,103-02479,"39.711669462016374","-80.60946784968786",WV,"103",,"RINE, LARRY G.","CHESAPEAKE APPALACHIA, L.L.C.",,,Unknown,Never Drilled,Horizontal,Not Drilled,https://wellwiki.org/wiki/47-103-02479,,"4621800"
47-103-02482,103-02482,"39.6969351751713","-80.70787745178899",WV,"103",,"HOHMAN, ALBERT & MARY","CHESAPEAKE APPALACHIA, L.L.C.",,,Unknown,Never Drilled,Horizontal,Not Drilled,https://wellwiki.org/wiki/47-103-02482,,"4621801"
47-103-00380,103-00380,"39.59625737201261","-80.57122748932913",WV,"103",,"SHIBEN, JOSEPH, ET AL","PEMCO GAS, INC.",,,Unknown,Plugged,Vertical,Plugged,https://wellwiki.org/wiki/47-103-00380,,"4621802"
47-103-02483,103-02483,"39.69688039279888","-80.70791325699223",WV,"103",,"HOHMAN, ALBERT & MARY","CHESAPEAKE APPALACHIA, L.L.C.",,,Unknown,Never Drilled,Horizontal,Not Drilled,https://wellwiki.org/wiki/47-103-02483,,"4621803"
47-103-02486,103-02486,"39.696935085965386","-80.70784199451171",WV,"103",,"HOHMAN, ALBERT","CHESAPEAKE APPALACHIA, L.L.C.",,,Unknown,Never Drilled,Horizontal,Not Drilled,https://wellwiki.org/wiki/47-103-02486,,"4621804"
47-103-02487,103-02487,"39.69134022711089","-80.65404954806664",WV,"103",,CHESAPEAKE APPALACHIA LLC,"CHESAPEAKE APPALACHIA, L.L.C.",,,Unknown,Never Drilled,Horizontal,Not Drilled,https://wellwiki.org/wiki/47-103-02487,,"4621805"
47-103-02488,103-02488,"39.69134022711089","-80.65404954806664",WV,"103",,CHESAPEAKE APPALACHIA LLC,"CHESAPEAKE APPALACHIA, L.L.C.",,,Unknown,Never Drilled,Horizontal,Not Drilled,https://wellwiki.org/wiki/47-103-02488,,"4621806"
47-103-02510,103-02510,"39.68096241416221","-80.70673632895026",WV,"103",,"HOHMAN, ALBERT","CHESAPEAKE APPALACHIA, L.L.C.",,,Unknown,Never Drilled,Vertical,Not Drilled,https://wellwiki.org/wiki/47-103-02510,,"4621807"
47-103-02512,103-02512,"39.69715146975432","-80.6958247504425",WV,"103",,"BERISFORD, BRETT","CHESAPEAKE APPALACHIA, L.L.C.",,,Unknown,Never Drilled,Horizontal,Not Drilled,https://wellwiki.org/wiki/47-103-02512,,"4621808"
47-103-02513,103-02513,"39.69715146975432","-80.6958247504425",WV,"103",,"BERISFORD, BRETT","CHESAPEAKE APPALACHIA, L.L.C.",,,Unknown,Never Drilled,Horizontal,Not Drilled,https://wellwiki.org/wiki/47-103-02513,,"4621809"
47-103-02530,103-02530,"39.713627564445524","-80.72764094504751",WV,"103",,BAXTER  ROBERT W,"CHESAPEAKE APPALACHIA, L.L.C.",,,Unknown,Never Drilled,Horizontal,Not Drilled,https://wellwiki.org/wiki/47-103-02530,,"4621810"
47-103-02531,103-02531,"39.71365495529257","-80.72764083732636",WV,"103",,"BAXTER, ROBERT","CHESAPEAKE APPALACHIA, L.L.C.",,,Unknown,Never Drilled,Horizontal,Not Drilled,https://wellwiki.org/wiki/47-103-02531,,"4621811"
47-103-02532,103-02532,"39.71360016695965","-80.72767663565536",WV,"103",,"BAXTER, ROBERT W","CHESAPEAKE APPALACHIA, L.L.C.",,,Unknown,Never Drilled,Horizontal,Not Drilled,https://wellwiki.org/wiki/47-103-02532,,"4621812"
47-103-02543,103-02543,"39.691202912893125","-80.65405023345775",WV,"103",,CHESAPEAKE APPALACHIA LLC,"CHESAPEAKE APPALACHIA, L.L.C.",,,Unknown,Never Drilled,Horizontal,Not Drilled,https://wellwiki.org/wiki/47-103-02543,,"4621813"
47-103-02547,103-02547,"39.71160020735698","-80.60929044808786",WV,"103",,"RINE, LARRY G.","CHESAPEAKE APPALACHIA, L.L.C.",,,Unknown,Never Drilled,Horizontal,Not Drilled,https://wellwiki.org/wiki/47-103-02547,,"4621814"
47-103-01241,103-01241,"37.0462224768942","-81",WV,"103",,"HIXENBAUGH, PAULINE",BEEKAY COMPANY,,,Unknown,Never Drilled,Vertical,Not Drilled,https://wellwiki.org/wiki/47-103-01241,,"4621815"
47-103-02561,103-02561,"39.69476585423315","-80.65161510710612",WV,"103",,CHESAPEAKE APPALACHIA LLC,"CHESAPEAKE APPALACHIA, L.L.C.",,,Unknown,Never Drilled,Horizontal,Not Drilled,https://wellwiki.org/wiki/47-103-02561,,"4621816"
47-103-02562,103-02562,"39.69480432740919","-80.65161491369503",WV,"103",,CHESAPEAKE APPALACHIA LLC,"CHESAPEAKE APPALACHIA, L.L.C.",,,Unknown,Never Drilled,Horizontal,Not Drilled,https://wellwiki.org/wiki/47-103-02562,,"4621817"
47-103-02574,103-02574,"39.718076600231186","-80.546384680075",WV,"103",,"JOHNSON, VERNON","CHESAPEAKE APPALACHIA, L.L.C.",,,Unknown,Never Drilled,Horizontal,Not Drilled,https://wellwiki.org/wiki/47-103-02574,,"4621818"
47-103-02598,103-02598,"39.48946626678657","-80.70499603330258",WV,"103",,"HOGE, E. M.","HG ENERGY, LLC",,,Not Available,Plugged,Vertical,Plugged,https://wellwiki.org/wiki/47-103-02598,,"4621819"
47-103-02656,103-02656,"39.47786262280269","-80.70157275853688",WV,"103",,WV DIVISION OF NATURAL RESOURCES,"HG ENERGY, LLC",,,Unknown,Never Drilled,Vertical,Not Drilled,https://wellwiki.org/wiki/47-103-02656,,"4621820"
47-011-00564,011-00564,"38.279126874885506","-82.22526968697424",WV,"011",,"ROSS, HOWARD",DAVCO DRILLING CO.,,,Not Available,Plugged,Vertical,Plugged,https://wellwiki.org/wiki/47-011-00564,,"4621821"
47-011-00638,011-00638,"38.379345178096436","-82.11243753565664",WV,"011",,"WILLIAMS, W. R.","PILLAR ENERGY, LLC",,,Gas Production,Abandoned Well,Vertical,Orphaned / Abandoned / Unverified Plug,https://wellwiki.org/wiki/47-011-00638,,"4621822"
47-011-00639,011-00639,"38.3817780763965","-82.10838064376814",WV,"011",,"WILLIAMS, J. H.","PILLAR ENERGY, LLC",,,Gas Production,Abandoned Well,Vertical,Orphaned / Abandoned / Unverified Plug,https://wellwiki.org/wiki/47-011-00639,,"4621823"
47-011-00640,011-00640,"38.37100013914471","-82.10739199818207",WV,"011",,"AKERS, DAVID H.","PILLAR ENERGY, LLC",,,Gas Production,Abandoned Well,Vertical,Orphaned / Abandoned / Unverified Plug,https://wellwiki.org/wiki/47-011-00640,,"4621824"
47-105-01061,105-01061,"39.03405581802301","-81.21058975564817",WV,"105",,"FULL, MICHAEL & RUTH","K. PETROLEUM, INC.",,,Gas Production,Abandoned Well,Vertical,Orphaned / Abandoned / Unverified Plug,https://wellwiki.org/wiki/47-105-01061,,"4621825"
47-105-01371,105-01371,"39.0266982729002","-81.323163433411",WV,"105",,HEARTWOOD FOREST FUND IV L.P.,"MOUNTAIN V OIL & GAS, INC.",,,Unknown,Never Issued,Horizontal,Not Drilled,https://wellwiki.org/wiki/47-105-01371,,"4621826"
47-105-01372,105-01372,"39.02668276826388","-81.32323036873912",WV,"105",,HEARTWOOD FOREST FUND IV L.P.,"MOUNTAIN V OIL & GAS, INC.",,,Unknown,Never Issued,Horizontal,Not Drilled,https://wellwiki.org/wiki/47-105-01372,,"4621827"
37-019-22905,,"40.80841899998978","-79.97851900017827",PA,Butler,Forward,RUTLEDGE A UNIT DP,XTO ENERGY INC,,,,Active,,Other / Unknown,https://wellwiki.org/wiki/37-019-22905,,"2621299"
37-115-21170,,"41.861905999825325","-75.96895000000305",PA,Susquehanna,Forest Lake,FOREST LAKE TWP SUSQUEHANNA CTY BRINESPREADING,FOREST LAKE TWP SUSQUEHANNA CNTY,,,,Active,,Other / Unknown,https://wellwiki.org/wiki/37-115-21170,,"2621300"
37-117-21641,,"41.636956000266586","-77.27713899963149",PA,Tioga,Duncan,DUNCAN TOWNSHIP TIOGA COUNTY BRINESPREADING,DUNCAN TOWNSHIP TIOGA COUNTY BRINESPREADING,,,,Active,,Other / Unknown,https://wellwiki.org/wiki/37-117-21641,,"2621301"
37-015-22680,,"41.93544999985559","-76.27482200011156",PA,Bradford,Warren,WARREN TWP BRADFORD CNTY BRINESPREADING,WARREN TWP BRADFORD CNTY,,,,Active,,Other / Unknown,https://wellwiki.org/wiki/37-015-22680,,"2621302"
37-115-22196,,"41.81256900018788","-75.9587950002636",PA,Susquehanna,Jessup,JESSUP TWP SUSQUEHANNA CNTY BRINESPREADING,JESSUP TWP SUSQUEHANNA CNTY,,,,Active,,Other / Unknown,https://wellwiki.org/wiki/37-115-22196,,"2621303"
37-105-21835,,"41.92118100006893","-78.01859999996323",PA,Potter,Oswayo,OSWAYO BOROUGH POTTER COUNTY BRINESPREADING,OSWAYO BOROUGH POTTER COUNTY BRINESPREADING,,,,Active,,Other / Unknown,https://wellwiki.org/wiki/37-105-21835,,"2621304"
37-081-21276,,"41.56555000029137","-76.95240599966537",PA,Lycoming,McNett,MCNETT TWP LYCOMING CNTY BRINESPREADING,MCNETT TWP LYCOMING CNTY BRINESPREADING,,,,Active,,Other / Unknown,https://wellwiki.org/wiki/37-081-21276,,"2621305"
37-WO21 16,,"41.78638900023585","-75.68444400043093",PA,Susquehanna,Harford,HARFORD TWP SUSQUEHANNA CNTY BRINESPREADING,HARFORD TWP SUSQUEHANNA CNTY,,,,Active,,Other / Unknown,https://wellwiki.org/wiki/37-WO21 16,,"2621306"
37-760449,,"41.92779699981016","-76.02000300033122",PA,Susquehanna,Choconut,CHOCONUT TWP SUSQUEHANNA CNTY BRINESPREADING,CHOCONUT TWP SUSQUEHANNA CNTY,,,,Active,,Other / Unknown,https://wellwiki.org/wiki/37-760449,,"2621307"
37-083-10934,,"41.93232100024379","-78.50540900002088",PA,McKean,Otto,HANNA 2,WILLARD M CLINE,1800-01-01,,OIL,Active,Vertical Well,Production Well,https://wellwiki.org/wiki/37-083-10934,,"2621339"
37-115-22364,,"41.6816660003002","-75.92133299994109",PA,Susquehanna,Springville,SPRINGVILLE TWP SUSQUEHANNA CNTY BRINESPREADING,SPRINGVILLE TWP SUSQUEHANNA CNTY,,,,Active,,Other / Unknown,https://wellwiki.org/wiki/37-115-22364,,"2621308"
37-95-065-012,,"41.09133199991727","-79.13432899957436",PA,Jefferson,Beaver,ALLEGHENY RIVER MINING / 5915 / 5915,NATL FUEL GAS SUPPLY CORP,,,,Active,,Other / Unknown,https://wellwiki.org/wiki/37-95-065-012,,"2621309"
37-115-21289,,"41.958835999866885","-75.93505000034344",PA,Susquehanna,Silver Lake,SILVER LAKE TWP SUSQUEHANNA CNTY BRINESPREADING,SILVER LAKE TWP SUSQUEHANNA CNTY,,,,Active,,Other / Unknown,https://wellwiki.org/wiki/37-115-21289,,"2621310"
37-763114,,"41.978189000328804","-77.23645799967606",PA,Tioga,Nelson,NELSON TWP TIOGA CNTY BRINESPREADING,NELSON TWP TIOGA CNTY BRINESPREADING,,,,Active,,Other / Unknown,https://wellwiki.org/wiki/37-763114,,"2621311"
37-005-00445,,"40.86046699987981","-79.42834200005402",PA,Armstrong,Boggs,YOCKEY 2,BLX INC,1800-01-01,,GAS,Active,Vertical Well,Production Well,https://wellwiki.org/wiki/37-005-00445,,"2621312"
37-053-29906,,"41.618977999883924","-79.04578899970763",PA,Forest,Howe,WELD 7,MCCOOL JOHN E,2011-02-28,,OIL,Active,Vertical Well,Production Well,https://wellwiki.org/wiki/37-053-29906,,"2621313"
37-047-20160,,"41.604270999900166","-78.64225700023577",PA,Elk,Jones,CLOPP 5F,HOWARD DRILLING INC,1970-04-18,,OIL,Active,Vertical Well,Production Well,https://wellwiki.org/wiki/37-047-20160,,"2621314"
37-049-22488,,"42.1155319997243","-80.07846800031035",PA,Erie,Erie,YOUNG 1,ST VINCENT HEALTH CTR,1800-01-01,,GAS,Active,Vertical Well,Production Well,https://wellwiki.org/wiki/37-049-22488,,"2621315"
37-123-27755,,"41.81829600020911","-79.19559799974132",PA,Warren,Pleasant,WENTZ 041,KCS ENERGY INC,1980-11-14,,OIL,Active,Vertical Well,Production Well,https://wellwiki.org/wiki/37-123-27755,,"2621316"
37-083-42368,,"41.86984300028207","-78.45706899988565",PA,McKean,Keating,YOUNG 5,HERZOG ROBERT L,1800-01-01,,OIL,Active,Vertical Well,Production Well,https://wellwiki.org/wiki/37-083-42368,,"2621317"
37-123-28320,,"41.81294499998585","-79.235062999704",PA,Warren,Pleasant,JONES 07,KCS ENERGY INC,1981-03-16,,OIL,Active,Vertical Well,Production Well,https://wellwiki.org/wiki/37-123-28320,,"2621318"
37-065-23630,,"41.03392200006963","-79.19603399975942",PA,Jefferson,Ringgold,AMES 1,FAIRMAN CORP,1992-12-26,,GAS,Active,Vertical Well,Production Well,https://wellwiki.org/wiki/37-065-23630,,"2621319"
37-031-01366,,"41.34395399985011","-79.25348599989367",PA,Clarion,Farmington,BLACK 1,G & G GAS INC,1800-01-01,,GAS,Active,Vertical Well,Production Well,https://wellwiki.org/wiki/37-031-01366,,"2621320"
37-083-50452,,"41.637658999811066","-78.92114999982425",PA,McKean,Wetmore,VAN 4,TITUS ENERGY LLC,2005-06-03,,GAS,Active,Vertical Well,Production Well,https://wellwiki.org/wiki/37-083-50452,,"2621321"
37-083-48582,,"41.836653999922945","-78.84901600026338",PA,McKean,Hamilton,LOT 2 37,SNYDER BROS INC,2002-07-30,,OIL,Active,Vertical Well,Production Well,https://wellwiki.org/wiki/37-083-48582,,"2621322"
37-049-25192,,"42.099615999879596","-80.17359899960377",PA,Erie,Millcreek,BARRON 1,KEVIN W BARRON,2006-05-15,,GAS,Active,Vertical Well,Production Well,https://wellwiki.org/wiki/37-049-25192,,"2621323"
34-163-60693,"60693","39.2000186","-82.56522688",OH,,," 1",,,,UN_R,unknown,,Other / Unknown,https://wellwiki.org/wiki/34-163-60693,,"633226"
37-123-43294,,"41.86793800003441","-78.92061300042214",PA,Warren,Mead,FOGEL 16,BEARCAT OIL CO LLC,2003-10-15,,OIL,Active,Vertical Well,Production Well,https://wellwiki.org/wiki/37-123-43294,,"2621324"
37-031-23711,,"41.177316999838524","-79.51713600036398",PA,Clarion,Beaver,FOX 6,L & H ENERGY CO INC,2003-07-15,,GAS,Active,Vertical Well,Production Well,https://wellwiki.org/wiki/37-031-23711,,"2621325"
37-121-45296,,"41.57504400020714","-79.56475599990065",PA,Venango,Allegheny,HOLTZ HI 8,5M OIL LLC,2013-09-24,,OIL,Active,Vertical Well,Production Well,https://wellwiki.org/wiki/37-121-45296,,"2621326"
37-049-25154,,"42.05628399998904","-80.25910200031078",PA,Erie,Fairview,E LESKO 1,LESKO EUGENE,2004-10-01,,GAS,Active,Vertical Well,Production Well,https://wellwiki.org/wiki/37-049-25154,,"2621327"
37-085-20533,,"41.30971999991509","-80.13828999960754",PA,Mercer,Lake,M HALLIDAY 1,CRS ENERGY LLC,1983-07-29,,GAS,Active,Vertical Well,Production Well,https://wellwiki.org/wiki/37-085-20533,,"2621328"
37-123-37467,,"41.79059999970541","-79.1002980003935",PA,Warren,Mead,STREICH 3,WHILTON BROOKS A,1985-03-25,,OIL,Active,Vertical Well,Production Well,https://wellwiki.org/wiki/37-123-37467,,"2621329"
37-123-43318,,"41.80897799986634","-79.19741399978372",PA,Warren,Pleasant,MCMAHAN S4,MCCOOL JOHN E,2003-02-10,,OIL,Active,Vertical Well,Production Well,https://wellwiki.org/wiki/37-123-43318,,"2621330"
37-083-00049,,"41.909586999672335","-78.64485400007776",PA,McKean,Bradford,PALMER 10,ZAWATSKI CHAZ E,1800-01-01,,OIL,Active,Vertical Well,Production Well,https://wellwiki.org/wiki/37-083-00049,,"2621331"
37-049-21824,,"42.013132000107426","-80.01466199967753",PA,Erie,Summit,K OSBORN 1,STEDMAN ENERGY INC,1800-01-01,,GAS,Active,Vertical Well,Production Well,https://wellwiki.org/wiki/37-049-21824,,"2621332"
37-125-28932,,"40.166610000326024","-79.98109000008097",PA,Washington,Fallowfield,Kevech 32H,EQT PROD CO,,,GAS,Active,Horizontal Well,Production Well,https://wellwiki.org/wiki/37-125-28932,,"2621333"
37-121-04764,,"41.249737000062986","-79.83634500003492",PA,Venango,Clinton,KERIN 12,ED KAYLOR,1800-01-01,,OIL,Active,Vertical Well,Production Well,https://wellwiki.org/wiki/37-121-04764,,"2621334"
37-121-41388,,"41.47530699988794","-79.90066600032853",PA,Venango,Canal,W BEAN 2A,OWS ENERGY LLC,1985-09-02,,GAS,Active,Vertical Well,Production Well,https://wellwiki.org/wiki/37-121-41388,,"2621335"
37-083-00050,,"41.90914199977512","-78.6450480002465",PA,McKean,Bradford,PALMER 11,ZAWATSKI CHAZ E,1800-01-01,,OIL,Active,Vertical Well,Production Well,https://wellwiki.org/wiki/37-083-00050,,"2621336"
37-053-27668,,"41.61245099990051","-79.13959400030176",PA,Forest,Howe,PROPER 1,CAMERON ENERGY CO,2004-03-01,,GAS,Active,Vertical Well,Production Well,https://wellwiki.org/wiki/37-053-27668,,"2621337"
37-123-42717,,"41.786827999978684","-79.13025700017182",PA,Warren,Mead,LOT 492 34,PIERCE & PETERSEN,2000-02-16,,OIL,Active,Vertical Well,Production Well,https://wellwiki.org/wiki/37-123-42717,,"2621338"
37-123-28328,,"41.81623900008634","-79.23268000012226",PA,Warren,Pleasant,JONES 027,KCS ENERGY INC,1981-03-09,,OIL,Active,Vertical Well,Production Well,https://wellwiki.org/wiki/37-123-28328,,"2621340"
37-123-27742,,"41.8187070001258","-79.1978909998097",PA,Warren,Pleasant,WENTZ 028,KCS ENERGY INC,1980-10-29,,OIL,Active,Vertical Well,Production Well,https://wellwiki.org/wiki/37-123-27742,,"2621341"
37-121-43424,,"41.61067500009614","-79.81939399993104",PA,Venango,Plum,FEEVEY 2,OWS ENERGY LLC,1998-09-14,,GAS,Active,Vertical Well,Production Well,https://wellwiki.org/wiki/37-121-43424,,"2621342"
37-121-04777,,"41.27940100028689","-79.83397900017161",PA,Venango,Rockland,MYERS 7,SAR GAS INC,1800-01-01,,GAS,Active,Vertical Well,Production Well,https://wellwiki.org/wiki/37-121-04777,,"2621343"
37-123-24885,,"41.749662999988615","-79.08617799958502",PA,Warren,Mead,BELL 4F,CAMERON ENERGY CO,1975-01-10,,OIL,Active,Vertical Well,Production Well,https://wellwiki.org/wiki/37-123-24885,,"2621344"
37-123-45769,,"41.80558800017714","-79.0085080000334",PA,Warren,Mead,LOT 49 13,PIERCE & PETERSEN,2009-12-08,,OIL,Active,Vertical Well,Production Well,https://wellwiki.org/wiki/37-123-45769,,"2621345"
37-049-23203,,"41.90281499979353","-79.9175260001958",PA,Erie,Le Boeuf,SPOTTS 1,PHILLIP L SPOTTS,1800-01-01,,GAS,Active,Vertical Well,Production Well,https://wellwiki.org/wiki/37-049-23203,,"2621346"
37-105-20879,,"41.94487600001273","-78.03473699975724",PA,Potter,Oswayo,MAXSON 4,MAXSON GAS CORP,1800-01-01,,GAS,Active,Vertical Well,Production Well,https://wellwiki.org/wiki/37-105-20879,,"2621347"
37-123-27753,,"41.8202170003165","-79.19633300040849",PA,Warren,Pleasant,WENTZ 039,KCS ENERGY INC,1980-12-08,,OIL,Active,Vertical Well,Production Well,https://wellwiki.org/wiki/37-123-27753,,"2621348"
37-123-27720,,"41.820515999721735","-79.20330299995186",PA,Warren,Pleasant,WENTZ 06,KCS ENERGY INC,1980-10-13,,OIL,Active,Vertical Well,Production Well,https://wellwiki.org/wiki/37-123-27720,,"2621349"
37-053-26617,,"41.622261000105674","-79.10087499997857",PA,Forest,Howe,HAIGHT 42P,CAMERON ENERGY CO,1993-06-24,,OIL,Active,Vertical Well,Production Well,https://wellwiki.org/wiki/37-053-26617,,"2621350"
37-031-01618,,"41.188310000223446","-79.58508100034646",PA,Clarion,Beaver,ELI BERLIN 1,HOMER HENRY,1800-01-01,,OIL,Active,Vertical Well,Production Well,https://wellwiki.org/wiki/37-031-01618,,"2621351"
37-053-30828,,"41.587981000219976","-79.02354699983543",PA,Forest,Howe,RUHLMAN 6,BALD HILL OIL,2016-08-29,,OIL,Active,Vertical Well,Production Well,https://wellwiki.org/wiki/37-053-30828,,"2621352"
37-123-40145,,"41.85167299997696","-79.12105200028638",PA,Warren,Glade,NUHFER 1,KYLANDER OIL INC,1988-07-20,,OIL,Active,Vertical Well,Production Well,https://wellwiki.org/wiki/37-123-40145,,"2621353"
37-083-00046,,"41.9100309997021","-78.6451319999121",PA,McKean,Bradford,PALMER 6,ZAWATSKI CHAZ E,1800-01-01,,OIL,Active,Vertical Well,Production Well,https://wellwiki.org/wiki/37-083-00046,,"2621354"
37-123-38460,,"41.80932399968381","-79.06542100021738",PA,Warren,Mead,EAGAN E-4,BRANCH JOHN D,1985-12-28,,OIL,Active,Vertical Well,Production Well,https://wellwiki.org/wiki/37-123-38460,,"2621355"
37-039-21528,,"41.51999599967546","-80.00359600044216",PA,Crawford,Wayne,DALE GUM 2,OWS ENERGY LLC,1800-01-01,,GAS,Active,Vertical Well,Production Well,https://wellwiki.org/wiki/37-039-21528,,"2621356"
37-049-25225,,"42.01381200027591","-80.34985499987992",PA,Erie,Lake City,ORANGE 1,SMITH PAUL E,2007-02-20,,GAS,Active,Vertical Well,Production Well,https://wellwiki.org/wiki/37-049-25225,,"2621357"
37-031-01738,,"41.23011299969232","-79.47662399956462",PA,Clarion,Elk,WENNER 95,DEITZ GAS & OIL INC,1800-01-01,,GAS,Active,Vertical Well,Production Well,https://wellwiki.org/wiki/37-031-01738,,"2621358"
37-053-24712,,"41.58905699999282","-79.50065899991301",PA,Forest,Harmony,HR DEV 86,RED VALLEY LTD,1982-11-18,,OIL,Active,Vertical Well,Production Well,https://wellwiki.org/wiki/37-053-24712,,"2621359"
37-053-24000,,"41.5560349999611","-79.45917299986856",PA,Forest,Harmony,BAIRD H21,PASSAUER MELVIN,1981-11-04,,OIL,Active,Vertical Well,Production Well,https://wellwiki.org/wiki/37-053-24000,,"2621360"
37-083-14896,,"41.89039200009613","-78.34364900029684",PA,McKean,Eldred,COPELAND 5,SUSAN M BELL,1800-01-01,,OIL,Active,Vertical Well,Production Well,https://wellwiki.org/wiki/37-083-14896,,"2621361"
37-123-45872,,"41.82794399982508","-79.04933299992888",PA,Warren,Mead,CLARK BF5,RICK & SONS OIL LLC,2010-09-03,,OIL,Active,Vertical Well,Production Well,https://wellwiki.org/wiki/37-123-45872,,"2621362"
37-121-43342,,"41.50748000004532","-79.72009799955204",PA,Venango,Oakland,HANCOX 11,MCCOOL JOHN E,1995-11-29,,OIL,Active,Vertical Well,Production Well,https://wellwiki.org/wiki/37-121-43342,,"2621363"
37-083-55217,,"41.83818600019506","-78.86573600038857",PA,McKean,Hamilton,LOT 3 64,SNYDER BROS INC,2011-09-02,,OIL,Active,Vertical Well,Production Well,https://wellwiki.org/wiki/37-083-55217,,"2621364"
37-083-49766,,"41.63999500001693","-78.92534799962348",PA,McKean,Wetmore,KEANE 1,TITUS ENERGY LLC,2004-11-11,,GAS,Active,Vertical Well,Production Well,https://wellwiki.org/wiki/37-083-49766,,"2621365"
37-083-15734,,"41.96433600013922","-78.41012300001842",PA,McKean,Eldred,WRIGHT 2,GREELEY JOHN M,1800-01-01,,OIL,Active,Vertical Well,Production Well,https://wellwiki.org/wiki/37-083-15734,,"2621366"
37-083-25364,,"41.95380799995436","-78.42813899960402",PA,McKean,Otto,WINDFALL BW 8,SNOW & SNOW OIL,1800-01-01,,OIL,Active,Vertical Well,Production Well,https://wellwiki.org/wiki/37-083-25364,,"2621367"
37-123-42841,,"41.7885689997118","-79.14145100035203",PA,Warren,Mead,HERTZEL 15,PIERCE & PETERSEN,2000-10-27,,OIL,Active,Vertical Well,Production Well,https://wellwiki.org/wiki/37-123-42841,,"2621368"
37-031-01534,,"41.26224199993355","-79.51474899968595",PA,Clarion,Elk,WELLS 1,MELVIN W KAPP,1800-01-01,,OIL,Active,Vertical Well,Production Well,https://wellwiki.org/wiki/37-031-01534,,"2621369"
37-065-26856,,"41.066833000235334","-79.07130600018759",PA,Jefferson,Knox,SHAFFER 9,JWS ENERGY LLC,2010-06-29,,GAS,Active,Vertical Well,Production Well,https://wellwiki.org/wiki/37-065-26856,,"2621370"
37-121-39150,,"41.24713000012083","-79.83581799978022",PA,Venango,Clinton,KERIN 19,ED KAYLOR,1985-04-16,,OIL,Active,Vertical Well,Production Well,https://wellwiki.org/wiki/37-121-39150,,"2621371"
37-083-50570,,"41.84692699967095","-78.85280499980868",PA,McKean,Hamilton,LOT 2 89,SNYDER BROS INC,2006-05-05,,OIL,Active,Vertical Well,Production Well,https://wellwiki.org/wiki/37-083-50570,,"2621372"
37-105-00254,,"41.95260600012035","-78.05730800041574",PA,Potter,Oswayo,GREEN 2A,11 MILE OIL CORP,1800-01-01,,OIL,Active,Vertical Well,Production Well,https://wellwiki.org/wiki/37-105-00254,,"2621373"
37-125-22940,,"40.2686670002308","-80.02531699990749",PA,Washington,Union,TRAX FARMS 5,DORSO LP,2008-01-09,,GAS,Active,Vertical Well,Production Well,https://wellwiki.org/wiki/37-125-22940,,"2621374"
37-083-47970,,"41.833703999845106","-78.85131099998156",PA,McKean,Hamilton,LOT 2 25,SNYDER BROS INC,2001-02-12,,OIL,Active,Vertical Well,Production Well,https://wellwiki.org/wiki/37-083-47970,,"2621375"
37-121-34436,,"41.38895799980316","-79.80017200039842",PA,Venango,Cranberry,FRANK 11,BEST JOHN B,1983-05-19,,OIL,Active,Vertical Well,Production Well,https://wellwiki.org/wiki/37-121-34436,,"2621376"
37-031-21194,,"41.127157000149886","-79.66659999971786",PA,Clarion,Richland,CUB 2,RIVERSTONE FARM,1983-02-04,,OIL,Active,Vertical Well,Production Well,https://wellwiki.org/wiki/37-031-21194,,"2621377"
37-083-55255,,"41.84016400011743","-78.87262800011416",PA,McKean,Hamilton,LOT 4 49,SNYDER BROS INC,2011-02-01,,OIL,Active,Vertical Well,Production Well,https://wellwiki.org/wiki/37-083-55255,,"2621378"
37-083-10998,,"41.91795000009341","-78.70235300006767",PA,McKean,Bradford,JOYCE 7,WILLARD M CLINE,1800-01-01,,OIL,Active,Vertical Well,Production Well,https://wellwiki.org/wiki/37-083-10998,,"2621379"
37-039-00203,,"41.70477299985386","-79.63313400042652",PA,Crawford,Rome,HUMMER 7,HARGER JAMES,1800-01-01,,OIL,Active,Vertical Well,Production Well,https://wellwiki.org/wiki/37-039-00203,,"2621380"
37-123-43854,,"41.8389770000285","-79.11209199972501",PA,Warren,Glade,KLARK 8,BF ADVENTURES LLC,2005-08-05,,OIL,Active,Vertical Well,Production Well,https://wellwiki.org/wiki/37-123-43854,,"2621381"
37-123-37466,,"41.79059999970541","-79.10158100033343",PA,Warren,Mead,STREICH 2,WHILTON BROOKS A,1985-03-23,,OIL,Active,Vertical Well,Production Well,https://wellwiki.org/wiki/37-123-37466,,"2621382"
37-019-00914,,"41.1699199999237","-79.89500800013907",PA,Butler,Marion,ATWELL 6,LAZY OIL CO,1800-01-01,,OIL,Active,Vertical Well,Production Well,https://wellwiki.org/wiki/37-019-00914,,"2621383"
37-063-26908,,"40.570995999724644","-79.35827300005757",PA,Indiana,Young,BENNETT 5,JACK SCALICI,1982-03-23,,GAS,Active,Vertical Well,Production Well,https://wellwiki.org/wiki/37-063-26908,,"2621384"
37-065-24925,,"40.94262399992986","-78.886394000022",PA,Jefferson,Gaskill,DEAN 3,HAROLD R ELKIN,2003-05-15,,GAS,Active,Vertical Well,Production Well,https://wellwiki.org/wiki/37-065-24925,,"2621385"
37-023-00005,,"41.33932499971286","-78.19732099983688",PA,Cameron,Gibson,MOATE 1,EQT PROD CO,1800-01-01,,GAS,Active,Vertical Well,Production Well,https://wellwiki.org/wiki/37-023-00005,,"2621386"
37-123-31102,,"41.762034000057085","-79.09288699991082",PA,Warren,Mead,YOUNG 6,CAMERON ENERGY CO,1800-01-01,,OIL,Active,Vertical Well,Production Well,https://wellwiki.org/wiki/37-123-31102,,"2621387"
37-053-30123,,"41.60201899980738","-79.03309200037779",PA,Forest,Howe,BALD 1,BALD HILL OIL,2012-02-20,,OIL,Active,Vertical Well,Production Well,https://wellwiki.org/wiki/37-053-30123,,"2621388"
37-123-45491,,"41.78056699988662","-79.08402500015704",PA,Warren,Mead,ROBINSON 20,BRANCH JOHN D,1800-01-01,,OIL,Active,Vertical Well,Production Well,https://wellwiki.org/wiki/37-123-45491,,"2621389"
37-033-23146,,"40.88532000011939","-78.72740299966907",PA,Clearfield,Bell,POWELL 003,FAIRMAN CORP,1989-05-16,,GAS,Active,Vertical Well,Production Well,https://wellwiki.org/wiki/37-033-23146,,"2621390"
37-053-27930,,"41.62585400019813","-79.1228490000622",PA,Forest,Howe,SOUTHWELL 2,CAMERON ENERGY CO,2005-05-10,,OIL,Active,Vertical Well,Production Well,https://wellwiki.org/wiki/37-053-27930,,"2621391"
37-083-48761,,"41.84715200029967","-78.82845700036415",PA,McKean,Corydon,LOT 7 7 5,SNYDER BROS INC,2002-11-01,,OIL,Active,Vertical Well,Production Well,https://wellwiki.org/wiki/37-083-48761,,"2621392"
37-123-45494,,"41.7797109997614","-79.07626100039528",PA,Warren,Mead,ROBINSON 33,BRANCH JOHN D,1800-01-01,,OIL,Active,Vertical Well,Production Well,https://wellwiki.org/wiki/37-123-45494,,"2621393"
37-019-21706,,"40.929144000037965","-80.15242200011159",PA,Butler,Muddycreek,CHEESEMAN UNIT 1,GEOPETRO LLC,2011-04-20,,GAS,Active,Horizontal Well,Production Well,https://wellwiki.org/wiki/37-019-21706,,"2621394"
37-003-01084,,"40.55713099972209","-80.08756900043872",PA,Allegheny,Ohio,ANDERSON 1,PA DEP OFC OIL & GAS MGMT,1800-01-01,2013-06-24,OIL,DEP Plugged,Vertical Well,Plugged,https://wellwiki.org/wiki/37-003-01084,,"2621395"
37-005-29055,,"40.662580999763875","-79.63250300041474",PA,Armstrong,Gilpin,T MANOL 2-13,BLX INC,,,GAS,Operator Reported Not Drilled,Vertical Well,Not Drilled,https://wellwiki.org/wiki/37-005-29055,,"2621396"
37-083-23316,,"41.99256000016168","-78.41094999984877",PA,McKean,Eldred,HUFFMAN 1,WOOD OIL CO,1965-02-03,,OIL,Active,Vertical Well,Production Well,https://wellwiki.org/wiki/37-083-23316,,"2621397"
37-121-46224,,"41.3985399999697","-79.76433000029971",PA,Venango,Cranberry,BEDOW 4,UNKNOWN OPR,1800-01-01,2021-03-26,OIL,DEP Plugged,Undetermined,Plugged,https://wellwiki.org/wiki/37-121-46224,,"2621398"
37-063-34779,,"40.56445299986444","-79.19701499957554",PA,Indiana,Center,P J BECK 1,DL RESOURCES INC,2006-06-13,,GAS,Active,Vertical Well,Production Well,https://wellwiki.org/wiki/37-063-34779,,"2621399"
37-117-21575,,"41.59464400032083","-77.04522200004745",PA,Tioga,Liberty,HARER K 713W 1H,SWEPI LP,,,GAS,Operator Reported Not Drilled,Horizontal Well,Not Drilled,https://wellwiki.org/wiki/37-117-21575,,"2621400"
37-728337,,"41.38339500026225","-78.72374999966789",PA,Elk,Ridgway,SGL 3H 44,EOG RESOURCES INC,,,GAS,Operator Reported Not Drilled,Vertical Well,Not Drilled,https://wellwiki.org/wiki/37-728337,,"2621401"
37-081-20131,,"41.579437000226896","-76.84868700025456",PA,Lycoming,McNett,JOHNSON 1,SWEPI LP,,,GAS,Operator Reported Not Drilled,Vertical Well,Not Drilled,https://wellwiki.org/wiki/37-081-20131,,"2621402"
37-031-24470,,"41.092169000164134","-79.32441600005566",PA,Clarion,Porter,CYPHER 7,DIVERSIFIED PROD LLC,2006-10-19,,GAS,Active,Vertical Well,Production Well,https://wellwiki.org/wiki/37-031-24470,,"2621403"
37-083-42398,,"41.96480800025848","-78.42759399980596",PA,McKean,Otto,WINDFALL BW-20,SNOW & SNOW OIL,1984-06-20,,OIL,Active,Vertical Well,Production Well,https://wellwiki.org/wiki/37-083-42398,,"2621404"
37-063-31820,,"40.68240900018042","-78.86533700018039",PA,Indiana,Green,KEITH 2,TURM OIL INC,1997-09-18,,GAS,Active,Vertical Well,Production Well,https://wellwiki.org/wiki/37-063-31820,,"2621405"
37-063-29434,,"40.454503999683716","-79.2414909998224",PA,Indiana,Burrell,TORRANCE 2,FAIRMAN CORP,1988-01-15,,GAS,Active,Vertical Well,Production Well,https://wellwiki.org/wiki/37-063-29434,,"2621406"
37-123-28329,,"41.815415999832624","-79.23194600017834",PA,Warren,Pleasant,JONES 028,KCS ENERGY INC,1981-03-10,,OIL,Active,Vertical Well,Production Well,https://wellwiki.org/wiki/37-123-28329,,"2621407"
37-065-25874,,"40.94968000014722","-79.03889899963187",PA,Jefferson,Perry,FC DOUTHET 4,DIVERSIFIED PROD LLC,2008-01-04,,GAS,Active,Vertical Well,Production Well,https://wellwiki.org/wiki/37-065-25874,,"2621408"
37-123-40263,,"41.90676399978295","-79.34743500042785",PA,Warren,Sugar Grove,STASIOWSKI 30,MOORE JASON S,1988-05-07,,OIL,Active,Vertical Well,Production Well,https://wellwiki.org/wiki/37-123-40263,,"2621409"
37-051-22075,,"39.84438600001033","-79.87269099992378",PA,Fayette,German,HERRING 3,DIVERSIFIED PROD LLC,2004-03-09,,GAS,Active,Vertical Well,Production Well,https://wellwiki.org/wiki/37-051-22075,,"2621410"
37-123-44265,,"41.81275499977977","-79.04120099992107",PA,Warren,Mead,LOT 38 54,PIERCE & PETERSEN,2006-10-17,,OIL,Active,Vertical Well,Production Well,https://wellwiki.org/wiki/37-123-44265,,"2621411"
37-065-01561,,"41.25065799985277","-78.96644299985572",PA,Jefferson,Warsaw,COOK 2,DIVERSIFIED PROD LLC,1800-01-01,,GAS,Active,Vertical Well,Production Well,https://wellwiki.org/wiki/37-065-01561,,"2621412"
37-059-27846,,"39.790456000203484","-80.20218599975371",PA,Greene,Wayne,IRISH PUG 5,RICE DRILLING B LLC,2020-01-21,,GAS,Active,Horizontal Well,Production Well,https://wellwiki.org/wiki/37-059-27846,,"2621413"
37-083-32498,,"41.922798999971","-78.53728400029902",PA,McKean,Foster,EVANS 137,BLAST PRODUCING CO,1800-01-01,,OIL,Active,Vertical Well,Production Well,https://wellwiki.org/wiki/37-083-32498,,"2621414"
37-121-04906,,"41.39107099976969","-79.73980399968164",PA,Venango,Cranberry,BAUM 33,PEASTER EDWIN,1800-01-01,,OIL,Active,Vertical Well,Production Well,https://wellwiki.org/wiki/37-121-04906,,"2621415"
37-121-27077,,"41.54057799967566","-79.57812400032356",PA,Venango,Oilcreek,HUIDEKOPER 10,VISTA PETRO INC,1979-12-11,,OIL,Active,Vertical Well,Production Well,https://wellwiki.org/wiki/37-121-27077,,"2621416"
34-167-62346,"62346","39.49216401","-81.17973888",OH,,, ,,,,OG_R,unknown,,Other / Unknown,https://wellwiki.org/wiki/34-167-62346,,"634269"
37-021-20952,,"40.70544000032649","-78.63699800025447",PA,Cambria,Chest,LEIDEN UNIT 4,MTN V OIL & GAS INC,2005-11-11,,GAS,Active,Vertical Well,Production Well,https://wellwiki.org/wiki/37-021-20952,,"2621417"
37-019-21830,,"40.934082999937225","-79.89391099997198",PA,Butler,Center,KISER 6,NORTHWESTERN WELL SVC INC,2011-04-19,,OIL,Active,Vertical Well,Production Well,https://wellwiki.org/wiki/37-019-21830,,"2621418"
37-083-55220,,"41.83699699973242","-78.86427799964814",PA,McKean,Hamilton,LOT 3 70,SNYDER BROS INC,2011-10-11,,OIL,Active,Vertical Well,Production Well,https://wellwiki.org/wiki/37-083-55220,,"2621419"
34-127-62223,"62223","39.5974157","-82.06505781",OH,,, ,,1/1/1900,,UN_R,unknown,,Other / Unknown,https://wellwiki.org/wiki/34-127-62223,,"631786"
37-047-23314,,"41.25903699996363","-78.62980100003205",PA,Elk,Fox,BOLAM UNIT 2,DIVERSIFIED PROD LLC,1997-07-28,,GAS,Active,Vertical Well,Production Well,https://wellwiki.org/wiki/37-047-23314,,"2621420"
37-003-21408,,"40.49939900002403","-79.76386300031949",PA,Allegheny,Plum,MAZUR 1,DAKOTA OIL & GAS CO,1997-04-16,,GAS,Active,Vertical Well,Production Well,https://wellwiki.org/wiki/37-003-21408,,"2621421"
37-031-21045,,"41.06866199989931","-79.38761699971766",PA,Clarion,Porter,MCCALL 1,G & G GAS INC,1982-04-12,,GAS,Active,Vertical Well,Production Well,https://wellwiki.org/wiki/37-031-21045,,"2621422"
37-005-31432,,"40.91391999995788","-79.37329000011829",PA,Armstrong,Boggs,Kuhns 8H,SNYDER BROS INC,2022-06-10,,GAS,Active,Horizontal Well,Production Well,https://wellwiki.org/wiki/37-005-31432,,"2621423"
37-031-01350,,"41.25001099990739","-79.58308200000597",PA,Clarion,Salem,FLEMING 1,FLEMING PAUL L,1800-01-01,,GAS,Active,Vertical Well,Production Well,https://wellwiki.org/wiki/37-031-01350,,"2621424"
37-123-48649,,"41.76633299990163","-78.97926899995531",PA,Warren,Mead,DANA 114 2,WILMOTH INTERESTS INC,2022-07-27,,OIL,Active,Vertical Well,Production Well,https://wellwiki.org/wiki/37-123-48649,,"2621425"
37-019-01746,,"40.987065999708754","-79.74861799975484",PA,Butler,Fairview,RIGGLE 2,HAROLD J RITZERT,1800-01-01,,OIL,Active,Vertical Well,Production Well,https://wellwiki.org/wiki/37-019-01746,,"2621426"
37-053-23904,,"41.57484999969515","-79.51141700007513",PA,Forest,Harmony,GRIFFEN 22Q,AMES MARK E,1981-10-24,,OIL,Active,Vertical Well,Production Well,https://wellwiki.org/wiki/37-053-23904,,"2621427"
37-047-22864,,"41.59351999968774","-78.63724400030176",PA,Elk,Jones,AIELLO 7,NATURAL OIL & GAS CORP,1989-10-18,,OIL,Active,Vertical Well,Production Well,https://wellwiki.org/wiki/37-047-22864,,"2621428"
37-049-20511,,"42.16584599986572","-79.93735500034906",PA,Erie,Harborcreek,CARL BECKMAN 1,BECKMAN BROS,1978-06-01,,GAS,Active,Vertical Well,Production Well,https://wellwiki.org/wiki/37-049-20511,,"2621429"
37-063-30502,,"40.73944700005238","-79.09515599968975",PA,Indiana,Rayne,CONDRON 4,FAIRMAN CORP,1992-09-30,,GAS,Active,Vertical Well,Production Well,https://wellwiki.org/wiki/37-063-30502,,"2621430"
37-049-22105,,"42.15212700020049","-79.79455299966868",PA,Erie,Greenfield,ROGER DALE 1A,PPP FUTURE DEV INC,1800-01-01,,GAS,Active,Vertical Well,Production Well,https://wellwiki.org/wiki/37-049-22105,,"2621431"
37-123-30851,,"41.82326600000405","-79.21690700037631",PA,Warren,Pleasant,PIERCE 02,KCS ENERGY INC,1982-07-08,,OIL,Active,Vertical Well,Production Well,https://wellwiki.org/wiki/37-123-30851,,"2621432"
37-053-27006,,"41.56594199987962","-79.18486700024171",PA,Forest,Howe,WARRANT 5104 1077,MINARD RUN OIL CO,1998-07-17,,OIL,Active,Vertical Well,Production Well,https://wellwiki.org/wiki/37-053-27006,,"2621433"
37-083-10979,,"41.96602999969558","-78.65243000041687",PA,McKean,Bradford,ADAMS 11,WILLARD M CLINE,1800-01-01,,OIL,Active,Vertical Well,Production Well,https://wellwiki.org/wiki/37-083-10979,,"2621434"
37-065-00381,,"40.96962300027975","-79.09355700028064",PA,Jefferson,Perry,JN KELLY 42A 1,DIVERSIFIED PROD LLC,1800-01-01,2023-12-06,GAS,Plugged OG Well,Vertical Well,Plugged,https://wellwiki.org/wiki/37-065-00381,,"2621435"
37-083-25214,,"41.840485000296425","-78.67302199992804",PA,McKean,Lafayette,FLOOD 5 5A 19,MINARD RUN OIL CO,1969-08-23,1993-07-15,INJECTION,Plugged OG Well,Vertical Well,Plugged,https://wellwiki.org/wiki/37-083-25214,,"2621436"
37-121-40697,,"41.55808300031925","-79.55077800028072",PA,Venango,Allegheny,WITCO CORP BW7,BECK JAMES L,1985-04-01,2010-10-20,OIL,Plugged OG Well,Vertical Well,Plugged,https://wellwiki.org/wiki/37-121-40697,,"2621437"
37-121-31166,,"41.5223139999391","-79.62116600011942",PA,Venango,Cornplanter,KIRVAN 8,MANX INC,1981-11-20,1997-05-29,OIL,Plugged OG Well,Vertical Well,Plugged,https://wellwiki.org/wiki/37-121-31166,,"2621438"
37-031-01911,,"41.33015499968476","-79.50249300039708",PA,Clarion,Elk,LES GW 2,UNKNOWN OPR,1800-01-01,2003-08-20,OIL,Plugged OG Well,Vertical Well,Plugged,https://wellwiki.org/wiki/37-031-01911,,"2621439"
37-059-02099,,"39.82905599987412","-80.08413999984519",PA,Greene,Whiteley,EMMA HARTLEY 1,EQUITRANS INC,1800-01-01,2004-09-13,GAS,Plugged OG Well,Vertical Well,Plugged,https://wellwiki.org/wiki/37-059-02099,,"2621440"
37-059-02139,,"39.9025359996924","-80.46154600036328",PA,Greene,Richhill,C N HEWITT 1,UNKNOWN OPR,1800-01-01,2004-05-05,GAS,Plugged OG Well,Vertical Well,Plugged,https://wellwiki.org/wiki/37-059-02139,,"2621441"
37-121-04350,,"41.35220499968195","-79.75955699966691",PA,Venango,Cranberry,CRAWFORD & GREGORY 1,PA GEN ENERGY CORP,1800-01-01,2005-05-20,OIL,Plugged OG Well,Vertical Well,Plugged,https://wellwiki.org/wiki/37-121-04350,,"2621442"
37-053-27320,,"41.51109400008097","-79.13161899975448",PA,Forest,Jenks,LOT 28 1403,PA GEN ENERGY CORP,2001-10-16,2003-05-05,OIL,Plugged OG Well,Vertical Well,Plugged,https://wellwiki.org/wiki/37-053-27320,,"2621443"
37-059-23650,,"39.89560299989075","-80.47069599999715",PA,Greene,Richhill,J B SUPLER 4671,CONSOL PA COAL CO LLC,1800-01-01,2005-08-03,GAS,Plugged OG Well,Vertical Well,Plugged,https://wellwiki.org/wiki/37-059-23650,,"2621444"
37-083-25370,,"41.63096499994266","-78.86593600040511",PA,McKean,Wetmore,WT 3767 MOSER 11,HA MCKENNA,1800-01-01,1995-03-17,OIL,Plugged OG Well,Vertical Well,Plugged,https://wellwiki.org/wiki/37-083-25370,,"2621445"
37-121-45012,,"41.324877999867184","-79.68893899967446",PA,Venango,Cranberry,CHAGRIN 7 17A,VISTA OPR INC,2013-02-13,2015-10-09,OIL,Plugged OG Well,Vertical Well,Plugged,https://wellwiki.org/wiki/37-121-45012,,"2621446"
37-123-47286,,"41.78590799980376","-79.18744200034239",PA,Warren,Mead,LOT 487 21,GAS & OIL MGMT ASSN INC,1800-01-01,2013-07-08,UNDETERMINED,Plugged OG Well,Undetermined,Plugged,https://wellwiki.org/wiki/37-123-47286,,"2621447"
37-059-01006,,"39.90615599984529","-80.42468900011326",PA,Greene,Richhill,EARL D HULL N12,BURNS ROSS,1900-06-14,1968-10-02,GAS,Plugged OG Well,Vertical Well,Plugged,https://wellwiki.org/wiki/37-059-01006,,"2621448"
37-083-24328,,"41.95408300003867","-78.56031100016881",PA,McKean,Foster,GERMER 18,WITCO CORP,1800-01-01,1968-11-06,OIL,Plugged OG Well,Vertical Well,Plugged,https://wellwiki.org/wiki/37-083-24328,,"2621449"
37-105-00077,,"41.885992999679566","-78.07319300031467",PA,Potter,Hebron,W G CLARK 2001,NORTH PENN GAS CO,1800-01-01,2004-08-19,GAS,Plugged OG Well,Vertical Well,Plugged,https://wellwiki.org/wiki/37-105-00077,,"2621450"
37-129-90071,,"40.166461999845794","-79.81075499976002",PA,Westmoreland,Rostraver,CHAS V SMITH 464,CONSOL GAS CO,1800-01-01,,GAS,Plugged OG Well,Vertical Well,Plugged,https://wellwiki.org/wiki/37-129-90071,,"2621451"
37-083-35650,,"41.88269999989329","-78.4799250000512",PA,McKean,Keating,WARRANT 2187 28,PETRO NORTH LTD,1978-02-18,1994-02-05,OIL,Plugged OG Well,Vertical Well,Plugged,https://wellwiki.org/wiki/37-083-35650,,"2621452"
37-035-90055,,"41.28947800023108","-77.94347000035219",PA,Clinton,East Keating,POLLACK 1,UNKNOWN OPR,1800-01-01,,DRY HOLE,Plugged OG Well,Vertical Well,Plugged,https://wellwiki.org/wiki/37-035-90055,,"2621453"
37-105-20616,,"41.97909899990564","-78.03589699967351",PA,Potter,Oswayo,ED KEMP 6130,NATL FUEL GAS SUPPLY CORP,1923-07-20,1980-11-05,GAS,Plugged OG Well,Vertical Well,Plugged,https://wellwiki.org/wiki/37-105-20616,,"2621454"
37-047-22237,,"41.53099000026834","-78.90037099981701",PA,Elk,Highland,GILLIS 2 40,PENNZOIL PROD CO,1800-01-01,1988-11-08,OIL,Plugged OG Well,Vertical Well,Plugged,https://wellwiki.org/wiki/37-047-22237,,"2621455"
37-083-35276,,"41.86962699984803","-78.53848400039827",PA,McKean,Keating,DANA & ADAMS 5,WITCO CORP,1800-01-01,1985-05-15,OIL,Plugged OG Well,Vertical Well,Plugged,https://wellwiki.org/wiki/37-083-35276,,"2621456"
37-083-22893,,"41.74506499981208","-78.70119700034937",PA,McKean,Hamlin,KINZUA 576,PENNZOIL PROD CO,1963-07-15,1989-09-13,OIL,Plugged OG Well,Vertical Well,Plugged,https://wellwiki.org/wiki/37-083-22893,,"2621457"
37-083-43046,,"41.961816999735156","-78.59810400002911",PA,McKean,Foster,LAFFERTY 155,PENNZOIL PROD CO,1800-01-01,1983-12-22,OIL,Plugged OG Well,Vertical Well,Plugged,https://wellwiki.org/wiki/37-083-43046,,"2621458"
37-123-29210,,"41.63146399986778","-79.51543400012439",PA,Warren,Southwest,JENKS J1,MAY ENERGY INC,1981-07-15,2000-02-21,OIL,Plugged OG Well,Vertical Well,Plugged,https://wellwiki.org/wiki/37-123-29210,,"2621459"
37-083-21609,,"41.90123300021969","-78.52157099992924",PA,McKean,Otto,HOGAN 26,SH ELDER & CO,1959-01-13,1992-06-09,OIL,Plugged OG Well,Vertical Well,Plugged,https://wellwiki.org/wiki/37-083-21609,,"2621460"
37-083-33822,,"41.82949500031254","-78.6139789998823",PA,McKean,Lafayette,TIDEWATER BINGHAM 305,RICHARD B HERZOG,1800-01-01,1976-06-27,INJECTION,Plugged OG Well,Vertical Well,Plugged,https://wellwiki.org/wiki/37-083-33822,,"2621461"
37-083-34744,,"41.97585699985734","-78.58332200014506",PA,McKean,Foster,FREDERICKS 22,WITCO CORP,1800-01-01,1977-05-06,INJECTION,Plugged OG Well,Vertical Well,Plugged,https://wellwiki.org/wiki/37-083-34744,,"2621462"
37-083-21545,,"41.75714799990393","-78.67123400037306",PA,McKean,Hamlin,KINZUA 448,PENNZOIL PROD CO,1959-10-29,1989-04-26,OIL,Plugged OG Well,Vertical Well,Plugged,https://wellwiki.org/wiki/37-083-21545,,"2621463"
37-053-20143,,"41.603144999938195","-79.07320599989558",PA,Forest,Howe,BELL 2,PENNZOIL PROD CO,1964-09-02,1964-09-25,OIL,Plugged OG Well,Vertical Well,Plugged,https://wellwiki.org/wiki/37-053-20143,,"2621464"
37-049-21581,,"41.874045999965034","-79.79582599956288",PA,Erie,Union,GORDON WARD 1,GOE PRO INC,1981-10-28,,GAS,Plugged OG Well,Vertical Well,Plugged,https://wellwiki.org/wiki/37-049-21581,,"2621465"
37-083-09657,,"41.93328099996273","-78.5185630001835",PA,McKean,Otto,NORTH LOOKER 6,PENNZOIL PROD CO,1800-01-01,1992-08-27,OIL,Plugged OG Well,Vertical Well,Plugged,https://wellwiki.org/wiki/37-083-09657,,"2621466"
37-065-00831,,"41.281789999927696","-79.07941800010391",PA,Jefferson,Eldred,LEON MCNEIL 4489,NATL FUEL GAS SUPPLY CORP,1943-11-11,1992-12-10,GAS,Plugged OG Well,Vertical Well,Plugged,https://wellwiki.org/wiki/37-065-00831,,"2621467"
37-083-06865,,"41.75953499974486","-78.67939399996995",PA,McKean,Hamlin,KINZUA WELLS 238,PENNZOIL PROD CO,1946-03-04,1990-05-07,GAS,Plugged OG Well,Vertical Well,Plugged,https://wellwiki.org/wiki/37-083-06865,,"2621468"
37-125-01802,,"40.19534499972763","-80.18684900002587",PA,Washington,South Strabane,"MUNCE, W J 32",PENNZOIL PROD CO,1800-01-01,1991-06-25,OIL,Plugged OG Well,Vertical Well,Plugged,https://wellwiki.org/wiki/37-125-01802,,"2621469"
37-083-07825,,"41.98676899987742","-78.49709299989004",PA,McKean,Otto,BURNS FLOOD 2 09,QUAKER STATE CORP,1800-01-01,1990-06-28,INJECTION,Plugged OG Well,Vertical Well,Plugged,https://wellwiki.org/wiki/37-083-07825,,"2621470"
37-083-07626,,"41.9185179998024","-78.70046099985728",PA,McKean,Bradford,JOYCE 28,WILLARD M CLINE,1800-01-01,1989-06-30,OIL,Plugged OG Well,Vertical Well,Plugged,https://wellwiki.org/wiki/37-083-07626,,"2621471"
37-083-01322,,"41.90126099974223","-78.50305400002823",PA,McKean,Otto,HARRISON 21,SH ELDER & CO,1800-01-01,1991-05-21,OIL,Plugged OG Well,Vertical Well,Plugged,https://wellwiki.org/wiki/37-083-01322,,"2621472"
37-125-92267,,"40.09255100029183","-80.27702300036012",PA,Washington,South Franklin,R. G. MANKEY 4,UNKNOWN OPR,1800-01-01,,OIL,Plugged OG Well,Vertical Well,Plugged,https://wellwiki.org/wiki/37-125-92267,,"2621473"
37-121-05392,,"41.44462100033255","-79.71968699964829",PA,Venango,Cornplanter,BENNING 5,QUAKER STATE CORP,1800-01-01,1997-07-18,OIL,Plugged OG Well,Vertical Well,Plugged,https://wellwiki.org/wiki/37-121-05392,,"2621474"
37-083-22891,,"41.747535000125204","-78.70394499980408",PA,McKean,Hamlin,KINZUA 574,PENNZOIL PROD CO,1963-06-27,1989-10-26,OIL,Plugged OG Well,Vertical Well,Plugged,https://wellwiki.org/wiki/37-083-22891,,"2621475"
37-083-35320,,"41.875917999671685","-78.53251999988706",PA,McKean,Keating,DANA & ADAMS 75,WITCO CORP,1800-01-01,1979-10-18,INJECTION,Plugged OG Well,Vertical Well,Plugged,https://wellwiki.org/wiki/37-083-35320,,"2621476"
37-083-45339,,"41.941468000177146","-78.56333399998313",PA,McKean,Foster,GIBSON-NEATH E-2,WITCO CORP,1800-01-01,1986-08-22,OIL,Plugged OG Well,Vertical Well,Plugged,https://wellwiki.org/wiki/37-083-45339,,"2621477"
37-083-46009,,"41.92949500001744","-78.53776200014993",PA,McKean,Foster,SUMMIT (FLOOD 10) 58,QUAKER STATE CORP,1800-01-01,1988-06-09,OIL,Plugged OG Well,Vertical Well,Plugged,https://wellwiki.org/wiki/37-083-46009,,"2621478"
37-083-44875,,"41.93054999999998","-78.36271699984366",PA,McKean,Eldred,PROUTY 4,DUKE ENERGY INC,1800-01-01,1986-01-15,OIL,Plugged OG Well,Vertical Well,Plugged,https://wellwiki.org/wiki/37-083-44875,,"2621479"
37-063-29365,,"40.712818000318876","-78.86913099974859",PA,Indiana,Green,P.T. SHERRY 2,CONSOL GAS CO,1987-05-05,1987-10-16,GAS,Plugged OG Well,Vertical Well,Plugged,https://wellwiki.org/wiki/37-063-29365,,"2621480"
37-049-20976,,"42.110731999879945","-79.94258900021602",PA,Erie,Harborcreek,VERLE CALKINS 1,ENVIROGAS INC,1800-01-01,1980-05-29,GAS,Plugged OG Well,Vertical Well,Plugged,https://wellwiki.org/wiki/37-049-20976,,"2621481"
37-047-22267,,"41.528226000335806","-78.93575000013344",PA,Elk,Highland,WARRANT 3664 37,PENNZOIL PROD CO,1800-01-01,1986-07-02,OIL,Plugged OG Well,Vertical Well,Plugged,https://wellwiki.org/wiki/37-047-22267,,"2621482"
37-083-42898,,"41.963278000210835","-78.6164140002409",PA,McKean,Foster,MELVIN 327,PENNZOIL PROD CO,1800-01-01,1984-07-11,INJECTION,Plugged OG Well,Vertical Well,Plugged,https://wellwiki.org/wiki/37-083-42898,,"2621483"
37-063-27004,,"40.67733000021742","-78.98510299987186",PA,Indiana,Cherryhill,JOHN EVANICK 1,PENNZOIL PROD CO,1800-01-01,1982-06-23,GAS,Plugged OG Well,Vertical Well,Plugged,https://wellwiki.org/wiki/37-063-27004,,"2621484"
37-039-22087,,"41.77232700023968","-80.0061759996674",PA,Crawford,Rockdale,M BAUER 1,MERIDIAN EXPLORATION CORP,1800-01-01,1987-04-15,GAS,Plugged OG Well,Vertical Well,Plugged,https://wellwiki.org/wiki/37-039-22087,,"2621485"
37-123-01263,,"41.70229200024571","-79.56526100041404",PA,Warren,Southwest,BENDICT (EATON) 25,PA GEN ENERGY CORP,1800-01-01,,OIL,Plugged OG Well,Vertical Well,Plugged,https://wellwiki.org/wiki/37-123-01263,,"2621486"
37-083-44054,,"41.97187499970617","-78.60831999986793",PA,McKean,Foster,TATE 15,L & J OIL CO,1800-01-01,1984-10-30,OIL,Plugged OG Well,Vertical Well,Plugged,https://wellwiki.org/wiki/37-083-44054,,"2621487"
37-083-29380,,"41.97557900033094","-78.56197999989811",PA,McKean,Foster,JACKSON 14,QUAKER STATE CORP,1800-01-01,1972-12-21,OIL,Plugged OG Well,Vertical Well,Plugged,https://wellwiki.org/wiki/37-083-29380,,"2621488"
37-083-05516,,"41.928534000307444","-78.50719199955299",PA,McKean,Otto,KNOX & SOUTH LOOKER 2KS3,PENNZOIL PROD CO,1947-06-12,1992-06-15,OIL,Plugged OG Well,Vertical Well,Plugged,https://wellwiki.org/wiki/37-083-05516,,"2621489"
37-019-00560,,"40.761666999876475","-79.80889400041012",PA,Butler,Jefferson,E SCHLUEP 0,REDMILL DRILLING,1800-01-01,2015-04-15,GAS,Plugged OG Well,Vertical Well,Plugged,https://wellwiki.org/wiki/37-019-00560,,"2621490"
37-083-15391,,"41.72373900014187","-78.83506600023253",PA,McKean,Wetmore,LOT 221 OG WELL,UNKNOWN OPR,1800-01-01,2006-07-20,OIL,Plugged OG Well,Vertical Well,Plugged,https://wellwiki.org/wiki/37-083-15391,,"2621491"
37-121-24386,,"41.60097199984852","-79.71212700010103",PA,Venango,Cherrytree,GLENN PATTERSON 9,MAUL LARRY E,1800-01-01,2007-08-30,OIL,Plugged OG Well,Vertical Well,Plugged,https://wellwiki.org/wiki/37-121-24386,,"2621492"
37-121-02173,,"41.59995600003395","-79.71459300042176",PA,Venango,Cherrytree,PATTERSON 1,MAUL LARRY E,1800-01-01,2007-09-10,OIL,Plugged OG Well,Vertical Well,Plugged,https://wellwiki.org/wiki/37-121-02173,,"2621493"
37-059-02204,,"39.87833000010946","-80.1109429997398",PA,Greene,Franklin,WB RHODES 387,UNKNOWN OPR,1800-01-01,2008-07-23,GAS,Plugged OG Well,Vertical Well,Plugged,https://wellwiki.org/wiki/37-059-02204,,"2621494"
37-121-44391,,"41.32242799997914","-79.60317499974987",PA,Venango,Pinegrove,SGL B18,BLX INC,2008-10-06,2012-02-17,OIL,Plugged OG Well,Vertical Well,Plugged,https://wellwiki.org/wiki/37-121-44391,,"2621495"
37-083-12637,,"41.98754199997052","-78.62987200017716",PA,McKean,Foster,STACK FARM 6,PA DEP OFC OIL & GAS MGMT,1800-01-01,,OIL,DEP Orphan List,Vertical Well,Orphaned / Abandoned / Unverified Plug,https://wellwiki.org/wiki/37-083-12637,,"2621496"
37-063-31967,,"40.50668699992298","-79.45265299968864",PA,Indiana,Conemaugh,BRICILLO OO3,KRIEBEL GAS INC,,,GAS,Operator Reported Not Drilled,Vertical Well,Not Drilled,https://wellwiki.org/wiki/37-063-31967,,"2621497"
37-105-90089,,"41.95517900026213","-78.04503799998486",PA,Potter,Oswayo,SPENCER 1,UNKNOWN OPR,1800-01-01,,OIL,DEP Abandoned List,Vertical Well,Orphaned / Abandoned / Unverified Plug,https://wellwiki.org/wiki/37-105-90089,,"2621498"
37-117-90018,,"41.97544199994741","-77.29646099962154",PA,Tioga,Nelson,H Z FRISBIE 1,UNKNOWN OPR,1800-01-01,,DRY HOLE,DEP Abandoned List,Vertical Well,Orphaned / Abandoned / Unverified Plug,https://wellwiki.org/wiki/37-117-90018,,"2621499"
37-059-27575,,"39.80643100024575","-80.23033900043373",PA,Greene,Wayne,DAHN-TAHN 2,RICE DRILLING B LLC,,,GAS,Operator Reported Not Drilled,Horizontal Well,Not Drilled,https://wellwiki.org/wiki/37-059-27575,,"2621500"
37-005-29901,,"40.70673599989026","-79.56309499966896",PA,Armstrong,Bethel,BOYD 2,STEWART INC,,,GAS,Proposed But Never Materialized,Vertical Well,Not Drilled,https://wellwiki.org/wiki/37-005-29901,,"2621501"
37-047-23660,,"41.61697900015383","-78.87363999989243",PA,Elk,Highland,WARRANT 3775 ARG 129,ARG RESOURCES INC,2005-07-18,,OIL,Abandoned,Vertical Well,Orphaned / Abandoned / Unverified Plug,https://wellwiki.org/wiki/37-047-23660,,"2621502"
37-059-90140,,"39.76712500005902","-80.17213300026407",PA,Greene,Perry,E A PHILLIPS 1,EQT PROD CO,1800-01-01,,GAS,DEP Abandoned List,Vertical Well,Orphaned / Abandoned / Unverified Plug,https://wellwiki.org/wiki/37-059-90140,,"2621503"
37-129-90267,,"40.384160000326474","-79.73277999971158",PA,Westmoreland,Penn,B F WEST 2,UNKNOWN OPR,1800-01-01,,GAS,DEP Abandoned List,Vertical Well,Orphaned / Abandoned / Unverified Plug,https://wellwiki.org/wiki/37-129-90267,,"2621504"
37-083-11593,,"41.93863300001507","-78.54795700007232",PA,McKean,Foster,MURPHY 3,PA DEP OFC OIL & GAS MGMT,1800-01-01,,UNDETERMINED,DEP Orphan List,Vertical Well,Orphaned / Abandoned / Unverified Plug,https://wellwiki.org/wiki/37-083-11593,,"2621505"
37-047-24563,,"41.58766900026136","-78.64460600038063",PA,Elk,Jones,KILHOFFER 6,SEPTEMBER CORP,,,OIL,Operator Reported Not Drilled,Vertical Well,Not Drilled,https://wellwiki.org/wiki/37-047-24563,,"2621506"
37-121-44460,,"41.32162199998421","-79.60088000003167",PA,Venango,Pinegrove,SGL B24,BLX INC,,,OIL,Operator Reported Not Drilled,Vertical Well,Not Drilled,https://wellwiki.org/wiki/37-121-44460,,"2621904"
37-027-20955,,"41.06671800015139","-77.95981800003338",PA,Centre,Snow Shoe,GULF USA 6,MID EAST OIL CO,,,GAS,Operator Reported Not Drilled,Vertical Well,Not Drilled,https://wellwiki.org/wiki/37-027-20955,,"2621507"
37-083-10781,,"41.95917800004646","-78.62923399959439",PA,McKean,Bradford,HARPS 01,PA DEP OFC OIL & GAS MGMT,1800-01-01,,UNDETERMINED,DEP Orphan List,Vertical Well,Orphaned / Abandoned / Unverified Plug,https://wellwiki.org/wiki/37-083-10781,,"2621508"
37-121-07199,,"41.18655200006674","-79.88765899958068",PA,Venango,Clinton,IRWIN C9,PA DEP OFC OIL & GAS MGMT,1800-01-01,,OIL,DEP Abandoned List,Vertical Well,Orphaned / Abandoned / Unverified Plug,https://wellwiki.org/wiki/37-121-07199,,"2621509"
37-123-05448,,"41.78975300006309","-79.10359200036947",PA,Warren,Mead,CARLSON 3,UNKNOWN OPR,1800-01-01,2011-07-18,OIL,Plugged OG Well,Vertical Well,Plugged,https://wellwiki.org/wiki/37-123-05448,,"2621510"
37-123-04379,,"41.66565100020717","-79.00484699963629",PA,Warren,Sheffield,LOT 369 36,LOBDELL PEGGY,1800-01-01,2010-09-28,OIL,Plugged OG Well,Vertical Well,Plugged,https://wellwiki.org/wiki/37-123-04379,,"2621511"
37-083-47961,,"41.83487099976077","-78.69371999974445",PA,McKean,Lafayette,WT 2265 KNEF KNEF 27,MINARD RUN OIL CO,2001-06-21,2009-12-11,OIL,Plugged OG Well,Vertical Well,Plugged,https://wellwiki.org/wiki/37-083-47961,,"2621512"
37-083-16253,,"41.948138999704234","-78.6803610004407",PA,McKean,Bradford,ROGERS 2,GEORGE BRUCE S,1800-01-01,2011-12-08,OIL,Plugged OG Well,Vertical Well,Plugged,https://wellwiki.org/wiki/37-083-16253,,"2621513"
37-053-01045,,"41.584860999976186","-79.33997200006664",PA,Forest,Hickory,WT 5200 A1,A & S PROD INC,1800-01-01,2012-01-05,UNDETERMINED,Plugged OG Well,Vertical Well,Plugged,https://wellwiki.org/wiki/37-053-01045,,"2621514"
37-083-10187,,"41.851851000273854","-78.60380800024933",PA,McKean,Lafayette,BOYNE 22,QUAKER STATE CORP,1800-01-01,1993-10-08,OIL,Plugged OG Well,Vertical Well,Plugged,https://wellwiki.org/wiki/37-083-10187,,"2621515"
37-083-46162,,"41.958061999996055","-78.84426799974491",PA,McKean,Corydon,LOT 27 2,CANTON OIL & GAS CO,1990-02-28,1990-09-17,DRY HOLE,Plugged OG Well,Vertical Well,Plugged,https://wellwiki.org/wiki/37-083-46162,,"2621516"
37-083-09572,,"41.98127299986384","-78.48584400035658",PA,McKean,Otto,UNION KEATING 53,PENNZOIL PROD CO,1800-01-01,1992-06-29,OIL,Plugged OG Well,Vertical Well,Plugged,https://wellwiki.org/wiki/37-083-09572,,"2621517"
37-083-07900,,"41.74245799992199","-78.70665399979907",PA,McKean,Hamlin,KINZUA WELLS 147,PENNZOIL PROD CO,1800-01-01,1990-02-13,OIL,Plugged OG Well,Vertical Well,Plugged,https://wellwiki.org/wiki/37-083-07900,,"2621518"
37-083-44744,,"41.844872000183756","-78.67629199961459",PA,McKean,Lafayette,HECKEL B-8,MINARD RUN OIL CO,1985-12-11,1996-06-21,OIL,Plugged OG Well,Vertical Well,Plugged,https://wellwiki.org/wiki/37-083-44744,,"2621519"
37-083-07129,,"41.944721999809914","-78.55116700038272",PA,McKean,Foster,BISETT 75,PA DEP OFC OIL & GAS MGMT,1800-01-01,2012-07-19,OIL,DEP Plugged,Vertical Well,Plugged,https://wellwiki.org/wiki/37-083-07129,,"2621520"
37-123-04789,,"41.67209100006686","-79.43507599959588",PA,Warren,Triumph,SGL 309 AREA 25,PA DEP OFC OIL & GAS MGMT,1800-01-01,2001-08-31,OIL,DEP Plugged,Vertical Well,Plugged,https://wellwiki.org/wiki/37-123-04789,,"2621521"
37-083-47075,,"41.807717999808816","-78.75139899965941",PA,McKean,Lafayette,WARRANT 3410 T1,SWEPI LP,,,OIL,Operator Reported Not Drilled,Vertical Well,Not Drilled,https://wellwiki.org/wiki/37-083-47075,,"2621522"
37-083-13150,,"41.92502000015696","-78.62088900004956",PA,McKean,Bradford,STOVER 176,WITCO CORP,1800-01-01,,OIL,DEP Abandoned List,Vertical Well,Orphaned / Abandoned / Unverified Plug,https://wellwiki.org/wiki/37-083-13150,,"2621523"
37-083-38128,,"41.84371800012036","-78.89509099991932",PA,McKean,Hamilton,WARRANT 5 23,COMM OIL & GAS CO INC,1980-09-01,,COMB. OIL&GAS,DEP Abandoned List,Vertical Well,Orphaned / Abandoned / Unverified Plug,https://wellwiki.org/wiki/37-083-38128,,"2621524"
37-047-24527,,"41.59529699975211","-78.47360599971273",PA,Elk,Jones,COP 68H 2315,EOG RESOURCES INC,,,GAS,Operator Reported Not Drilled,Horizontal Well,Not Drilled,https://wellwiki.org/wiki/37-047-24527,,"2621525"
37-063-37493,,"40.54091699970428","-79.2013970003961",PA,Indiana,Center,SUB INDIANA 3E,CNX GAS CO LLC,,,GAS,Operator Reported Not Drilled,Horizontal Well,Not Drilled,https://wellwiki.org/wiki/37-063-37493,,"2621526"
37-031-24757,,"41.136596000317","-79.4949820003553",PA,Clarion,Piney,PINE RUN 1,ABARTA OIL & GAS CO INC,,,GAS,Operator Reported Not Drilled,Vertical Well,Not Drilled,https://wellwiki.org/wiki/37-031-24757,,"2621527"
37-121-06343,,"41.560453000095976","-79.66938900007878",PA,Venango,Cherrytree,ZDARKO 09,PA DEP OFC OIL & GAS MGMT,1800-01-01,,OIL,DEP Orphan List,Vertical Well,Orphaned / Abandoned / Unverified Plug,https://wellwiki.org/wiki/37-121-06343,,"2621528"
37-007-00057,,"40.589325000129804","-80.43491800037087",PA,Beaver,Greene,R ALLISON 1,UNKNOWN OPR,1800-01-01,,GAS,DEP Abandoned List,Vertical Well,Orphaned / Abandoned / Unverified Plug,https://wellwiki.org/wiki/37-007-00057,,"2621529"
37-123-44549,,"41.92161700024559","-79.4391529999196",PA,Warren,Freehold,VANCO 3,CHAUTAUQUA ENERGY INC,,,GAS,Operator Reported Not Drilled,Vertical Well,Not Drilled,https://wellwiki.org/wiki/37-123-44549,,"2621530"
34-063-62095,"62095","41.13084742","-83.58333496",OH,,, ,,,,UN_R,unknown,,Other / Unknown,https://wellwiki.org/wiki/34-063-62095,,"643197"
37-053-24692,,"41.593303000228246","-79.50328900026528",PA,Forest,Harmony,HR DEV 66,PA DEP OFC OIL & GAS MGMT,1982-09-23,,OIL,DEP Abandoned List,Vertical Well,Orphaned / Abandoned / Unverified Plug,https://wellwiki.org/wiki/37-053-24692,,"2621531"
37-005-30784,,"40.89314199968221","-79.27982799965584",PA,Armstrong,Wayne,GROOMS 4L56-0069,WHITE OAK FARMS INC,,,GAS,Proposed But Never Materialized,Vertical Well,Not Drilled,https://wellwiki.org/wiki/37-005-30784,,"2621532"
37-019-01845,,"41.054664000217564","-79.7465730002819",PA,Butler,Parker,MAIHLE 8,PA DEP OFC OIL & GAS MGMT,1800-01-01,,UNDETERMINED,DEP Orphan List,Vertical Well,Orphaned / Abandoned / Unverified Plug,https://wellwiki.org/wiki/37-019-01845,,"2621533"
37-031-25442,,"41.280867000118036","-79.5224609995692",PA,Clarion,Elk,J GRUBER 590705,EQT PROD CO,,,GAS,Operator Reported Not Drilled,Horizontal Well,Not Drilled,https://wellwiki.org/wiki/37-031-25442,,"2621534"
37-125-02064,,"40.01002100008652","-80.34049299963564",PA,Washington,Morris,CROUSE 823,UNKNOWN OPR,1800-01-01,,GAS,DEP Abandoned List,Vertical Well,Orphaned / Abandoned / Unverified Plug,https://wellwiki.org/wiki/37-125-02064,,"2621535"
37-063-24101,,"40.71430599968635","-79.16748599996752",PA,Indiana,Washington,JOSEPH KLEIN 1,J & J ENTERPRISES INC,1978-02-11,,GAS,DEP Abandoned List,Vertical Well,Orphaned / Abandoned / Unverified Plug,https://wellwiki.org/wiki/37-063-24101,,"2621536"
37-125-91679,,"40.24412100018889","-80.25013199970364",PA,Washington,Chartiers,HERRON 3,UNKNOWN OPR,1800-01-01,,GAS,DEP Abandoned List,Vertical Well,Orphaned / Abandoned / Unverified Plug,https://wellwiki.org/wiki/37-125-91679,,"2621537"
37-019-92094,,"40.99095700000533","-79.75700099983281",PA,Butler,Fairview,R N HAYS 20,UNKNOWN OPR,1800-01-01,,OIL,DEP Abandoned List,Vertical Well,Orphaned / Abandoned / Unverified Plug,https://wellwiki.org/wiki/37-019-92094,,"2621538"
37-049-90039,,"42.056172000006626","-80.05947799968301",PA,Erie,Summit,J SCHUSTER,UNKNOWN OPR,1800-01-01,,DRY HOLE,DEP Abandoned List,Vertical Well,Orphaned / Abandoned / Unverified Plug,https://wellwiki.org/wiki/37-049-90039,,"2621539"
37-019-91456,,"40.92047199976075","-79.77328900013786",PA,Butler,Donegal,J S MILLER 1,UNKNOWN OPR,1800-01-01,,OIL,DEP Abandoned List,Vertical Well,Orphaned / Abandoned / Unverified Plug,https://wellwiki.org/wiki/37-019-91456,,"2621540"
37-059-02023,,"39.85989499992268","-80.13980600007429",PA,Greene,Franklin,H R WOOD 1,MC BRUMAGE,1800-01-01,,GAS,DEP Abandoned List,Vertical Well,Orphaned / Abandoned / Unverified Plug,https://wellwiki.org/wiki/37-059-02023,,"2621541"
37-021-20773,,"40.43337199977674","-78.58772400015877",PA,Cambria,Cresson,O'NEILL 1,EPI DRILLING CO INC,1800-01-01,,GAS,DEP Abandoned List,Vertical Well,Orphaned / Abandoned / Unverified Plug,https://wellwiki.org/wiki/37-021-20773,,"2621542"
37-059-21819,,"39.98426400006535","-80.17041099993298",PA,Greene,Washington,RAY L CONNOR 3,KEPCO INC,1800-01-01,,GAS,DEP Abandoned List,Vertical Well,Orphaned / Abandoned / Unverified Plug,https://wellwiki.org/wiki/37-059-21819,,"2621543"
37-003-01145,,"40.36918700026311","-80.19795699999237",PA,Allegheny,South Fayette,SAUSSOL 4,PA DEP OFC OIL & GAS MGMT,1800-01-01,2000-05-17,OIL,DEP Plugged,Vertical Well,Plugged,https://wellwiki.org/wiki/37-003-01145,,"2621544"
37-105-21234,,"41.745711000017","-77.96462099990512",PA,Potter,Eulalia,HUBER 1,MID EAST OIL CO,,,GAS,Operator Reported Not Drilled,Vertical Well,Not Drilled,https://wellwiki.org/wiki/37-105-21234,,"2621545"
37-083-56398,,"41.87156099980779","-78.69274399995118",PA,McKean,Lafayette,EVANS 106,RATTLER PARTNERS LLC,,,OIL,Proposed But Never Materialized,Vertical Well,Not Drilled,https://wellwiki.org/wiki/37-083-56398,,"2621546"
37-059-01849,,"39.80872799980845","-80.42816999968701",PA,Greene,Aleppo,J. T. ELBIN 1,LEATHERWOOD LLC,1800-01-01,,OIL,Abandoned,Vertical Well,Orphaned / Abandoned / Unverified Plug,https://wellwiki.org/wiki/37-059-01849,,"2621547"
37-059-01588,,"39.809472000305234","-80.4662780000899",PA,Greene,Aleppo,GEORGE MOORE 1,LEATHERWOOD LLC,1800-01-01,,OIL,Abandoned,Vertical Well,Orphaned / Abandoned / Unverified Plug,https://wellwiki.org/wiki/37-059-01588,,"2621548"
37-019-22161,,"41.01978599986166","-79.79271099968703",PA,Butler,Concord,HINDMAN 1H,US ENERGY EXPLORATION CORP,,,OIL,Operator Reported Not Drilled,Horizontal Well,Not Drilled,https://wellwiki.org/wiki/37-019-22161,,"2621549"
37-115-21605,,"41.89989200013834","-75.637588999902",PA,Susquehanna,Jackson,WALKER WEST 5H,SWN PROD CO LLC,,,GAS,Operator Reported Not Drilled,Horizontal Well,Not Drilled,https://wellwiki.org/wiki/37-115-21605,,"2621550"
37-081-21382,,"41.37828600007985","-77.22970300021781",PA,Lycoming,Cogan House,ELBOW F&G C 217H,ANADARKO E&P ONSHORE LLC,,,GAS,Operator Reported Not Drilled,Horizontal Well,Not Drilled,https://wellwiki.org/wiki/37-081-21382,,"2621551"
37-125-00670,,"40.24443199988819","-79.9769879996429",PA,Washington,Union,G C ROBB F64,EQT PROD CO,1800-01-01,2023-09-28,GAS,Abandoned,Vertical Well,Orphaned / Abandoned / Unverified Plug,https://wellwiki.org/wiki/37-125-00670,,"2621552"
37-065-20973,,"40.912013000332635","-78.93213300011728",PA,Jefferson,Bell,J TURNAGE AB13,J & J ENTERPRISES INC,,,GAS,Operator Reported Not Drilled,Vertical Well,Not Drilled,https://wellwiki.org/wiki/37-065-20973,,"2621553"
37-047-23339,,"41.5115799996908","-78.90291400013065",PA,Elk,Highland,WARRANT 2032 1158,ARG RESOURCES INC,1998-09-21,,OIL,Abandoned,Vertical Well,Orphaned / Abandoned / Unverified Plug,https://wellwiki.org/wiki/37-047-23339,,"2621554"
37-083-07048,,"41.656117000253126","-78.80249899984322",PA,McKean,Kane,SOUTH KANE 47,SZYMANSKI JAMES E,1800-01-01,,GAS,Abandoned,Vertical Well,Orphaned / Abandoned / Unverified Plug,https://wellwiki.org/wiki/37-083-07048,,"2621555"
37-003-21927,,"40.581420999672495","-79.84144300035773",PA,Allegheny,Indiana,MICALE 3,HUNTLEY & HUNTLEY INC,,,GAS,Operator Reported Not Drilled,Vertical Well,Not Drilled,https://wellwiki.org/wiki/37-003-21927,,"2621556"
37-019-20060,,"41.08128800012472","-79.70990099997982",PA,Butler,Parker,BEAR CREEK 110,DYER J G,1963-08-08,,OIL,DEP Abandoned List,Vertical Well,Orphaned / Abandoned / Unverified Plug,https://wellwiki.org/wiki/37-019-20060,,"2621557"
37-021-20795,,"40.66964499988406","-78.82519500017523",PA,Cambria,Susquehanna,REGINA YANELLA 4,VICTORY ENERGY CO,,,GAS,Operator Reported Not Drilled,Vertical Well,Not Drilled,https://wellwiki.org/wiki/37-021-20795,,"2621558"
37-125-92892,,"40.14560899982586","-80.2047240000445",PA,Washington,Amwell,H C DAGUE 2,EQUITABLE GAS CO,1800-01-01,,OIL,DEP Abandoned List,Vertical Well,Orphaned / Abandoned / Unverified Plug,https://wellwiki.org/wiki/37-125-92892,,"2621560"
37-019-90530,,"40.93117599997147","-79.7685819996273",PA,Butler,Donegal,D ODONNELL 1,UNKNOWN OPR,1800-01-01,,OIL,DEP Abandoned List,Vertical Well,Orphaned / Abandoned / Unverified Plug,https://wellwiki.org/wiki/37-019-90530,,"2621561"
37-117-22208,,"41.898559999893926","-77.54188999956851",PA,Tioga,Westfield,Abplanalp 4H,SWN PROD CO LLC,,,GAS,Proposed But Never Materialized,Horizontal Well,Not Drilled,https://wellwiki.org/wiki/37-117-22208,,"2621562"
37-129-27391,,"40.34938099990773","-79.36507799974453",PA,Westmoreland,Derry,SHANNON 3,RE GAS DEV LLC,,,GAS,Operator Reported Not Drilled,Vertical Well,Not Drilled,https://wellwiki.org/wiki/37-129-27391,,"2621563"
37-053-26472,,"41.5227660000407","-79.5105550000847",PA,Forest,Harmony,HILEMAN M8,CRYSTAL SPRINGS OIL CO,1800-01-01,,OIL,Abandoned,Vertical Well,Orphaned / Abandoned / Unverified Plug,https://wellwiki.org/wiki/37-053-26472,,"2621564"
37-047-24652,,"41.31183299968693","-78.73591700016661",PA,Elk,Horton,CONCORD 590995,EQT PROD CO,,,GAS,Operator Reported Not Drilled,Horizontal Well,Not Drilled,https://wellwiki.org/wiki/37-047-24652,,"2621565"
37-125-92245,,"40.11843700025629","-80.27216000021394",PA,Washington,South Franklin,R. Q. RAMSEY 6,FURMAN L NUSS,1800-01-01,,DRY HOLE,DEP Abandoned List,Vertical Well,Orphaned / Abandoned / Unverified Plug,https://wellwiki.org/wiki/37-125-92245,,"2621566"
37-083-57368,,"41.954879999816626","-78.49378999969323",PA,McKean,Otto,DANIALS 2,PA DEP OFC OIL & GAS MGMT,1800-01-01,,GAS,DEP Orphan List,Undetermined,Orphaned / Abandoned / Unverified Plug,https://wellwiki.org/wiki/37-083-57368,,"2621567"
37-059-90224,,"39.99934000023832","-80.25905499955678",PA,Greene,Morris,J. LOUGHMAN 2,EQT PROD CO,1800-01-01,,OIL,DEP Abandoned List,Vertical Well,Orphaned / Abandoned / Unverified Plug,https://wellwiki.org/wiki/37-059-90224,,"2621568"
37-051-24492,,"40.06011899973474","-79.57404699999984",PA,Fayette,Bullskin,HERRINGTON UNIT 17H,EQT CHAP LLC,,,GAS,Proposed But Never Materialized,Horizontal Well,Not Drilled,https://wellwiki.org/wiki/37-051-24492,,"2621569"
37-083-54077,,"41.97987799971983","-78.70800000038648",PA,McKean,Foster,WARRANT 4336 123,US ENERGY DEV CORP,,,OIL,Operator Reported Not Drilled,Vertical Well,Not Drilled,https://wellwiki.org/wiki/37-083-54077,,"2621570"
37-059-02352,,"39.89118500023526","-80.12216799988215",PA,Greene,Franklin,JOHN KELLY 1,UNKNOWN OPR,1800-01-01,,GAS,DEP Abandoned List,Vertical Well,Orphaned / Abandoned / Unverified Plug,https://wellwiki.org/wiki/37-059-02352,,"2621571"
37-053-21765,,"41.54368300012623","-79.4832819998368",PA,Forest,Harmony,J BREDIN E8,ENERGY INVESTMENT CORP,1977-11-01,,OIL,DEP Abandoned List,Vertical Well,Orphaned / Abandoned / Unverified Plug,https://wellwiki.org/wiki/37-053-21765,,"2621572"
37-083-11402,,"41.86869200010011","-78.52816399990408",PA,McKean,Keating,HOOPER LOT 431 076,PA DEP OFC OIL & GAS MGMT,1800-01-01,,UNDETERMINED,DEP Orphan List,Vertical Well,Orphaned / Abandoned / Unverified Plug,https://wellwiki.org/wiki/37-083-11402,,"2621573"
37-059-24249,,"39.78218900008497","-80.01187099966678",PA,Greene,Dunkard,HURLEY 1,ATLAS RESOURCES LLC,,,GAS,Proposed But Never Materialized,Vertical Well,Not Drilled,https://wellwiki.org/wiki/37-059-24249,,"2621574"
37-131-20450,,"41.587236000019296","-76.20278300008692",PA,Wyoming,Windham,ADAMS WYO 2H,CHESAPEAKE APPALACHIA LLC,,,GAS,Operator Reported Not Drilled,Horizontal Well,Not Drilled,https://wellwiki.org/wiki/37-131-20450,,"2621575"
37-059-02021,,"39.885769999755034","-80.19017099959096",PA,Greene,Franklin,WM F BLAIR 1,EQUITRANS INC,1800-01-01,,GAS,Abandoned,Vertical Well,Orphaned / Abandoned / Unverified Plug,https://wellwiki.org/wiki/37-059-02021,,"2621576"
37-121-45198,,"41.508831000079816","-79.76553100022387",PA,Venango,Oakland,FILIPOWSKI E,PA DEP OFC OIL & GAS MGMT,1800-01-01,,UNDETERMINED,DEP Abandoned List,Vertical Well,Orphaned / Abandoned / Unverified Plug,https://wellwiki.org/wiki/37-121-45198,,"2621577"
37-047-23913,,"41.582089999844804","-78.89311300039354",PA,Elk,Highland,WARRANT 3777 250,ARG RESOURCES INC,2007-10-30,,OIL,Abandoned,Vertical Well,Orphaned / Abandoned / Unverified Plug,https://wellwiki.org/wiki/37-047-23913,,"2621578"
37-129-28092,,"40.48833000025695","-79.6389919997342",PA,Westmoreland,Murrysville,H SWANK 3,CONSOL GAS CO,,,GAS,Operator Reported Not Drilled,Vertical Well,Not Drilled,https://wellwiki.org/wiki/37-129-28092,,"2621579"
37-053-28315,,"41.611951999912954","-79.46288199994623",PA,Forest,Harmony,AARON 13,OZ GAS LTD,,,GAS,Proposed But Never Materialized,Vertical Well,Not Drilled,https://wellwiki.org/wiki/37-053-28315,,"2621580"
37-085-20917,,"41.29167900029408","-80.29143899964797",PA,Mercer,Jefferson,EALY 4,ATLAS RESOURCES INC,,,COMB. OIL&GAS,Operator Reported Not Drilled,Vertical Well,Not Drilled,https://wellwiki.org/wiki/37-085-20917,,"2621581"
37-059-02254,,"39.7597900001738","-80.03799400004414",PA,Greene,Dunkard,YOST 7,UNKNOWN OPR,1800-01-01,,GAS,DEP Abandoned List,Vertical Well,Orphaned / Abandoned / Unverified Plug,https://wellwiki.org/wiki/37-059-02254,,"2621582"
37-047-22749,,"41.5188949998645","-78.88651899969545",PA,Elk,Highland,TWIN LICK 36,ARG RESOURCES INC,1989-09-26,,OIL,Abandoned,Vertical Well,Orphaned / Abandoned / Unverified Plug,https://wellwiki.org/wiki/37-047-22749,,"2621583"
37-123-43099,,"41.93189299983059","-79.20793099992142",PA,Warren,Farmington,JOHNSON 1,EXCO RESOURCES PA INC,,,COMB. OIL&GAS,Operator Reported Not Drilled,Vertical Well,Not Drilled,https://wellwiki.org/wiki/37-123-43099,,"2621584"
37-083-47252,,"41.7374769998536","-78.72078499957986",PA,McKean,Hamlin,WARRANT 3089 1,SWEPI LP,,,OIL,Operator Reported Not Drilled,Vertical Well,Not Drilled,https://wellwiki.org/wiki/37-083-47252,,"2621585"
37-083-49708,,"41.92158599984393","-78.26920199967778",PA,McKean,Annin,SHARON 3,EOG RESOURCES INC,,,GAS,Operator Reported Not Drilled,Vertical Well,Not Drilled,https://wellwiki.org/wiki/37-083-49708,,"2621586"
37-005-02490,,"40.72418300023628","-79.31529800020886",PA,Armstrong,Plumcreek,KEYSTONE OWNERS GROUP 1,UNKNOWN OPR,1800-01-01,,GAS,DEP Abandoned List,Vertical Well,Orphaned / Abandoned / Unverified Plug,https://wellwiki.org/wiki/37-005-02490,,"2621587"
37-123-45001,,"41.68697900008019","-79.46841000043936",PA,Warren,Triumph,RODGERS 3,OZ GAS LTD,,,OIL,Proposed But Never Materialized,Vertical Well,Not Drilled,https://wellwiki.org/wiki/37-123-45001,,"2621588"
37-083-07137,,"41.9425179999037","-78.56021400008441",PA,McKean,Foster,COOPER 33,PA DEP OFC OIL & GAS MGMT,1800-01-01,,OIL,DEP Abandoned List,Vertical Well,Orphaned / Abandoned / Unverified Plug,https://wellwiki.org/wiki/37-083-07137,,"2621589"
37-059-01367,,"40.00056900015823","-80.34711099972485",PA,Greene,Morris,C S DAY 661,EQT PROD CO,1800-01-01,,GAS,Abandoned,Vertical Well,Orphaned / Abandoned / Unverified Plug,https://wellwiki.org/wiki/37-059-01367,,"2621590"
37-005-29590,,"40.78590499981408","-79.59619500016073",PA,Armstrong,North Buffalo,D DUNN 1,ARMSTRONG GAS CO LLC,,,GAS,Operator Reported Not Drilled,Vertical Well,Not Drilled,https://wellwiki.org/wiki/37-005-29590,,"2621591"
37-117-20828,,"41.68436400030374","-76.94633099972438",PA,Tioga,Ward,DCNR 587 02 012 05,REPSOL OIL & GAS USA LLC,,,GAS,Operator Reported Not Drilled,Horizontal Well,Not Drilled,https://wellwiki.org/wiki/37-117-20828,,"2621592"
37-031-01435,,"41.20064699983267","-79.59732199956672",PA,Clarion,Salem,WEAVER 4,PA DEP OFC OIL & GAS MGMT,1800-01-01,,OIL,DEP Orphan List,Vertical Well,Orphaned / Abandoned / Unverified Plug,https://wellwiki.org/wiki/37-031-01435,,"2621593"
37-047-01655,,"41.55383599980014","-78.59784600028625",PA,Elk,Jones,HOSKINS 88,PA DEP OFC OIL & GAS MGMT,1800-01-01,2003-03-11,OIL,DEP Plugged,Vertical Well,Plugged,https://wellwiki.org/wiki/37-047-01655,,"2621594"
37-117-00130,,"41.79355500014251","-77.03371700042092",PA,Tioga,Richmond,FIAMINGO 1,UNKNOWN OPR,1800-01-01,2004-06-07,GAS,DEP Plugged,Vertical Well,Plugged,https://wellwiki.org/wiki/37-117-00130,,"2621595"
37-039-00273,,"41.6950909999096","-79.64021799977272",PA,Crawford,Rome,MERRY O 20,PA DEP OFC OIL & GAS MGMT,1800-01-01,2007-02-19,OIL,DEP Plugged,Vertical Well,Plugged,https://wellwiki.org/wiki/37-039-00273,,"2621596"
37-121-05230,,"41.176004999883","-79.90216500017853",PA,Venango,Clinton,ROBERT ATWELL #2 2,CRAIG JOHN,1800-01-01,,OIL,Abandoned,Vertical Well,Orphaned / Abandoned / Unverified Plug,https://wellwiki.org/wiki/37-121-05230,,"2621597"
37-059-27245,,"39.77875800016874","-80.08346899965046",PA,Greene,Perry,POLCE 3,UNKNOWN OPR,1800-01-01,,GAS,DEP Abandoned List,Undetermined,Orphaned / Abandoned / Unverified Plug,https://wellwiki.org/wiki/37-059-27245,,"2621598"
37-015-22747,,"41.764296999907856","-76.54511700043525",PA,Bradford,Burlington,MYERS UNIT 4H,CHIEF OIL & GAS LLC,,,GAS,Operator Reported Not Drilled,Horizontal Well,Not Drilled,https://wellwiki.org/wiki/37-015-22747,,"2621599"
37-049-21020,,"41.877153999666014","-79.81510300024541",PA,Erie,Union,HARRISON 1,SILL CALVIN J,1980-10-22,,GAS,Abandoned,Vertical Well,Orphaned / Abandoned / Unverified Plug,https://wellwiki.org/wiki/37-049-21020,,"2621600"
37-083-14084,,"41.85747599998612","-78.81216800023418",PA,McKean,Corydon,HAFFEY DEVONIAN 3,PA DEP OFC OIL & GAS MGMT,1800-01-01,,OIL,DEP Abandoned List,Vertical Well,Orphaned / Abandoned / Unverified Plug,https://wellwiki.org/wiki/37-083-14084,,"2621601"
37-083-55941,,"41.85908899998397","-78.82256900002093",PA,McKean,Corydon,LOT 6 1414 4HD,SWEPI LP,,,GAS,Proposed But Never Materialized,Horizontal Well,Not Drilled,https://wellwiki.org/wiki/37-083-55941,,"2621602"
37-117-20508,,"41.85675999980896","-76.98166300018514",PA,Tioga,Rutland,WOOD 512 5H,SWEPI LP,,,GAS,Operator Reported Not Drilled,Horizontal Well,Not Drilled,https://wellwiki.org/wiki/37-117-20508,,"2621603"
37-015-21112,,"41.66689699992134","-76.14908100003824",PA,Bradford,Tuscarora,LINSKI 5H,CHESAPEAKE APPALACHIA LLC,,,GAS,Operator Reported Not Drilled,Horizontal Well,Not Drilled,https://wellwiki.org/wiki/37-015-21112,,"2621604"
37-063-35685,,"40.551939999799494","-79.13100000033658",PA,Indiana,Center,MCCLAIN 8071A,XTO ENERGY INC,,,GAS,Operator Reported Not Drilled,Vertical Well,Not Drilled,https://wellwiki.org/wiki/37-063-35685,,"2621605"
37-121-06791,,"41.56350900029125","-79.74408600004477",PA,Venango,Cherrytree,HEPLER 33,PA DEP OFC OIL & GAS MGMT,1800-01-01,,OIL,DEP Abandoned List,Vertical Well,Orphaned / Abandoned / Unverified Plug,https://wellwiki.org/wiki/37-121-06791,,"2621606"
37-003-22078,,"40.66937300012132","-79.73769200026156",PA,Allegheny,Fawn,EILEEN MOSLEY 1,PHILLIPS EXPLORATION INC,,,GAS,Operator Reported Not Drilled,Vertical Well,Not Drilled,https://wellwiki.org/wiki/37-003-22078,,"2621607"
37-121-34552,,"41.50395400017054","-79.61154000028449",PA,Venango,Cornplanter,KINLEY EL44,MAY ENERGY INC,1983-05-03,,OIL,Abandoned,Vertical Well,Orphaned / Abandoned / Unverified Plug,https://wellwiki.org/wiki/37-121-34552,,"2621608"
37-053-20259,,"41.55095800019213","-79.46538300042708",PA,Forest,Harmony,OSTEN 4,JACK L SHRIVER,1800-01-01,,OIL,DEP Abandoned List,Vertical Well,Orphaned / Abandoned / Unverified Plug,https://wellwiki.org/wiki/37-053-20259,,"2621609"
37-053-25421,,"41.54781699978741","-79.48280300016101",PA,Forest,Harmony,AA COPELAND A15,PA DEP OFC OIL & GAS MGMT,1984-04-02,,OIL,DEP Abandoned List,Vertical Well,Orphaned / Abandoned / Unverified Plug,https://wellwiki.org/wiki/37-053-25421,,"2621610"
37-121-26922,,"41.338908000296684","-79.6081750001634",PA,Venango,Cranberry,ROBERT K. RITNER R4,FLOCKERZI DALE E,1979-12-05,,OIL,DEP Abandoned List,Vertical Well,Orphaned / Abandoned / Unverified Plug,https://wellwiki.org/wiki/37-121-26922,,"2621611"
37-019-20977,,"41.09895300000542","-79.70607899992422",PA,Butler,Parker,THOMAS 3,THOMAS OWEN H,1800-01-01,,OIL,DEP Abandoned List,Vertical Well,Orphaned / Abandoned / Unverified Plug,https://wellwiki.org/wiki/37-019-20977,,"2621612"
37-065-21204,,"41.23628700016501","-79.1778540001423",PA,Jefferson,Eldred,WW HOWE 1,RAYMOND LINDA,1975-10-29,,GAS,DEP Abandoned List,Vertical Well,Orphaned / Abandoned / Unverified Plug,https://wellwiki.org/wiki/37-065-21204,,"2621613"
37-085-24657,,"41.389083000017735","-80.20993100014724",PA,Mercer,Perry,MILLS 2089 1X,SWEPI LP,,,GAS,Proposed But Never Materialized,Vertical Well,Not Drilled,https://wellwiki.org/wiki/37-085-24657,,"2621614"
37-047-23289,,"41.50754900029358","-78.91252800027",PA,Elk,Highland,WARRANT 2032 042,ARG RESOURCES INC,1997-05-15,,INJECTION,Abandoned,Vertical Well,Orphaned / Abandoned / Unverified Plug,https://wellwiki.org/wiki/37-047-23289,,"2621615"
37-083-22010,,"41.915132999897544","-78.61272199988166",PA,McKean,Bradford,SOUTH PENN W 9,BOYLE RALPH H,1962-08-23,,OIL,DEP Abandoned List,Vertical Well,Orphaned / Abandoned / Unverified Plug,https://wellwiki.org/wiki/37-083-22010,,"2621616"
37-083-35732,,"41.7648729998923","-78.71794099986568",PA,McKean,Lafayette,TALLY HO W 105,WITCO CORP,1800-01-01,,INJECTION,DEP Abandoned List,Vertical Well,Orphaned / Abandoned / Unverified Plug,https://wellwiki.org/wiki/37-083-35732,,"2621617"
37-121-37997,,"41.41176399971638","-79.67407399994971",PA,Venango,Cranberry,OAKWOOD 71,PETRO TECH INC,1984-05-21,,OIL,DEP Abandoned List,Vertical Well,Orphaned / Abandoned / Unverified Plug,https://wellwiki.org/wiki/37-121-37997,,"2621618"
37-053-23481,,"41.5690709999659","-79.41933299998716",PA,Forest,Harmony,SHERMAC TJ1,COMPASS DEV INC,1981-05-15,,OIL,DEP Abandoned List,Vertical Well,Orphaned / Abandoned / Unverified Plug,https://wellwiki.org/wiki/37-053-23481,,"2621619"
37-121-34553,,"41.506178999715445","-79.61204300024973",PA,Venango,Cornplanter,KINLEY EL45,MAY ENERGY INC,1800-01-01,,OIL,Abandoned,Vertical Well,Orphaned / Abandoned / Unverified Plug,https://wellwiki.org/wiki/37-121-34553,,"2621620"
37-121-41607,,"41.583341999707294","-79.83308899969376",PA,Venango,Plum,BEULAH BROWN 1,COTERRA ENERGY INC,,,GAS,Operator Reported Not Drilled,Vertical Well,Not Drilled,https://wellwiki.org/wiki/37-121-41607,,"2621621"
37-047-22795,,"41.52577799999337","-78.86931999989447",PA,Elk,Highland,GILLIS 117,ARG RESOURCES INC,1989-10-23,,OIL,Abandoned,Vertical Well,Orphaned / Abandoned / Unverified Plug,https://wellwiki.org/wiki/37-047-22795,,"2621622"
37-023-20136,,"41.42927799977217","-78.31313099957843",PA,Cameron,Shippen,DOE 590868,EQT PROD CO,,,GAS,Operator Reported Not Drilled,Horizontal Well,Not Drilled,https://wellwiki.org/wiki/37-023-20136,,"2621623"
37-053-26663,,"41.608046000027755","-79.13625099992196",PA,Forest,Howe,WARRANT 4791 91 20,AZCO OPR CO,,,OIL,Operator Reported Not Drilled,Vertical Well,Not Drilled,https://wellwiki.org/wiki/37-053-26663,,"2621624"
37-033-23073,,"40.89019299997078","-78.66324499958206",PA,Clearfield,Greenwood,G. THOMSON 4,VICTORY ENERGY CO,,,GAS,Proposed But Never Materialized,Vertical Well,Not Drilled,https://wellwiki.org/wiki/37-033-23073,,"2621625"
37-123-40029,,"41.66667399971319","-79.54141199983846",PA,Warren,Southwest,CUBBON LUMBER COMPANY 4,DOUGLAS OIL & GAS LP,,,GAS,Operator Reported Not Drilled,Vertical Well,Not Drilled,https://wellwiki.org/wiki/37-123-40029,,"2621626"
37-049-24393,,"41.99616300009458","-79.84780199998086",PA,Erie,Amity,RICHARD A SMITH 1,DORAN ASSOC INC,,,GAS,Operator Reported Not Drilled,Vertical Well,Not Drilled,https://wellwiki.org/wiki/37-049-24393,,"2621627"
37-121-04003,,"41.5050090001421","-79.6687780001585",PA,Venango,Cornplanter,MANNING 8,PA DEP OFC OIL & GAS MGMT,1800-01-01,,UNDETERMINED,DEP Orphan List,Vertical Well,Orphaned / Abandoned / Unverified Plug,https://wellwiki.org/wiki/37-121-04003,,"2621628"
37-049-00177,,"42.1119270000801","-80.07459500020113",PA,Erie,Erie,MIDTOWN MOTEL 1,PA DEP OFC OIL & GAS MGMT,1800-01-01,,UNDETERMINED,DEP Abandoned List,Vertical Well,Orphaned / Abandoned / Unverified Plug,https://wellwiki.org/wiki/37-049-00177,,"2621629"
37-039-22513,,"41.78645899985315","-79.62176500034411",PA,Crawford,Sparta,MARSUN 7,PARK OHIO ENERGY INC,,,GAS,Operator Reported Not Drilled,Vertical Well,Not Drilled,https://wellwiki.org/wiki/37-039-22513,,"2621630"
37-005-02439,,"40.65858599993697","-79.49535700027401",PA,Armstrong,Burrell,P F RIGGLE 8,UNKNOWN OPR,1800-01-01,,GAS,DEP Abandoned List,Vertical Well,Orphaned / Abandoned / Unverified Plug,https://wellwiki.org/wiki/37-005-02439,,"2621631"
37-065-01743,,"41.15857899995583","-79.14790299986156",PA,Jefferson,Union,KELSO HEIRS 546,G & G GAS INC,1800-01-01,,GAS,Abandoned,Vertical Well,Orphaned / Abandoned / Unverified Plug,https://wellwiki.org/wiki/37-065-01743,,"2621632"
37-129-25092,,"40.627962000252424","-79.6905880002106",PA,Westmoreland,Allegheny,MCINTYRE 2,OIL & GAS MGMT INC,,,GAS,Operator Reported Not Drilled,Vertical Well,Not Drilled,https://wellwiki.org/wiki/37-129-25092,,"2621633"
37-121-43703,,"41.49884299992068","-79.75047599963001",PA,Venango,Oakland,PORTERFIELD 1,RANGE RESOURCES APPALACHIA LLC,,,GAS,Operator Reported Not Drilled,Vertical Well,Not Drilled,https://wellwiki.org/wiki/37-121-43703,,"2621634"
37-059-01993,,"39.868703999884104","-80.15506599980924",PA,Greene,Franklin,W A INGHRAM,GRACE DEV CO,1800-01-01,,UNDETERMINED,Abandoned,Vertical Well,Orphaned / Abandoned / Unverified Plug,https://wellwiki.org/wiki/37-059-01993,,"2621635"
37-083-47698,,"41.81076599967177","-78.75659700043967",PA,McKean,Lafayette,WT 3410 P83,CATALYST ENERGY INC,,,OIL,Operator Reported Not Drilled,Vertical Well,Not Drilled,https://wellwiki.org/wiki/37-083-47698,,"2621636"
37-123-40533,,"41.7916730002365","-79.58308000035615",PA,Warren,Eldred,K NICHOLS 4,ATWOOD ENERGY INC,,,GAS,Operator Reported Not Drilled,Vertical Well,Not Drilled,https://wellwiki.org/wiki/37-123-40533,,"2621637"
37-031-01794,,"41.10666899988512","-79.61666700002131",PA,Clarion,Perry,JAMES H. MCHENRY 1,MCHENRY JAMES H,1800-01-01,,GAS,DEP Abandoned List,Vertical Well,Orphaned / Abandoned / Unverified Plug,https://wellwiki.org/wiki/37-031-01794,,"2621638"
37-019-90498,,"40.93259700033261","-79.79614500030344",PA,Butler,Oakland,RYAN 10,PEOPLES GAS CO LLC,1800-01-01,,GAS,DEP Abandoned List,Vertical Well,Orphaned / Abandoned / Unverified Plug,https://wellwiki.org/wiki/37-019-90498,,"2621639"
37-047-21746,,"41.53719699983684","-78.90251499992247",PA,Elk,Highland,NANSEN 04,ARG RESOURCES INC,1984-07-15,,INJECTION,Abandoned,Vertical Well,Orphaned / Abandoned / Unverified Plug,https://wellwiki.org/wiki/37-047-21746,,"2621640"
37-083-23865,,"41.96944399990581","-78.54229100038525",PA,McKean,Foster,NEATH KW4,ENERVEST OPR LLC,1968-01-05,,INJECTION,Plugged Unverified,Vertical Well,Orphaned / Abandoned / Unverified Plug,https://wellwiki.org/wiki/37-083-23865,,"2621641"
37-053-20547,,"41.56797300026538","-79.46794599993387",PA,Forest,Harmony,NEELY G1,PENN ONE CO,1971-11-19,,COMB. OIL&GAS,DEP Abandoned List,Vertical Well,Orphaned / Abandoned / Unverified Plug,https://wellwiki.org/wiki/37-053-20547,,"2621642"
37-125-28246,,"40.00632499972559","-80.15536100026033",PA,Washington,Amwell,COGAR 592949,EQT PROD CO,,,GAS,Operator Reported Not Drilled,Horizontal Well,Not Drilled,https://wellwiki.org/wiki/37-125-28246,,"2621670"
37-123-02951,,"41.78613099981921","-79.03895800008141",PA,Warren,Mead,LOT 75 5,PA DEP OFC OIL & GAS MGMT,1800-01-01,,UNDETERMINED,DEP Orphan List,Vertical Well,Orphaned / Abandoned / Unverified Plug,https://wellwiki.org/wiki/37-123-02951,,"2621643"
37-049-22801,,"42.0964660000921","-80.17674799981481",PA,Erie,Millcreek,SHELDON 1,SHELDON FRANK W,1800-01-01,,GAS,DEP Abandoned List,Vertical Well,Orphaned / Abandoned / Unverified Plug,https://wellwiki.org/wiki/37-049-22801,,"2621644"
37-005-25532,,"41.02768100005741","-79.21985200037284",PA,Armstrong,Redbank,DONALD L. SHIREY 1-12,SNYDER BROS INC,,,GAS,Operator Reported Not Drilled,Vertical Well,Not Drilled,https://wellwiki.org/wiki/37-005-25532,,"2621645"
37-123-43036,,"41.96488000027493","-79.4278049997536",PA,Warren,Freehold,WILSON 1,NORNEW INC,,,COMB. OIL&GAS,Operator Reported Not Drilled,Vertical Well,Not Drilled,https://wellwiki.org/wiki/37-123-43036,,"2621646"
37-049-22110,,"42.07402100025094","-79.89563099975491",PA,Erie,Venango,JOSEPH BILISKI 2,PA DEP OFC OIL & GAS MGMT,1800-01-01,,GAS,DEP Abandoned List,Vertical Well,Orphaned / Abandoned / Unverified Plug,https://wellwiki.org/wiki/37-049-22110,,"2621647"
37-123-05332,,"41.67011799977436","-79.46985400003777",PA,Warren,Triumph,ULF U61,PA DEP OFC OIL & GAS MGMT,1800-01-01,,OIL,DEP Abandoned List,Vertical Well,Orphaned / Abandoned / Unverified Plug,https://wellwiki.org/wiki/37-123-05332,,"2621648"
37-047-23262,,"41.5900489998053","-78.87789299994324",PA,Elk,Highland,WOODWARD 09,ARG RESOURCES INC,1994-12-27,,INJECTION,Abandoned,Vertical Well,Orphaned / Abandoned / Unverified Plug,https://wellwiki.org/wiki/37-047-23262,,"2621649"
37-019-01361,,"40.98627799987846","-79.97825800006235",PA,Butler,Brady,PETERS 15,ANDREASSI JOHN B,,,GAS,Proposed But Never Materialized,Vertical Well,Not Drilled,https://wellwiki.org/wiki/37-019-01361,,"2621650"
37-039-22593,,"41.70587199992179","-80.1876740002064",PA,Crawford,Hayfield,WILLS FREW 1,COMMODORE ENERGY CO,,,GAS,Operator Reported Not Drilled,Vertical Well,Not Drilled,https://wellwiki.org/wiki/37-039-22593,,"2621651"
37-085-21318,,"41.25001299973445","-80.20810300040928",PA,Mercer,Coolspring,KLOOS 1,ATLAS RESOURCES INC,,,COMB. OIL&GAS,Operator Reported Not Drilled,Vertical Well,Not Drilled,https://wellwiki.org/wiki/37-085-21318,,"2621652"
37-083-20790,,"41.91854599976558","-78.61461599974184",PA,McKean,Bradford,SOUTH PENN 1,BOYLE RALPH H,1800-01-01,,OIL,DEP Abandoned List,Vertical Well,Orphaned / Abandoned / Unverified Plug,https://wellwiki.org/wiki/37-083-20790,,"2621653"
37-121-27347,,"41.393898000243055","-79.7201169998186",PA,Venango,Cranberry,MORRISON XZ2,SUTTWAY DEV CORP,1980-04-09,,OIL,DEP Abandoned List,Vertical Well,Orphaned / Abandoned / Unverified Plug,https://wellwiki.org/wiki/37-121-27347,,"2621654"
37-123-32164,,"41.90934199978222","-79.34372200015218",PA,Warren,Sugar Grove,DARR CARLSON 2,CRYSTAL RESOURCES INC,1982-11-16,,OIL,Abandoned,Vertical Well,Orphaned / Abandoned / Unverified Plug,https://wellwiki.org/wiki/37-123-32164,,"2621655"
37-019-90869,,"40.80265599998952","-79.88453000035945",PA,Butler,Penn,EMRICK 1,PEOPLES GAS CO LLC,1800-01-01,,COMB. OIL&GAS,DEP Abandoned List,Vertical Well,Orphaned / Abandoned / Unverified Plug,https://wellwiki.org/wiki/37-019-90869,,"2621656"
37-121-27144,,"41.4753600002429","-79.67118400020478",PA,Venango,Cornplanter,AMES 5Q,RETURN OIL CORP,1979-12-13,,OIL,DEP Abandoned List,Vertical Well,Orphaned / Abandoned / Unverified Plug,https://wellwiki.org/wiki/37-121-27144,,"2621657"
37-031-20799,,"41.11952299974522","-79.67567300025712",PA,Clarion,Perry,EARL E WAGNER R2,LAVERNE A MCCAULEY,1800-01-01,,GAS,Abandoned,Vertical Well,Orphaned / Abandoned / Unverified Plug,https://wellwiki.org/wiki/37-031-20799,,"2621658"
37-117-20809,,"41.93066700030545","-76.94461099994145",PA,Tioga,Jackson,BUSIA 457 5H,SWEPI LP,,,GAS,Operator Reported Not Drilled,Horizontal Well,Not Drilled,https://wellwiki.org/wiki/37-117-20809,,"2621659"
37-059-24339,,"39.90791300024415","-79.95637100001737",PA,Greene,Cumberland,BIDDLE 19,ATLAS RESOURCES LLC,,,GAS,Proposed But Never Materialized,Vertical Well,Not Drilled,https://wellwiki.org/wiki/37-059-24339,,"2621660"
37-121-33494,,"41.50165399993438","-79.6052400002126",PA,Venango,Cornplanter,KINLEY EL2,MAY ENERGY INC,1982-04-03,,OIL,Abandoned,Vertical Well,Orphaned / Abandoned / Unverified Plug,https://wellwiki.org/wiki/37-121-33494,,"2621661"
37-083-39621,,"41.76280699983724","-78.7372040003045",PA,McKean,Lafayette,TALLY HO 229,WITCO CORP,1800-01-01,,OIL,DEP Abandoned List,Vertical Well,Orphaned / Abandoned / Unverified Plug,https://wellwiki.org/wiki/37-083-39621,,"2621662"
37-121-39747,,"41.59715300024731","-79.53522300009467",PA,Venango,Allegheny,TUCK-OTTO 5,VISTA PETRO INC,1985-01-30,,OIL,Abandoned,Vertical Well,Orphaned / Abandoned / Unverified Plug,https://wellwiki.org/wiki/37-121-39747,,"2621663"
37-121-20163,,"41.50476400026546","-79.6598159999473",PA,Venango,Cornplanter,HAUPT 20,HAUPT FARM OIL LEASE,1963-07-27,,OIL,DEP Abandoned List,Vertical Well,Orphaned / Abandoned / Unverified Plug,https://wellwiki.org/wiki/37-121-20163,,"2621664"
37-121-20752,,"41.53897299990881","-79.8194750001219",PA,Venango,Plum,HASSON 137,GRIMES CONSOLIDATED INC,1800-01-01,,OIL,DEP Abandoned List,Vertical Well,Orphaned / Abandoned / Unverified Plug,https://wellwiki.org/wiki/37-121-20752,,"2621665"
37-121-36701,,"41.61965600014245","-79.54433900029166",PA,Venango,Allegheny,DUNN 10,BECK JAMES L,1984-01-17,,OIL,DEP Abandoned List,Vertical Well,Orphaned / Abandoned / Unverified Plug,https://wellwiki.org/wiki/37-121-36701,,"2621666"
37-083-13318,,"41.92595499967609","-78.61661300043252",PA,McKean,Bradford,BECKWITH 15,PA DEP OFC OIL & GAS MGMT,1800-01-01,,UNDETERMINED,DEP Orphan List,Vertical Well,Orphaned / Abandoned / Unverified Plug,https://wellwiki.org/wiki/37-083-13318,,"2621667"
37-129-23978,,"40.420540999724615","-79.22459900016806",PA,Westmoreland,Derry,HULENA/EWING UNIT 001,KRIEBEL GAS INC,,,GAS,Proposed But Never Materialized,Vertical Well,Not Drilled,https://wellwiki.org/wiki/37-129-23978,,"2621668"
37-083-16277,,"41.947943999937465","-78.6884440000447",PA,McKean,Bradford,DOUGLAS 22,PA DEP OFC OIL & GAS MGMT,1800-01-01,2015-05-15,COMB. OIL&GAS,DEP Plugged,Vertical Well,Plugged,https://wellwiki.org/wiki/37-083-16277,,"2621669"
34-031-21030,"21030","40.26558691","-82.17291009",OH,,, ,,,,OG_R,nogis_rec,,Other / Unknown,https://wellwiki.org/wiki/34-031-21030,,"570263"
37-083-52728,,"41.62342300007372","-78.87886299988872",PA,McKean,Wetmore,WARRANT 3775 ARG 279,ARG RESOURCES INC,2008-04-03,,OIL,Abandoned,Vertical Well,Orphaned / Abandoned / Unverified Plug,https://wellwiki.org/wiki/37-083-52728,,"2621671"
37-051-24307,,"39.923301000005054","-79.62863299978027",PA,Fayette,North Union,COASTAL 7013,MARATHON OIL CO,,,GAS,Proposed But Never Materialized,Vertical Well,Not Drilled,https://wellwiki.org/wiki/37-051-24307,,"2621672"
37-047-23633,,"41.61445100030013","-78.86825100021478",PA,Elk,Highland,WARRANT 3775 ARG 156,ARG RESOURCES INC,2005-04-20,,OIL,Abandoned,Vertical Well,Orphaned / Abandoned / Unverified Plug,https://wellwiki.org/wiki/37-047-23633,,"2621673"
37-121-21517,,"41.505230000298226","-79.7202790002003",PA,Venango,Oakland,G J HANCOX 6,WILLIS VIRGINIA,1972-01-18,,OIL,DEP Abandoned List,Vertical Well,Orphaned / Abandoned / Unverified Plug,https://wellwiki.org/wiki/37-121-21517,,"2621674"
34-111-62509,"62509","39.69039569","-81.00206428",OH,,, ,,,,UN_R,unknown,,Other / Unknown,https://wellwiki.org/wiki/34-111-62509,,"587369"
37-027-20942,,"41.079378999787345","-77.95069799963845",PA,Centre,Burnside,LITKE 10,MID EAST OIL CO,,,GAS,Operator Reported Not Drilled,Vertical Well,Not Drilled,https://wellwiki.org/wiki/37-027-20942,,"2621675"
37-065-26928,,"40.95420800011628","-79.0269470001166",PA,Jefferson,Perry,J E TODD 4,PHILLIPS EXPLORATION INC,,,GAS,Operator Reported Not Drilled,Vertical Well,Not Drilled,https://wellwiki.org/wiki/37-065-26928,,"2621676"
37-123-46786,,"41.765027999929934","-79.14493100010085",PA,Warren,Mead,LOT 534 2697,CATALYST ENERGY INC,,,OIL,Proposed But Never Materialized,Vertical Well,Not Drilled,https://wellwiki.org/wiki/37-123-46786,,"2621677"
37-053-26473,,"41.5230679997627","-79.50949599955243",PA,Forest,Harmony,HILEMAN M9,CRYSTAL SPRINGS OIL CO,1800-01-01,,OIL,Abandoned,Vertical Well,Orphaned / Abandoned / Unverified Plug,https://wellwiki.org/wiki/37-053-26473,,"2621678"
37-121-06650,,"41.21798500024038","-79.91220399956701",PA,Venango,Irwin,WICKLINE 02,UNKNOWN OPR,1800-01-01,,OIL,DEP Abandoned List,Vertical Well,Orphaned / Abandoned / Unverified Plug,https://wellwiki.org/wiki/37-121-06650,,"2621679"
37-123-45188,,"41.721552999878696","-79.08898600021251",PA,Warren,Sheffield,LOT 203 242 10,ANDREA & HOLDEN OIL CO,,,OIL,Operator Reported Not Drilled,Vertical Well,Not Drilled,https://wellwiki.org/wiki/37-123-45188,,"2621680"
37-005-90021,,"40.89410600029275","-79.36437300011292",PA,Armstrong,Wayne,B EVANS,APOLLO GAS CO,1800-01-01,,GAS,DEP Abandoned List,Vertical Well,Orphaned / Abandoned / Unverified Plug,https://wellwiki.org/wiki/37-005-90021,,"2621681"
37-125-92615,,"40.184666999823314","-80.24301400002226",PA,Washington,South Strabane,BOROUGH OF WASHINGTON 46,UNKNOWN OPR,1800-01-01,,DRY HOLE,DEP Abandoned List,Vertical Well,Orphaned / Abandoned / Unverified Plug,https://wellwiki.org/wiki/37-125-92615,,"2621682"
37-019-91733,,"40.954504999909666","-79.76206499982044",PA,Butler,Donegal,SANDERSON 2,UNKNOWN OPR,1800-01-01,,OIL,DEP Abandoned List,Vertical Well,Orphaned / Abandoned / Unverified Plug,https://wellwiki.org/wiki/37-019-91733,,"2621683"
37-083-57502,,"41.99572299985693","-78.39398799987424",PA,McKean,Eldred,BELLS HOLLOW 1,PA DEP OFC OIL & GAS MGMT,1800-01-01,,OIL,DEP Abandoned List,Undetermined,Orphaned / Abandoned / Unverified Plug,https://wellwiki.org/wiki/37-083-57502,,"2621684"
37-031-01925,,"41.3354549996948","-79.5120630001555",PA,Clarion,Elk,LES ES 5,UNKNOWN OPR,1800-01-01,2003-05-20,OIL,Plugged OG Well,Vertical Well,Plugged,https://wellwiki.org/wiki/37-031-01925,,"2621916"
37-083-57450,,"41.98580999993207","-78.57755900037358",PA,McKean,Foster,MILTON DANA 20 W,PA DEP OFC OIL & GAS MGMT,1800-01-01,,OIL,DEP Abandoned List,Undetermined,Orphaned / Abandoned / Unverified Plug,https://wellwiki.org/wiki/37-083-57450,,"2621685"
37-083-14672,,"41.9446690001617","-78.53779399993697",PA,McKean,Foster,MAYRE 1,UNKNOWN OPR,1800-01-01,,OIL,DEP Abandoned List,Vertical Well,Orphaned / Abandoned / Unverified Plug,https://wellwiki.org/wiki/37-083-14672,,"2621686"
37-085-24463,,"41.374883999746714","-80.50839000012326",PA,Mercer,West Salem,MOORE DAN 1,EXCO RESOURCES PA INC,,,GAS,Proposed But Never Materialized,Vertical Well,Not Drilled,https://wellwiki.org/wiki/37-085-24463,,"2621687"
37-121-28597,,"41.49118600007355","-79.60021100038509",PA,Venango,Cornplanter,RICKETTS R7,TIM COLEMAN,1980-11-09,,OIL,Abandoned,Vertical Well,Orphaned / Abandoned / Unverified Plug,https://wellwiki.org/wiki/37-121-28597,,"2621688"
37-105-21940,,"41.73398200004496","-77.97818799962131",PA,Potter,Homer,YOUNG 228-9V,JKLM ENERGY LLC,,,GAS,Operator Reported Not Drilled,Vertical Well,Not Drilled,https://wellwiki.org/wiki/37-105-21940,,"2621689"
37-083-21397,,"41.96350499984362","-78.48802500027195",PA,McKean,Otto,OIL VALLEY 085,JOSEPH MINNICH HEIRS,1958-10-13,,OIL,DEP Abandoned List,Vertical Well,Orphaned / Abandoned / Unverified Plug,https://wellwiki.org/wiki/37-083-21397,,"2621690"
37-117-21979,,"41.895161000014085","-77.39179199982983",PA,Tioga,Chatham,SHOWALTER 822 22H,SWEPI LP,,,GAS,Proposed But Never Materialized,Horizontal Well,Not Drilled,https://wellwiki.org/wiki/37-117-21979,,"2621691"
37-027-20040,,"41.078649999751164","-77.80468899991902",PA,Centre,Boggs,E D FROST 2,EQT PROD CO,,,GAS,Operator Reported Not Drilled,Vertical Well,Not Drilled,https://wellwiki.org/wiki/37-027-20040,,"2621692"
37-033-22398,,"40.84852700033545","-78.73553100037724",PA,Clearfield,Bell,JOHN FENCHAK 4,CONSOL GAS CO,,,GAS,Operator Reported Not Drilled,Vertical Well,Not Drilled,https://wellwiki.org/wiki/37-033-22398,,"2621693"
37-033-26966,,"41.09383600029627","-78.36213900043367",PA,Clearfield,Goshen,BOILEAU 1H,EQT CHAP LLC,,,GAS,Operator Reported Not Drilled,Horizontal Well,Not Drilled,https://wellwiki.org/wiki/37-033-26966,,"2621694"
37-085-21889,,"41.4166780001179","-80.12476600044737",PA,Mercer,New Vernon,C DONLEY 1,DOUGLAS OIL & GAS LP,,,GAS,Operator Reported Not Drilled,Vertical Well,Not Drilled,https://wellwiki.org/wiki/37-085-21889,,"2621695"
37-059-24323,,"39.726804000214834","-80.01535700016171",PA,Greene,Dunkard,MILLER 48,TAFT OPERATING LLC,2007-07-23,,GAS,Abandoned,Vertical Well,Orphaned / Abandoned / Unverified Plug,https://wellwiki.org/wiki/37-059-24323,,"2621696"
34-013-60927,"60927","39.93092377","-80.91870194",OH,,, ,,,,UN_R,unknown,,Other / Unknown,https://wellwiki.org/wiki/34-013-60927,,"574942"
37-063-37489,,"40.54069700018602","-79.20141099974148",PA,Indiana,Center,SUB INDIANA 3A,CNX GAS CO LLC,,,GAS,Operator Reported Not Drilled,Horizontal Well,Not Drilled,https://wellwiki.org/wiki/37-063-37489,,"2621697"
37-117-21543,,"41.88179400001072","-77.32320800033797",PA,Tioga,Middlebury,OWLETT W 843 5H,SWEPI LP,,,GAS,Proposed But Never Materialized,Horizontal Well,Not Drilled,https://wellwiki.org/wiki/37-117-21543,,"2621698"
37-031-20898,,"41.143756999683156","-79.53260399961307",PA,Clarion,Licking,JOHN D BARTO 1,GEARHART FLOYD A,1981-01-16,,COMB. OIL&GAS,DEP Abandoned List,Vertical Well,Orphaned / Abandoned / Unverified Plug,https://wellwiki.org/wiki/37-031-20898,,"2621699"
37-083-53689,,"41.63278300015544","-78.2877830000512",PA,McKean,Norwich,GARDEAU 2371 1,MINARD RUN OIL CO,,,GAS,Proposed But Never Materialized,Vertical Well,Not Drilled,https://wellwiki.org/wiki/37-083-53689,,"2621700"
37-059-02048,,"39.75179800014192","-80.22650599960917",PA,Greene,Wayne,BLACKSVILLE II 451,GREENE ENERGY LLC,,,GAS,Operator Reported Not Drilled,Vertical Well,Not Drilled,https://wellwiki.org/wiki/37-059-02048,,"2621701"
37-059-02252,,"39.760367000062736","-80.03757499974449",PA,Greene,Dunkard,YOST 8,UNKNOWN OPR,1800-01-01,,GAS,DEP Abandoned List,Vertical Well,Orphaned / Abandoned / Unverified Plug,https://wellwiki.org/wiki/37-059-02252,,"2621702"
37-047-01146,,"41.61347199995373","-78.81598600009181",PA,Elk,Jones,JARVIS 49,PA DEP OFC OIL & GAS MGMT,1800-01-01,,GAS,DEP Orphan List,Vertical Well,Orphaned / Abandoned / Unverified Plug,https://wellwiki.org/wiki/37-047-01146,,"2621703"
37-083-47366,,"41.805345999850516","-78.73757699967508",PA,McKean,Lafayette,KATIE C13,CATALYST ENERGY INC,,,OIL,Operator Reported Not Drilled,Vertical Well,Not Drilled,https://wellwiki.org/wiki/37-083-47366,,"2621704"
37-121-05232,,"41.17795299974114","-79.90427199957576",PA,Venango,Clinton,ROBERT ATWELL #2 4,CRAIG JOHN,1800-01-01,,OIL,Abandoned,Vertical Well,Orphaned / Abandoned / Unverified Plug,https://wellwiki.org/wiki/37-121-05232,,"2621705"
37-117-21771,,"41.88130300014462","-77.35417499969661",PA,Tioga,Chatham,DAVIS 841 22H,SWEPI LP,,,GAS,Proposed But Never Materialized,Horizontal Well,Not Drilled,https://wellwiki.org/wiki/37-117-21771,,"2621706"
37-019-01824,,"40.89564999971029","-79.7083019996724",PA,Butler,Donegal,AGNES JOHN 6,AGNES JOHN,1800-01-01,,GAS,DEP Abandoned List,Vertical Well,Orphaned / Abandoned / Unverified Plug,https://wellwiki.org/wiki/37-019-01824,,"2621707"
37-105-20605,,"41.99129400020152","-78.18618100008335",PA,Potter,Sharon,HERRICK W48,JJ BUCHER PRODUCING CORP,1980-03-18,,OIL,Abandoned,Vertical Well,Orphaned / Abandoned / Unverified Plug,https://wellwiki.org/wiki/37-105-20605,,"2621708"
37-059-90075,,"39.910510000076435","-79.97415099960142",PA,Greene,Cumberland,AMANDA KERR 2929,EQUITABLE GAS CO,1800-01-01,,GAS,DEP Abandoned List,Vertical Well,Orphaned / Abandoned / Unverified Plug,https://wellwiki.org/wiki/37-059-90075,,"2621709"
37-031-01347,,"41.288795000335135","-79.21774900027528",PA,Clarion,Millcreek,HUMMEL 3,MICHAEL HARJU,1800-01-01,,GAS,Abandoned,Vertical Well,Orphaned / Abandoned / Unverified Plug,https://wellwiki.org/wiki/37-031-01347,,"2621710"
37-039-25681,,"41.73419700017942","-80.12105399999663",PA,Crawford,Woodcock,SMITH 44,ATLAS RESOURCES LLC,,,COMB. OIL&GAS,Operator Reported Not Drilled,Vertical Well,Not Drilled,https://wellwiki.org/wiki/37-039-25681,,"2621711"
37-065-26780,,"40.92877400002684","-78.98933599983117",PA,Jefferson,Young,S NORTH 1,MADTICK DEV CORP,,,GAS,Proposed But Never Materialized,Vertical Well,Not Drilled,https://wellwiki.org/wiki/37-065-26780,,"2621712"
37-047-24737,,"41.58148599990187","-78.88010599964566",PA,Elk,Highland,WT 3785 494,ARG RESOURCES INC,2013-11-05,,OIL,Abandoned,Vertical Well,Orphaned / Abandoned / Unverified Plug,https://wellwiki.org/wiki/37-047-24737,,"2621713"
37-053-28413,,"41.61196800024835","-78.97023499977406",PA,Forest,Howe,WARRANT 2453 3,EAST RESOURCES INC,,,OIL,Operator Reported Not Drilled,Vertical Well,Not Drilled,https://wellwiki.org/wiki/37-053-28413,,"2621714"
37-121-23719,,"41.47253300018851","-79.64639700036909",PA,Venango,Cornplanter,MOYNIHAN 3,LT OIL CO LLC,1976-02-27,,OIL,Abandoned,Vertical Well,Orphaned / Abandoned / Unverified Plug,https://wellwiki.org/wiki/37-121-23719,,"2621715"
37-063-31346,,"40.48718599968353","-79.28641999980577",PA,Indiana,Black Lick,MCCONNELL 002,KRIEBEL GAS INC,,,GAS,Operator Reported Not Drilled,Vertical Well,Not Drilled,https://wellwiki.org/wiki/37-063-31346,,"2621716"
37-049-24081,,"41.86563899972565","-79.98477800024226",PA,Erie,Le Boeuf,NORMAN PORTER 2,MEDINA RES DEV CO LLC,1800-01-01,,GAS,Abandoned,Vertical Well,Orphaned / Abandoned / Unverified Plug,https://wellwiki.org/wiki/37-049-24081,,"2621717"
37-047-23657,,"41.61895099977357","-78.87111300037064",PA,Elk,Highland,WARRANT 3775 ARG 119,ARG RESOURCES INC,2005-07-09,,OIL,Abandoned,Vertical Well,Orphaned / Abandoned / Unverified Plug,https://wellwiki.org/wiki/37-047-23657,,"2621718"
37-047-21915,,"41.51672500000075","-78.9407530000217",PA,Elk,Highland,WARRANT 3664 010,ARG RESOURCES INC,1985-08-08,,INJECTION,Abandoned,Vertical Well,Orphaned / Abandoned / Unverified Plug,https://wellwiki.org/wiki/37-047-21915,,"2621719"
37-123-04241,,"41.83004000032005","-79.16061599998324",PA,Warren,Pleasant,YEAGLE 3,GEER PUTNAM,,,OIL,Proposed But Never Materialized,Vertical Well,Not Drilled,https://wellwiki.org/wiki/37-123-04241,,"2621720"
37-083-11521,,"41.68039500011683","-78.81986099985085",PA,McKean,Wetmore,MCCAULY 2,PA DEP OFC OIL & GAS MGMT,1800-01-01,,OIL,DEP Orphan List,Vertical Well,Orphaned / Abandoned / Unverified Plug,https://wellwiki.org/wiki/37-083-11521,,"2621721"
37-065-25219,,"41.08431699974805","-79.03675899972437",PA,Jefferson,Knox,GRAHAM 1,PA MINERAL SVCS LLC,2005-04-04,,GAS,Abandoned,Vertical Well,Orphaned / Abandoned / Unverified Plug,https://wellwiki.org/wiki/37-065-25219,,"2621722"
37-059-02334,,"39.75817899999678","-80.04423899986445",PA,Greene,Dunkard,YOST 1,UNKNOWN OPR,1800-01-01,,GAS,DEP Abandoned List,Vertical Well,Orphaned / Abandoned / Unverified Plug,https://wellwiki.org/wiki/37-059-02334,,"2621723"
37-005-01625,,"40.57363300025071","-79.54177400023673",PA,Armstrong,North Apollo,SHAW/TOWNSEND 1,MCDERMOTT CYNTHIA,1800-01-01,,GAS,Abandoned,Vertical Well,Orphaned / Abandoned / Unverified Plug,https://wellwiki.org/wiki/37-005-01625,,"2621724"
37-049-23052,,"42.092483000209434","-80.07274399999865",PA,Erie,Erie,GERARD T UHT 1,UHT GERALD T,1983-08-17,,GAS,Abandoned,Vertical Well,Orphaned / Abandoned / Unverified Plug,https://wellwiki.org/wiki/37-049-23052,,"2621725"
37-019-01160,,"41.05850699982882","-79.74652899990097",PA,Butler,Parker,TURNER 201,PA DEP OFC OIL & GAS MGMT,1800-01-01,,UNDETERMINED,DEP Orphan List,Vertical Well,Orphaned / Abandoned / Unverified Plug,https://wellwiki.org/wiki/37-019-01160,,"2621726"
37-083-11620,,"41.93885199997016","-78.54542100032971",PA,McKean,Foster,MURPHY 32,PA DEP OFC OIL & GAS MGMT,1800-01-01,,UNDETERMINED,DEP Orphan List,Vertical Well,Orphaned / Abandoned / Unverified Plug,https://wellwiki.org/wiki/37-083-11620,,"2621727"
37-063-34658,,"40.5529840000275","-79.11493299996447",PA,Indiana,Center,ONDO 8170,LINN OPR INC,,,GAS,Operator Reported Not Drilled,Vertical Well,Not Drilled,https://wellwiki.org/wiki/37-063-34658,,"2621728"
37-059-24997,,"40.00072000005086","-80.21688499979712",PA,Greene,Washington,LESLIE COLE 1,JESMAR ENERGY INC,,,GAS,Operator Reported Not Drilled,Vertical Well,Not Drilled,https://wellwiki.org/wiki/37-059-24997,,"2621729"
37-123-05282,,"41.671507000132955","-79.47093799978606",PA,Warren,Triumph,ULF U2,PA DEP OFC OIL & GAS MGMT,1800-01-01,,OIL,DEP Abandoned List,Vertical Well,Orphaned / Abandoned / Unverified Plug,https://wellwiki.org/wiki/37-123-05282,,"2621730"
37-033-26491,,"41.030405999925485","-78.79089600030744",PA,Clearfield,Troutville,SHAFFER NANCY 6,DEVONIAN RESOURCES INC,,,GAS,Operator Reported Not Drilled,Vertical Well,Not Drilled,https://wellwiki.org/wiki/37-033-26491,,"2621731"
37-121-28789,,"41.48309500009121","-79.63852700030212",PA,Venango,Cornplanter,CORSE 101,WITCO CORP,1980-10-17,,OIL,DEP Abandoned List,Vertical Well,Orphaned / Abandoned / Unverified Plug,https://wellwiki.org/wiki/37-121-28789,,"2621732"
37-019-01643,,"40.864238000153755","-79.74071599990079",PA,Butler,Clearfield,DALMAGRO 1,DALMAGRO JOHN,1800-01-01,,OIL,Abandoned,Vertical Well,Orphaned / Abandoned / Unverified Plug,https://wellwiki.org/wiki/37-019-01643,,"2621733"
37-083-07562,,"41.99798900025065","-78.56993600017883",PA,McKean,Foster,JOHNSTON LOT 58 ZC012,PA DEP OFC OIL & GAS MGMT,1800-01-01,,INJECTION,DEP Orphan List,Vertical Well,Orphaned / Abandoned / Unverified Plug,https://wellwiki.org/wiki/37-083-07562,,"2621734"
37-003-01266,,"40.53305599985266","-80.11325000005189",PA,Allegheny,Ohio,W P C 2,UNKNOWN OPR,1800-01-01,,GAS,Plugged Unverified,Vertical Well,Orphaned / Abandoned / Unverified Plug,https://wellwiki.org/wiki/37-003-01266,,"2621735"
37-059-02436,,"39.80589700028575","-80.2432779996129",PA,Greene,Wayne,DAN HOPKINS 1,UNKNOWN OPR,1800-01-01,,GAS,DEP Abandoned List,Vertical Well,Orphaned / Abandoned / Unverified Plug,https://wellwiki.org/wiki/37-059-02436,,"2621736"
37-059-25874,,"39.86728300028076","-79.9627580001279",PA,Greene,Cumberland,HART UNIT 10H,EQT CHAP LLC,,,GAS,Operator Reported Not Drilled,Horizontal Well,Not Drilled,https://wellwiki.org/wiki/37-059-25874,,"2621737"
37-047-21941,,"41.532205000243586","-78.88842000012667",PA,Elk,Highland,CLINTON 31,ARG RESOURCES INC,1985-08-09,,OIL,Abandoned,Vertical Well,Orphaned / Abandoned / Unverified Plug,https://wellwiki.org/wiki/37-047-21941,,"2621738"
37-005-01414,,"40.92815500032489","-79.25697700041147",PA,Armstrong,Redbank,B NEAL 5,MGPR LLC,1800-01-01,,GAS,Abandoned,Vertical Well,Orphaned / Abandoned / Unverified Plug,https://wellwiki.org/wiki/37-005-01414,,"2621739"
37-059-01758,,"39.96249199972419","-80.31571699967063",PA,Greene,Morris,J.B. CARTER 1,LEATHERWOOD LLC,1800-01-01,2018-10-04,OIL,Plugged OG Well,Vertical Well,Plugged,https://wellwiki.org/wiki/37-059-01758,,"2621740"
37-031-01889,,"41.29801600010433","-79.56700600031134",PA,Clarion,Ashland,LES 5,UNKNOWN OPR,1800-01-01,2002-04-15,UNDETERMINED,Plugged OG Well,Vertical Well,Plugged,https://wellwiki.org/wiki/37-031-01889,,"2621741"
37-083-32505,,"41.922545000121836","-78.5370919997801",PA,McKean,Foster,EVANS 219,BLAST PRODUCING CO,1800-01-01,2007-12-05,OIL,Plugged OG Well,Vertical Well,Plugged,https://wellwiki.org/wiki/37-083-32505,,"2621742"
37-049-20287,,"41.90844100003116","-80.33659500031038",PA,Erie,Cranesville,GEORGE CARR 1,CAYMAN CORP,1966-08-04,1968-10-25,GAS,Plugged OG Well,Vertical Well,Plugged,https://wellwiki.org/wiki/37-049-20287,,"2621743"
37-123-02836,,"41.64148000006349","-78.96025599976173",PA,Warren,Sheffield,LOT 10 16,AZCO OPR CO,1800-01-01,1993-06-21,OIL,Plugged OG Well,Vertical Well,Plugged,https://wellwiki.org/wiki/37-123-02836,,"2621744"
37-121-03216,,"41.202450000138406","-79.90127800007373",PA,Venango,Clinton,MEYER 8,ADOBE COAL CO,1800-01-01,1989-11-09,OIL,Plugged OG Well,Vertical Well,Plugged,https://wellwiki.org/wiki/37-121-03216,,"2621745"
37-083-43061,,"41.96008300007357","-78.59992900029233",PA,McKean,Foster,LAFFERTY 179,PENNZOIL PROD CO,1800-01-01,1983-12-15,OIL,Plugged OG Well,Vertical Well,Plugged,https://wellwiki.org/wiki/37-083-43061,,"2621746"
37-121-40825,,"41.591115000218714","-79.54799599959249",PA,Venango,Allegheny,PRATT 3P,QUAKER STATE CORP,1800-01-01,1985-05-07,OIL,Plugged OG Well,Vertical Well,Plugged,https://wellwiki.org/wiki/37-121-40825,,"2621747"
37-121-38647,,"41.39772699993779","-79.78705000002283",PA,Venango,Cranberry,C SOLLE 8,PRESTON JAMES R,1800-01-01,,OIL,Plugged OG Well,Vertical Well,Plugged,https://wellwiki.org/wiki/37-121-38647,,"2621748"
37-039-21194,,"41.742046000262164","-79.73391700006164",PA,Crawford,Rome,LUKACH 1,PETER LUKACH,1981-05-01,1987-06-02,OIL,Plugged OG Well,Vertical Well,Plugged,https://wellwiki.org/wiki/37-039-21194,,"2621749"
37-121-02550,,"41.3788000001457","-79.52525099975502",PA,Venango,Pinegrove,SHAW OWS90,PRESIDENT OIL CO,1800-01-01,1992-11-10,GAS,Plugged OG Well,Vertical Well,Plugged,https://wellwiki.org/wiki/37-121-02550,,"2621750"
37-083-31503,,"41.75969999975111","-78.72252799982735",PA,McKean,Hamlin,RAY B KANE 80,PENNZOIL PROD CO,1974-11-26,1989-04-27,OIL,Plugged OG Well,Vertical Well,Plugged,https://wellwiki.org/wiki/37-083-31503,,"2621751"
37-047-01616,,"41.61540100029091","-78.86355700012302",PA,Elk,Highland,LYTE 2,PENNZOIL PROD CO,1800-01-01,1993-03-10,OIL,Plugged OG Well,Vertical Well,Plugged,https://wellwiki.org/wiki/37-047-01616,,"2621752"
34-029-60100,"60100","40.78498189","-80.83667223",OH,,, ,,,,UN_R,unknown,,Other / Unknown,https://wellwiki.org/wiki/34-029-60100,,"643645"
37-083-37862,,"41.66186799980778","-78.812430000175",PA,McKean,Kane,COMMONS LOT 1,NOVOSEL FRANK,1979-10-08,1989-06-25,GAS,Plugged OG Well,Vertical Well,Plugged,https://wellwiki.org/wiki/37-083-37862,,"2621753"
37-083-07852,,"41.990415999834674","-78.48806799992965",PA,McKean,Otto,BURNS FLOOD 2 66,QUAKER STATE CORP,1800-01-01,1990-07-24,OIL,Plugged OG Well,Vertical Well,Plugged,https://wellwiki.org/wiki/37-083-07852,,"2621754"
37-083-14256,,"41.97365800019761","-78.48831899999982",PA,McKean,Otto,FRANKS 49,PLANTS & GOODWIN INC,1800-01-01,2000-08-11,OIL,Plugged OG Well,Vertical Well,Plugged,https://wellwiki.org/wiki/37-083-14256,,"2621755"
37-123-39845,,"41.829737999793515","-79.06598000025915",PA,Warren,Mead,LOCKWOOD 61,COOK ENERGY INC,1800-01-01,1987-11-12,OIL,Plugged OG Well,Vertical Well,Plugged,https://wellwiki.org/wiki/37-123-39845,,"2621756"
37-083-01344,,"41.89365899984383","-78.51695300000544",PA,McKean,Keating,BROWN 1 24,SH ELDER & CO,1800-01-01,1991-04-12,OIL,Plugged OG Well,Vertical Well,Plugged,https://wellwiki.org/wiki/37-083-01344,,"2621757"
37-121-41128,,"41.6160889998632","-79.52114099981934",PA,Venango,Allegheny,CARSON 5,CARSON EDGAR G,1800-01-01,1985-07-10,OIL,Plugged OG Well,Vertical Well,Plugged,https://wellwiki.org/wiki/37-121-41128,,"2621758"
37-121-00610,,"41.46138499986056","-79.72267600002576",PA,Venango,Cornplanter,NOVEM 17,PA GEN ENERGY CORP,1800-01-01,1989-05-15,OIL,Plugged OG Well,Vertical Well,Plugged,https://wellwiki.org/wiki/37-121-00610,,"2621759"
37-083-34764,,"41.97740999988743","-78.58169100005058",PA,McKean,Foster,FREDERICKS 7,WITCO CORP,1800-01-01,1977-04-28,OIL,Plugged OG Well,Vertical Well,Plugged,https://wellwiki.org/wiki/37-083-34764,,"2621760"
37-083-34762,,"41.97433099977185","-78.54226399972276",PA,McKean,Foster,FREDERICKS 59,WITCO CORP,1800-01-01,1977-04-19,OIL,Plugged OG Well,Vertical Well,Plugged,https://wellwiki.org/wiki/37-083-34762,,"2621761"
37-049-24643,,"42.046837000142794","-79.99012199971405",PA,Erie,Greene,TOMCZAK 2,NEA CROSS INC,1800-01-01,1986-02-27,GAS,Plugged OG Well,Vertical Well,Plugged,https://wellwiki.org/wiki/37-049-24643,,"2621762"
37-059-22189,,"39.947360999745605","-80.41919199958228",PA,Greene,Richhill,BURNS 521,CONSOL PA COAL CO LLC,1800-01-01,1988-06-03,GAS,Plugged OG Well,Vertical Well,Plugged,https://wellwiki.org/wiki/37-059-22189,,"2621763"
37-121-21393,,"41.47775899998692","-79.59408200001741",PA,Venango,President,PROPER 4Q,QUAKER STATE CORP,1971-10-08,1987-01-28,OIL,Plugged OG Well,Vertical Well,Plugged,https://wellwiki.org/wiki/37-121-21393,,"2621764"
37-125-91161,,"40.15516199990312","-80.33400500014109",PA,Washington,Buffalo,J. W. BARNHART 3,UNKNOWN OPR,1800-01-01,,OIL,Plugged OG Well,Vertical Well,Plugged,https://wellwiki.org/wiki/37-125-91161,,"2621765"
37-123-01290,,"41.7082749999354","-79.5668079999446",PA,Warren,Eldred,OTT 15,PA GEN ENERGY CORP,1800-01-01,,OIL,Plugged OG Well,Vertical Well,Plugged,https://wellwiki.org/wiki/37-123-01290,,"2621766"
37-083-38029,,"41.93995000007772","-78.59168599995645",PA,McKean,Foster,MORRIS 2,CJ MORRIS & SONS,1800-01-01,1993-04-06,OIL,Plugged OG Well,Vertical Well,Plugged,https://wellwiki.org/wiki/37-083-38029,,"2621767"
37-053-25688,,"41.57936199999319","-79.50742099994227",PA,Forest,Harmony,GRIFFEN 21X,QUAKER STATE CORP,1800-01-01,1984-03-08,OIL,Plugged OG Well,Vertical Well,Plugged,https://wellwiki.org/wiki/37-053-25688,,"2621768"
37-047-01859,,"41.55271700027084","-78.92233900005286",PA,Elk,Highland,HULINGS 2,ARG RESOURCES INC,1800-01-01,2013-03-06,OIL,Plugged OG Well,Vertical Well,Plugged,https://wellwiki.org/wiki/37-047-01859,,"2621769"
37-083-07952,,"41.94662800015887","-78.68260599993017",PA,McKean,Bradford,ROGERS 53,GEORGE BRUCE S,1800-01-01,2012-01-12,GAS,Plugged OG Well,Vertical Well,Plugged,https://wellwiki.org/wiki/37-083-07952,,"2621770"
37-117-21737,,"41.885735999699364","-77.30476099985884",PA,Tioga,Middlebury,KINNAN 845 26H,SWEPI LP,,,GAS,Proposed But Never Materialized,Horizontal Well,Not Drilled,https://wellwiki.org/wiki/37-117-21737,,"2621771"
37-039-00068,,"41.65393999989547","-79.662899999861",PA,Crawford,Spring,WARNER 64,PA GEN ENERGY CORP,1800-01-01,1994-07-26,OIL,Plugged OG Well,Vertical Well,Plugged,https://wellwiki.org/wiki/37-039-00068,,"2621772"
37-051-21143,,"39.932832000013825","-79.88523599981598",PA,Fayette,Luzerne,CRAIG 2,VIKING RESOURCES LLC,2000-03-14,2000-08-30,GAS,Plugged OG Well,Vertical Well,Plugged,https://wellwiki.org/wiki/37-051-21143,,"2621773"
37-005-28320,,"40.62862300006547","-79.55330800017556",PA,Armstrong,Parks,W CROBSY 4,CONSOL GAS CO,,,GAS,Operator Reported Not Drilled,Vertical Well,Not Drilled,https://wellwiki.org/wiki/37-005-28320,,"2621774"
37-033-25252,,"40.85451800014436","-78.51512400044257",PA,Clearfield,Knox,ORWICK 9,ENERGY CORP OF AMER,,,GAS,Operator Reported Not Drilled,Vertical Well,Not Drilled,https://wellwiki.org/wiki/37-033-25252,,"2621775"
37-047-01651,,"41.55315000001757","-78.6055179999865",PA,Elk,Jones,HOSKINS 50,PA DEP OFC OIL & GAS MGMT,1800-01-01,2002-08-08,OIL,DEP Plugged,Vertical Well,Plugged,https://wellwiki.org/wiki/37-047-01651,,"2621776"
37-053-29221,,"41.57745299996048","-79.00602499999422",PA,Forest,Howe,LOT 21 1074,CATALYST ENERGY INC,,,OIL,Operator Reported Not Drilled,Vertical Well,Not Drilled,https://wellwiki.org/wiki/37-053-29221,,"2621777"
37-033-26839,,"40.95128400008086","-78.34911199959433",PA,Clearfield,Boggs,GOSS 1,SWEPI LP,,,GAS,Operator Reported Not Drilled,Vertical Well,Not Drilled,https://wellwiki.org/wiki/37-033-26839,,"2621778"
37-063-31077,,"40.70963700029935","-78.83948099976674",PA,Indiana,Green,STIFFLER 3,TEXAS KEYSTONE INC,,,GAS,Operator Reported Not Drilled,Vertical Well,Not Drilled,https://wellwiki.org/wiki/37-063-31077,,"2621779"
37-083-14842,,"41.95308599975361","-78.50354299974975",PA,McKean,Otto,WARD 16,PA DEP OFC OIL & GAS MGMT,1800-01-01,2002-06-14,OIL,DEP Plugged,Vertical Well,Plugged,https://wellwiki.org/wiki/37-083-14842,,"2621780"
37-047-01825,,"41.55728400000118","-78.5976040004369",PA,Elk,Jones,CORP OF ENGINEERS ON11,PA DEP OFC OIL & GAS MGMT,1800-01-01,2003-07-23,OIL,DEP Plugged,Vertical Well,Plugged,https://wellwiki.org/wiki/37-047-01825,,"2621781"
34-145-60030,"60030","38.74632698","-82.93712623",OH,,, ,,,,UN_R,unknown,,Other / Unknown,https://wellwiki.org/wiki/34-145-60030,,"644702"
37-117-21656,,"41.88294700007615","-77.41802800018509",PA,Tioga,Chatham,NEAL 815 21H,SWEPI LP,,,GAS,Operator Reported Not Drilled,Horizontal Well,Not Drilled,https://wellwiki.org/wiki/37-117-21656,,"2621782"
37-121-22096,,"41.53124700003299","-79.57273599957252",PA,Venango,Cornplanter,MORREY 1,PA DEP OFC OIL & GAS MGMT,1972-09-29,1997-06-13,OIL,DEP Plugged,Vertical Well,Plugged,https://wellwiki.org/wiki/37-121-22096,,"2621783"
37-053-28316,,"41.61642000000141","-79.46640100005312",PA,Forest,Harmony,CHRIS 13,OZ GAS LTD,,,GAS,Proposed But Never Materialized,Vertical Well,Not Drilled,https://wellwiki.org/wiki/37-053-28316,,"2621784"
37-027-21170,,"41.096589999720614","-78.09080899986718",PA,Centre,Burnside,LARSON 5,MID EAST OIL CO,,,GAS,Operator Reported Not Drilled,Vertical Well,Not Drilled,https://wellwiki.org/wiki/37-027-21170,,"2621785"
37-117-21260,,"41.8829689997429","-77.41808099988855",PA,Tioga,Chatham,NEAL 815 4H,SWEPI LP,,,GAS,Proposed But Never Materialized,Horizontal Well,Not Drilled,https://wellwiki.org/wiki/37-117-21260,,"2621786"
37-053-26484,,"41.624799999880054","-79.03768099998928",PA,Forest,Howe,COLLINS 3,SOUTHWELL RUSSELL W,,,OIL,Operator Reported Not Drilled,Vertical Well,Not Drilled,https://wellwiki.org/wiki/37-053-26484,,"2621787"
34-081-60305,"60305","40.29509856","-80.67821242",OH,,," 4",,,,OG_R,unknown,,Other / Unknown,https://wellwiki.org/wiki/34-081-60305,,"606540"
37-083-57336,,"41.95489999993935","-78.49430000022949",PA,McKean,Otto,DANIALS 1,PA DEP OFC OIL & GAS MGMT,1800-01-01,2023-06-08,GAS,DEP Plugged,Undetermined,Plugged,https://wellwiki.org/wiki/37-083-57336,,"2621788"
37-129-29086,,"40.382071999993826","-79.63760800041025",PA,Westmoreland,Penn,METIS 2M,"OLYMPUS ENERGY, LLC",,,GAS,Operator Reported Not Drilled,Horizontal Well,Not Drilled,https://wellwiki.org/wiki/37-129-29086,,"2621789"
37-031-24276,,"41.045846999860395","-79.61677800034938",PA,Clarion,Perry,G ZANG 4,INTERSTATE GAS MKT INC,,,GAS,Operator Reported Not Drilled,Vertical Well,Not Drilled,https://wellwiki.org/wiki/37-031-24276,,"2621790"
37-005-00607,,"40.89739000028989","-79.36069300034757",PA,Armstrong,Wayne,I M BASHLINE 2,PA DEP OFC OIL & GAS MGMT,1800-01-01,2023-07-25,GAS,DEP Plugged,Vertical Well,Plugged,https://wellwiki.org/wiki/37-005-00607,,"2621791"
37-033-24096,,"40.91256199998926","-78.52323600035889",PA,Clearfield,Pike,FREEMAN 2,KRIEBEL GAS INC,,,GAS,Operator Reported Not Drilled,Vertical Well,Not Drilled,https://wellwiki.org/wiki/37-033-24096,,"2621792"
37-083-11955,,"41.97873499976552","-78.5833399996884",PA,McKean,Foster,GATES 9,PA DEP OFC OIL & GAS MGMT,1800-01-01,2007-03-26,UNDETERMINED,DEP Plugged,Vertical Well,Plugged,https://wellwiki.org/wiki/37-083-11955,,"2621793"
37-129-29065,,"40.38415600012815","-79.62414399972789",PA,Westmoreland,Penn,GAIA 5M,"OLYMPUS ENERGY, LLC",,,GAS,Operator Reported Not Drilled,Horizontal Well,Not Drilled,https://wellwiki.org/wiki/37-129-29065,,"2621794"
37-105-21602,,"41.992595000036005","-77.75604300036036",PA,Potter,Bingham,DAVENPORT 12,SWEPI LP,,,OIL,Operator Reported Not Drilled,Vertical Well,Not Drilled,https://wellwiki.org/wiki/37-105-21602,,"2621795"
37-117-21795,,"41.725542000316764","-77.40584700034098",PA,Tioga,Shippen,HOUCK 433 28H,SWEPI LP,,,GAS,Proposed But Never Materialized,Horizontal Well,Not Drilled,https://wellwiki.org/wiki/37-117-21795,,"2621796"
37-033-26550,,"40.99958399975511","-78.71871800036563",PA,Clearfield,Brady,LONG 1,SHELLY OIL & GAS INC,,,GAS,Operator Reported Not Drilled,Vertical Well,Not Drilled,https://wellwiki.org/wiki/37-033-26550,,"2621797"
37-031-24968,,"41.159971999981","-79.38141700010321",PA,Clarion,Monroe,POTTER 1,INTERSTATE GAS MKT INC,,,GAS,Operator Reported Not Drilled,Vertical Well,Not Drilled,https://wellwiki.org/wiki/37-031-24968,,"2621798"
37-123-38344,,"41.769169999864694","-79.23622099997044",PA,Warren,Watson,LOT 514 17,PA GEN ENERGY CORP,,,OIL,Operator Reported Not Drilled,Vertical Well,Not Drilled,https://wellwiki.org/wiki/37-123-38344,,"2621799"
37-031-25022,,"41.08891800011083","-79.23450200001241",PA,Clarion,Redbank,HAWK 2 14,BLX INC,,,GAS,Operator Reported Not Drilled,Vertical Well,Not Drilled,https://wellwiki.org/wiki/37-031-25022,,"2621800"
37-063-34111,,"40.52429600026929","-79.14959800042845",PA,Indiana,Center,SASALA 1,FAIRMAN CORP,,,GAS,Operator Reported Not Drilled,Vertical Well,Not Drilled,https://wellwiki.org/wiki/37-063-34111,,"2621801"
37-123-46645,,"41.76295599979318","-79.1449610002381",PA,Warren,Mead,LOT 534 2711,CATALYST ENERGY INC,,,OIL,Proposed But Never Materialized,Vertical Well,Not Drilled,https://wellwiki.org/wiki/37-123-46645,,"2621802"
37-649571,,"41.97503400030607","-80.11170799964587",PA,Erie,McKean,REED 1,NORNEW INC,,,GAS,Operator Reported Not Drilled,Vertical Well,Not Drilled,https://wellwiki.org/wiki/37-649571,,"2621803"
37-021-20951,,"40.70043399986925","-78.66116800032208",PA,Cambria,Chest,K&J/POPE 1,DORSO LLC,,,GAS,Proposed But Never Materialized,Vertical Well,Not Drilled,https://wellwiki.org/wiki/37-021-20951,,"2621804"
37-065-26184,,"40.96084599991333","-78.83164699968476",PA,Jefferson,Gaskill,BURTON HOOVER 6,FAIRMAN CORP,,,GAS,Operator Reported Not Drilled,Vertical Well,Not Drilled,https://wellwiki.org/wiki/37-065-26184,,"2621805"
37-019-91909,,"40.99630899977723","-79.78435299972341",PA,Butler,Fairview,SHERRICK 23,PA DEP OFC OIL & GAS MGMT,1800-01-01,2019-08-14,OIL,DEP Plugged,Vertical Well,Plugged,https://wellwiki.org/wiki/37-019-91909,,"2621806"
37-035-20388,,"41.236284999917906","-77.76374600002276",PA,Clinton,Noyes,COP TRACT 343 4,EQT PROD CO,,,GAS,Operator Reported Not Drilled,Vertical Well,Not Drilled,https://wellwiki.org/wiki/37-035-20388,,"2621807"
37-039-22477,,"41.84873199992801","-80.44286700008057",PA,Crawford,Beaver,NEWCOMB 4,PACO INC,,,GAS,Operator Reported Not Drilled,Vertical Well,Not Drilled,https://wellwiki.org/wiki/37-039-22477,,"2621808"
37-083-56756,,"41.642986000074295","-78.71809700039961",PA,McKean,Wetmore,JOHNSON LEASE 5C,MIEKA LLC,,,OIL,Proposed But Never Materialized,Vertical Well,Not Drilled,https://wellwiki.org/wiki/37-083-56756,,"2621809"
37-049-00158,,"42.005312999927504","-80.32659299983351",PA,Erie,Girard,ROBIE 1,PA DEP OFC OIL & GAS MGMT,1800-01-01,1996-10-23,GAS,DEP Plugged,Vertical Well,Plugged,https://wellwiki.org/wiki/37-049-00158,,"2621810"
37-083-21001,,"41.7914109998323","-78.90840400009064",PA,McKean,Hamilton,MORRISON 1,UNKNOWN OPR,1800-01-01,,OIL,Abandoned,Vertical Well,Orphaned / Abandoned / Unverified Plug,https://wellwiki.org/wiki/37-083-21001,,"2621811"
37-123-46648,,"41.763396999924275","-79.14060799972984",PA,Warren,Mead,LOT 534 2714,CATALYST ENERGY INC,,,OIL,Proposed But Never Materialized,Vertical Well,Not Drilled,https://wellwiki.org/wiki/37-123-46648,,"2621812"
37-083-47363,,"41.80548500005577","-78.73941000033423",PA,McKean,Lafayette,KATIE C10,CATALYST ENERGY INC,,,OIL,Operator Reported Not Drilled,Vertical Well,Not Drilled,https://wellwiki.org/wiki/37-083-47363,,"2621813"
37-033-25053,,"40.94092899983274","-78.62630200001664",PA,Clearfield,Penn,THORP 34,VICTORY ENERGY CORP,,,GAS,Operator Reported Not Drilled,Vertical Well,Not Drilled,https://wellwiki.org/wiki/37-033-25053,,"2621814"
37-105-21824,,"41.87165599967334","-77.91677200003956",PA,Potter,Allegany,ALLEGANY 900 4HB,SWEPI LP,,,GAS,Proposed But Never Materialized,Horizontal Well,Not Drilled,https://wellwiki.org/wiki/37-105-21824,,"2621815"
37-047-24657,,"41.31402800007916","-78.72486100007869",PA,Elk,Horton,THOR 591139,EQT PROD CO,,,GAS,Operator Reported Not Drilled,Horizontal Well,Not Drilled,https://wellwiki.org/wiki/37-047-24657,,"2621816"
34-013-60838,"60838","40.00087853","-81.17748573",OH,,," 3",,,,UN_R,unknown,,Other / Unknown,https://wellwiki.org/wiki/34-013-60838,,"622973"
37-005-25694,,"40.94583100018587","-79.30038599973012",PA,Armstrong,Mahoning,RUPP 2,KRIEBEL GAS INC,,,GAS,Proposed But Never Materialized,Vertical Well,Not Drilled,https://wellwiki.org/wiki/37-005-25694,,"2621817"
37-123-42472,,"41.82596900002816","-79.14773800000513",PA,Warren,Pleasant,SMITH 12,JONES DEV INC,,,OIL,Operator Reported Not Drilled,Vertical Well,Not Drilled,https://wellwiki.org/wiki/37-123-42472,,"2621818"
37-051-24554,,"39.982008000334176","-79.81420600009486",PA,Fayette,Redstone,BASHLINE UNIT 3H,EQT CHAP LLC,,,GAS,Operator Reported Not Drilled,Horizontal Well,Not Drilled,https://wellwiki.org/wiki/37-051-24554,,"2621819"
37-059-26852,,"39.922836000332744","-80.03693899970985",PA,Greene,Jefferson,HICE 3H,EQT CHAP LLC,,,GAS,Operator Reported Not Drilled,Horizontal Well,Not Drilled,https://wellwiki.org/wiki/37-059-26852,,"2621820"
37-047-24912,,"41.297861000040115","-78.73763899959935",PA,Elk,Horton,SHAWMUT 591117,EQT PROD CO,,,GAS,Operator Reported Not Drilled,Horizontal Well,Not Drilled,https://wellwiki.org/wiki/37-047-24912,,"2621821"
37-047-23069,,"41.625005999707994","-78.87472399964072",PA,Elk,Highland,HORTON 105,PENNZOIL PROD CO,,,OIL,Operator Reported Not Drilled,Vertical Well,Not Drilled,https://wellwiki.org/wiki/37-047-23069,,"2621822"
37-005-24899,,"40.862938000243894","-79.40620300011396",PA,Armstrong,Boggs,WILLIAMSON 2,KRIEBEL GAS INC,,,GAS,Operator Reported Not Drilled,Vertical Well,Not Drilled,https://wellwiki.org/wiki/37-005-24899,,"2621823"
37-047-24656,,"41.297861000040115","-78.73758300042118",PA,Elk,Horton,SHAWMUT 591181,EQT PROD CO,,,GAS,Operator Reported Not Drilled,Horizontal Well,Not Drilled,https://wellwiki.org/wiki/37-047-24656,,"2621824"
37-051-20764,,"40.01286700010144","-79.63832100043778",PA,Fayette,Dunbar,CLARKE 1,DOUGLAS OIL & GAS INC,1995-08-14,1995-08-28,GAS,Plugged OG Well,Vertical Well,Plugged,https://wellwiki.org/wiki/37-051-20764,,"2621825"
37-033-20123,,"41.16293800030408","-78.55233300014679",PA,Clearfield,Huston,PUDLO 1,KETA GAS & OIL CO,1957-10-24,1976-06-24,GAS,Plugged OG Well,Vertical Well,Plugged,https://wellwiki.org/wiki/37-033-20123,,"2621826"
37-019-20669,,"40.91502799969835","-79.83194700021915",PA,Butler,Oakland,SHEAR 1,HILDERBRAND G A,1800-01-01,1972-12-10,UNDETERMINED,Plugged OG Well,Vertical Well,Plugged,https://wellwiki.org/wiki/37-019-20669,,"2621827"
37-123-37921,,"41.76826299969472","-79.09024400003808",PA,Warren,Mead,DAVIS G,DORAN ASSOC INC,1800-01-01,,OIL,Plugged OG Well,Vertical Well,Plugged,https://wellwiki.org/wiki/37-123-37921,,"2622258"
37-059-00437,,"39.8582940002771","-80.09134000044067",PA,Greene,Greene,J B MURDOCK M428,EQUITRANS INC,1800-01-01,1961-08-11,GAS,Plugged OG Well,Vertical Well,Plugged,https://wellwiki.org/wiki/37-059-00437,,"2621828"
37-129-90072,,"40.1706600002764","-79.80789299960418",PA,Westmoreland,Rostraver,JOHN SMITH,CONSOL GAS CO,1800-01-01,,GAS,Plugged OG Well,Vertical Well,Plugged,https://wellwiki.org/wiki/37-129-90072,,"2621829"
37-083-38515,,"41.844954000295104","-78.54486700031083",PA,McKean,Keating,BINGHAM 533 189,PENNZOIL PROD CO,1800-01-01,,OIL,Plugged OG Well,Vertical Well,Plugged,https://wellwiki.org/wiki/37-083-38515,,"2621830"
37-121-01209,,"41.527665000242045","-79.67820499980179",PA,Venango,Cherrytree,STRAHL 10,PA GEN ENERGY CORP,1800-01-01,1992-06-05,OIL,Plugged OG Well,Vertical Well,Plugged,https://wellwiki.org/wiki/37-121-01209,,"2621831"
37-003-21214,,"40.55013999987582","-80.08598000017705",PA,Allegheny,Ohio,GRAINGER I,UNKNOWN OPR,1800-01-01,1987-09-14,GAS,Plugged OG Well,Vertical Well,Plugged,https://wellwiki.org/wiki/37-003-21214,,"2621832"
37-019-00894,,"40.87943299971723","-79.77582800025353",PA,Butler,Clearfield,MARY LUCAS 0,ADOBE COAL CO,1800-01-01,1990-03-13,OIL,Plugged OG Well,Vertical Well,Plugged,https://wellwiki.org/wiki/37-019-00894,,"2621833"
37-083-07782,,"41.988985999866486","-78.48259200021339",PA,McKean,Otto,BURNS FLOOD 2 112,QUAKER STATE CORP,1800-01-01,1993-02-26,OIL,Plugged OG Well,Vertical Well,Plugged,https://wellwiki.org/wiki/37-083-07782,,"2621834"
37-047-22782,,"41.30180099967995","-78.49654999974183",PA,Elk,Jay,J OWENS 1,EMPIRE EXPLORATION INC,1989-04-28,1989-06-19,GAS,Plugged OG Well,Vertical Well,Plugged,https://wellwiki.org/wiki/37-047-22782,,"2621835"
37-083-12772,,"41.893755999683144","-78.51789700001166",PA,McKean,Keating,DALTON 4,SH ELDER & CO,1800-01-01,1995-11-01,OIL,Plugged OG Well,Vertical Well,Plugged,https://wellwiki.org/wiki/37-083-12772,,"2621836"
37-083-36704,,"41.956741999833795","-78.55156599969257",PA,McKean,Foster,LAFFERTY 128-F5,QUAKER STATE CORP,1800-01-01,,OIL,Plugged OG Well,Vertical Well,Plugged,https://wellwiki.org/wiki/37-083-36704,,"2621837"
37-121-30706,,"41.46744700017112","-79.62710799999101",PA,Venango,Cornplanter,MCFATE 22X,QUAKER STATE CORP,1800-01-01,1981-05-29,OIL,Plugged OG Well,Vertical Well,Plugged,https://wellwiki.org/wiki/37-121-30706,,"2621838"
37-083-09650,,"41.998260000321984","-78.48085099961575",PA,McKean,Otto,BURNS FLOOD 11 79,QUAKER STATE CORP,1800-01-01,1992-06-15,OIL,Plugged OG Well,Vertical Well,Plugged,https://wellwiki.org/wiki/37-083-09650,,"2621839"
37-083-45318,,"41.94231000014504","-78.56538600002709",PA,McKean,Foster,GIBSON-NEATH G-5,WITCO CORP,1800-01-01,1986-12-15,OIL,Plugged OG Well,Vertical Well,Plugged,https://wellwiki.org/wiki/37-083-45318,,"2621840"
37-047-00349,,"41.54611099978081","-78.9380559997223",PA,Elk,Highland,MACK 9,ARG RESOURCES INC,1800-01-01,2015-10-13,OIL,Plugged OG Well,Vertical Well,Plugged,https://wellwiki.org/wiki/37-047-00349,,"2621841"
37-105-20944,,"41.8096240000681","-77.97867700024116",PA,Potter,Eulalia,HANLEY-BIRD 1,FELMONT OIL CORP,1985-01-26,1986-02-20,GAS,Plugged OG Well,Vertical Well,Plugged,https://wellwiki.org/wiki/37-105-20944,,"2621842"
37-083-45638,,"41.964328000073095","-78.5531440000836",PA,McKean,Foster,SAGE 2,PENNZOIL PROD CO,1800-01-01,1987-12-23,OIL,Plugged OG Well,Vertical Well,Plugged,https://wellwiki.org/wiki/37-083-45638,,"2621843"
37-125-91028,,"40.24697599965733","-80.33310999964039",PA,Washington,Mount Pleasant,MARY TAGGART 1,UNKNOWN OPR,1800-01-01,,GAS,Plugged OG Well,Vertical Well,Plugged,https://wellwiki.org/wiki/37-125-91028,,"2621844"
34-121-61948,"61948","39.66091277","-81.38150159",OH,,," 18",,,,OG_R,unknown,,Other / Unknown,https://wellwiki.org/wiki/34-121-61948,,"631168"
37-123-39844,,"41.830525000232214","-79.06460400043281",PA,Warren,Mead,LOCKWOOD 60,COOK ENERGY INC,1800-01-01,1987-10-23,OIL,Plugged OG Well,Vertical Well,Plugged,https://wellwiki.org/wiki/37-123-39844,,"2621845"
37-083-10175,,"41.88552400010342","-78.90778999979729",PA,McKean,Corydon,LILLY TRACT S39,USDA FOREST SVC,1800-01-01,1993-12-18,OIL,Plugged OG Well,Vertical Well,Plugged,https://wellwiki.org/wiki/37-083-10175,,"2621846"
37-083-32549,,"41.90776699981191","-78.54078599978916",PA,McKean,Foster,HUNGIVILLE 55,BLAST PRODUCING CO,1800-01-01,2007-09-07,OIL,Plugged OG Well,Vertical Well,Plugged,https://wellwiki.org/wiki/37-083-32549,,"2621847"
37-047-00073,,"41.53166800011809","-78.93864200042653",PA,Elk,Highland,E BRYANT 2,ARG RESOURCES INC,1800-01-01,2013-02-20,OIL,Plugged OG Well,Vertical Well,Plugged,https://wellwiki.org/wiki/37-047-00073,,"2621848"
37-049-90104,,"42.053975999682955","-80.06445100033234",PA,Erie,Summit,ANDY DOLAK 1,ROBERT J SIEGEL,,,GAS,Proposed But Never Materialized,Vertical Well,Not Drilled,https://wellwiki.org/wiki/37-049-90104,,"2621849"
37-117-21104,,"41.61975000014657","-77.278336000256",PA,Tioga,Duncan,PHOENIX 590930,EQT PROD CO,,,GAS,Operator Reported Not Drilled,Horizontal Well,Not Drilled,https://wellwiki.org/wiki/37-117-21104,,"2621850"
37-105-21905,,"41.89479400021229","-77.69097100040439",PA,Potter,Hector,YOUNG 173B-7V,JKLM ENERGY LLC,,,GAS,Operator Reported Not Drilled,Vertical Well,Not Drilled,https://wellwiki.org/wiki/37-105-21905,,"2621851"
37-117-21950,,"41.60043900027364","-77.22433299990844",PA,Tioga,Morris,CAMP WOODHOUSE 6H,SWN PROD CO LLC,,,GAS,Operator Reported Not Drilled,Horizontal Well,Not Drilled,https://wellwiki.org/wiki/37-117-21950,,"2621852"
37-033-26278,,"40.852198999925804","-78.72808599955937",PA,Clearfield,Bell,REIGHARD 4,ENERGY CORP OF AMER,,,GAS,Operator Reported Not Drilled,Vertical Well,Not Drilled,https://wellwiki.org/wiki/37-033-26278,,"2621853"
37-083-12290,,"41.92721400023817","-78.49498899996756",PA,McKean,Otto,HUNGIVILLE 15,PA DEP OFC OIL & GAS MGMT,1800-01-01,1995-04-28,GAS,DEP Plugged,Vertical Well,Plugged,https://wellwiki.org/wiki/37-083-12290,,"2621854"
37-117-21465,,"41.75777500008488","-77.32430299995691",PA,Tioga,Delmar,MILLER M 394 9H,SWEPI LP,,,GAS,Proposed But Never Materialized,Horizontal Well,Not Drilled,https://wellwiki.org/wiki/37-117-21465,,"2621855"
37-123-04772,,"41.922588000330535","-79.16587099976658",PA,Warren,Pine Grove,BORGER 1,UNKNOWN OPR,1800-01-01,2001-08-21,OIL,DEP Plugged,Vertical Well,Plugged,https://wellwiki.org/wiki/37-123-04772,,"2621856"
37-115-21555,,"41.8537190002638","-75.5961999999419",PA,Susquehanna,Jackson,BOMAN 3H,SWN PROD CO LLC,,,GAS,Operator Reported Not Drilled,Horizontal Well,Not Drilled,https://wellwiki.org/wiki/37-115-21555,,"2621857"
37-117-21675,,"41.89325600014028","-77.4102359999359",PA,Tioga,Chatham,WATKINS 820 1V,SWEPI LP,,,GAS,Proposed But Never Materialized,Horizontal Well,Not Drilled,https://wellwiki.org/wiki/37-117-21675,,"2621858"
37-053-00521,,"41.38072199997214","-79.14021899956742",PA,Forest,Barnett,REDCLYFFE 83,PA DEP OFC OIL & GAS MGMT,1800-01-01,,OIL,DEP Plugged,Vertical Well,Plugged,https://wellwiki.org/wiki/37-053-00521,,"2621859"
37-115-20143,,"41.969652999798505","-75.8879479999423",PA,Susquehanna,Liberty,TURNER 1,ALTA OPR CO LLC,,,GAS,Operator Reported Not Drilled,Horizontal Well,Not Drilled,https://wellwiki.org/wiki/37-115-20143,,"2621860"
37-031-24341,,"41.15464199976586","-79.33190700000598",PA,Clarion,Limestone,TS GEORGE 5,MID EAST OIL CO,,,GAS,Operator Reported Not Drilled,Vertical Well,Not Drilled,https://wellwiki.org/wiki/37-031-24341,,"2621861"
37-123-45553,,"41.843221999816876","-79.10297200022838",PA,Warren,Glade,ARNOLD 3,ARMAC RESOURCES,,,OIL,Operator Reported Not Drilled,Vertical Well,Not Drilled,https://wellwiki.org/wiki/37-123-45553,,"2621862"
37-083-56554,,"41.977194000006506","-78.49627799975526",PA,McKean,Otto,NORRIS T 7,PA DEP OFC OIL & GAS MGMT,1800-01-01,2015-11-02,OIL,DEP Plugged,Vertical Well,Plugged,https://wellwiki.org/wiki/37-083-56554,,"2621863"
37-059-26595,,"39.88283099972222","-80.34740000032816",PA,Greene,Center,CONSOL GH55FHS,CNX GAS CO LLC,,,GAS,Operator Reported Not Drilled,Horizontal Well,Not Drilled,https://wellwiki.org/wiki/37-059-26595,,"2621864"
37-063-34862,,"40.66518299973482","-79.02573299977367",PA,Indiana,Cherryhill,SOKOL 7,VERNARD L SHUMAKER,,,GAS,Operator Reported Not Drilled,Vertical Well,Not Drilled,https://wellwiki.org/wiki/37-063-34862,,"2621865"
37-063-32274,,"40.8038060003382","-78.91041500012669",PA,Indiana,Grant,GANOE 4,VICTORY ENERGY CORP,,,GAS,Operator Reported Not Drilled,Vertical Well,Not Drilled,https://wellwiki.org/wiki/37-063-32274,,"2621866"
37-117-21279,,"41.679936000003","-77.58014399956129",PA,Tioga,Elk,THOMAS 808 7H,SWEPI LP,,,GAS,Proposed But Never Materialized,Deviated Well,Not Drilled,https://wellwiki.org/wiki/37-117-21279,,"2621867"
37-053-30437,,"41.52758100021565","-79.0363310001022",PA,Forest,Howe,GILFOYLE RUN 1406 1X,SWEPI LP,,,GAS,Proposed But Never Materialized,Vertical Well,Not Drilled,https://wellwiki.org/wiki/37-053-30437,,"2621868"
37-059-24116,,"39.88735500029252","-79.98821699998321",PA,Greene,Cumberland,WALKER 1,ENERGY CORP OF AMER,,,GAS,Operator Reported Not Drilled,Vertical Well,Not Drilled,https://wellwiki.org/wiki/37-059-24116,,"2621869"
37-059-27302,,"39.96368600027406","-80.01751700016068",PA,Greene,Jefferson,RIVER MAT203H6,EQT PROD CO,,,GAS,Operator Reported Not Drilled,Horizontal Well,Not Drilled,https://wellwiki.org/wiki/37-059-27302,,"2621870"
37-123-32250,,"41.63125100017041","-79.08709999984993",PA,Warren,Columbus,H CORNISH 1,MONROE RES LTD,,,GAS,Operator Reported Not Drilled,Vertical Well,Not Drilled,https://wellwiki.org/wiki/37-123-32250,,"2621871"
37-053-30501,,"41.56634999999769","-79.45872799962963",PA,Forest,Harmony,MILLER 10,TRIMONT ENERGY LLC,,,OIL,Proposed But Never Materialized,Vertical Well,Not Drilled,https://wellwiki.org/wiki/37-053-30501,,"2621872"
37-059-26069,,"39.90978299973857","-80.26021899967104",PA,Greene,Center,CITRO UNIT 4H,EQT CHAP LLC,,,GAS,Proposed But Never Materialized,Horizontal Well,Not Drilled,https://wellwiki.org/wiki/37-059-26069,,"2621873"
34-127-60499,"60499","39.58514266","-82.2619728",OH,,, ,,,,UN_R,unknown,,Other / Unknown,https://wellwiki.org/wiki/34-127-60499,,"631684"
37-053-26488,,"41.622942999666435","-79.03325100038646",PA,Forest,Howe,COLLINS 7,SOUTHWELL RUSSELL W,,,OIL,Operator Reported Not Drilled,Vertical Well,Not Drilled,https://wellwiki.org/wiki/37-053-26488,,"2621874"
37-117-21918,,"41.72559699999052","-77.40584700034098",PA,Tioga,Shippen,HOUCK 433 9H,SWEPI LP,,,GAS,Proposed But Never Materialized,Horizontal Well,Not Drilled,https://wellwiki.org/wiki/37-117-21918,,"2621875"
37-123-46075,,"41.82768600002434","-79.1169780003357",PA,Warren,Glade,YEAGLE Y1,WASTE TRMT CORP,,,OIL,Operator Reported Not Drilled,Vertical Well,Not Drilled,https://wellwiki.org/wiki/37-123-46075,,"2621876"
37-563175,,"41.75373299974434","-78.88242100035367",PA,McKean,Hamilton,LOT 147 21,DL RESOURCES INC,,,OIL,Proposed But Never Materialized,Vertical Well,Not Drilled,https://wellwiki.org/wiki/37-563175,,"2621877"
37-083-50405,,"41.78165800012792","-78.85456700032273",PA,McKean,Hamilton,LOT 129 H8,HOWARD DRILLING INC,,,GAS,Operator Reported Not Drilled,Vertical Well,Not Drilled,https://wellwiki.org/wiki/37-083-50405,,"2621878"
37-117-21284,,"41.82181699988691","-77.00893300006",PA,Tioga,Sullivan,WOOD 499 3H,SWEPI LP,,,GAS,Operator Reported Not Drilled,Horizontal Well,Not Drilled,https://wellwiki.org/wiki/37-117-21284,,"2621879"
37-051-22109,,"39.98460899980946","-79.90468099982967",PA,Fayette,Luzerne,R JACKSON 4,BURKLAND WILLIAM S,,,GAS,Operator Reported Not Drilled,Vertical Well,Not Drilled,https://wellwiki.org/wiki/37-051-22109,,"2621880"
37-065-27013,,"41.293066999843106","-78.92102500015079",PA,Jefferson,Polk,RANDALL 591543,EQT PROD CO,,,GAS,Operator Reported Not Drilled,Horizontal Well,Not Drilled,https://wellwiki.org/wiki/37-065-27013,,"2621881"
37-514691,,"41.454406999674916","-79.92499799987954",PA,Venango,Canal,WOOD UNIT 3,RANGE OPR CO,,,GAS,Operator Reported Not Drilled,Vertical Well,Not Drilled,https://wellwiki.org/wiki/37-514691,,"2621882"
37-049-25124,,"41.97317499988098","-80.1034509999646",PA,Erie,McKean,DANYLKO 3,BCD PROP INC,,,GAS,Operator Reported Not Drilled,Vertical Well,Not Drilled,https://wellwiki.org/wiki/37-049-25124,,"2621883"
37-131-20543,,"41.53098299978945","-76.14876399984583",PA,Wyoming,Forkston,DIMMIG 4H,SWN PROD CO LLC,,,GAS,Operator Reported Not Drilled,Horizontal Well,Not Drilled,https://wellwiki.org/wiki/37-131-20543,,"2621884"
37-083-44130,,"41.964876999858426","-78.652489999793",PA,McKean,Bradford,NEWELL N-22,WILLARD M CLINE,,,OIL,Operator Reported Not Drilled,Vertical Well,Not Drilled,https://wellwiki.org/wiki/37-083-44130,,"2621885"
37-059-28001,,"39.944072000234925","-80.06625300013103",PA,Greene,Morgan,CHRISTEN 16H,EQT PROD CO,,,GAS,Operator Reported Not Drilled,Horizontal Well,Not Drilled,https://wellwiki.org/wiki/37-059-28001,,"2621886"
37-085-22219,,"41.309193999942806","-80.15982199982528",PA,Mercer,Lake,A BALLARD 2,PETRO DEV CORP,,,GAS,Operator Reported Not Drilled,Vertical Well,Not Drilled,https://wellwiki.org/wiki/37-085-22219,,"2621887"
37-707605,,"41.67558999971134","-80.45110399967037",PA,Crawford,Conneaut,WEAVER 2,COBRA RESOURCES LLC,,,GAS,Proposed But Never Materialized,Vertical Well,Not Drilled,https://wellwiki.org/wiki/37-707605,,"2621888"
37-005-24337,,"40.88157599994704","-79.41485599963036",PA,Armstrong,Boggs,FLICKINGER 002,KRIEBEL GAS INC,,,GAS,Operator Reported Not Drilled,Vertical Well,Not Drilled,https://wellwiki.org/wiki/37-005-24337,,"2621889"
37-051-23880,,"39.97196099988042","-79.69539600010518",PA,Fayette,Dunbar,FERENS 1,ATLAS RESOURCES INC,,,GAS,Operator Reported Not Drilled,Vertical Well,Not Drilled,https://wellwiki.org/wiki/37-051-23880,,"2621890"
37-123-33447,,"41.87500500003876","-79.08306299970918",PA,Warren,Glade,R OLNEY 2,SOUTHWELL RUSSELL C,,,OIL,Operator Reported Not Drilled,Vertical Well,Not Drilled,https://wellwiki.org/wiki/37-123-33447,,"2621891"
37-049-24529,,"42.018620000313234","-79.92102400038631",PA,Erie,Greene,A TOMCZAK 1,NEA CROSS INC,,,GAS,Operator Reported Not Drilled,Vertical Well,Not Drilled,https://wellwiki.org/wiki/37-049-24529,,"2621892"
37-053-00529,,"41.4435189999425","-79.10877799965752",PA,Forest,Jenks,BRUSH CREEK 27,PA DEP OFC OIL & GAS MGMT,1800-01-01,,OIL,DEP Plugged,Vertical Well,Plugged,https://wellwiki.org/wiki/37-053-00529,,"2621893"
37-053-27634,,"41.493535999962326","-79.17634500024656",PA,Forest,Jenks,LOT 55 1660,PA GEN ENERGY CO LLC,,,OIL,Operator Reported Not Drilled,Vertical Well,Not Drilled,https://wellwiki.org/wiki/37-053-27634,,"2621894"
37-031-25305,,"41.11151200009926","-79.29630599993169",PA,Clarion,Limestone,GUTHRIE 3,HANLEY & BIRD INC,,,GAS,Operator Reported Not Drilled,Vertical Well,Not Drilled,https://wellwiki.org/wiki/37-031-25305,,"2621895"
37-047-24728,,"41.31836699989199","-78.76518600038196",PA,Elk,Horton,LONGHORN A 590834,EQT PROD CO,,,GAS,Operator Reported Not Drilled,Horizontal Well,Not Drilled,https://wellwiki.org/wiki/37-047-24728,,"2621896"
37-003-22165,,"40.49057199972699","-79.75079199999752",PA,Allegheny,Plum,LANE 3,PENNECO OIL CO INC,,,GAS,Proposed But Never Materialized,Vertical Well,Not Drilled,https://wellwiki.org/wiki/37-003-22165,,"2621897"
37-129-00767,,"40.24925800017108","-79.55606200037637",PA,Westmoreland,Hempfield,CONTI 1,UNKNOWN OPR,1800-01-01,2004-11-09,GAS,DEP Plugged,Vertical Well,Plugged,https://wellwiki.org/wiki/37-129-00767,,"2621898"
37-123-44321,,"41.76650599991632","-79.11375899980447",PA,Warren,Mead,WOLFE 103,WHILTON BROOKS A,,,OIL,Operator Reported Not Drilled,Vertical Well,Not Drilled,https://wellwiki.org/wiki/37-123-44321,,"2621899"
37-039-21597,,"41.75243099987001","-79.76720199960299",PA,Crawford,Rome,F MORRIS 1,WAINOCO OIL & GAS CO,,,GAS,Operator Reported Not Drilled,Vertical Well,Not Drilled,https://wellwiki.org/wiki/37-039-21597,,"2621900"
37-053-00908,,"41.542232999979525","-79.48265800039604",PA,Forest,Harmony,CORNPLANTER STATE FOREST 62,UNKNOWN OPR,1800-01-01,2023-10-21,OIL,DEP Plugged,Vertical Well,Plugged,https://wellwiki.org/wiki/37-053-00908,,"2621901"
37-005-28846,,"40.73339900013701","-79.41723999993535",PA,Armstrong,Kittanning,WRIGHT 3,FAIRMAN CORP,,,GAS,Proposed But Never Materialized,Vertical Well,Not Drilled,https://wellwiki.org/wiki/37-005-28846,,"2621902"
37-035-20395,,"41.33333899984639","-77.49967999962587",PA,Clinton,Gallagher,COP TRACT 265 3,EQT PROD CO,,,GAS,Operator Reported Not Drilled,Vertical Well,Not Drilled,https://wellwiki.org/wiki/37-035-20395,,"2621903"
37-117-20462,,"41.7024319997928","-77.4039690003743",PA,Tioga,Shippen,HAZELTON 424 2H,SWEPI LP,,,GAS,Operator Reported Not Drilled,Horizontal Well,Not Drilled,https://wellwiki.org/wiki/37-117-20462,,"2621905"
37-125-90546,,"40.13940500022719","-80.40769700000152",PA,Washington,Buffalo,E. MORRIS 7,WA OIL CO,1800-01-01,,OIL,Plugged OG Well,Vertical Well,Plugged,https://wellwiki.org/wiki/37-125-90546,,"2621906"
37-019-22931,,"40.84973899977981","-79.86662500020361",PA,Butler,Summit,3 45,UNKNOWN OPR,1800-01-01,,UNDETERMINED,Plugged OG Well,Undetermined,Plugged,https://wellwiki.org/wiki/37-019-22931,,"2621907"
37-047-00227,,"41.58169300016597","-78.90616000042606",PA,Elk,Highland,HORTON TRACT 1 57,PA GEN ENERGY CORP,1800-01-01,1999-05-14,OIL,Plugged OG Well,Vertical Well,Plugged,https://wellwiki.org/wiki/37-047-00227,,"2621908"
37-105-00225,,"41.995961999843004","-78.15577600024118",PA,Potter,Sharon,RUBY 309A,ALLEGRO OIL & GAS INC,1800-01-01,1997-10-31,OIL,Plugged OG Well,Vertical Well,Plugged,https://wellwiki.org/wiki/37-105-00225,,"2621909"
37-083-11349,,"41.9154810000277","-78.70558599994429",PA,McKean,Bradford,BP927 H6,HOPEFUL OIL CO INC,1800-01-01,2003-09-22,OIL,Plugged OG Well,Vertical Well,Plugged,https://wellwiki.org/wiki/37-083-11349,,"2621910"
37-083-15316,,"41.976985999873946","-78.50504900017074",PA,McKean,Otto,FULLERTON 3,PENNZOIL QUAKER STATE CO,1800-01-01,2005-09-27,OIL,Plugged OG Well,Vertical Well,Plugged,https://wellwiki.org/wiki/37-083-15316,,"2621911"
37-019-01678,,"41.022791999850305","-79.73458800025637",PA,Butler,Fairview,GIBSON 2,HENRY PATRICK K,1800-01-01,2002-09-30,OIL,Plugged OG Well,Vertical Well,Plugged,https://wellwiki.org/wiki/37-019-01678,,"2621912"
37-063-21150,,"40.82813100015453","-79.10275999961796",PA,Indiana,South Mahoning,NINA M LEWIS 2,PHILLIPS EXPLORATION INC,1968-12-04,2003-11-26,GAS,Plugged OG Well,Vertical Well,Plugged,https://wellwiki.org/wiki/37-063-21150,,"2621913"
37-033-20942,,"41.036916999912144","-78.70055000044407",PA,Clearfield,Brady,ROBERT N BAKER 1F2570,FAIRMAN CORP,1979-12-14,2023-09-07,GAS,Plugged OG Well,Vertical Well,Plugged,https://wellwiki.org/wiki/37-033-20942,,"2621914"
37-083-10980,,"41.96267999976956","-78.64857599967591",PA,McKean,Bradford,ADAMS 12,WILLARD M CLINE,1800-01-01,2002-12-05,OIL,Plugged OG Well,Vertical Well,Plugged,https://wellwiki.org/wiki/37-083-10980,,"2621915"
37-121-06332,,"41.345148999875676","-79.62247199962555",PA,Venango,Cranberry,HEPLER 15,UNKNOWN OPR,1800-01-01,2002-07-09,COMB. OIL&GAS,Plugged OG Well,Vertical Well,Plugged,https://wellwiki.org/wiki/37-121-06332,,"2621917"
37-031-00424,,"41.16481700016805","-79.28418100016407",PA,Clarion,Limestone,TH SAYERS 1,C & D GAS CO,1800-01-01,2007-09-25,GAS,Plugged OG Well,Vertical Well,Plugged,https://wellwiki.org/wiki/37-031-00424,,"2621918"
37-105-21131,,"41.56561500001552","-77.89846900039878",PA,Potter,Eulalia,WARRANT 4704 1591,PA GEN ENERGY CO LLC,2005-11-14,2007-10-11,OIL,Plugged OG Well,Vertical Well,Plugged,https://wellwiki.org/wiki/37-105-21131,,"2621919"
37-039-20195,,"41.76903299989884","-80.35143400009585",PA,Crawford,Spring,TL GRAHAM 1,JAMES DRILLING CORP,1966-07-27,1972-11-01,GAS,Plugged OG Well,Vertical Well,Plugged,https://wellwiki.org/wiki/37-039-20195,,"2621920"
37-069-20008,,"41.43158800031973","-75.78498100001875",PA,Lackawanna,Newton,JOHN D WARD 15,THOMPSON REX,1957-10-03,1968-08-10,GAS,Plugged OG Well,Vertical Well,Plugged,https://wellwiki.org/wiki/37-069-20008,,"2621921"
37-125-20089,,"40.10917099999991","-80.44074800008947",PA,Washington,Donegal,WILLIAM LAIRD 41,JOHNSON J C,1961-11-07,1964-01-30,DRY HOLE,Plugged OG Well,Vertical Well,Plugged,https://wellwiki.org/wiki/37-125-20089,,"2621922"
37-063-21173,,"40.54300000019693","-79.4341330003129",PA,Indiana,Conemaugh,DANIEL I SHEARER 2,PEOPLES GAS CO LLC,1800-01-01,1969-06-24,DRY HOLE,Plugged OG Well,Vertical Well,Plugged,https://wellwiki.org/wiki/37-063-21173,,"2621923"
37-003-00218,,"40.49932800025123","-80.2449609995859",PA,Allegheny,Findlay,GREATER PITTSBURGH AIRPORT 4,ALLEGHENY CNTY,1800-01-01,1959-08-11,OIL,Plugged OG Well,Vertical Well,Plugged,https://wellwiki.org/wiki/37-003-00218,,"2621924"
37-129-20096,,"40.14338000005099","-79.68909500020838",PA,Westmoreland,South Huntingdon,ROSS M KELLEY 1,MILLER LLOYD E CO,1958-02-06,1960-05-29,DRY HOLE,Plugged OG Well,Vertical Well,Plugged,https://wellwiki.org/wiki/37-129-20096,,"2621925"
37-049-20267,,"41.89664100000092","-80.38579200041318",PA,Erie,Conneaut,H & M REINKE 2,CHEMCO INC,1966-07-16,1971-07-14,GAS,Plugged OG Well,Vertical Well,Plugged,https://wellwiki.org/wiki/37-049-20267,,"2621926"
37-083-06206,,"41.95880500018567","-78.51106800003525",PA,McKean,Otto,JONES MIDDAUGH 410,PENNZOIL PROD CO,1800-01-01,1995-02-01,OIL,Plugged OG Well,Vertical Well,Plugged,https://wellwiki.org/wiki/37-083-06206,,"2621927"
37-083-01943,,"41.96977499968415","-78.46269600011297",PA,McKean,Otto,PORTER FLOOD 54 25,QUAKER STATE CORP,1800-01-01,1986-07-30,OIL,Plugged OG Well,Vertical Well,Plugged,https://wellwiki.org/wiki/37-083-01943,,"2621928"
37-123-32889,,"41.63398399971951","-79.44493699960745",PA,Warren,Triumph,BEATY (322) 59,QUAKER STATE CORP,1800-01-01,1984-01-27,OIL,Plugged OG Well,Vertical Well,Plugged,https://wellwiki.org/wiki/37-123-32889,,"2621929"
37-121-05672,,"41.42650800021195","-79.81914799988375",PA,Venango,Sugarcreek,GRANT HEIRS 35,HAVCO OIL & GAS INC,1800-01-01,1999-06-09,OIL,Plugged OG Well,Vertical Well,Plugged,https://wellwiki.org/wiki/37-121-05672,,"2621930"
37-031-21233,,"41.27466199974422","-79.61783299978535",PA,Clarion,Ashland,EARL WEAVER 10,QUAKER STATE CORP,1983-07-28,1986-11-25,OIL,Plugged OG Well,Vertical Well,Plugged,https://wellwiki.org/wiki/37-031-21233,,"2621931"
37-121-30989,,"41.34591900020161","-79.59528700013952",PA,Venango,Pinegrove,CUNNINGHAM 8,BARON CREST ENERGY CO,1982-01-21,1989-05-10,OIL,Plugged OG Well,Vertical Well,Plugged,https://wellwiki.org/wiki/37-121-30989,,"2621932"
37-083-45294,,"41.939840999895395","-78.58643600019597",PA,McKean,Otto,J.B. RANDELL A-15,PENNZOIL PROD CO,1800-01-01,1985-11-13,OIL,Plugged OG Well,Vertical Well,Plugged,https://wellwiki.org/wiki/37-083-45294,,"2621933"
37-049-00113,,"42.070988000332164","-80.22909300030373",PA,Erie,Fairview,MANCHESTER 1,WELLS TOM,1800-01-01,1992-09-30,GAS,Plugged OG Well,Vertical Well,Plugged,https://wellwiki.org/wiki/37-049-00113,,"2621934"
37-059-22284,,"39.762871000175444","-80.30140799961458",PA,Greene,Gilmore,EVELYN R. HOUSER B2-277,CONSOLIDATION COAL CO,1800-01-01,1990-04-10,GAS,Plugged OG Well,Vertical Well,Plugged,https://wellwiki.org/wiki/37-059-22284,,"2621935"
37-049-23297,,"41.85840100004489","-79.9427070002168",PA,Erie,Le Boeuf,JULIA BROWN 2,EDISTO RESOURCES CORP,1800-01-01,1989-06-08,GAS,Plugged OG Well,Vertical Well,Plugged,https://wellwiki.org/wiki/37-049-23297,,"2621936"
37-047-22814,,"41.58946299975666","-78.78097500002141",PA,Elk,Jones,F CLAWSON 2,EMPIRE EXPLORATION INC,1989-08-30,1990-06-13,GAS,Plugged OG Well,Vertical Well,Plugged,https://wellwiki.org/wiki/37-047-22814,,"2621937"
37-111-20188,,"39.86014800016046","-79.28661300014961",PA,Somerset,Upper Turkeyfoot,D. BOGGS 1,CONSOL GAS CO,1989-06-18,1989-07-24,GAS,Plugged OG Well,Vertical Well,Plugged,https://wellwiki.org/wiki/37-111-20188,,"2621938"
37-039-22633,,"41.831555000312555","-80.01983100014546",PA,Crawford,Cambridge,GAGE 2,MERIDIAN EXPLORATION CORP,1986-01-05,1990-08-03,GAS,Plugged OG Well,Vertical Well,Plugged,https://wellwiki.org/wiki/37-039-22633,,"2621939"
37-083-00205,,"41.943655000071665","-78.58359800032957",PA,McKean,Foster,WEBB MCINTOSH 16,QUAKER STATE CORP,1800-01-01,1987-11-12,OIL,Plugged OG Well,Vertical Well,Plugged,https://wellwiki.org/wiki/37-083-00205,,"2621940"
37-083-33893,,"41.846189000245204","-78.56190299990521",PA,McKean,Keating,BINGHAM 533 ETC 248,PENNZOIL PROD CO,1800-01-01,1979-08-03,OIL,Plugged OG Well,Vertical Well,Plugged,https://wellwiki.org/wiki/37-083-33893,,"2621941"
37-083-29379,,"41.97091400020241","-78.56050799981229",PA,McKean,Foster,JACKSON 7,QUAKER STATE CORP,1800-01-01,1991-07-22,OIL,Plugged OG Well,Vertical Well,Plugged,https://wellwiki.org/wiki/37-083-29379,,"2621942"
37-085-20634,,"41.46981900011376","-80.31898600043057",PA,Mercer,Salem,KATILAVAS 1,PETROX INC,1800-01-01,,GAS,Plugged OG Well,Vertical Well,Plugged,https://wellwiki.org/wiki/37-085-20634,,"2621943"
37-083-44690,,"41.94623399997239","-78.49811600043729",PA,McKean,Otto,MULLIN 171,QUAKER STATE CORP,1800-01-01,1986-02-21,OIL,Plugged OG Well,Vertical Well,Plugged,https://wellwiki.org/wiki/37-083-44690,,"2621944"
37-125-90595,,"40.15708300022765","-80.3864069996331",PA,Washington,Blaine,CROTHERS 5,UNKNOWN OPR,1800-01-01,,OIL,Plugged OG Well,Vertical Well,Plugged,https://wellwiki.org/wiki/37-125-90595,,"2622521"
37-123-32846,,"41.69794999979072","-79.50049999990436",PA,Warren,Southwest,CROCKER 4N,QUAKER STATE CORP,1800-01-01,1983-07-21,OIL,Plugged OG Well,Vertical Well,Plugged,https://wellwiki.org/wiki/37-123-32846,,"2621945"
37-031-01894,,"41.31878800007501","-79.60345400030744",PA,Clarion,Ashland,ES 1,UNKNOWN OPR,1800-01-01,2002-06-11,OIL,Plugged OG Well,Vertical Well,Plugged,https://wellwiki.org/wiki/37-031-01894,,"2621946"
37-121-24844,,"41.49808799999409","-79.60407100007549",PA,Venango,Cornplanter,L F KINLEY SW005,MAY ENERGY INC,1977-08-26,1998-08-11,OIL,Plugged OG Well,Vertical Well,Plugged,https://wellwiki.org/wiki/37-121-24844,,"2621947"
37-083-34759,,"41.975149000282904","-78.58401699973092",PA,McKean,Foster,FREDERICKS 42,WITCO CORP,1800-01-01,1977-04-29,OIL,Plugged OG Well,Vertical Well,Plugged,https://wellwiki.org/wiki/37-083-34759,,"2621948"
37-083-39550,,"41.90418100031548","-78.6814240002726",PA,McKean,Bradford,MULLHAUPT A-3,WITCO CORP,1800-01-01,1982-08-10,OIL,Plugged OG Well,Vertical Well,Plugged,https://wellwiki.org/wiki/37-083-39550,,"2621949"
37-083-37390,,"41.96400400022486","-78.55679999955953",PA,McKean,Foster,LAFFERTY 55,QUAKER STATE CORP,1800-01-01,1979-12-11,OIL,Plugged OG Well,Vertical Well,Plugged,https://wellwiki.org/wiki/37-083-37390,,"2621950"
37-083-40954,,"41.87852600017736","-78.79965299958091",PA,McKean,Corydon,SUGAR RUN 948,COMM OIL & GAS CO INC,1983-01-10,,OIL,Plugged OG Well,Vertical Well,Plugged,https://wellwiki.org/wiki/37-083-40954,,"2621951"
37-083-33852,,"41.84926299996193","-78.55199000001511",PA,McKean,Keating,BINGHAM 533 ETC 216,PENNZOIL PROD CO,1800-01-01,1980-04-02,OIL,Plugged OG Well,Vertical Well,Plugged,https://wellwiki.org/wiki/37-083-33852,,"2621952"
37-083-00959,,"41.8451189999884","-78.57148699990734",PA,McKean,Keating,BINGHAM 533 185,PENNZOIL PROD CO,1800-01-01,1990-03-05,OIL,Plugged OG Well,Vertical Well,Plugged,https://wellwiki.org/wiki/37-083-00959,,"2621953"
37-083-36862,,"41.94052099994406","-78.61521599979147",PA,McKean,Foster,E B & P TR #1 135,PENNZOIL PROD CO,1800-01-01,1979-09-15,OIL,Plugged OG Well,Vertical Well,Plugged,https://wellwiki.org/wiki/37-083-36862,,"2621954"
37-083-29535,,"41.83617299997184","-78.64490900032935",PA,McKean,Lafayette,DENT 301,UNITED ENERGY CORP,1973-04-28,1976-07-23,OIL,Plugged OG Well,Vertical Well,Plugged,https://wellwiki.org/wiki/37-083-29535,,"2621955"
37-031-20714,,"41.03262199993225","-79.3385119996764",PA,Clarion,Porter,OCHS 1 1,MAYS COAL CO,1978-04-21,1978-06-12,GAS,Plugged OG Well,Vertical Well,Plugged,https://wellwiki.org/wiki/37-031-20714,,"2621956"
37-047-22296,,"41.36971000021915","-78.55824900007912",PA,Elk,Fox,NISSEL 1,EMPIRE EXPLORATION INC,1987-02-19,1987-11-04,GAS,Plugged OG Well,Vertical Well,Plugged,https://wellwiki.org/wiki/37-047-22296,,"2621957"
37-047-22183,,"41.537145000194776","-78.83451700023653",PA,Elk,Highland,FOX WARRANT 1464 7,PENNZOIL PROD CO,1800-01-01,1986-02-27,GAS,Plugged OG Well,Vertical Well,Plugged,https://wellwiki.org/wiki/37-047-22183,,"2621958"
37-083-38397,,"41.74541700011961","-78.66347200026111",PA,McKean,Hamlin,OAKES 9,QUAKER STATE CORP,1800-01-01,1980-07-22,OIL,Plugged OG Well,Vertical Well,Plugged,https://wellwiki.org/wiki/37-083-38397,,"2621959"
37-047-22166,,"41.52767699985261","-78.93501899966425",PA,Elk,Highland,WARRANT 3664 23,PENNZOIL PROD CO,1800-01-01,1986-05-21,OIL,Plugged OG Well,Vertical Well,Plugged,https://wellwiki.org/wiki/37-047-22166,,"2621960"
37-047-00180,,"41.52946099969003","-78.87031099975634",PA,Elk,Highland,GILLIS 44,PENNZOIL PROD CO,1800-01-01,1988-05-20,OIL,Plugged OG Well,Vertical Well,Plugged,https://wellwiki.org/wiki/37-047-00180,,"2621961"
37-059-21997,,"39.77398600023951","-80.20268600024424",PA,Greene,Wayne,KUGHN 68,US STEEL CORP,1800-01-01,1985-01-19,GAS,Plugged OG Well,Vertical Well,Plugged,https://wellwiki.org/wiki/37-059-21997,,"2621962"
37-083-44672,,"41.96951500018276","-78.54542299997952",PA,McKean,Foster,LAWRY H-10,PENNZOIL PROD CO,1800-01-01,1985-06-21,OIL,Plugged OG Well,Vertical Well,Plugged,https://wellwiki.org/wiki/37-083-44672,,"2621963"
37-065-22747,,"41.13161400008967","-79.01987600029086",PA,Jefferson,Knox,FEE B 4,CHEVRON USA INC,1800-01-01,1983-05-18,GAS,Plugged OG Well,Vertical Well,Plugged,https://wellwiki.org/wiki/37-065-22747,,"2621964"
37-049-22568,,"42.05381199994679","-80.16483899995725",PA,Erie,Erie,REED MFG CO 2,WRIGHT JOHN K,1800-01-01,,UNDETERMINED,Plugged OG Well,Vertical Well,Plugged,https://wellwiki.org/wiki/37-049-22568,,"2621965"
37-125-92522,,"40.189965000027186","-80.20935899968673",PA,Washington,South Strabane,W B CAMERON 2,UNKNOWN OPR,1800-01-01,,OIL,Plugged OG Well,Vertical Well,Plugged,https://wellwiki.org/wiki/37-125-92522,,"2621966"
37-083-34746,,"41.97560699995381","-78.58345100001648",PA,McKean,Foster,FREDERICKS 32,WITCO CORP,1800-01-01,1977-05-11,OIL,Plugged OG Well,Vertical Well,Plugged,https://wellwiki.org/wiki/37-083-34746,,"2621967"
37-121-01316,,"41.522670999943664","-79.69198699960316",PA,Venango,Cornplanter,MCNALLY 51,QUAKER STATE CORP,1800-01-01,1987-07-20,OIL,Plugged OG Well,Vertical Well,Plugged,https://wellwiki.org/wiki/37-121-01316,,"2621968"
37-083-21789,,"41.75266700024736","-78.69500699988232",PA,McKean,Hamlin,KINZUA 513,PENNZOIL PROD CO,1960-02-13,1989-12-05,OIL,Plugged OG Well,Vertical Well,Plugged,https://wellwiki.org/wiki/37-083-21789,,"2621969"
37-083-37499,,"41.815582000272336","-78.61574100039634",PA,McKean,Lafayette,TIDEWATER-BINGHAM T-19,RICHARD B HERZOG,1800-01-01,1979-04-26,GAS,Plugged OG Well,Vertical Well,Plugged,https://wellwiki.org/wiki/37-083-37499,,"2621970"
37-083-22212,,"41.95979999986003","-78.54109799995871",PA,McKean,Foster,TIP TOP K11,WITCO CORP,1961-04-03,1984-11-21,OIL,Plugged OG Well,Vertical Well,Plugged,https://wellwiki.org/wiki/37-083-22212,,"2621971"
37-121-41103,,"41.59521500023152","-79.55469300022273",PA,Venango,Allegheny,T BEASON 10,QUAKER STATE CORP,1800-01-01,1985-04-04,OIL,Plugged OG Well,Vertical Well,Plugged,https://wellwiki.org/wiki/37-121-41103,,"2621972"
37-121-42225,,"41.1817349998537","-79.91082799974068",PA,Venango,Irwin,SURRENA 1,ADOBE COAL CO,1800-01-01,1987-02-20,OIL,Plugged OG Well,Vertical Well,Plugged,https://wellwiki.org/wiki/37-121-42225,,"2621973"
37-123-03323,,"41.76018200019063","-79.08893099996094",PA,Warren,Mead,YOUNG YP4,IL GEER & SONS PARTNERSHIP,1800-01-01,1982-05-30,OIL,Plugged OG Well,Vertical Well,Plugged,https://wellwiki.org/wiki/37-123-03323,,"2621974"
37-083-01317,,"41.90218300003823","-78.50339499961176",PA,McKean,Otto,HARRISON 14,SH ELDER & CO,1800-01-01,1991-05-14,OIL,Plugged OG Well,Vertical Well,Plugged,https://wellwiki.org/wiki/37-083-01317,,"2621975"
37-083-23221,,"41.8949900003269","-78.51321299996562",PA,McKean,Keating,BROWN 57,SH ELDER & CO,1963-11-26,1994-06-10,OIL,Plugged OG Well,Vertical Well,Plugged,https://wellwiki.org/wiki/37-083-23221,,"2621976"
37-083-45881,,"41.965152000270834","-78.55668199955875",PA,McKean,Foster,SAGE 3,PENNZOIL PROD CO,1800-01-01,1988-06-20,OIL,Plugged OG Well,Vertical Well,Plugged,https://wellwiki.org/wiki/37-083-45881,,"2621977"
37-125-01134,,"40.1479439998171","-80.39469400034993",PA,Washington,Blaine,CARSON L 6,DALLAS ENERGY LLC,1800-01-01,2017-04-05,OIL,Plugged OG Well,Vertical Well,Plugged,https://wellwiki.org/wiki/37-125-01134,,"2621978"
37-083-07678,,"41.93150299990451","-78.53229399993126",PA,McKean,Otto,SUMMIT FLOOD 8 025 8,QUAKER STATE CORP,1800-01-01,,OIL,Plugged OG Well,Vertical Well,Plugged,https://wellwiki.org/wiki/37-083-07678,,"2621979"
37-083-07158,,"41.66604800002083","-78.84482000011397",PA,McKean,Wetmore,FINNESSY 3A,BELDEN & BLAKE CORP,1800-01-01,2008-10-27,OIL,Plugged OG Well,Vertical Well,Plugged,https://wellwiki.org/wiki/37-083-07158,,"2621980"
37-049-24806,,"42.01943999981454","-79.82060200042622",PA,Erie,Venango,FRED DEAN 1,STEDMAN ENERGY INC,1987-01-05,2006-08-02,GAS,Plugged OG Well,Vertical Well,Plugged,https://wellwiki.org/wiki/37-049-24806,,"2621981"
37-059-01764,,"39.86833600005077","-80.47155499961455",PA,Greene,Richhill,MCCANN 1,LEATHERWOOD LLC,1800-01-01,2007-07-30,GAS,Plugged OG Well,Vertical Well,Plugged,https://wellwiki.org/wiki/37-059-01764,,"2621982"
37-059-02214,,"39.87510600032368","-80.08448100032706",PA,Greene,Jefferson,LIZZIE MCNAY 2798,UNKNOWN OPR,1800-01-01,2009-04-18,GAS,Plugged OG Well,Vertical Well,Plugged,https://wellwiki.org/wiki/37-059-02214,,"2621983"
37-047-01130,,"41.60609500003408","-78.80327399979505",PA,Elk,Jones,GLADD 33,EAST RESOURCES INC,1800-01-01,2008-07-24,GAS,Plugged OG Well,Vertical Well,Plugged,https://wellwiki.org/wiki/37-047-01130,,"2621984"
34-119-60709,"60709","39.79904447","-81.93802246",OH,,, ,,,,UN_R,unknown,,Other / Unknown,https://wellwiki.org/wiki/34-119-60709,,"655709"
37-085-20661,,"41.47415000021103","-80.313878000062",PA,Mercer,Salem,F GEORGE 8,GAS ACQUISITION CO LTD,1984-12-10,2013-03-01,GAS,Plugged OG Well,Vertical Well,Plugged,https://wellwiki.org/wiki/37-085-20661,,"2621985"
37-121-44387,,"41.32490799996958","-79.60289600009061",PA,Venango,Pinegrove,SGL B6,BLX INC,2008-09-10,2012-02-15,OIL,Plugged OG Well,Vertical Well,Plugged,https://wellwiki.org/wiki/37-121-44387,,"2621986"
37-049-90115,,"42.04546999990929","-80.04234900020222",PA,Erie,Summit,CRAWFORD 2,UNKNOWN OPR,,,GAS,Proposed But Never Materialized,Vertical Well,Not Drilled,https://wellwiki.org/wiki/37-049-90115,,"2621987"
37-123-04287,,"41.79897200002499","-79.09755599988824",PA,Warren,Mead,THOMAS 2,THOMAS BERDEAN,1800-01-01,2001-10-29,UNDETERMINED,DEP Plugged,Vertical Well,Plugged,https://wellwiki.org/wiki/37-123-04287,,"2621988"
37-019-21304,,"41.1540540001616","-79.90127100040104",PA,Butler,Marion,MARTIN 13,BECKWITH PROD,,,OIL,Proposed But Never Materialized,Vertical Well,Not Drilled,https://wellwiki.org/wiki/37-019-21304,,"2621989"
37-129-26732,,"40.24188299965743","-79.73617400014498",PA,Westmoreland,Sewickley,MARRA 1,ATLAS RESOURCES LLC,,,GAS,Operator Reported Not Drilled,Vertical Well,Not Drilled,https://wellwiki.org/wiki/37-129-26732,,"2621990"
37-123-03030,,"41.80070299996933","-79.06099400008931",PA,Warren,Mead,LOT 53 87,PA DEP OFC OIL & GAS MGMT,1800-01-01,,UNDETERMINED,DEP Orphan List,Vertical Well,Orphaned / Abandoned / Unverified Plug,https://wellwiki.org/wiki/37-123-03030,,"2621991"
37-083-11552,,"41.96521899967655","-78.46443199978943",PA,McKean,Otto,SULLIVAN 6,PA DEP OFC OIL & GAS MGMT,1800-01-01,,OIL,DEP Orphan List,Vertical Well,Orphaned / Abandoned / Unverified Plug,https://wellwiki.org/wiki/37-083-11552,,"2621992"
37-083-02060,,"41.9647079997666","-78.58355300012373",PA,McKean,Foster,SHANNON 51,PA DEP OFC OIL & GAS MGMT,1800-01-01,,OIL,DEP Abandoned List,Vertical Well,Orphaned / Abandoned / Unverified Plug,https://wellwiki.org/wiki/37-083-02060,,"2621993"
37-003-90299,,"40.493843000219805","-79.79556000032241",PA,Allegheny,Penn Hills,J E PAHLMAN 2,UNKNOWN OPR,1800-01-01,,GAS,DEP Abandoned List,Vertical Well,Orphaned / Abandoned / Unverified Plug,https://wellwiki.org/wiki/37-003-90299,,"2621994"
37-083-50655,,"41.84299899972812","-78.85924499962266",PA,McKean,Hamilton,LOT 3 27,SNYDER BROS INC,,,OIL,Operator Reported Not Drilled,Vertical Well,Not Drilled,https://wellwiki.org/wiki/37-083-50655,,"2621995"
37-125-24669,,"40.08851900015983","-80.18565800014747",PA,Washington,Amwell,HULK 9H,RICE DRILLING B LLC,,,GAS,Operator Reported Not Drilled,Horizontal Well,Not Drilled,https://wellwiki.org/wiki/37-125-24669,,"2621996"
37-049-90042,,"42.04601799976779","-80.08084400021939",PA,Erie,Summit,H FINCH 1,FLANIGAN BROS,1800-01-01,,DRY HOLE,Plugged OG Well,Vertical Well,Plugged,https://wellwiki.org/wiki/37-049-90042,,"2621997"
34-103-21716,"21716","41.1262555","-82.00791931",OH,,," 2",,,,OG_R,ex_permit,,Not Drilled,https://wellwiki.org/wiki/34-103-21716,,"2018327"
34-119-22190,"22190","39.91130973","-81.9260572",OH,,,MYERS #1 ,,,,OG_R,pl_gas,,Plugged,https://wellwiki.org/wiki/34-119-22190,,"2027118"
34-003-61323,"61323","40.77216064","-84.00950897",OH,,, ,,,,UN_R,unknown,,Other / Unknown,https://wellwiki.org/wiki/34-003-61323,,"510650"
34-009-60141,"60141","39.4449021","-81.98128616",OH,,," 6",,,,UN_R,unknown,,Other / Unknown,https://wellwiki.org/wiki/34-009-60141,,"513378"
34-013-60242,"60242","40.15909418","-80.76554048",OH,,, ,,,,UN_R,unknown,,Other / Unknown,https://wellwiki.org/wiki/34-013-60242,,"513412"
34-019-22854,"22854","40.59058535","-81.23334923",OH,,,Rose 0816 8H 8H,,,,OG_R,,,Other / Unknown,https://wellwiki.org/wiki/34-019-22854,,"522580"
34-163-60916,"60916","39.32950962","-82.35332643",OH,,, ,,,,UN_R,unknown,,Other / Unknown,https://wellwiki.org/wiki/34-163-60916,,"524129"
34-007-60002,"60002","41.57997971","-80.61026417",OH,,, ,,,,UN_R,unknown,,Other / Unknown,https://wellwiki.org/wiki/34-007-60002,,"529669"
34-111-64937,"64937","39.72056655","-81.12895637",OH,,, ,,,,UN_R,unknown,,Other / Unknown,https://wellwiki.org/wiki/34-111-64937,,"532240"
34-063-60874,"60874","41.1339812","-83.68237302",OH,,, ,,,,UN_R,unknown,,Other / Unknown,https://wellwiki.org/wiki/34-063-60874,,"537765"
34-063-65080,"65080","41.0644137","-83.54462516",OH,,, ,,,,UN_R,unknown,,Other / Unknown,https://wellwiki.org/wiki/34-063-65080,,"538600"
34-063-64275,"64275","41.030124","-83.68730299",OH,,, ,,,,UN_R,unknown,,Other / Unknown,https://wellwiki.org/wiki/34-063-64275,,"541959"
34-099-60004,"60004","41.07113558","-80.77378256",OH,,," 1",,1/1/1900,,UN_R,unknown,,Other / Unknown,https://wellwiki.org/wiki/34-099-60004,,"544518"
34-105-60990,"60990","38.95740345","-81.8635231",OH,,, ,,,,UN_R,unknown,,Other / Unknown,https://wellwiki.org/wiki/34-105-60990,,"545926"
34-073-60372,"60372","39.58853165","-82.28513855",OH,,," 2",,,,OG_R,unknown,,Other / Unknown,https://wellwiki.org/wiki/34-073-60372,,"550952"
34-099-60235,"60235","40.97961428","-80.9054749",OH,,, ,,,,UN_R,unknown,,Other / Unknown,https://wellwiki.org/wiki/34-099-60235,,"551956"
34-103-60661,"60661","41.09327137","-82.01187679",OH,,, ,,,,OG_R,unknown,,Other / Unknown,https://wellwiki.org/wiki/34-103-60661,,"552059"
34-175-60611,"60611","40.81322114","-83.4658203",OH,,, ,,1/1/1900,,UN_R,unknown,,Other / Unknown,https://wellwiki.org/wiki/34-175-60611,,"552641"
34-009-60140,"60140","39.45294071","-81.98053955",OH,,, ,,,,UN_R,unknown,,Other / Unknown,https://wellwiki.org/wiki/34-009-60140,,"552915"
34-127-62764,"62764","39.5790427","-82.08313476",OH,,," 7",,,,UN_R,unknown,,Other / Unknown,https://wellwiki.org/wiki/34-127-62764,,"553838"
34-127-63375,"63375","39.62794443","-82.1130239",OH,,, ,,,,UN_R,unknown,,Other / Unknown,https://wellwiki.org/wiki/34-127-63375,,"553977"
34-107-60048,"60048","40.48187964","-84.66542963",OH,,, ,,,,UN_R,unknown,,Other / Unknown,https://wellwiki.org/wiki/34-107-60048,,"558914"
34-013-61268,"61268","39.86366089","-81.09064879",OH,,, ,,,,UN_R,unknown,,Other / Unknown,https://wellwiki.org/wiki/34-013-61268,,"558983"
34-103-60546,"60546","41.13338348","-82.05872954",OH,,, ,,,,OG_R,unknown,,Other / Unknown,https://wellwiki.org/wiki/34-103-60546,,"673244"
34-103-20221,"20221","41.06399416","-82.02748388",OH,,, ,,1/1/1900,,UN_R,unknown,,Other / Unknown,https://wellwiki.org/wiki/34-103-20221,,"673111"
34-111-63501,"63501","39.67010182","-81.08945278",OH,,, ,,,,UN_R,unknown,,Other / Unknown,https://wellwiki.org/wiki/34-111-63501,,"675048"
34-115-61554,"61554","39.48589459","-81.90711529",OH,,," 2",,1/1/1900,,UN_R,unknown,,Other / Unknown,https://wellwiki.org/wiki/34-115-61554,,"676656"
34-163-60267,"60267","39.35630996","-82.53217866",OH,,," 1",,,,UN_R,unknown,,Other / Unknown,https://wellwiki.org/wiki/34-163-60267,,"678352"
34-121-60535,"60535","39.60368392","-81.30095754",OH,,," 5",,,,UN_R,unknown,,Other / Unknown,https://wellwiki.org/wiki/34-121-60535,,"688491"
34-121-60935,"60935","39.69988129","-81.46459177",OH,,," 3",,,,OG_R,unknown,,Other / Unknown,https://wellwiki.org/wiki/34-121-60935,,"688627"
34-127-62091,"62091","39.61789331","-82.03620889",OH,,, ,,,,UN_R,unknown,,Other / Unknown,https://wellwiki.org/wiki/34-127-62091,,"688696"
34-127-62308,"62308","39.59955257","-82.10143448",OH,,, ,,,,UN_R,unknown,,Other / Unknown,https://wellwiki.org/wiki/34-127-62308,,"688939"
34-127-63154,"63154","39.61055831","-82.03854698",OH,,, ,,,,UN_R,unknown,,Other / Unknown,https://wellwiki.org/wiki/34-127-63154,,"689081"
34-089-20009,"20009","40.16671179","-82.23694757",OH,,, ,,1/1/1900,,UN_R,nogis_rec,,Other / Unknown,https://wellwiki.org/wiki/34-089-20009,,"693318"
34-007-24572,"24572","41.61602879","-80.73597965",OH,,,MARRISON 1H 1H,,,,OG_R,,,Other / Unknown,https://wellwiki.org/wiki/34-007-24572,,"739915"
34-115-60246,"60246","39.65112521","-82.01664669",OH,,, ,,,,UN_R,unknown,,Other / Unknown,https://wellwiki.org/wiki/34-115-60246,,"747003"
34-121-60825,"60825","39.72312616","-81.41975138",OH,,, ,,,,OG_R,unknown,,Other / Unknown,https://wellwiki.org/wiki/34-121-60825,,"749788"
34-121-61880,"61880","39.68599633","-81.38142637",OH,,," 3",,,,UN_R,unknown,,Other / Unknown,https://wellwiki.org/wiki/34-121-61880,,"750018"
34-127-62671,"62671","39.57665517","-82.10071717",OH,,," 17",,,,UN_R,unknown,,Other / Unknown,https://wellwiki.org/wiki/34-127-62671,,"750317"
34-167-60870,"60870","39.58535856","-81.44354411",OH,,, ,,,,OG_R,unknown,,Other / Unknown,https://wellwiki.org/wiki/34-167-60870,,"751772"
34-067-61417,"61417","40.43111516","-81.17480495",OH,,, ,,,,UN_R,unknown,,Other / Unknown,https://wellwiki.org/wiki/34-067-61417,,"755955"
34-103-60772,"60772","41.03796497","-82.04179313",OH,,, ,,,,UN_R,unknown,,Other / Unknown,https://wellwiki.org/wiki/34-103-60772,,"757270"
34-127-62660,"62660","39.57595022","-82.10494291",OH,,, ,,,,UN_R,unknown,,Other / Unknown,https://wellwiki.org/wiki/34-127-62660,,"759140"
34-003-62693,"62693","40.69533956","-84.10573752",OH,,, ,,,,UN_R,unknown,,Other / Unknown,https://wellwiki.org/wiki/34-003-62693,,"759464"
34-023-60001,"60001","39.9019567","-83.91890355",OH,,, ,,,,UN_R,unknown,,Other / Unknown,https://wellwiki.org/wiki/34-023-60001,,"761370"
34-005-61128,"61128","40.83272201","-82.13804508",OH,,, F38,,,,UN_R,unknown,,Other / Unknown,https://wellwiki.org/wiki/34-005-61128,,"766186"
34-009-60626,"60626","39.33364967","-81.97370185",OH,,, ,,,,UN_R,unknown,,Other / Unknown,https://wellwiki.org/wiki/34-009-60626,,"766725"
34-131-60014,"60014","39.01621583","-82.82519263",OH,,, ,,,,UN_R,unknown,,Other / Unknown,https://wellwiki.org/wiki/34-131-60014,,"768732"
34-169-60958,"60958","40.76382732","-81.93272949",OH,,," 3",,,,UN_R,unknown,,Other / Unknown,https://wellwiki.org/wiki/34-169-60958,,"771021"
34-121-60851,"60851","39.71430233","-81.40563997",OH,,," 3",,,,UN_R,unknown,,Other / Unknown,https://wellwiki.org/wiki/34-121-60851,,"773022"
34-127-63041,"63041","39.56054549","-82.10589896",OH,,," 5",,,,UN_R,unknown,,Other / Unknown,https://wellwiki.org/wiki/34-127-63041,,"780323"
34-121-60140,"60140","39.79350207","-81.48303408",OH,,," 1",,,,UN_R,unknown,,Other / Unknown,https://wellwiki.org/wiki/34-121-60140,,"783647"
34-063-62184,"62184","41.12400472","-83.57712422",OH,,, ,,,,UN_R,unknown,,Other / Unknown,https://wellwiki.org/wiki/34-063-62184,,"783991"
34-119-60209,"60209","39.78395651","-81.95325438",OH,,, ,,,,UN_R,unknown,,Other / Unknown,https://wellwiki.org/wiki/34-119-60209,,"785919"
34-121-60541,"60541","39.59969794","-81.29810147",OH,,," 4",,,,UN_R,unknown,,Other / Unknown,https://wellwiki.org/wiki/34-121-60541,,"787574"
34-115-60265,"60265","39.63809324","-82.02625313",OH,,, ,,,,UN_R,unknown,,Other / Unknown,https://wellwiki.org/wiki/34-115-60265,,"787674"
34-067-60234,"60234","40.30598919","-80.98455756",OH,,, ,,,,UN_R,unknown,,Other / Unknown,https://wellwiki.org/wiki/34-067-60234,,"787954"
34-107-60058,"60058","40.60281525","-84.55694264",OH,,, ,,,,UN_R,unknown,,Other / Unknown,https://wellwiki.org/wiki/34-107-60058,,"788785"
34-067-61703,"61703","40.4162311","-81.14795579",OH,,, ,,,,UN_R,unknown,,Other / Unknown,https://wellwiki.org/wiki/34-067-61703,,"790399"
34-111-61156,"61156","39.71656245","-81.08850943",OH,,, ,,,,UN_R,unknown,,Other / Unknown,https://wellwiki.org/wiki/34-111-61156,,"793340"
34-103-60329,"60329","41.10771705","-81.98406367",OH,,, ,,,,OG_R,unknown,,Other / Unknown,https://wellwiki.org/wiki/34-103-60329,,"794586"
34-119-60655,"60655","39.81756574","-81.93820406",OH,,, ,,,,UN_R,unknown,,Other / Unknown,https://wellwiki.org/wiki/34-119-60655,,"795752"
34-083-60495,"60495","40.31323532","-82.35759411",OH,,, ,,,,UN_R,unknown,,Other / Unknown,https://wellwiki.org/wiki/34-083-60495,,"796210"
34-127-62374,"62374","39.56331007","-82.14070081",OH,,, ,,,,UN_R,unknown,,Other / Unknown,https://wellwiki.org/wiki/34-127-62374,,"797796"
34-103-60543,"60543","41.13344955","-82.06238475",OH,,, ,,,,OG_R,unknown,,Other / Unknown,https://wellwiki.org/wiki/34-103-60543,,"798708"
34-035-60354,"60354","41.51729934","-81.41859708",OH,,, ,,,,UN_R,unknown,,Other / Unknown,https://wellwiki.org/wiki/34-035-60354,,"798901"
34-005-61406,"61406","40.88541645","-82.18682007",OH,,," 7",,,,UN_R,unknown,,Other / Unknown,https://wellwiki.org/wiki/34-005-61406,,"799774"
34-167-62002,"62002","39.57048698","-81.06116544",OH,,, ,,,,OG_R,unknown,,Other / Unknown,https://wellwiki.org/wiki/34-167-62002,,"800571"
34-163-60661,"60661","39.21843964","-82.60589751",OH,,, ,,,,UN_R,unknown,,Other / Unknown,https://wellwiki.org/wiki/34-163-60661,,"800852"
34-121-60943,"60943","39.69404101","-81.4661",OH,,," 1",,,,UN_R,unknown,,Other / Unknown,https://wellwiki.org/wiki/34-121-60943,,"804256"
34-005-60971,"60971","40.86882106","-82.32886562",OH,,, ,,,,UN_R,unknown,,Other / Unknown,https://wellwiki.org/wiki/34-005-60971,,"804675"
34-111-62522,"62522","39.72671057","-81.00198812",OH,,, ,,,,UN_R,unknown,,Other / Unknown,https://wellwiki.org/wiki/34-111-62522,,"805732"
34-119-60659,"60659","39.81637053","-81.93971956",OH,,, ,,,,UN_R,unknown,,Other / Unknown,https://wellwiki.org/wiki/34-119-60659,,"806083"
34-127-63376,"63376","39.62995122","-82.11297372",OH,,, ,,,,UN_R,unknown,,Other / Unknown,https://wellwiki.org/wiki/34-127-63376,,"806243"
34-145-60072,"60072","38.75848532","-82.89926306",OH,,, ,,,,UN_R,unknown,,Other / Unknown,https://wellwiki.org/wiki/34-145-60072,,"806854"
34-163-60032,"60032","39.34677323","-82.37609062",OH,,, ,,,,UN_R,unknown,,Other / Unknown,https://wellwiki.org/wiki/34-163-60032,,"807447"
34-059-60231,"60231","39.99002731","-81.60416763",OH,,," 1",,,,OG_R,unknown,,Other / Unknown,https://wellwiki.org/wiki/34-059-60231,,"808463"
34-155-60048,"60048","41.21665714","-80.87396016",OH,,, ,,,,UN_R,unknown,,Other / Unknown,https://wellwiki.org/wiki/34-155-60048,,"808883"
34-103-60920,"60920","41.02917908","-82.09382237",OH,,, ,,,,UN_R,unknown,,Other / Unknown,https://wellwiki.org/wiki/34-103-60920,,"809046"
34-121-60853,"60853","39.71247196","-81.40603484",OH,,, ,,,,UN_R,unknown,,Other / Unknown,https://wellwiki.org/wiki/34-121-60853,,"810172"
34-103-61329,"61329","41.23268562","-81.88967842",OH,,, ,,,,UN_R,unknown,,Other / Unknown,https://wellwiki.org/wiki/34-103-61329,,"811142"
34-127-61781,"61781","39.6826728","-82.35146485",OH,,, ,,,,UN_R,unknown,,Other / Unknown,https://wellwiki.org/wiki/34-127-61781,,"811517"
34-103-60363,"60363","41.10560582","-82.03086172",OH,,, ,,,,OG_R,unknown,,Other / Unknown,https://wellwiki.org/wiki/34-103-60363,,"812444"
34-067-61695,"61695","40.40080279","-81.10285633",OH,,, ,,,,UN_R,unknown,,Other / Unknown,https://wellwiki.org/wiki/34-067-61695,,"813603"
34-063-63758,"63758","41.07144383","-83.65750596",OH,,, ,,,,UN_R,unknown,,Other / Unknown,https://wellwiki.org/wiki/34-063-63758,,"813932"
34-059-60807,"60807","39.98226099","-81.65414162",OH,,," 4",,,,OG_R,unknown,,Other / Unknown,https://wellwiki.org/wiki/34-059-60807,,"814021"
34-153-60331,"60331","41.19029215","-81.56655",OH,,, ,,,,UN_R,unknown,,Other / Unknown,https://wellwiki.org/wiki/34-153-60331,,"814407"
34-119-60707,"60707","39.79886027","-81.93511621",OH,,, ,,,,UN_R,unknown,,Other / Unknown,https://wellwiki.org/wiki/34-119-60707,,"814585"
34-121-60254,"60254","39.66073505","-81.34907276",OH,,," 7",,,,UN_R,unknown,,Other / Unknown,https://wellwiki.org/wiki/34-121-60254,,"814824"
34-081-60331,"60331","40.30085957","-80.65304116",OH,,," 1",,,,OG_R,unknown,,Other / Unknown,https://wellwiki.org/wiki/34-081-60331,,"815389"
34-093-60440,"60440","41.18917778","-82.08113311",OH,,, ,,,,UN_R,unknown,,Other / Unknown,https://wellwiki.org/wiki/34-093-60440,,"817809"
34-083-60508,"60508","40.31266524","-82.31947344",OH,,, ,,,,UN_R,unknown,,Other / Unknown,https://wellwiki.org/wiki/34-083-60508,,"818200"
34-127-62375,"62375","39.56191395","-82.1393637",OH,,, ,,,,UN_R,unknown,,Other / Unknown,https://wellwiki.org/wiki/34-127-62375,,"818590"
34-115-60359,"60359","39.49065622","-81.94402517",OH,,, ,,,,UN_R,unknown,,Other / Unknown,https://wellwiki.org/wiki/34-115-60359,,"818656"
34-121-61157,"61157","39.68637445","-81.41927572",OH,,, ,,,,UN_R,unknown,,Other / Unknown,https://wellwiki.org/wiki/34-121-61157,,"818823"
34-127-62229,"62229","39.60643878","-82.06762094",OH,,, ,,,,UN_R,unknown,,Other / Unknown,https://wellwiki.org/wiki/34-127-62229,,"819617"
34-167-61986,"61986","39.5131958","-81.15416653",OH,,, ,,,,OG_R,unknown,,Other / Unknown,https://wellwiki.org/wiki/34-167-61986,,"819648"
34-167-61645,"61645","39.51756608","-81.38852663",OH,,, ,,,,OG_R,unknown,,Other / Unknown,https://wellwiki.org/wiki/34-167-61645,,"821705"
34-157-60271,"60271","40.24933477","-81.39673227",OH,,, ,,,,UN_R,unknown,,Other / Unknown,https://wellwiki.org/wiki/34-157-60271,,"821861"
34-121-60814,"60814","39.72786359","-81.43999112",OH,,," 1",,,,UN_R,unknown,,Other / Unknown,https://wellwiki.org/wiki/34-121-60814,,"823963"
34-127-62547,"62547","39.56971043","-82.07171478",OH,,, ,,,,OG_R,unknown,,Other / Unknown,https://wellwiki.org/wiki/34-127-62547,,"824592"
34-111-63502,"63502","39.66900008","-81.08871475",OH,,, ,,,,UN_R,unknown,,Other / Unknown,https://wellwiki.org/wiki/34-111-63502,,"824774"
34-157-60449,"60449","40.39233573","-81.38497094",OH,,, ,,,,OG_R,unknown,,Other / Unknown,https://wellwiki.org/wiki/34-157-60449,,"825302"
34-083-61310,"61310","40.25990069","-82.24910384",OH,,, ,,,,UN_R,unknown,,Other / Unknown,https://wellwiki.org/wiki/34-083-61310,,"826367"
34-107-60496,"60496","40.68741079","-84.52313176",OH,,, ,,,,UN_R,unknown,,Other / Unknown,https://wellwiki.org/wiki/34-107-60496,,"826666"
34-063-61174,"61174","41.08065533","-83.6438427",OH,,, ,,,,UN_R,unknown,,Other / Unknown,https://wellwiki.org/wiki/34-063-61174,,"826964"
34-119-60352,"60352","39.77308183","-81.96211839",OH,,, ,,,,UN_R,unknown,,Other / Unknown,https://wellwiki.org/wiki/34-119-60352,,"827386"
34-059-60207,"60207","40.03595175","-81.5652333",OH,,," 1",,,,OG_R,unknown,,Other / Unknown,https://wellwiki.org/wiki/34-059-60207,,"829684"
34-157-60097,"60097","40.5414927","-81.37169107",OH,,," 1",,,,UN_R,unknown,,Other / Unknown,https://wellwiki.org/wiki/34-157-60097,,"829884"
34-103-61458,"61458","41.12723659","-81.83711612",OH,,, ,,,,UN_R,unknown,,Other / Unknown,https://wellwiki.org/wiki/34-103-61458,,"831054"
34-103-60075,"60075","41.06513096","-82.02359176",OH,,, ,,,,OG_R,unknown,,Other / Unknown,https://wellwiki.org/wiki/34-103-60075,,"860083"
34-013-60866,"60866","40.01220883","-81.14401257",OH,,, ,,,,UN_R,unknown,,Other / Unknown,https://wellwiki.org/wiki/34-013-60866,,"862527"
34-121-60169,"60169","39.76166198","-81.46703908",OH,,," 2",,,,UN_R,unknown,,Other / Unknown,https://wellwiki.org/wiki/34-121-60169,,"863533"
34-121-61151,"61151","39.68577491","-81.40794591",OH,,, ,,,,OG_R,unknown,,Other / Unknown,https://wellwiki.org/wiki/34-121-61151,,"863660"
34-121-61910,"61910","39.6732189","-81.38208596",OH,,," 2",,1/1/1900,,OG_R,unknown,,Other / Unknown,https://wellwiki.org/wiki/34-121-61910,,"863787"
34-089-62671,"62671","40.1134156","-82.40584567",OH,,," 1",,,,OG_R,unknown,,Other / Unknown,https://wellwiki.org/wiki/34-089-62671,,"864603"
34-121-60787,"60787","39.74127585","-81.4555628",OH,,, ,,,,UN_R,unknown,,Other / Unknown,https://wellwiki.org/wiki/34-121-60787,,"866743"
34-095-60009,"60009","41.52620044","-83.74103741",OH,,, ,,,,UN_R,unknown,,Other / Unknown,https://wellwiki.org/wiki/34-095-60009,,"867373"
34-029-60771,"60771","40.88789031","-80.69779493",OH,,, ,,,,UN_R,unknown,,Other / Unknown,https://wellwiki.org/wiki/34-029-60771,,"870607"
34-145-60188,"60188","38.85041034","-82.91378114",OH,,,ROMANELLO  1 1,,1/1/1900,,OG_R,,,Other / Unknown,https://wellwiki.org/wiki/34-145-60188,,"872511"
34-151-20638,"20638","40.93489903","-81.17326795",OH,,, ,,,,OG_R,nogis_rec,,Other / Unknown,https://wellwiki.org/wiki/34-151-20638,,"872975"
34-099-60546,"60546","40.91936764","-81.05382968",OH,,, ,,,,UN_R,unknown,,Other / Unknown,https://wellwiki.org/wiki/34-099-60546,,"874581"
34-115-60257,"60257","39.64195607","-82.02285699",OH,,, ,,,,UN_R,unknown,,Other / Unknown,https://wellwiki.org/wiki/34-115-60257,,"876584"
34-103-60602,"60602","41.12604151","-82.0609856",OH,,, ,,,,OG_R,unknown,,Other / Unknown,https://wellwiki.org/wiki/34-103-60602,,"880335"
34-093-60430,"60430","41.19010788","-82.07726493",OH,,," 8",,,,UN_R,unknown,,Other / Unknown,https://wellwiki.org/wiki/34-093-60430,,"887052"
34-067-21759,"21759","40.38358122","-81.21520536",OH,,,Towe HN MON 210H 210H,,,,OG_R,,,Other / Unknown,https://wellwiki.org/wiki/34-067-21759,,"888447"
34-037-90022,"90022","40.04071286","-84.67176866",OH,,, ,,1/1/1900,,UN_R,nogis_rec,,Other / Unknown,https://wellwiki.org/wiki/34-037-90022,,"891568"
34-169-60045,"60045","40.91798471","-81.9459756",OH,,, ,,,,UN_R,unknown,,Other / Unknown,https://wellwiki.org/wiki/34-169-60045,,"894934"
34-115-61926,"61926","39.54996574","-81.87601982",OH,,, ,,,,UN_R,unknown,,Other / Unknown,https://wellwiki.org/wiki/34-115-61926,,"895669"
34-119-60722,"60722","39.79572392","-81.9411775",OH,,, ,,,,UN_R,unknown,,Other / Unknown,https://wellwiki.org/wiki/34-119-60722,,"897704"
34-035-60135,"60135","41.42717454","-81.38516806",OH,,, ,,,,UN_R,unknown,,Other / Unknown,https://wellwiki.org/wiki/34-035-60135,,"898435"
34-073-61576,"61576","39.458722","-82.3563955",OH,,, ,,,,OG_R,unknown,,Other / Unknown,https://wellwiki.org/wiki/34-073-61576,,"900533"
34-045-61116,"61116","39.70338668","-82.43530469",OH,,," 2",,,,UN_R,unknown,,Other / Unknown,https://wellwiki.org/wiki/34-045-61116,,"904069"
34-063-62109,"62109","41.11280808","-83.57799026",OH,,, ,,,,UN_R,unknown,,Other / Unknown,https://wellwiki.org/wiki/34-063-62109,,"904968"
34-103-60528,"60528","41.134305","-82.0628619",OH,,, ,,,,OG_R,unknown,,Other / Unknown,https://wellwiki.org/wiki/34-103-60528,,"907040"
34-121-60849,"60849","39.71452503","-81.40362083",OH,,," 8",,,,UN_R,unknown,,Other / Unknown,https://wellwiki.org/wiki/34-121-60849,,"908094"
34-003-61397,"61397","40.80135358","-84.00893481",OH,,, ,,,,UN_R,unknown,,Other / Unknown,https://wellwiki.org/wiki/34-003-61397,,"912898"
34-063-61364,"61364","41.04370816","-83.50009167",OH,,, ,,,,UN_R,unknown,,Other / Unknown,https://wellwiki.org/wiki/34-063-61364,,"914368"
34-063-64294,"64294","41.02199276","-83.69872958",OH,,, ,,,,UN_R,unknown,,Other / Unknown,https://wellwiki.org/wiki/34-063-64294,,"914465"
34-063-66063,"66063","40.87628755","-83.87200084",OH,,," 6",,,,UN_R,unknown,,Other / Unknown,https://wellwiki.org/wiki/34-063-66063,,"914561"
34-173-60284,"60284","41.184052","-83.86225165",OH,,," 1",,,,UN_R,unknown,,Other / Unknown,https://wellwiki.org/wiki/34-173-60284,,"916580"
34-063-63992,"63992","41.05579651","-83.69069473",OH,,, ,,,,UN_R,unknown,,Other / Unknown,https://wellwiki.org/wiki/34-063-63992,,"919894"
34-063-67143,"67143","41.15713737","-83.52520111",OH,,, ,,,,UN_R,unknown,,Other / Unknown,https://wellwiki.org/wiki/34-063-67143,,"920141"
34-067-62097,"62097","40.39636724","-81.00693393",OH,,," 6",,,,UN_R,unknown,,Other / Unknown,https://wellwiki.org/wiki/34-067-62097,,"922125"
34-005-61474,"61474","41.02175804","-82.25287124",OH,,, ,,,,UN_R,unknown,,Other / Unknown,https://wellwiki.org/wiki/34-005-61474,,"928488"
34-045-20022,"20022","39.78549579","-82.53107454",OH,,, ,,,,OG_R,nogis_rec,,Other / Unknown,https://wellwiki.org/wiki/34-045-20022,,"929563"
34-121-60574,"60574","39.63250692","-81.32674913",OH,,, ,,,,UN_R,unknown,,Other / Unknown,https://wellwiki.org/wiki/34-121-60574,,"929925"
34-013-61068,"61068","39.88747754","-80.99021107",OH,,, ,,,,UN_R,unknown,,Other / Unknown,https://wellwiki.org/wiki/34-013-61068,,"931717"
34-089-66072,"66072","40.12318318","-82.291159",OH,,,DAVIS     4 4,,1/1/1900,,OG_R,,,Other / Unknown,https://wellwiki.org/wiki/34-089-66072,,"937814"
34-037-60004,"60004","39.97232404","-84.71282498",OH,,, ,,,,UN_R,unknown,,Other / Unknown,https://wellwiki.org/wiki/34-037-60004,,"938003"
34-005-61992,"61992","40.71879165","-82.16590277",OH,,,Lieb 1 1,,1/1/1900,,OG_R,,,Other / Unknown,https://wellwiki.org/wiki/34-005-61992,,"939223"
34-003-63797,"63797","40.71609964","-84.13470696",OH,,," 3",,,,UN_R,unknown,,Other / Unknown,https://wellwiki.org/wiki/34-003-63797,,"942288"
34-175-60238,"60238","40.83777377","-83.25507445",OH,,, ,,1/1/1900,,UN_R,unknown,,Other / Unknown,https://wellwiki.org/wiki/34-175-60238,,"950017"
34-115-60354,"60354","39.48907086","-81.94378619",OH,,, ,,,,UN_R,unknown,,Other / Unknown,https://wellwiki.org/wiki/34-115-60354,,"952489"
34-063-62148,"62148","41.0887163","-83.55863305",OH,,, ,,,,UN_R,unknown,,Other / Unknown,https://wellwiki.org/wiki/34-063-62148,,"953707"
34-063-63777,"63777","41.06712847","-83.65888828",OH,,, ,,,,UN_R,unknown,,Other / Unknown,https://wellwiki.org/wiki/34-063-63777,,"953806"
34-063-65999,"65999","40.89933006","-83.86260561",OH,,, ,,,,UN_R,unknown,,Other / Unknown,https://wellwiki.org/wiki/34-063-65999,,"954072"
34-067-60725,"60725","40.33534659","-80.94131627",OH,,, ,,,,UN_R,unknown,,Other / Unknown,https://wellwiki.org/wiki/34-067-60725,,"955857"
34-067-61326,"61326","40.38245186","-81.21843219",OH,,, ,,,,UN_R,unknown,,Other / Unknown,https://wellwiki.org/wiki/34-067-61326,,"955923"
34-069-60044,"60044","41.20788976","-84.14998122",OH,,, ,,,,UN_R,unknown,,Other / Unknown,https://wellwiki.org/wiki/34-069-60044,,"956393"
34-095-60018,"60018","41.50968074","-83.73243965",OH,,, ,,,,UN_R,unknown,,Other / Unknown,https://wellwiki.org/wiki/34-095-60018,,"960532"
34-067-60221,"60221","40.3215783","-81.0487404",OH,,, ,,,,UN_R,unknown,,Other / Unknown,https://wellwiki.org/wiki/34-067-60221,,"991269"
34-081-60171,"60171","40.33908032","-80.6439215",OH,,," 1",,1/1/1900,,UN_R,unknown,,Other / Unknown,https://wellwiki.org/wiki/34-081-60171,,"992110"
34-163-60804,"60804","39.30866236","-82.48134701",OH,,," 2",,,,UN_R,unknown,,Other / Unknown,https://wellwiki.org/wiki/34-163-60804,,"992501"
34-067-62114,"62114","40.39980103","-81.00374382",OH,,," 8",,,,UN_R,unknown,,Other / Unknown,https://wellwiki.org/wiki/34-067-62114,,"994573"
34-065-60105,"60105","40.56706965","-83.77460342",OH,,, ,,,,UN_R,unknown,,Other / Unknown,https://wellwiki.org/wiki/34-065-60105,,"1002285"
34-035-61103,"61103","41.45138146","-81.78429952",OH,,, ,,,,UN_R,unknown,,Other / Unknown,https://wellwiki.org/wiki/34-035-61103,,"1006064"
34-063-62313,"62313","40.98034149","-83.69239606",OH,,, ,,,,UN_R,unknown,,Other / Unknown,https://wellwiki.org/wiki/34-063-62313,,"1006560"
34-063-66056,"66056","40.8484292","-83.86807979",OH,,, ,,,,UN_R,unknown,,Other / Unknown,https://wellwiki.org/wiki/34-063-66056,,"1006631"
34-067-62068,"62068","40.38372139","-81.05546533",OH,,, ,,,,UN_R,unknown,,Other / Unknown,https://wellwiki.org/wiki/34-067-62068,,"1008510"
34-163-60264,"60264","39.35755184","-82.55246851",OH,,, ,,,,UN_R,unknown,,Other / Unknown,https://wellwiki.org/wiki/34-163-60264,,"1008946"
34-013-60793,"60793","39.97167365","-81.20867467",OH,,, ,,,,UN_R,unknown,,Other / Unknown,https://wellwiki.org/wiki/34-013-60793,,"1012566"
34-007-60001,"60001","41.64399916","-80.61800594",OH,,, ,,,,UN_R,unknown,,Other / Unknown,https://wellwiki.org/wiki/34-007-60001,,"1020758"
34-063-65166,"65166","41.04296787","-83.63198331",OH,,, ,,,,UN_R,unknown,,Other / Unknown,https://wellwiki.org/wiki/34-063-65166,,"1024431"
34-005-61937,"61937","40.88399582","-82.18028446",OH,,,"GRADY, MAUD 11",,,,OG_R,,,Other / Unknown,https://wellwiki.org/wiki/34-005-61937,,"1031052"
34-081-61288,"61288","40.51026389","-80.64550024",OH,,," 4",,,,UN_R,unknown,,Other / Unknown,https://wellwiki.org/wiki/34-081-61288,,"1033687"
34-069-60041,"60041","41.21557512","-84.13811161",OH,,, ,,,,UN_R,unknown,,Other / Unknown,https://wellwiki.org/wiki/34-069-60041,,"1044948"
34-107-60421,"60421","40.43498359","-84.80004969",OH,,," 3",,,,UN_R,unknown,,Other / Unknown,https://wellwiki.org/wiki/34-107-60421,,"1049662"
34-067-60003,"60003","40.35430137","-80.97035193",OH,,, ,,,,UN_R,unknown,,Other / Unknown,https://wellwiki.org/wiki/34-067-60003,,"1052562"
34-081-60240,"60240","40.31752365","-80.66484995",OH,,," 5",,1/1/1900,,UN_R,unknown,,Other / Unknown,https://wellwiki.org/wiki/34-081-60240,,"1053814"
34-067-61822,"61822","40.41621486","-81.07137964",OH,,, ,,1/1/1900,,UN_R,unknown,,Other / Unknown,https://wellwiki.org/wiki/34-067-61822,,"1058574"
34-135-60006,"60006","39.7722495","-84.67424269",OH,,, ,,,,UN_R,unknown,,Other / Unknown,https://wellwiki.org/wiki/34-135-60006,,"1059336"
34-163-60268,"60268","39.35450748","-82.53671151",OH,,, ,,,,UN_R,unknown,,Other / Unknown,https://wellwiki.org/wiki/34-163-60268,,"1059616"
34-163-60674,"60674","39.21967638","-82.55734583",OH,,," 1",,1/1/1900,,UN_R,unknown,,Other / Unknown,https://wellwiki.org/wiki/34-163-60674,,"1059756"
34-119-60192,"60192","39.78717103","-81.95612751",OH,,, ,,,,UN_R,unknown,,Other / Unknown,https://wellwiki.org/wiki/34-119-60192,,"1065843"
34-119-60332,"60332","39.76905168","-81.96694503",OH,,, ,,,,UN_R,unknown,,Other / Unknown,https://wellwiki.org/wiki/34-119-60332,,"1065878"
34-119-60664,"60664","39.81440034","-81.93138403",OH,,, ,,,,UN_R,unknown,,Other / Unknown,https://wellwiki.org/wiki/34-119-60664,,"1066049"
34-063-64192,"64192","41.03114014","-83.73758087",OH,,," 1",,,,UN_R,unknown,,Other / Unknown,https://wellwiki.org/wiki/34-063-64192,,"1066497"
34-175-60592,"60592","40.92917559","-83.37659926",OH,,," 15",,,,UN_R,unknown,,Other / Unknown,https://wellwiki.org/wiki/34-175-60592,,"1069496"
34-119-60714,"60714","39.79801313","-81.9410844",OH,,, ,,,,UN_R,unknown,,Other / Unknown,https://wellwiki.org/wiki/34-119-60714,,"1071417"
34-127-62911,"62911","39.59210215","-82.07902222",OH,,, ,,,,UN_R,unknown,,Other / Unknown,https://wellwiki.org/wiki/34-127-62911,,"1072056"
34-005-61334,"61334","40.87799925","-82.17478061",OH,,," 1",,,,UN_R,unknown,,Other / Unknown,https://wellwiki.org/wiki/34-005-61334,,"1076510"
34-175-60596,"60596","40.93437871","-83.39565954",OH,,, ,,,,UN_R,unknown,,Other / Unknown,https://wellwiki.org/wiki/34-175-60596,,"1081892"
34-067-61890,"61890","40.42681623","-81.14143324",OH,,, ,,,,UN_R,unknown,,Other / Unknown,https://wellwiki.org/wiki/34-067-61890,,"1086915"
34-127-61786,"61786","39.68334892","-82.3633165",OH,,, ,,,,UN_R,unknown,,Other / Unknown,https://wellwiki.org/wiki/34-127-61786,,"1090216"
34-063-64324,"64324","41.07182997","-83.66114349",OH,,," 33",,,,UN_R,unknown,,Other / Unknown,https://wellwiki.org/wiki/34-063-64324,,"1093428"
34-111-60014,"60014","39.77690997","-81.01091838",OH,,, ,,,,UN_R,unknown,,Other / Unknown,https://wellwiki.org/wiki/34-111-60014,,"1095799"
34-081-60298,"60298","40.29692987","-80.67684298",OH,,," 3",,1/1/1900,,UN_R,unknown,,Other / Unknown,https://wellwiki.org/wiki/34-081-60298,,"1097085"
34-083-60650,"60650","40.34882318","-82.48295212",OH,,, ,,,,UN_R,unknown,,Other / Unknown,https://wellwiki.org/wiki/34-083-60650,,"1201254"
34-121-61774,"61774","39.65891335","-81.47636368",OH,,," 3",,,,OG_R,unknown,,Other / Unknown,https://wellwiki.org/wiki/34-121-61774,,"1203888"
34-119-60670,"60670","39.80979038","-81.93469295",OH,,, ,,,,UN_R,unknown,,Other / Unknown,https://wellwiki.org/wiki/34-119-60670,,"1210566"
34-121-60465,"60465","39.63475379","-81.30812945",OH,,," 12",,,,UN_R,unknown,,Other / Unknown,https://wellwiki.org/wiki/34-121-60465,,"1210665"
34-121-61572,"61572","39.65613255","-81.51571706",OH,,," 1",,,,OG_R,unknown,,Other / Unknown,https://wellwiki.org/wiki/34-121-61572,,"1210763"
34-175-60856,"60856","40.87728447","-83.30724179",OH,,," 2",,1/1/1900,,UN_R,unknown,,Other / Unknown,https://wellwiki.org/wiki/34-175-60856,,"1217511"
34-013-60783,"60783","39.95254882","-81.12696947",OH,,, ,,,,UN_R,unknown,,Other / Unknown,https://wellwiki.org/wiki/34-013-60783,,"1219175"
34-013-61503,"61503","39.8698605","-80.85102125",OH,,, ,,,,UN_R,unknown,,Other / Unknown,https://wellwiki.org/wiki/34-013-61503,,"1219664"
34-163-60064,"60064","39.36947524","-82.38249168",OH,,," 1",,1/1/1900,,UN_R,unknown,,Other / Unknown,https://wellwiki.org/wiki/34-163-60064,,"1226306"
34-163-60160,"60160","39.22215923","-82.5237764",OH,,," 6",,1/1/1900,,UN_R,unknown,,Other / Unknown,https://wellwiki.org/wiki/34-163-60160,,"1231576"
34-083-60444,"60444","40.25574408","-82.33988998",OH,,," 1",,,,UN_R,unknown,,Other / Unknown,https://wellwiki.org/wiki/34-083-60444,,"1231734"
34-081-60213,"60213","40.30791176","-80.65602336",OH,,," 6",,1/1/1900,,UN_R,unknown,,Other / Unknown,https://wellwiki.org/wiki/34-081-60213,,"1247855"
34-083-20511,"20511","40.28168526","-82.26894505",OH,,, ,,,,OG_R,nogis_rec,,Other / Unknown,https://wellwiki.org/wiki/34-083-20511,,"1247982"
34-091-60015,"60015","40.43959213","-83.97004827",OH,,, ,,,,UN_R,unknown,,Other / Unknown,https://wellwiki.org/wiki/34-091-60015,,"1248334"
34-013-60747,"60747","40.07659002","-81.05225487",OH,,," 1",,,,UN_R,unknown,,Other / Unknown,https://wellwiki.org/wiki/34-013-60747,,"1250661"
34-119-60202,"60202","39.78216091","-81.95677151",OH,,, ,,,,UN_R,unknown,,Other / Unknown,https://wellwiki.org/wiki/34-119-60202,,"1255123"
34-121-61922,"61922","39.67074357","-81.38883668",OH,,," 10",,,,OG_R,unknown,,Other / Unknown,https://wellwiki.org/wiki/34-121-61922,,"1255157"
34-127-60019,"60019","39.72120577","-82.10418756",OH,,, ,,,,UN_R,unknown,,Other / Unknown,https://wellwiki.org/wiki/34-127-60019,,"1255842"
34-127-62524,"62524","39.59089106","-82.04739536",OH,,, ,,,,UN_R,unknown,,Other / Unknown,https://wellwiki.org/wiki/34-127-62524,,"1256103"
34-103-20330,"20330","41.06558335","-82.0936854",OH,,, ,,,,OG_R,nogis_rec,,Other / Unknown,https://wellwiki.org/wiki/34-103-20330,,"1256921"
34-063-62320,"62320","40.9826315","-83.72320127",OH,,, ,,,,UN_R,unknown,,Other / Unknown,https://wellwiki.org/wiki/34-063-62320,,"1262045"
34-063-64163,"64163","41.04367395","-83.74219556",OH,,," 1",,,,UN_R,unknown,,Other / Unknown,https://wellwiki.org/wiki/34-063-64163,,"1262142"
34-083-60677,"60677","40.35596304","-82.47089137",OH,,, ,,,,UN_R,unknown,,Other / Unknown,https://wellwiki.org/wiki/34-083-60677,,"1263604"
34-069-60055,"60055","41.22360071","-84.12811284",OH,,, ,,,,UN_R,unknown,,Other / Unknown,https://wellwiki.org/wiki/34-069-60055,,"1264695"
34-083-60661,"60661","40.37014556","-82.48149327",OH,,, ,,,,UN_R,unknown,,Other / Unknown,https://wellwiki.org/wiki/34-083-60661,,"1267908"
34-119-60196,"60196","39.78497846","-81.9563439",OH,,, ,,,,UN_R,unknown,,Other / Unknown,https://wellwiki.org/wiki/34-119-60196,,"1275543"
34-005-61187,"61187","40.89189592","-82.17550083",OH,,, ,,,,UN_R,unknown,,Other / Unknown,https://wellwiki.org/wiki/34-005-61187,,"1280082"
34-063-64291,"64291","41.02211933","-83.70317542",OH,,, ,,,,UN_R,unknown,,Other / Unknown,https://wellwiki.org/wiki/34-063-64291,,"1281603"
34-063-65071,"65071","41.05737276","-83.5587614",OH,,, ,,,,UN_R,unknown,,Other / Unknown,https://wellwiki.org/wiki/34-063-65071,,"1281730"
34-067-61406,"61406","40.41635464","-81.19703203",OH,,, ,,,,UN_R,unknown,,Other / Unknown,https://wellwiki.org/wiki/34-067-61406,,"1283657"
34-175-60602,"60602","40.9774995","-83.41488179",OH,,, ,,,,UN_R,unknown,,Other / Unknown,https://wellwiki.org/wiki/34-175-60602,,"1283919"
34-107-60018,"60018","40.65281537","-84.79112543",OH,,, ,,,,UN_R,unknown,,Other / Unknown,https://wellwiki.org/wiki/34-107-60018,,"1286621"
34-143-91092,"91092","41.35314722","-83.23054092",OH,,, ,,1/1/1900,,UN_R,nogis_rec,,Other / Unknown,https://wellwiki.org/wiki/34-143-91092,,"1287389"
34-163-60776,"60776","39.31828772","-82.47651267",OH,,," 1",,,,UN_R,unknown,,Other / Unknown,https://wellwiki.org/wiki/34-163-60776,,"1287866"
34-127-64137,"64137","39.91282719","-82.40877662",OH,,, ,,,,UN_R,unknown,,Other / Unknown,https://wellwiki.org/wiki/34-127-64137,,"1335931"
34-121-60813,"60813","39.72737806","-81.44064561",OH,,," 3",,,,UN_R,unknown,,Other / Unknown,https://wellwiki.org/wiki/34-121-60813,,"1295156"
34-007-60316,"60316","41.8340658","-80.85210259",OH,,, ,,,,UN_R,unknown,,Other / Unknown,https://wellwiki.org/wiki/34-007-60316,,"1295994"
34-067-60835,"60835","40.3098207","-80.94637677",OH,,, ,,,,UN_R,unknown,,Other / Unknown,https://wellwiki.org/wiki/34-067-60835,,"1296223"
34-121-60168,"60168","39.76124679","-81.46852507",OH,,," 1",,,,UN_R,unknown,,Other / Unknown,https://wellwiki.org/wiki/34-121-60168,,"1297951"
34-127-61460,"61460","39.71397442","-82.36592246",OH,,," 2",,,,UN_R,unknown,,Other / Unknown,https://wellwiki.org/wiki/34-127-61460,,"1298660"
34-111-65765,"65765","39.57492548","-80.99552048",OH,,,WARD     2 2,,1/1/1900,,OG_R,,,Other / Unknown,https://wellwiki.org/wiki/34-111-65765,,"1300190"
34-111-60020,"60020","39.74986757","-81.0126806",OH,,, ,,,,UN_R,unknown,,Other / Unknown,https://wellwiki.org/wiki/34-111-60020,,"1301567"
34-121-60514,"60514","39.6193584","-81.29128764",OH,,," 1",,,,UN_R,unknown,,Other / Unknown,https://wellwiki.org/wiki/34-121-60514,,"1301724"
34-111-61887,"61887","39.70003346","-81.11355025",OH,,, ,,,,UN_R,unknown,,Other / Unknown,https://wellwiki.org/wiki/34-111-61887,,"1302132"
34-119-60713,"60713","39.79809638","-81.94242191",OH,,, ,,,,UN_R,unknown,,Other / Unknown,https://wellwiki.org/wiki/34-119-60713,,"1302512"
34-115-62864,"62864","39.5474241","-81.75584864",OH,,, ,,,,UN_R,unknown,,Other / Unknown,https://wellwiki.org/wiki/34-115-62864,,"1303274"
34-089-60485,"60485","40.23490764","-82.22149602",OH,,, ,,,,OG_R,unknown,,Other / Unknown,https://wellwiki.org/wiki/34-089-60485,,"1305444"
34-121-60326,"60326","39.61799205","-81.33404339",OH,,," 1",,,,UN_R,unknown,,Other / Unknown,https://wellwiki.org/wiki/34-121-60326,,"1305637"
34-009-61332,"61332","39.31132888","-81.89399752",OH,,, ,,,,UN_R,unknown,,Other / Unknown,https://wellwiki.org/wiki/34-009-61332,,"1305796"
34-019-60579,"60579","40.47366733","-80.96324267",OH,,," 1",,1/1/1900,,OG_R,unknown,,Other / Unknown,https://wellwiki.org/wiki/34-019-60579,,"1306658"
34-119-60381,"60381","40.15199285","-82.08609131",OH,,," 3",,,,UN_R,unknown,,Other / Unknown,https://wellwiki.org/wiki/34-119-60381,,"1307269"
34-107-60061,"60061","40.61782474","-84.57040705",OH,,, ,,,,UN_R,unknown,,Other / Unknown,https://wellwiki.org/wiki/34-107-60061,,"1308426"
34-121-60424,"60424","39.64483153","-81.28557269",OH,,, ,,,,UN_R,unknown,,Other / Unknown,https://wellwiki.org/wiki/34-121-60424,,"1308620"
34-163-60852,"60852","39.37968031","-82.42957178",OH,,," 2",,,,UN_R,unknown,,Other / Unknown,https://wellwiki.org/wiki/34-163-60852,,"1308813"
34-119-60353,"60353","39.77302035","-81.96069307",OH,,, ,,,,UN_R,unknown,,Other / Unknown,https://wellwiki.org/wiki/34-119-60353,,"1309847"
34-127-61712,"61712","39.69224059","-82.32744388",OH,,, ,,,,UN_R,unknown,,Other / Unknown,https://wellwiki.org/wiki/34-127-61712,,"1309911"
34-009-60583,"60583","39.42285873","-81.85866312",OH,,, ,,,,UN_R,unknown,,Other / Unknown,https://wellwiki.org/wiki/34-009-60583,,"1310740"
34-167-64649,"64649","39.44586367","-81.70090348",OH,,," 4",,,,OG_R,unknown,,Other / Unknown,https://wellwiki.org/wiki/34-167-64649,,"1311674"
34-111-63379,"63379","39.6764078","-81.0861843",OH,,, ,,,,UN_R,unknown,,Other / Unknown,https://wellwiki.org/wiki/34-111-63379,,"1312513"
34-029-62396,"62396","40.71546903","-80.78513157",OH,,, ,,,,UN_R,unknown,,Other / Unknown,https://wellwiki.org/wiki/34-029-62396,,"1313223"
34-167-62321,"62321","39.49128002","-81.20471029",OH,,, ,,,,OG_R,unknown,,Other / Unknown,https://wellwiki.org/wiki/34-167-62321,,"1315486"
34-115-61930,"61930","39.55462713","-81.88053917",OH,,, ,,,,UN_R,unknown,,Other / Unknown,https://wellwiki.org/wiki/34-115-61930,,"1315744"
34-063-67247,"67247","41.15498904","-83.79167336",OH,,, ,,,,UN_R,unknown,,Other / Unknown,https://wellwiki.org/wiki/34-063-67247,,"1317330"
34-013-60770,"60770","40.04546792","-81.07858732",OH,,," 1",,,,UN_R,unknown,,Other / Unknown,https://wellwiki.org/wiki/34-013-60770,,"1319317"
34-005-61472,"61472","41.03946055","-82.25340313",OH,,, ,,,,UN_R,unknown,,Other / Unknown,https://wellwiki.org/wiki/34-005-61472,,"1320117"
34-075-60666,"60666","40.45016361","-81.92237519",OH,,, ,,,,UN_R,unknown,,Other / Unknown,https://wellwiki.org/wiki/34-075-60666,,"1320214"
34-031-20371,"20371","40.21833034","-82.12409857",OH,,, ,,,,OG_R,nogis_rec,,Other / Unknown,https://wellwiki.org/wiki/34-031-20371,,"1322506"
34-063-64425,"64425","41.01713756","-83.69732953",OH,,, ,,,,UN_R,unknown,,Other / Unknown,https://wellwiki.org/wiki/34-063-64425,,"1322646"
34-127-62051,"62051","39.61081243","-82.06763291",OH,,, ,,,,UN_R,unknown,,Other / Unknown,https://wellwiki.org/wiki/34-127-62051,,"1323131"
34-081-60334,"60334","40.29983941","-80.65616383",OH,,," 1",,,,OG_R,unknown,,Other / Unknown,https://wellwiki.org/wiki/34-081-60334,,"1324065"
34-103-60220,"60220","41.07687395","-82.03312255",OH,,," 5",,,,OG_R,unknown,,Other / Unknown,https://wellwiki.org/wiki/34-103-60220,,"1324342"
34-063-63763,"63763","41.07257975","-83.65947004",OH,,, ,,,,UN_R,unknown,,Other / Unknown,https://wellwiki.org/wiki/34-063-63763,,"1324910"
34-119-60356,"60356","39.7702562","-81.9637838",OH,,, ,,,,UN_R,unknown,,Other / Unknown,https://wellwiki.org/wiki/34-119-60356,,"1325645"
34-013-60247,"60247","40.13728333","-80.71992843",OH,,, ,,,,UN_R,unknown,,Other / Unknown,https://wellwiki.org/wiki/34-013-60247,,"1329261"
34-059-60354,"60354","39.95411796","-81.63111263",OH,,, ,,,,OG_R,unknown,,Other / Unknown,https://wellwiki.org/wiki/34-059-60354,,"1329786"
34-009-60175,"60175","39.41810639","-81.97859622",OH,,, ,,,,UN_R,unknown,,Other / Unknown,https://wellwiki.org/wiki/34-009-60175,,"1330776"
34-045-61442,"61442","39.70251287","-82.42924584",OH,,, ,,,,UN_R,unknown,,Other / Unknown,https://wellwiki.org/wiki/34-045-61442,,"1330809"
34-067-21762,"21762","40.28562818","-81.21890783",OH,,,Lake VII 210112 3A 3A,,,,OG_R,,,Other / Unknown,https://wellwiki.org/wiki/34-067-21762,,"1331061"
34-009-61772,"61772","39.5462611","-82.10125602",OH,,," 8",,,,UN_R,unknown,,Other / Unknown,https://wellwiki.org/wiki/34-009-61772,,"1331324"
34-121-60357,"60357","39.63658269","-81.32577158",OH,,," 3",,,,UN_R,unknown,,Other / Unknown,https://wellwiki.org/wiki/34-121-60357,,"1331392"
34-111-62413,"62413","39.73017954","-81.06467941",OH,,, ,,,,UN_R,unknown,,Other / Unknown,https://wellwiki.org/wiki/34-111-62413,,"1331795"
34-127-61480,"61480","39.70462298","-82.25409775",OH,,, ,,,,UN_R,unknown,,Other / Unknown,https://wellwiki.org/wiki/34-127-61480,,"1332428"
34-127-63393,"63393","39.64458043","-82.13378752",OH,,, ,,,,UN_R,unknown,,Other / Unknown,https://wellwiki.org/wiki/34-127-63393,,"1332806"
34-173-60125,"60125","41.20620435","-83.58336775",OH,,, ,,,,UN_R,unknown,,Other / Unknown,https://wellwiki.org/wiki/34-173-60125,,"1333244"
34-087-60141,"60141","38.46067072","-82.42355195",OH,,, ,,,,UN_R,unknown,,Other / Unknown,https://wellwiki.org/wiki/34-087-60141,,"1333840"
34-013-60231,"60231","40.12152572","-80.71172868",OH,,, ,,,,UN_R,unknown,,Other / Unknown,https://wellwiki.org/wiki/34-013-60231,,"1334407"
34-083-61312,"61312","40.26125944","-82.25035631",OH,,, ,,,,UN_R,unknown,,Other / Unknown,https://wellwiki.org/wiki/34-083-61312,,"1334472"
34-121-60461,"60461","39.63400365","-81.31834037",OH,,, ,,,,UN_R,unknown,,Other / Unknown,https://wellwiki.org/wiki/34-121-60461,,"1334508"
34-103-60802,"60802","41.02078446","-82.03687124",OH,,, ,,,,UN_R,unknown,,Other / Unknown,https://wellwiki.org/wiki/34-103-60802,,"1334706"
34-063-64431,"64431","41.01763761","-83.7195186",OH,,, ,,,,UN_R,unknown,,Other / Unknown,https://wellwiki.org/wiki/34-063-64431,,"1335502"
34-103-61567,"61567","41.14253853","-81.88509213",OH,,, ,,,,UN_R,unknown,,Other / Unknown,https://wellwiki.org/wiki/34-103-61567,,"1335697"
34-003-64533,"64533","40.80860088","-84.14731505",OH,,, ,,,,UN_R,unknown,,Other / Unknown,https://wellwiki.org/wiki/34-003-64533,,"1359247"
34-083-60682,"60682","40.35075363","-82.47276638",OH,,, ,,,,UN_R,unknown,,Other / Unknown,https://wellwiki.org/wiki/34-083-60682,,"1362425"
34-059-60790,"60790","39.97555662","-81.67063329",OH,,," 3",,,,OG_R,unknown,,Other / Unknown,https://wellwiki.org/wiki/34-059-60790,,"1364431"
34-063-63782,"63782","41.08007805","-83.67152567",OH,,, ,,,,UN_R,unknown,,Other / Unknown,https://wellwiki.org/wiki/34-063-63782,,"1364463"
34-063-64301,"64301","41.01919786","-83.69718566",OH,,, ,,,,UN_R,unknown,,Other / Unknown,https://wellwiki.org/wiki/34-063-64301,,"1364998"
34-163-60058,"60058","39.36945711","-82.38634723",OH,,," 1",,1/1/1900,,UN_R,unknown,,Other / Unknown,https://wellwiki.org/wiki/34-163-60058,,"1366258"
34-003-63020,"63020","40.72864974","-84.04334562",OH,,, ,,1/1/1900,,UN_R,oil,,Production Well,https://wellwiki.org/wiki/34-003-63020,,"1531280"
34-127-63951,"63951","39.78209959","-82.27673865",OH,,, ,,1/1/1900,,UN_R,gas,,Production Well,https://wellwiki.org/wiki/34-127-63951,,"1428543"
34-003-60019,"60019","40.76044727","-84.31791338",OH,,, ,,1/1/1900,,UN_R,oil,,Production Well,https://wellwiki.org/wiki/34-003-60019,,"1428769"
34-065-60050,"60050","40.69914452","-83.67178127",OH,,, ,,1/1/1900,,UN_R,gas,,Production Well,https://wellwiki.org/wiki/34-065-60050,,"1429028"
34-127-60374,"60374","39.58257132","-82.23453447",OH,,, ,,1/1/1900,,UN_R,oil,,Production Well,https://wellwiki.org/wiki/34-127-60374,,"1429061"
34-157-60181,"60181","40.35443325","-81.33124785",OH,,, ,,1/1/1900,,OG_R,oil,,Production Well,https://wellwiki.org/wiki/34-157-60181,,"1429222"
34-153-60048,"60048","40.99818063","-81.55560171",OH,,, ,,1/1/1900,,UN_R,gas,,Production Well,https://wellwiki.org/wiki/34-153-60048,,"1429255"
34-003-61028,"61028","40.74626062","-84.01185408",OH,,," 1",,1/1/1900,,UN_R,oil,,Production Well,https://wellwiki.org/wiki/34-003-61028,,"1429288"
34-045-60618,"60618","39.74862133","-82.50261396",OH,,, ,,1/1/1900,,UN_R,gas,,Production Well,https://wellwiki.org/wiki/34-045-60618,,"1429902"
34-115-60398,"60398","39.4765526","-81.95110206",OH,,, ,,1/1/1900,,UN_R,oil,,Production Well,https://wellwiki.org/wiki/34-115-60398,,"1430257"
34-127-60002,"60002","39.7243982","-82.03539741",OH,,, ,,1/1/1900,,UN_R,gas,,Production Well,https://wellwiki.org/wiki/34-127-60002,,"1430451"
34-035-60541,"60541","41.43174908","-81.80004173",OH,,, ,,1/1/1900,,UN_R,gas,,Production Well,https://wellwiki.org/wiki/34-035-60541,,"1430579"
34-083-60038,"60038","40.46904877","-82.34289579",OH,,," 3",,1/1/1900,,UN_R,gas,,Production Well,https://wellwiki.org/wiki/34-083-60038,,"1430741"
34-073-60620,"60620","39.60325086","-82.52293013",OH,,, ,,1/1/1900,,UN_R,gas,,Production Well,https://wellwiki.org/wiki/34-073-60620,,"1430871"
34-115-60501,"60501","39.46142332","-81.95441547",OH,,," 3",,1/1/1900,,UN_R,oil,,Production Well,https://wellwiki.org/wiki/34-115-60501,,"1431132"
34-011-60590,"60590","40.65832266","-84.26240931",OH,,, ,,1/1/1900,,UN_R,oil,,Production Well,https://wellwiki.org/wiki/34-011-60590,,"1431457"
34-003-63534,"63534","40.82958689","-83.91288384",OH,,," 1",,1/1/1900,,UN_R,pl_oil,,Plugged,https://wellwiki.org/wiki/34-003-63534,,"1444348"
34-167-61873,"61873","39.5440973","-81.05103376",OH,,, ,,1/1/1900,,UN_R,oil,,Production Well,https://wellwiki.org/wiki/34-167-61873,,"1431813"
34-175-60014,"60014","40.89740625","-83.29963384",OH,,," 5",,1/1/1900,,UN_R,oil,,Production Well,https://wellwiki.org/wiki/34-175-60014,,"1432135"
34-009-60620,"60620","39.36369834","-81.98041217",OH,,, ,,1/1/1900,,UN_R,gas,,Production Well,https://wellwiki.org/wiki/34-009-60620,,"1432201"
34-173-60313,"60313","41.53528619","-83.4545709",OH,,, ,,1/1/1900,,UN_R,oil,,Production Well,https://wellwiki.org/wiki/34-173-60313,,"1432266"
34-035-60835,"60835","41.47223846","-81.81762146",OH,,, ,,1/1/1900,,OG_R,gas,,Production Well,https://wellwiki.org/wiki/34-035-60835,,"1432331"
34-063-63595,"63595","41.06751763","-83.6837938",OH,,," 19",,1/1/1900,,UN_R,oil,,Production Well,https://wellwiki.org/wiki/34-063-63595,,"1432559"
34-115-62161,"62161","39.61994251","-81.9247635",OH,,, ,,1/1/1900,,UN_R,oil,,Production Well,https://wellwiki.org/wiki/34-115-62161,,"1433045"
34-123-60004,"60004","41.57737074","-83.2425376",OH,,, ,,1/1/1900,,UN_R,oil,,Production Well,https://wellwiki.org/wiki/34-123-60004,,"1433144"
34-167-62463,"62463","39.44369167","-81.24356024",OH,,, ,,1/1/1900,,UN_R,oil,,Production Well,https://wellwiki.org/wiki/34-167-62463,,"1433306"
34-175-60522,"60522","40.94831444","-83.36343282",OH,,, ,,1/1/1900,,UN_R,oil,,Production Well,https://wellwiki.org/wiki/34-175-60522,,"1433404"
34-063-66300,"66300","41.10532594","-83.6956786",OH,,," 4",,1/1/1900,,UN_R,oil,,Production Well,https://wellwiki.org/wiki/34-063-66300,,"1433503"
34-063-64868,"64868","41.05287875","-83.64821677",OH,,, ,,1/1/1900,,UN_R,oil,,Production Well,https://wellwiki.org/wiki/34-063-64868,,"1433956"
34-151-60443,"60443","40.90851692","-81.53927231",OH,,," 1",,1/1/1900,,UN_R,gas,,Production Well,https://wellwiki.org/wiki/34-151-60443,,"1434313"
34-167-64329,"64329","39.35277358","-81.35727996",OH,,, ,,1/1/1900,,UN_R,oil,,Production Well,https://wellwiki.org/wiki/34-167-64329,,"1434770"
34-011-61786,"61786","40.64416309","-84.3876779",OH,,, ,,1/1/1900,,UN_R,oil,,Production Well,https://wellwiki.org/wiki/34-011-61786,,"1434836"
34-079-60405,"60405","39.17981342","-82.55379626",OH,,, 2-203-,,1/1/1900,,UN_R,gas,,Production Well,https://wellwiki.org/wiki/34-079-60405,,"1435190"
34-111-64168,"64168","39.84378254","-81.07838231",OH,,," 6",,,,UN_R,unknown,,Other / Unknown,https://wellwiki.org/wiki/34-111-64168,,"1435547"
34-009-60852,"60852","39.39487411","-82.14616814",OH,,, ,,,,UN_R,unknown,,Other / Unknown,https://wellwiki.org/wiki/34-009-60852,,"1435770"
34-099-60440,"60440","40.9346193","-80.78439762",OH,,," 2",,1/1/1900,,UN_R,pl_oil,,Plugged,https://wellwiki.org/wiki/34-099-60440,,"1438100"
34-099-60808,"60808","40.96296229","-80.5794059",OH,,," 10",,1/1/1900,,UN_R,pl_oil,,Plugged,https://wellwiki.org/wiki/34-099-60808,,"1438261"
34-099-60886,"60886","40.96798996","-80.57944454",OH,,," 17",,1/1/1900,,UN_R,pl_oil,,Plugged,https://wellwiki.org/wiki/34-099-60886,,"1438421"
34-099-60927,"60927","40.96979907","-80.57106477",OH,,," 16",,1/1/1900,,UN_R,pl_oil,,Plugged,https://wellwiki.org/wiki/34-099-60927,,"1438548"
34-031-60551,"60551","40.33520903","-82.19039533",OH,,, ,,1/1/1900,,OG_R,gas,,Production Well,https://wellwiki.org/wiki/34-031-60551,,"1439188"
34-045-60489,"60489","39.80378488","-82.55470528",OH,,, ,,1/1/1900,,UN_R,gas,,Production Well,https://wellwiki.org/wiki/34-045-60489,,"1439252"
34-075-60318,"60318","40.50030652","-81.99479001",OH,,, ,,1/1/1900,,UN_R,gas,,Production Well,https://wellwiki.org/wiki/34-075-60318,,"1439284"
34-003-61861,"61861","40.7842233","-84.2325751",OH,,, ,,1/1/1900,,UN_R,oil,,Production Well,https://wellwiki.org/wiki/34-003-61861,,"1440836"
34-003-62013,"62013","40.7756542","-84.28224909",OH,,," 9",,1/1/1900,,UN_R,oil,,Production Well,https://wellwiki.org/wiki/34-003-62013,,"1440901"
34-063-65610,"65610","40.88883075","-83.83278615",OH,,, ,,1/1/1900,,UN_R,pl_oil,,Plugged,https://wellwiki.org/wiki/34-063-65610,,"1441098"
34-083-61368,"61368","40.24827953","-82.22454179",OH,,," 3",,1/1/1900,,UN_R,gas,,Production Well,https://wellwiki.org/wiki/34-083-61368,,"1442190"
34-083-61437,"61437","40.56305473","-82.19692169",OH,,," 1",,1/1/1900,,UN_R,gas,,Production Well,https://wellwiki.org/wiki/34-083-61437,,"1442224"
34-063-66874,"66874","40.9270871","-83.80917744",OH,,," 12",,1/1/1900,,UN_R,pl_oil,,Plugged,https://wellwiki.org/wiki/34-063-66874,,"1442760"
34-081-60322,"60322","40.29270694","-80.67991255",OH,,," 3",,1/1/1900,,OG_R,pl_oil,,Plugged,https://wellwiki.org/wiki/34-081-60322,,"1442861"
34-105-60726,"60726","39.15120993","-82.08989583",OH,,, ,,1/1/1900,,UN_R,gas,,Production Well,https://wellwiki.org/wiki/34-105-60726,,"1443163"
34-123-60131,"60131","41.47698131","-83.26544667",OH,,, ,,1/1/1900,,UN_R,oil,,Production Well,https://wellwiki.org/wiki/34-123-60131,,"1443569"
34-123-60148,"60148","41.47763745","-83.25030207",OH,,, ,,1/1/1900,,UN_R,oil,,Production Well,https://wellwiki.org/wiki/34-123-60148,,"1444010"
34-003-61311,"61311","40.75221085","-84.01800378",OH,,," 1",,1/1/1900,,UN_R,pl_oil,,Plugged,https://wellwiki.org/wiki/34-003-61311,,"1444044"
34-067-61079,"61079","40.39750816","-81.26560933",OH,,, ,,1/1/1900,,UN_R,pl_oil,,Plugged,https://wellwiki.org/wiki/34-067-61079,,"1444718"
34-169-60544,"60544","40.96048522","-82.07455477",OH,,, ,,1/1/1900,,UN_R,gas,,Production Well,https://wellwiki.org/wiki/34-169-60544,,"1445611"
34-067-61667,"61667","40.39313052","-81.08179083",OH,,," 10",,1/1/1900,,UN_R,pl_oil,,Plugged,https://wellwiki.org/wiki/34-067-61667,,"1445782"
34-169-60869,"60869","40.75188789","-81.93130122",OH,,, ,,1/1/1900,,UN_R,oil,,Production Well,https://wellwiki.org/wiki/34-169-60869,,"1445989"
34-173-60771,"60771","41.46120166","-83.42995254",OH,,," 1",,1/1/1900,,UN_R,oil_gas,,Production Well,https://wellwiki.org/wiki/34-173-60771,,"1446058"
34-063-65810,"65810","40.85853168","-83.84318565",OH,,, ,,1/1/1900,,UN_R,oil,,Production Well,https://wellwiki.org/wiki/34-063-65810,,"1446298"
34-063-66201,"66201","41.09081235","-83.70705848",OH,,," 4",,1/1/1900,,UN_R,oil,,Production Well,https://wellwiki.org/wiki/34-063-66201,,"1446677"
34-063-66410,"66410","41.13040307","-83.68997983",OH,,, ,,1/1/1900,,UN_R,oil,,Production Well,https://wellwiki.org/wiki/34-063-66410,,"1447127"
34-063-66675,"66675","40.93086514","-83.78674265",OH,,, ,,1/1/1900,,UN_R,oil,,Production Well,https://wellwiki.org/wiki/34-063-66675,,"1447162"
34-067-61823,"61823","40.42767191","-81.07452512",OH,,, ,,1/1/1900,,UN_R,oil,,Production Well,https://wellwiki.org/wiki/34-067-61823,,"1447302"
34-059-21499,"21499","39.94498961","-81.72182204",OH,,," 2",,1/1/1900,,OG_R,pl_gas,,Plugged,https://wellwiki.org/wiki/34-059-21499,,"1447754"
34-011-61404,"61404","40.57436116","-84.38308957",OH,,, ,,1/1/1900,,UN_R,oil_gas,,Production Well,https://wellwiki.org/wiki/34-011-61404,,"1448098"
34-127-64152,"64152","39.91481392","-82.41127658",OH,,, ,,1/1/1900,,UN_R,gas,,Production Well,https://wellwiki.org/wiki/34-127-64152,,"1448263"
34-011-60952,"60952","40.58982631","-84.25162996",OH,,, ,,1/1/1900,,UN_R,oil,,Production Well,https://wellwiki.org/wiki/34-011-60952,,"1448532"
34-045-60913,"60913","39.73776206","-82.37989035",OH,,, ,,1/1/1900,,UN_R,oil,,Production Well,https://wellwiki.org/wiki/34-045-60913,,"1448738"
34-045-61550,"61550","39.89034776","-82.54672662",OH,,, ,,1/1/1900,,UN_R,gas,,Production Well,https://wellwiki.org/wiki/34-045-61550,,"1448913"
34-063-65955,"65955","40.83485653","-83.87224503",OH,,, ,,1/1/1900,,UN_R,oil,,Production Well,https://wellwiki.org/wiki/34-063-65955,,"1449472"
34-063-66095,"66095","41.08390071","-83.72497324",OH,,," 4",,1/1/1900,,UN_R,oil,,Production Well,https://wellwiki.org/wiki/34-063-66095,,"1449728"
34-063-66167,"66167","41.09075414","-83.69340452",OH,,, ,,1/1/1900,,UN_R,oil,,Production Well,https://wellwiki.org/wiki/34-063-66167,,"1449761"
34-063-66280,"66280","41.10200533","-83.68922445",OH,,," 1",,1/1/1900,,UN_R,oil,,Production Well,https://wellwiki.org/wiki/34-063-66280,,"1449857"
34-063-66527,"66527","41.15625343","-83.70710194",OH,,, ,,1/1/1900,,UN_R,oil,,Production Well,https://wellwiki.org/wiki/34-063-66527,,"1450021"
34-063-66735,"66735","40.92733367","-83.78488603",OH,,, ,,1/1/1900,,UN_R,oil,,Production Well,https://wellwiki.org/wiki/34-063-66735,,"1450214"
34-063-66897,"66897","40.94423843","-83.78659379",OH,,, ,,1/1/1900,,UN_R,oil,,Production Well,https://wellwiki.org/wiki/34-063-66897,,"1450247"
34-065-60104,"60104","40.6033396","-83.75798226",OH,,, ,,1/1/1900,,UN_R,gas,,Production Well,https://wellwiki.org/wiki/34-065-60104,,"1450508"
34-065-60205,"60205","40.69997954","-83.6376828",OH,,, ,,1/1/1900,,UN_R,gas,,Production Well,https://wellwiki.org/wiki/34-065-60205,,"1450797"
34-065-60216,"60216","40.61515064","-83.81740936",OH,,, ,,1/1/1900,,UN_R,oil,,Production Well,https://wellwiki.org/wiki/34-065-60216,,"1451150"
34-083-60884,"60884","40.32973547","-82.32985681",OH,,, ,,1/1/1900,,UN_R,oil,,Production Well,https://wellwiki.org/wiki/34-083-60884,,"1451213"
34-083-60888,"60888","40.32982839","-82.33142388",OH,,, ,,1/1/1900,,UN_R,oil,,Production Well,https://wellwiki.org/wiki/34-083-60888,,"1451500"
34-083-61220,"61220","40.39362531","-82.3183532",OH,,," 3",,1/1/1900,,UN_R,gas,,Production Well,https://wellwiki.org/wiki/34-083-61220,,"1452140"
34-083-61369,"61369","40.24690249","-82.22720177",OH,,," 5",,1/1/1900,,UN_R,oil,,Production Well,https://wellwiki.org/wiki/34-083-61369,,"1452298"
34-083-61470,"61470","40.52282872","-82.23379339",OH,,, ,,1/1/1900,,UN_R,gas,,Production Well,https://wellwiki.org/wiki/34-083-61470,,"1452553"
34-063-63579,"63579","41.06760107","-83.67321922",OH,,, ,,1/1/1900,,UN_R,oil,,Production Well,https://wellwiki.org/wiki/34-063-63579,,"1452650"
34-031-60294,"60294","40.27847307","-81.78726907",OH,,, ,,1/1/1900,,UN_R,gas,,Production Well,https://wellwiki.org/wiki/34-031-60294,,"1452682"
34-063-63193,"63193","41.05350956","-83.73735112",OH,,," 5",,1/1/1900,,UN_R,oil,,Production Well,https://wellwiki.org/wiki/34-063-63193,,"1452779"
34-063-63261,"63261","41.07484165","-83.74853879",OH,,, ,,1/1/1900,,UN_R,oil,,Production Well,https://wellwiki.org/wiki/34-063-63261,,"1452971"
34-127-63084,"63084","39.57404278","-82.08768773",OH,,, ,,1/1/1900,,UN_R,oil,,Production Well,https://wellwiki.org/wiki/34-127-63084,,"1453321"
34-157-60147,"60147","40.39233514","-81.36019528",OH,,, ,,1/1/1900,,UN_R,gas,,Production Well,https://wellwiki.org/wiki/34-157-60147,,"1453672"
34-157-60377,"60377","40.5159252","-81.575655",OH,,, ,,1/1/1900,,UN_R,gas,,Production Well,https://wellwiki.org/wiki/34-157-60377,,"1453736"
34-063-60018,"60018","41.08733233","-83.67133883",OH,,," 4",,1/1/1900,,UN_R,oil,,Production Well,https://wellwiki.org/wiki/34-063-60018,,"1454565"
34-063-60226,"60226","41.09891233","-83.66142782",OH,,," 3",,1/1/1900,,UN_R,oil,,Production Well,https://wellwiki.org/wiki/34-063-60226,,"1454694"
34-063-60342,"60342","41.12201563","-83.68130547",OH,,," 12",,1/1/1900,,UN_R,oil,,Production Well,https://wellwiki.org/wiki/34-063-60342,,"1454759"
34-063-60770,"60770","41.15874253","-83.63019078",OH,,, ,,1/1/1900,,UN_R,oil,,Production Well,https://wellwiki.org/wiki/34-063-60770,,"1454823"
34-063-61173,"61173","41.09624331","-83.63366298",OH,,, ,,1/1/1900,,UN_R,gas,,Production Well,https://wellwiki.org/wiki/34-063-61173,,"1455016"
34-063-61212,"61212","40.99525536","-83.52668553",OH,,, ,,1/1/1900,,UN_R,oil,,Production Well,https://wellwiki.org/wiki/34-063-61212,,"1455208"
34-063-61308,"61308","41.06327463","-83.52412774",OH,,, ,,1/1/1900,,UN_R,oil,,Production Well,https://wellwiki.org/wiki/34-063-61308,,"1455939"
34-063-61532,"61532","41.09080903","-83.55762173",OH,,, ,,1/1/1900,,UN_R,oil,,Production Well,https://wellwiki.org/wiki/34-063-61532,,"1456067"
34-063-61645,"61645","41.1222575","-83.57462738",OH,,, ,,1/1/1900,,UN_R,oil,,Production Well,https://wellwiki.org/wiki/34-063-61645,,"1456131"
34-063-62646,"62646","41.03363582","-83.73396269",OH,,," 9",,1/1/1900,,UN_R,oil,,Production Well,https://wellwiki.org/wiki/34-063-62646,,"1456258"
34-063-62831,"62831","41.04666543","-83.70347043",OH,,, ,,1/1/1900,,UN_R,oil,,Production Well,https://wellwiki.org/wiki/34-063-62831,,"1456353"
34-063-62923,"62923","41.06125598","-83.66115332",OH,,, ,,1/1/1900,,UN_R,oil,,Production Well,https://wellwiki.org/wiki/34-063-62923,,"1456513"
34-063-63010,"63010","41.0601049","-83.68015404",OH,,, ,,1/1/1900,,UN_R,oil,,Production Well,https://wellwiki.org/wiki/34-063-63010,,"1456704"
34-011-61721,"61721","40.67549853","-84.45074052",OH,,, ,,1/1/1900,,UN_R,oil,,Production Well,https://wellwiki.org/wiki/34-011-61721,,"1457185"
34-011-61910,"61910","40.53135821","-84.34430758",OH,,, ,,1/1/1900,,UN_R,oil,,Production Well,https://wellwiki.org/wiki/34-011-61910,,"1457345"
34-011-61919,"61919","40.52404955","-84.34005034",OH,,, ,,1/1/1900,,UN_R,oil,,Production Well,https://wellwiki.org/wiki/34-011-61919,,"1457408"
34-011-62204,"62204","40.48248129","-84.39895799",OH,,, ,,1/1/1900,,UN_R,oil,,Production Well,https://wellwiki.org/wiki/34-011-62204,,"1457696"
34-063-63331,"63331","41.07481961","-83.72785165",OH,,," 4",,1/1/1900,,UN_R,oil,,Production Well,https://wellwiki.org/wiki/34-063-63331,,"1458567"
34-063-63400,"63400","41.06848291","-83.70900403",OH,,, ,,1/1/1900,,UN_R,oil,,Production Well,https://wellwiki.org/wiki/34-063-63400,,"1459127"
34-063-63401,"63401","41.06744381","-83.70966686",OH,,, ,,1/1/1900,,UN_R,oil,,Production Well,https://wellwiki.org/wiki/34-063-63401,,"1459324"
34-063-63469,"63469","41.07244321","-83.70015369",OH,,, ,,1/1/1900,,UN_R,oil,,Production Well,https://wellwiki.org/wiki/34-063-63469,,"1459651"
34-081-60067,"60067","40.36476694","-80.65181722",OH,,," 2",,1/1/1900,,UN_R,oil,,Production Well,https://wellwiki.org/wiki/34-081-60067,,"1459752"
34-089-62133,"62133","40.12108711","-82.36784538",OH,,, ,,1/1/1900,,UN_R,gas,,Production Well,https://wellwiki.org/wiki/34-089-62133,,"1459820"
34-167-61850,"61850","39.53219543","-81.06247111",OH,,, ,,1/1/1900,,UN_R,oil,,Production Well,https://wellwiki.org/wiki/34-167-61850,,"1460292"
34-167-61851,"61851","39.54314935","-81.05275214",OH,,," 5",,1/1/1900,,UN_R,oil,,Production Well,https://wellwiki.org/wiki/34-167-61851,,"1460918"
34-003-62372,"62372","40.68703095","-84.09303318",OH,,," 5",,1/1/1900,,UN_R,oil,,Production Well,https://wellwiki.org/wiki/34-003-62372,,"1461112"
34-003-62405,"62405","40.67401305","-84.07132116",OH,,, ,,1/1/1900,,UN_R,oil,,Production Well,https://wellwiki.org/wiki/34-003-62405,,"1461247"
34-003-62572,"62572","40.68878985","-84.05493332",OH,,, ,,1/1/1900,,UN_R,oil,,Production Well,https://wellwiki.org/wiki/34-003-62572,,"1461823"
34-003-62730,"62730","40.71237067","-84.02234887",OH,,, ,,1/1/1900,,UN_R,oil,,Production Well,https://wellwiki.org/wiki/34-003-62730,,"1461925"
34-003-63037,"63037","40.72040728","-84.04809709",OH,,," 4",,1/1/1900,,UN_R,oil,,Production Well,https://wellwiki.org/wiki/34-003-63037,,"1462573"
34-003-61088,"61088","40.73943224","-84.03423061",OH,,, ,,1/1/1900,,UN_R,oil,,Production Well,https://wellwiki.org/wiki/34-003-61088,,"1462880"
34-163-60083,"60083","39.38011568","-82.3782675",OH,,," 1",,1/1/1900,,UN_R,pl_gas,,Plugged,https://wellwiki.org/wiki/34-163-60083,,"1463013"
34-011-62462,"62462","40.63770308","-84.209614",OH,,," 9",,1/1/1900,,UN_R,oil,,Production Well,https://wellwiki.org/wiki/34-011-62462,,"1463647"
34-063-62802,"62802","41.03985931","-83.68930523",OH,,, ,,1/1/1900,,UN_R,oil,,Production Well,https://wellwiki.org/wiki/34-063-62802,,"1463880"
34-063-63268,"63268","41.07362866","-83.7495206",OH,,, ,,1/1/1900,,UN_R,oil,,Production Well,https://wellwiki.org/wiki/34-063-63268,,"1464246"
34-063-63526,"63526","41.07708767","-83.68984553",OH,,," 11",,1/1/1900,,UN_R,oil,,Production Well,https://wellwiki.org/wiki/34-063-63526,,"1464512"
34-045-61533,"61533","39.90518438","-82.5435001",OH,,, ,,1/1/1900,,UN_R,gas,,Production Well,https://wellwiki.org/wiki/34-045-61533,,"1465376"
34-111-62682,"62682","39.59703192","-81.01433059",OH,,, ,,1/1/1900,,UN_R,oil,,Production Well,https://wellwiki.org/wiki/34-111-62682,,"1465777"
34-013-61157,"61157","39.87250969","-81.10646104",OH,,," 1",,1/1/1900,,UN_R,oil,,Production Well,https://wellwiki.org/wiki/34-013-61157,,"1465877"
34-063-61249,"61249","41.04350246","-83.51637792",OH,,, ,,1/1/1900,,UN_R,oil,,Production Well,https://wellwiki.org/wiki/34-063-61249,,"1466145"
34-063-63138,"63138","41.06434127","-83.71233732",OH,,, ,,1/1/1900,,UN_R,oil,,Production Well,https://wellwiki.org/wiki/34-063-63138,,"1466343"
34-067-60132,"60132","40.32593781","-81.0437891",OH,,," 21",,1/1/1900,,UN_R,oil,,Production Well,https://wellwiki.org/wiki/34-067-60132,,"1466441"
34-003-62687,"62687","40.69586407","-84.09057248",OH,,, ,,1/1/1900,,UN_R,pl_oil,,Plugged,https://wellwiki.org/wiki/34-003-62687,,"1466475"
34-003-63527,"63527","40.83253574","-83.9556991",OH,,, ,,1/1/1900,,UN_R,oil,,Production Well,https://wellwiki.org/wiki/34-003-63527,,"1466637"
34-063-60598,"60598","41.10977022","-83.6331551",OH,,, ,,1/1/1900,,UN_R,gas,,Production Well,https://wellwiki.org/wiki/34-063-60598,,"1466965"
34-063-60609,"60609","41.12626368","-83.64301838",OH,,, ,,1/1/1900,,UN_R,oil,,Production Well,https://wellwiki.org/wiki/34-063-60609,,"1467259"
34-063-60674,"60674","41.14488546","-83.66118832",OH,,, ,,1/1/1900,,UN_R,oil,,Production Well,https://wellwiki.org/wiki/34-063-60674,,"1467457"
34-063-60781,"60781","41.15548948","-83.63970459",OH,,, ,,1/1/1900,,UN_R,oil,,Production Well,https://wellwiki.org/wiki/34-063-60781,,"1467720"
34-063-60783,"60783","41.15245148","-83.63657251",OH,,, ,,1/1/1900,,UN_R,oil,,Production Well,https://wellwiki.org/wiki/34-063-60783,,"1468049"
34-063-66070,"66070","41.12095018","-83.78381584",OH,,, ,,1/1/1900,,UN_R,oil,,Production Well,https://wellwiki.org/wiki/34-063-66070,,"1468082"
34-063-66154,"66154","41.09181228","-83.70252331",OH,,, ,,1/1/1900,,UN_R,oil,,Production Well,https://wellwiki.org/wiki/34-063-66154,,"1468148"
34-063-66533,"66533","41.16643975","-83.68916303",OH,,, ,,1/1/1900,,UN_R,oil,,Production Well,https://wellwiki.org/wiki/34-063-66533,,"1468181"
34-063-66828,"66828","40.91747046","-83.83899756",OH,,," 7",,1/1/1900,,UN_R,oil,,Production Well,https://wellwiki.org/wiki/34-063-66828,,"1468279"
34-065-60126,"60126","40.71400548","-83.64227759",OH,,, ,,1/1/1900,,UN_R,gas,,Production Well,https://wellwiki.org/wiki/34-065-60126,,"1468378"
34-065-60198,"60198","40.5806972","-83.78390888",OH,,, ,,1/1/1900,,UN_R,gas,,Production Well,https://wellwiki.org/wiki/34-065-60198,,"1468704"
34-063-64091,"64091","41.0457276","-83.70862",OH,,," 30",,1/1/1900,,UN_R,pl_oil,,Plugged,https://wellwiki.org/wiki/34-063-64091,,"1469032"
34-089-60546,"60546","40.20336962","-82.25944681",OH,,, ,,1/1/1900,,UN_R,oil,,Production Well,https://wellwiki.org/wiki/34-089-60546,,"1469293"
34-063-63419,"63419","41.07136923","-83.72654697",OH,,," 11",,1/1/1900,,UN_R,oil,,Production Well,https://wellwiki.org/wiki/34-063-63419,,"1469523"
34-063-63530,"63530","41.07490597","-83.68925485",OH,,," 22",,1/1/1900,,UN_R,oil,,Production Well,https://wellwiki.org/wiki/34-063-63530,,"1469883"
34-063-63531,"63531","41.07479498","-83.69282212",OH,,," 16",,1/1/1900,,UN_R,oil,,Production Well,https://wellwiki.org/wiki/34-063-63531,,"1469980"
34-063-63599,"63599","41.06892004","-83.68595887",OH,,," 21",,1/1/1900,,UN_R,oil,,Production Well,https://wellwiki.org/wiki/34-063-63599,,"1470143"
34-089-66069,"66069","40.12355313","-82.28818914",OH,,,DAVIS     2 2,,1/1/1900,,OG_R,pl_,,Plugged,https://wellwiki.org/wiki/34-089-66069,,"1470274"
34-151-60019,"60019","40.81586412","-81.36549781",OH,,, ,,1/1/1900,,UN_R,gas,,Production Well,https://wellwiki.org/wiki/34-151-60019,,"1470307"
34-151-60086,"60086","40.85417542","-81.47473536",OH,,," 1",,1/1/1900,,UN_R,gas,,Production Well,https://wellwiki.org/wiki/34-151-60086,,"1470472"
34-089-62749,"62749","40.10294753","-82.21012263",OH,,, ,,1/1/1900,,UN_R,oil,,Production Well,https://wellwiki.org/wiki/34-089-62749,,"1470667"
34-119-22967,"22967","39.97559829","-81.98021423",OH,,, 1-A,,1/1/1900,,UN_R,permitted_loc,,Not Drilled,https://wellwiki.org/wiki/34-119-22967,,"1470863"
34-011-60964,"60964","40.59040069","-84.26587736",OH,,, ,,1/1/1900,,UN_R,oil,,Production Well,https://wellwiki.org/wiki/34-011-60964,,"1470960"
34-035-60578,"60578","41.43937134","-81.81480105",OH,,, ,,1/1/1900,,UN_R,gas,,Production Well,https://wellwiki.org/wiki/34-035-60578,,"1471417"
34-035-60740,"60740","41.45548813","-81.79336048",OH,,, ,,1/1/1900,,UN_R,gas,,Production Well,https://wellwiki.org/wiki/34-035-60740,,"1471482"
34-035-60775,"60775","41.45323994","-81.82179172",OH,,, ,,1/1/1900,,UN_R,gas,,Production Well,https://wellwiki.org/wiki/34-035-60775,,"1471515"
34-035-61032,"61032","41.48839808","-81.77984043",OH,,, ,,1/1/1900,,UN_R,gas,,Production Well,https://wellwiki.org/wiki/34-035-61032,,"1471548"
34-063-61150,"61150","41.11514368","-83.64881799",OH,,, ,,1/1/1900,,UN_R,oil,,Production Well,https://wellwiki.org/wiki/34-063-61150,,"1471809"
34-063-61158,"61158","41.10559532","-83.65881286",OH,,, ,,1/1/1900,,UN_R,oil,,Production Well,https://wellwiki.org/wiki/34-063-61158,,"1471842"
34-063-61161,"61161","41.1016808","-83.66345787",OH,,, ,,1/1/1900,,UN_R,oil,,Production Well,https://wellwiki.org/wiki/34-063-61161,,"1472072"
34-063-61170,"61170","41.08528538","-83.67179589",OH,,," 5",,1/1/1900,,UN_R,oil,,Production Well,https://wellwiki.org/wiki/34-063-61170,,"1472138"
34-063-61196,"61196","40.96472899","-83.49215065",OH,,, ,,1/1/1900,,UN_R,oil,,Production Well,https://wellwiki.org/wiki/34-063-61196,,"1472171"
34-063-61199,"61199","40.9670657","-83.4850409",OH,,, ,,1/1/1900,,UN_R,gas,,Production Well,https://wellwiki.org/wiki/34-063-61199,,"1472400"
34-063-61310,"61310","41.0627885","-83.52970149",OH,,, ,,1/1/1900,,UN_R,oil,,Production Well,https://wellwiki.org/wiki/34-063-61310,,"1472564"
34-063-62630,"62630","41.03631772","-83.72677323",OH,,," 11",,1/1/1900,,UN_R,oil,,Production Well,https://wellwiki.org/wiki/34-063-62630,,"1472694"
34-063-62829,"62829","41.04475208","-83.7055747",OH,,, ,,1/1/1900,,UN_R,oil,,Production Well,https://wellwiki.org/wiki/34-063-62829,,"1472823"
34-063-62849,"62849","41.04650932","-83.6816949",OH,,, ,,1/1/1900,,UN_R,oil,,Production Well,https://wellwiki.org/wiki/34-063-62849,,"1472920"
34-063-63126,"63126","41.05920488","-83.71237354",OH,,, ,,1/1/1900,,UN_R,oil,,Production Well,https://wellwiki.org/wiki/34-063-63126,,"1473145"
34-063-63158,"63158","41.05182539","-83.72696349",OH,,," 16",,1/1/1900,,UN_R,oil,,Production Well,https://wellwiki.org/wiki/34-063-63158,,"1473339"
34-063-63228,"63228","41.06284562","-83.75208365",OH,,, ,,1/1/1900,,UN_R,oil,,Production Well,https://wellwiki.org/wiki/34-063-63228,,"1473404"
34-063-63292,"63292","41.07901635","-83.74452949",OH,,, ,,1/1/1900,,UN_R,oil,,Production Well,https://wellwiki.org/wiki/34-063-63292,,"1473535"
34-063-63413,"63413","41.06652049","-83.71341463",OH,,, ,,1/1/1900,,UN_R,oil,,Production Well,https://wellwiki.org/wiki/34-063-63413,,"1473989"
34-063-63450,"63450","41.072364","-83.7045883",OH,,, ,,1/1/1900,,UN_R,oil,,Production Well,https://wellwiki.org/wiki/34-063-63450,,"1474506"
34-063-63574,"63574","41.06790676","-83.67689148",OH,,, ,,1/1/1900,,UN_R,oil,,Production Well,https://wellwiki.org/wiki/34-063-63574,,"1474929"
34-011-60902,"60902","40.61563217","-84.24148782",OH,,, ,,1/1/1900,,UN_R,oil,,Production Well,https://wellwiki.org/wiki/34-011-60902,,"1475478"
34-011-60984,"60984","40.61117803","-84.31694279",OH,,, ,,1/1/1900,,UN_R,oil,,Production Well,https://wellwiki.org/wiki/34-011-60984,,"1475675"
34-011-61150,"61150","40.56155992","-84.26974086",OH,,, ,,1/1/1900,,UN_R,oil,,Production Well,https://wellwiki.org/wiki/34-011-61150,,"1475901"
34-011-61254,"61254","40.56108002","-84.39311337",OH,,, ,,1/1/1900,,UN_R,oil,,Production Well,https://wellwiki.org/wiki/34-011-61254,,"1476131"
34-011-61379,"61379","40.5785708","-84.41496032",OH,,, ,,1/1/1900,,UN_R,oil,,Production Well,https://wellwiki.org/wiki/34-011-61379,,"1476425"
34-011-61770,"61770","40.62705464","-84.45526387",OH,,, ,,1/1/1900,,UN_R,oil,,Production Well,https://wellwiki.org/wiki/34-011-61770,,"1476814"
34-011-61785,"61785","40.64360692","-84.39375693",OH,,, ,,1/1/1900,,UN_R,oil,,Production Well,https://wellwiki.org/wiki/34-011-61785,,"1477592"
34-035-60844,"60844","41.47586263","-81.81830632",OH,,, ,,1/1/1900,,UN_R,gas,,Production Well,https://wellwiki.org/wiki/34-035-60844,,"1477691"
34-063-62533,"62533","41.01710108","-83.73789771",OH,,, ,,1/1/1900,,UN_R,oil,,Production Well,https://wellwiki.org/wiki/34-063-62533,,"1477887"
34-063-62617,"62617","41.03140269","-83.7199214",OH,,, ,,1/1/1900,,UN_R,oil,,Production Well,https://wellwiki.org/wiki/34-063-62617,,"1477920"
34-063-62742,"62742","41.04727514","-83.73636046",OH,,," 6",,1/1/1900,,UN_R,oil,,Production Well,https://wellwiki.org/wiki/34-063-62742,,"1477953"
34-063-62897,"62897","41.04963639","-83.66900576",OH,,, ,,1/1/1900,,UN_R,oil,,Production Well,https://wellwiki.org/wiki/34-063-62897,,"1478440"
34-003-60921,"60921","40.77123977","-84.05986768",OH,,, ,,1/1/1900,,UN_R,oil,,Production Well,https://wellwiki.org/wiki/34-003-60921,,"1478473"
34-003-60995,"60995","40.76516572","-84.0295979",OH,,, ,,1/1/1900,,UN_R,oil,,Production Well,https://wellwiki.org/wiki/34-003-60995,,"1478571"
34-063-67181,"67181","41.04879433","-83.51238036",OH,,, ,,1/1/1900,,UN_R,oil,,Production Well,https://wellwiki.org/wiki/34-063-67181,,"1478637"
34-107-60379,"60379","40.62153178","-84.7889224",OH,,, ,,1/1/1900,,UN_R,oil,,Production Well,https://wellwiki.org/wiki/34-107-60379,,"1479025"
34-011-60865,"60865","40.61666838","-84.30901553",OH,,, ,,1/1/1900,,UN_R,oil,,Production Well,https://wellwiki.org/wiki/34-011-60865,,"1479058"
34-011-61025,"61025","40.60848459","-84.28502844",OH,,, ,,1/1/1900,,UN_R,oil,,Production Well,https://wellwiki.org/wiki/34-011-61025,,"1479219"
34-063-61273,"61273","41.06863761","-83.53312585",OH,,, ,,1/1/1900,,UN_R,oil,,Production Well,https://wellwiki.org/wiki/34-063-61273,,"1479578"
34-111-62266,"62266","39.71336296","-81.26426544",OH,,," 1",,1/1/1900,,UN_R,gas,,Production Well,https://wellwiki.org/wiki/34-111-62266,,"1479611"
34-035-60703,"60703","41.45287341","-81.81037367",OH,,, ,,1/1/1900,,UN_R,gas,,Production Well,https://wellwiki.org/wiki/34-035-60703,,"1479838"
34-035-60799,"60799","41.4651718","-81.86159929",OH,,, ,,1/1/1900,,UN_R,gas,,Production Well,https://wellwiki.org/wiki/34-035-60799,,"1480001"
34-035-60934,"60934","41.46617924","-81.77613275",OH,,, ,,1/1/1900,,UN_R,gas,,Production Well,https://wellwiki.org/wiki/34-035-60934,,"1480228"
34-035-60956,"60956","41.46913407","-81.77947538",OH,,, ,,1/1/1900,,UN_R,gas,,Production Well,https://wellwiki.org/wiki/34-035-60956,,"1480423"
34-035-61003,"61003","41.48651216","-81.7780143",OH,,, ,,1/1/1900,,UN_R,gas,,Production Well,https://wellwiki.org/wiki/34-035-61003,,"1480554"
34-035-61021,"61021","41.48910185","-81.78446091",OH,,, ,,1/1/1900,,UN_R,gas,,Production Well,https://wellwiki.org/wiki/34-035-61021,,"1481042"
34-175-60395,"60395","40.91202301","-83.36925133",OH,,," 2",,1/1/1900,,UN_R,oil_gas,,Production Well,https://wellwiki.org/wiki/34-175-60395,,"1481173"
34-003-61939,"61939","40.77501409","-84.22699695",OH,,, ,,1/1/1900,,UN_R,pl_oil,,Plugged,https://wellwiki.org/wiki/34-003-61939,,"1481336"
34-003-62165,"62165","40.78729389","-84.34859714",OH,,, ,,1/1/1900,,UN_R,pl_oil,,Plugged,https://wellwiki.org/wiki/34-003-62165,,"1481531"
34-063-63377,"63377","41.0771203","-83.71721159",OH,,, ,,1/1/1900,,UN_R,oil,,Production Well,https://wellwiki.org/wiki/34-063-63377,,"1481631"
34-063-63389,"63389","41.07354773","-83.7110773",OH,,, ,,1/1/1900,,UN_R,oil,,Production Well,https://wellwiki.org/wiki/34-063-63389,,"1481827"
34-115-61943,"61943","39.55245974","-81.88084564",OH,,, ,,1/1/1900,,UN_R,pl_oil,,Plugged,https://wellwiki.org/wiki/34-115-61943,,"1481989"
34-003-60830,"60830","40.79441908","-84.06225906",OH,,, ,,1/1/1900,,UN_R,oil,,Production Well,https://wellwiki.org/wiki/34-003-60830,,"1482088"
34-003-60946,"60946","40.76195551","-84.05841812",OH,,, ,,1/1/1900,,UN_R,oil,,Production Well,https://wellwiki.org/wiki/34-003-60946,,"1482250"
34-003-60969,"60969","40.75699142","-84.06047479",OH,,," 5",,1/1/1900,,UN_R,oil,,Production Well,https://wellwiki.org/wiki/34-003-60969,,"1482446"
34-011-60477,"60477","40.67556016","-84.2999249",OH,,, ,,1/1/1900,,UN_R,oil,,Production Well,https://wellwiki.org/wiki/34-011-60477,,"1482738"
34-029-60791,"60791","40.71823885","-80.86629391",OH,,, ,,1/1/1900,,UN_R,pl_gas,,Plugged,https://wellwiki.org/wiki/34-029-60791,,"1482933"
34-035-60847,"60847","41.47659072","-81.82124373",OH,,, ,,1/1/1900,,UN_R,gas,,Production Well,https://wellwiki.org/wiki/34-035-60847,,"1483326"
34-063-62399,"62399","40.99409386","-83.73947742",OH,,, ,,1/1/1900,,UN_R,oil,,Production Well,https://wellwiki.org/wiki/34-063-62399,,"1483456"
34-063-62492,"62492","41.00865905","-83.72308164",OH,,, ,,1/1/1900,,UN_R,oil,,Production Well,https://wellwiki.org/wiki/34-063-62492,,"1484036"
34-063-62500,"62500","41.02060772","-83.7249556",OH,,, ,,1/1/1900,,UN_R,oil,,Production Well,https://wellwiki.org/wiki/34-063-62500,,"1484425"
34-063-62610,"62610","41.02864676","-83.71549537",OH,,, ,,1/1/1900,,UN_R,oil,,Production Well,https://wellwiki.org/wiki/34-063-62610,,"1484622"
34-063-62783,"62783","41.05081719","-83.71068934",OH,,," 17",,1/1/1900,,UN_R,oil,,Production Well,https://wellwiki.org/wiki/34-063-62783,,"1484786"
34-063-62938,"62938","41.06532831","-83.66427508",OH,,, ,,1/1/1900,,UN_R,oil,,Production Well,https://wellwiki.org/wiki/34-063-62938,,"1484916"
34-063-63097,"63097","41.05538234","-83.69490458",OH,,, ,,1/1/1900,,UN_R,oil,,Production Well,https://wellwiki.org/wiki/34-063-63097,,"1484982"
34-011-62657,"62657","40.66433645","-84.23174014",OH,,," 10",,1/1/1900,,UN_R,oil_gas,,Production Well,https://wellwiki.org/wiki/34-011-62657,,"1485661"
34-167-63853,"63853","39.57417942","-81.15476598",OH,,, ,,1/1/1900,,UN_R,oil,,Production Well,https://wellwiki.org/wiki/34-167-63853,,"1485824"
34-003-60229,"60229","40.72144762","-84.33581083",OH,,, ,,1/1/1900,,UN_R,oil,,Production Well,https://wellwiki.org/wiki/34-003-60229,,"1486149"
34-003-60254,"60254","40.69391576","-84.29104464",OH,,, ,,1/1/1900,,UN_R,oil,,Production Well,https://wellwiki.org/wiki/34-003-60254,,"1486182"
34-003-60684,"60684","40.78022836","-84.21230011",OH,,, ,,1/1/1900,,UN_R,oil,,Production Well,https://wellwiki.org/wiki/34-003-60684,,"1486347"
34-003-60843,"60843","40.79665547","-84.01108914",OH,,, ,,1/1/1900,,UN_R,oil,,Production Well,https://wellwiki.org/wiki/34-003-60843,,"1486478"
34-009-60615,"60615","39.36184822","-81.98545881",OH,,, ,,1/1/1900,,UN_R,oil,,Production Well,https://wellwiki.org/wiki/34-009-60615,,"1486706"
34-067-60925,"60925","40.41831018","-81.23269835",OH,,," 6",,1/1/1900,,UN_R,pl_oil,,Plugged,https://wellwiki.org/wiki/34-067-60925,,"1486868"
34-063-62931,"62931","41.06556626","-83.65782359",OH,,, ,,1/1/1900,,UN_R,oil,,Production Well,https://wellwiki.org/wiki/34-063-62931,,"1487097"
34-063-62945,"62945","41.05895563","-83.66523248",OH,,, ,,1/1/1900,,UN_R,oil,,Production Well,https://wellwiki.org/wiki/34-063-62945,,"1487195"
34-073-60703,"60703","39.54733798","-82.50498946",OH,,, ,,1/1/1900,,UN_R,gas,,Production Well,https://wellwiki.org/wiki/34-073-60703,,"1487422"
34-089-63115,"63115","40.00173965","-82.53232421",OH,,, ,,1/1/1900,,UN_R,gas,,Production Well,https://wellwiki.org/wiki/34-089-63115,,"1487715"
34-115-62332,"62332","39.60899417","-81.954104",OH,,, ,,1/1/1900,,UN_R,oil,,Production Well,https://wellwiki.org/wiki/34-115-62332,,"1487748"
34-115-62371,"62371","39.61655557","-81.9419509",OH,,, ,,1/1/1900,,UN_R,oil,,Production Well,https://wellwiki.org/wiki/34-115-62371,,"1487813"
34-107-60383,"60383","40.63869572","-84.7904582",OH,,, ,,1/1/1900,,UN_R,oil,,Production Well,https://wellwiki.org/wiki/34-107-60383,,"1488266"
34-115-62420,"62420","39.61179056","-81.93649434",OH,,, ,,1/1/1900,,UN_R,oil,,Production Well,https://wellwiki.org/wiki/34-115-62420,,"1488527"
34-115-62569,"62569","39.57496205","-81.93769241",OH,,, ,,1/1/1900,,UN_R,gas,,Production Well,https://wellwiki.org/wiki/34-115-62569,,"1488852"
34-003-62918,"62918","40.71394301","-84.09565995",OH,,," 2",,1/1/1900,,UN_R,pl_oil,,Plugged,https://wellwiki.org/wiki/34-003-62918,,"1489146"
34-003-64189,"64189","40.76009937","-84.36066016",OH,,, ,,1/1/1900,,UN_R,oil,,Production Well,https://wellwiki.org/wiki/34-003-64189,,"1489275"
34-169-61263,"61263","40.87346944","-81.94295991",OH,,,CARMONY # 1 1,,1/1/1900,,OG_R,pl_gas,,Plugged,https://wellwiki.org/wiki/34-169-61263,,"1489341"
34-063-62735,"62735","41.04933167","-83.73938312",OH,,," 10",,1/1/1900,,UN_R,oil,,Production Well,https://wellwiki.org/wiki/34-063-62735,,"1489374"
34-063-62780,"62780","41.04447195","-83.71343002",OH,,, ,,1/1/1900,,UN_R,oil,,Production Well,https://wellwiki.org/wiki/34-063-62780,,"1489728"
34-063-62854,"62854","41.04858394","-83.68789601",OH,,, ,,1/1/1900,,UN_R,oil,,Production Well,https://wellwiki.org/wiki/34-063-62854,,"1489760"
34-063-63108,"63108","41.06063835","-83.69286006",OH,,, ,,1/1/1900,,UN_R,oil,,Production Well,https://wellwiki.org/wiki/34-063-63108,,"1489858"
34-063-63396,"63396","41.0785226","-83.71230401",OH,,, ,,1/1/1900,,UN_R,oil,,Production Well,https://wellwiki.org/wiki/34-063-63396,,"1490344"
34-063-63411,"63411","41.06694803","-83.71478258",OH,,, ,,1/1/1900,,UN_R,oil,,Production Well,https://wellwiki.org/wiki/34-063-63411,,"1490409"
34-063-63446,"63446","41.07038933","-83.70756636",OH,,, ,,1/1/1900,,UN_R,oil,,Production Well,https://wellwiki.org/wiki/34-063-63446,,"1490442"
34-063-63474,"63474","41.0688056","-83.69702637",OH,,, ,,1/1/1900,,UN_R,oil,,Production Well,https://wellwiki.org/wiki/34-063-63474,,"1490896"
34-063-63491,"63491","41.07247464","-83.68917839",OH,,, ,,1/1/1900,,UN_R,oil,,Production Well,https://wellwiki.org/wiki/34-063-63491,,"1491604"
34-063-63495,"63495","41.0760437","-83.70734698",OH,,, ,,1/1/1900,,UN_R,oil,,Production Well,https://wellwiki.org/wiki/34-063-63495,,"1491668"
34-063-63506,"63506","41.07362433","-83.70376615",OH,,, ,,1/1/1900,,UN_R,oil,,Production Well,https://wellwiki.org/wiki/34-063-63506,,"1491797"
34-035-60806,"60806","41.46787646","-81.8402457",OH,,, ,,1/1/1900,,UN_R,gas,,Production Well,https://wellwiki.org/wiki/34-035-60806,,"1492122"
34-035-60985,"60985","41.48572529","-81.78702343",OH,,, ,,1/1/1900,,UN_R,gas,,Production Well,https://wellwiki.org/wiki/34-035-60985,,"1492219"
34-063-61682,"61682","41.13743934","-83.58466318",OH,,, ,,1/1/1900,,UN_R,oil,,Production Well,https://wellwiki.org/wiki/34-063-61682,,"1492284"
34-003-60896,"60896","40.75897834","-84.0785802",OH,,, ,,1/1/1900,,UN_R,oil,,Production Well,https://wellwiki.org/wiki/34-003-60896,,"1492317"
34-063-63934,"63934","41.05182186","-83.7088621",OH,,," 8",,1/1/1900,,UN_R,pl_oil,,Plugged,https://wellwiki.org/wiki/34-063-63934,,"1492897"
34-063-64315,"64315","41.02196992","-83.73773163",OH,,, ,,1/1/1900,,UN_R,pl_oil,,Plugged,https://wellwiki.org/wiki/34-063-64315,,"1492962"
34-075-61090,"61090","40.60206589","-81.96759432",OH,,, ,,1/1/1900,,UN_R,ex_permit,,Not Drilled,https://wellwiki.org/wiki/34-075-61090,,"1493125"
34-111-62602,"62602","39.60340165","-81.02880126",OH,,," 8",,1/1/1900,,UN_R,pl_oil,,Plugged,https://wellwiki.org/wiki/34-111-62602,,"1493385"
34-119-21616,"21616","39.80847865","-82.03807567",OH,,," 1",,1/1/1900,,OG_R,pl_gas,,Plugged,https://wellwiki.org/wiki/34-119-21616,,"1493515"
34-147-60558,"60558","41.23172102","-83.36608039",OH,,, ,,1/1/1900,,UN_R,pl_oil,,Plugged,https://wellwiki.org/wiki/34-147-60558,,"1493742"
34-083-61451,"61451","40.51210197","-82.18439747",OH,,," 1",,1/1/1900,,UN_R,pl_gas,,Plugged,https://wellwiki.org/wiki/34-083-61451,,"1493904"
34-003-61161,"61161","40.73334612","-84.06226075",OH,,, ,,1/1/1900,,UN_R,pl_oil,,Plugged,https://wellwiki.org/wiki/34-003-61161,,"1494229"
34-099-60491,"60491","41.00636218","-80.5574251",OH,,," 3",,1/1/1900,,OG_R,pl_oil,,Plugged,https://wellwiki.org/wiki/34-099-60491,,"1494489"
34-003-61201,"61201","40.74847172","-84.06436774",OH,,, ,,1/1/1900,,UN_R,oil,,Production Well,https://wellwiki.org/wiki/34-003-61201,,"1494686"
34-115-61785,"61785","39.55953306","-81.84478221",OH,,, ,,1/1/1900,,UN_R,oil,,Production Well,https://wellwiki.org/wiki/34-115-61785,,"1494752"
34-115-62329,"62329","39.60958949","-81.95283221",OH,,, ,,1/1/1900,,UN_R,oil,,Production Well,https://wellwiki.org/wiki/34-115-62329,,"1494817"
34-115-62330,"62330","39.60929335","-81.95291262",OH,,, ,,1/1/1900,,UN_R,oil,,Production Well,https://wellwiki.org/wiki/34-115-62330,,"1494850"
34-003-62358,"62358","40.67506678","-84.10658138",OH,,, ,,1/1/1900,,UN_R,oil,,Production Well,https://wellwiki.org/wiki/34-003-62358,,"1494981"
34-003-63161,"63161","40.86685386","-83.92729362",OH,,, ,,1/1/1900,,UN_R,oil,,Production Well,https://wellwiki.org/wiki/34-003-63161,,"1495143"
34-003-63260,"63260","40.85235418","-83.9248047",OH,,, ,,1/1/1900,,UN_R,oil,,Production Well,https://wellwiki.org/wiki/34-003-63260,,"1495176"
34-003-63280,"63280","40.8503834","-83.9163462",OH,,, ,,1/1/1900,,UN_R,oil,,Production Well,https://wellwiki.org/wiki/34-003-63280,,"1495209"
34-003-63425,"63425","40.8476894","-83.90345168",OH,,, ,,1/1/1900,,UN_R,oil,,Production Well,https://wellwiki.org/wiki/34-003-63425,,"1495372"
34-003-63562,"63562","40.82682225","-83.92732375",OH,,, ,,1/1/1900,,UN_R,oil,,Production Well,https://wellwiki.org/wiki/34-003-63562,,"1495861"
34-003-63596,"63596","40.82817138","-83.90676415",OH,,, ,,1/1/1900,,UN_R,oil,,Production Well,https://wellwiki.org/wiki/34-003-63596,,"1496607"
34-003-63845,"63845","40.70052289","-84.17082427",OH,,, ,,1/1/1900,,UN_R,oil,,Production Well,https://wellwiki.org/wiki/34-003-63845,,"1496837"
34-003-63890,"63890","40.68089167","-84.10898695",OH,,," 5",,1/1/1900,,UN_R,oil,,Production Well,https://wellwiki.org/wiki/34-003-63890,,"1496870"
34-003-63954,"63954","40.67808111","-84.19979247",OH,,, ,,1/1/1900,,UN_R,oil,,Production Well,https://wellwiki.org/wiki/34-003-63954,,"1496903"
34-003-64179,"64179","40.76236692","-84.367938",OH,,, ,,1/1/1900,,UN_R,oil,,Production Well,https://wellwiki.org/wiki/34-003-64179,,"1497132"
34-003-64190,"64190","40.7594518","-84.3599596",OH,,, ,,1/1/1900,,UN_R,oil,,Production Well,https://wellwiki.org/wiki/34-003-64190,,"1497455"
34-003-64458,"64458","40.80858691","-84.15781785",OH,,, ,,1/1/1900,,UN_R,oil,,Production Well,https://wellwiki.org/wiki/34-003-64458,,"1498011"
34-045-61062,"61062","39.7160744","-82.38089815",OH,,, ,,1/1/1900,,UN_R,oil,,Production Well,https://wellwiki.org/wiki/34-045-61062,,"1498076"
34-045-61147,"61147","39.71119813","-82.40777495",OH,,," 2",,1/1/1900,,UN_R,oil,,Production Well,https://wellwiki.org/wiki/34-045-61147,,"1498303"
34-045-61621,"61621","39.8233815","-82.5821451",OH,,, ,,1/1/1900,,UN_R,gas,,Production Well,https://wellwiki.org/wiki/34-045-61621,,"1498497"
34-067-60962,"60962","40.41464284","-81.23050188",OH,,, ,,1/1/1900,,UN_R,oil,,Production Well,https://wellwiki.org/wiki/34-067-60962,,"1498530"
34-067-61174,"61174","40.40240631","-81.23287497",OH,,, ,,1/1/1900,,UN_R,oil,,Production Well,https://wellwiki.org/wiki/34-067-61174,,"1498759"
34-003-64248,"64248","40.74365511","-84.34851791",OH,,, ,,1/1/1900,,UN_R,oil,,Production Well,https://wellwiki.org/wiki/34-003-64248,,"1498985"
34-003-64409,"64409","40.69756545","-84.3960901",OH,,, ,,1/1/1900,,UN_R,oil,,Production Well,https://wellwiki.org/wiki/34-003-64409,,"1499115"
34-003-64513,"64513","40.83082306","-84.15487575",OH,,, ,,1/1/1900,,UN_R,oil,,Production Well,https://wellwiki.org/wiki/34-003-64513,,"1499246"
34-045-60967,"60967","39.73035217","-82.4179325",OH,,," 2",,1/1/1900,,UN_R,oil,,Production Well,https://wellwiki.org/wiki/34-045-60967,,"1499345"
34-045-61064,"61064","39.72039357","-82.37884666",OH,,, ,,1/1/1900,,UN_R,oil,,Production Well,https://wellwiki.org/wiki/34-045-61064,,"1499733"
34-045-61318,"61318","39.69374527","-82.42687381",OH,,, ,,1/1/1900,,UN_R,oil,,Production Well,https://wellwiki.org/wiki/34-045-61318,,"1499831"
34-045-61490,"61490","39.69776736","-82.42694778",OH,,, ,,1/1/1900,,UN_R,oil,,Production Well,https://wellwiki.org/wiki/34-045-61490,,"1500061"
34-167-62112,"62112","39.50369236","-81.17115311",OH,,,MILLER 1 1,,1/1/1900,,OG_R,oil,,Production Well,https://wellwiki.org/wiki/34-167-62112,,"1500094"
34-167-62159,"62159","39.51527779","-81.24224586",OH,,, ,,1/1/1900,,UN_R,oil,,Production Well,https://wellwiki.org/wiki/34-167-62159,,"1500453"
34-003-60470,"60470","40.79855622","-84.19347181",OH,,," 11",,1/1/1900,,UN_R,oil,,Production Well,https://wellwiki.org/wiki/34-003-60470,,"1501069"
34-175-60194,"60194","40.82871586","-83.24405803",OH,,," 3",,1/1/1900,,UN_R,oil_gas,,Production Well,https://wellwiki.org/wiki/34-175-60194,,"1502241"
34-045-61495,"61495","39.6960458","-82.37237496",OH,,," 11",,1/1/1900,,UN_R,oil,,Production Well,https://wellwiki.org/wiki/34-045-61495,,"1502500"
34-169-60552,"60552","40.95140665","-82.0005065",OH,,, ,,1/1/1900,,UN_R,gas,,Production Well,https://wellwiki.org/wiki/34-169-60552,,"1502599"
34-063-62501,"62501","41.02212613","-83.72543682",OH,,, ,,1/1/1900,,UN_R,oil,,Production Well,https://wellwiki.org/wiki/34-063-62501,,"1502729"
34-063-62929,"62929","41.0650083","-83.65953289",OH,,, ,,1/1/1900,,UN_R,oil,,Production Well,https://wellwiki.org/wiki/34-063-62929,,"1502924"
34-063-62966,"62966","41.05470302","-83.68466275",OH,,, ,,1/1/1900,,UN_R,oil,,Production Well,https://wellwiki.org/wiki/34-063-62966,,"1503216"
34-063-63082,"63082","41.05827188","-83.69129059",OH,,, ,,1/1/1900,,UN_R,oil,,Production Well,https://wellwiki.org/wiki/34-063-63082,,"1503604"
34-169-60806,"60806","40.76572406","-81.91361919",OH,,," 4",,1/1/1900,,UN_R,oil,,Production Well,https://wellwiki.org/wiki/34-169-60806,,"1503636"
34-115-62450,"62450","39.60988096","-81.92661043",OH,,, ,,1/1/1900,,UN_R,oil,,Production Well,https://wellwiki.org/wiki/34-115-62450,,"1503765"
34-003-62941,"62941","40.72069259","-84.09772381",OH,,," 8",,1/1/1900,,UN_R,pl_oil,,Plugged,https://wellwiki.org/wiki/34-003-62941,,"1504569"
34-003-64253,"64253","40.75100193","-84.35770458",OH,,, ,,1/1/1900,,UN_R,pl_oil,,Plugged,https://wellwiki.org/wiki/34-003-64253,,"1504987"
34-003-63709,"63709","40.70762971","-84.11829327",OH,,, ,,1/1/1900,,UN_R,oil,,Production Well,https://wellwiki.org/wiki/34-003-63709,,"1505052"
34-003-63714,"63714","40.70356115","-84.10951488",OH,,, ,,1/1/1900,,UN_R,oil,,Production Well,https://wellwiki.org/wiki/34-003-63714,,"1505568"
34-003-63848,"63848","40.69794285","-84.16946079",OH,,, ,,1/1/1900,,UN_R,oil,,Production Well,https://wellwiki.org/wiki/34-003-63848,,"1505633"
34-063-65274,"65274","40.89205692","-83.80933456",OH,,," 1",,1/1/1900,,UN_R,oil,,Production Well,https://wellwiki.org/wiki/34-063-65274,,"1506053"
34-011-62100,"62100","40.52466374","-84.37656712",OH,,, ,,1/1/1900,,UN_R,oil,,Production Well,https://wellwiki.org/wiki/34-011-62100,,"1507154"
34-003-64174,"64174","40.76362485","-84.36689742",OH,,, ,,1/1/1900,,UN_R,oil,,Production Well,https://wellwiki.org/wiki/34-003-64174,,"1506506"
34-003-64491,"64491","40.80299607","-84.1752938",OH,,, ,,1/1/1900,,UN_R,oil,,Production Well,https://wellwiki.org/wiki/34-003-64491,,"1506957"
34-003-62829,"62829","40.70283937","-84.08864383",OH,,, ,,1/1/1900,,UN_R,pl_oil,,Plugged,https://wellwiki.org/wiki/34-003-62829,,"1507023"
34-011-62202,"62202","40.48693805","-84.40616885",OH,,, ,,1/1/1900,,UN_R,oil,,Production Well,https://wellwiki.org/wiki/34-011-62202,,"1507541"
34-011-62365,"62365","40.53203836","-84.3358275",OH,,, ,,1/1/1900,,UN_R,oil,,Production Well,https://wellwiki.org/wiki/34-011-62365,,"1507832"
34-063-62491,"62491","41.01481526","-83.72653337",OH,,, ,,1/1/1900,,UN_R,oil,,Production Well,https://wellwiki.org/wiki/34-063-62491,,"1507898"
34-111-62600,"62600","39.5987921","-81.03519116",OH,,," 9",,1/1/1900,,UN_R,pl_oil,,Plugged,https://wellwiki.org/wiki/34-111-62600,,"1508092"
34-111-62666,"62666","39.59959138","-81.01090787",OH,,," 14",,1/1/1900,,UN_R,pl_oil,,Plugged,https://wellwiki.org/wiki/34-111-62666,,"1508318"
34-147-60080,"60080","41.15203306","-83.15429821",OH,,, ,,1/1/1900,,UN_R,oil,,Production Well,https://wellwiki.org/wiki/34-147-60080,,"1508351"
34-111-64210,"64210","39.84226915","-80.95082337",OH,,, ,,1/1/1900,,UN_R,gas,,Production Well,https://wellwiki.org/wiki/34-111-64210,,"1508898"
34-063-63547,"63547","41.07690895","-83.69993382",OH,,," 12",,1/1/1900,,UN_R,oil,,Production Well,https://wellwiki.org/wiki/34-063-63547,,"1509026"
34-115-20300,"20300","39.73802731","-82.04396523",OH,,,HARRY GIBBS 1,I. G. C.,,,OG_R,pl_gas,,Plugged,https://wellwiki.org/wiki/34-115-20300,,"1509124"
34-119-61623,"61623","39.98249495","-81.9785033",OH,,," 1",,1/1/1900,,OG_R,pl_gas,,Plugged,https://wellwiki.org/wiki/34-119-61623,,"1509510"
34-063-60675,"60675","41.14018034","-83.66120712",OH,,," 10",,1/1/1900,,UN_R,oil,,Production Well,https://wellwiki.org/wiki/34-063-60675,,"1510543"
34-063-61201,"61201","40.97359649","-83.48371129",OH,,, ,,1/1/1900,,UN_R,gas,,Production Well,https://wellwiki.org/wiki/34-063-61201,,"1510833"
34-063-61661,"61661","41.13029291","-83.58742084",OH,,, ,,1/1/1900,,UN_R,oil,,Production Well,https://wellwiki.org/wiki/34-063-61661,,"1510866"
34-063-61908,"61908","41.14543323","-83.57816424",OH,,, ,,1/1/1900,,UN_R,oil,,Production Well,https://wellwiki.org/wiki/34-063-61908,,"1511638"
34-063-62076,"62076","41.13735469","-83.58315505",OH,,, ,,1/1/1900,,UN_R,oil,,Production Well,https://wellwiki.org/wiki/34-063-62076,,"1511800"
34-003-61143,"61143","40.73155008","-84.05280674",OH,,," 1",,1/1/1900,,UN_R,pl_oil,,Plugged,https://wellwiki.org/wiki/34-003-61143,,"1512060"
34-089-60697,"60697","40.18219092","-82.20790859",OH,,, ,,1/1/1900,,UN_R,oil,,Production Well,https://wellwiki.org/wiki/34-089-60697,,"1512093"
34-003-63707,"63707","40.70298763","-84.11515357",OH,,, ,,1/1/1900,,UN_R,pl_oil,,Plugged,https://wellwiki.org/wiki/34-003-63707,,"1513705"
34-011-60907,"60907","40.61564639","-84.23838632",OH,,, ,,1/1/1900,,UN_R,oil,,Production Well,https://wellwiki.org/wiki/34-011-60907,,"1513737"
34-011-60949,"60949","40.59329407","-84.24802626",OH,,," 1",,1/1/1900,,UN_R,oil,,Production Well,https://wellwiki.org/wiki/34-011-60949,,"1513963"
34-011-61028,"61028","40.61067389","-84.28829699",OH,,, ,,1/1/1900,,UN_R,oil,,Production Well,https://wellwiki.org/wiki/34-011-61028,,"1514028"
34-011-61078,"61078","40.58778199","-84.28477148",OH,,, ,,1/1/1900,,UN_R,oil,,Production Well,https://wellwiki.org/wiki/34-011-61078,,"1514255"
34-003-64045,"64045","40.66044329","-84.14210791",OH,,, ,,1/1/1900,,UN_R,pl_oil,,Plugged,https://wellwiki.org/wiki/34-003-64045,,"1514706"
34-083-61315,"61315","40.26666961","-82.24907126",OH,,," 1",,1/1/1900,,UN_R,oil,,Production Well,https://wellwiki.org/wiki/34-083-61315,,"1514739"
34-067-61656,"61656","40.39800695","-81.08804972",OH,,, ,,1/1/1900,,UN_R,pl_oil,,Plugged,https://wellwiki.org/wiki/34-067-61656,,"1515606"
34-063-61435,"61435","41.09229352","-83.58397907",OH,,, ,,1/1/1900,,UN_R,oil,,Production Well,https://wellwiki.org/wiki/34-063-61435,,"1516248"
34-063-61486,"61486","41.10206187","-83.58263365",OH,,, ,,1/1/1900,,UN_R,oil,,Production Well,https://wellwiki.org/wiki/34-063-61486,,"1516798"
34-063-61582,"61582","41.09952468","-83.57362208",OH,,, ,,1/1/1900,,UN_R,oil,,Production Well,https://wellwiki.org/wiki/34-063-61582,,"1516864"
34-063-61675,"61675","41.13267765","-83.58748921",OH,,, ,,1/1/1900,,UN_R,oil,,Production Well,https://wellwiki.org/wiki/34-063-61675,,"1517123"
34-063-61686,"61686","41.13369106","-83.58888914",OH,,," 4",,1/1/1900,,UN_R,oil,,Production Well,https://wellwiki.org/wiki/34-063-61686,,"1517446"
34-063-63238,"63238","41.06927297","-83.75677203",OH,,, ,,1/1/1900,,UN_R,oil,,Production Well,https://wellwiki.org/wiki/34-063-63238,,"1517544"
34-063-63304,"63304","41.07501439","-83.74169724",OH,,, ,,1/1/1900,,UN_R,oil,,Production Well,https://wellwiki.org/wiki/34-063-63304,,"1517900"
34-063-63440,"63440","41.06650592","-83.70538811",OH,,, ,,1/1/1900,,UN_R,oil,,Production Well,https://wellwiki.org/wiki/34-063-63440,,"1517932"
34-063-63475,"63475","41.06852233","-83.69575542",OH,,, ,,1/1/1900,,UN_R,oil,,Production Well,https://wellwiki.org/wiki/34-063-63475,,"1518158"
34-063-63572,"63572","41.06756415","-83.67441907",OH,,, ,,1/1/1900,,UN_R,oil,,Production Well,https://wellwiki.org/wiki/34-063-63572,,"1518190"
34-063-63627,"63627","41.08015825","-83.68275451",OH,,," 44",,1/1/1900,,UN_R,oil,,Production Well,https://wellwiki.org/wiki/34-063-63627,,"1518417"
34-063-63633,"63633","41.07529063","-83.67799527",OH,,," 6",,1/1/1900,,UN_R,oil,,Production Well,https://wellwiki.org/wiki/34-063-63633,,"1518708"
34-003-61824,"61824","40.79427549","-84.23703904",OH,,," 6",,1/1/1900,,UN_R,pl_oil,,Plugged,https://wellwiki.org/wiki/34-003-61824,,"1518869"
34-003-63231,"63231","40.85419023","-83.95137389",OH,,, ,,1/1/1900,,UN_R,pl_oil,,Plugged,https://wellwiki.org/wiki/34-003-63231,,"1518933"
34-117-60010,"60010","40.50564737","-82.88412599",OH,,, ,,1/1/1900,,UN_R,oil,,Production Well,https://wellwiki.org/wiki/34-117-60010,,"1519061"
34-115-62822,"62822","39.51826368","-81.8100045",OH,,, ,,1/1/1900,,UN_R,oil,,Production Well,https://wellwiki.org/wiki/34-115-62822,,"1519126"
34-147-60693,"60693","41.20697535","-83.38752164",OH,,, ,,1/1/1900,,UN_R,oil,,Production Well,https://wellwiki.org/wiki/34-147-60693,,"1519159"
34-011-60748,"60748","40.63838604","-84.28378487",OH,,, ,,1/1/1900,,UN_R,oil_gas,,Production Well,https://wellwiki.org/wiki/34-011-60748,,"1519257"
34-003-60477,"60477","40.79715242","-84.19483397",OH,,," 1",,1/1/1900,,UN_R,oil,,Production Well,https://wellwiki.org/wiki/34-003-60477,,"1519741"
34-011-62090,"62090","40.54485152","-84.42480455",OH,,, ,,1/1/1900,,UN_R,gas,,Production Well,https://wellwiki.org/wiki/34-011-62090,,"1519999"
34-111-63273,"63273","39.63718537","-81.04140632",OH,,, ,,1/1/1900,,UN_R,pl_oil,,Plugged,https://wellwiki.org/wiki/34-111-63273,,"1520288"
34-103-60732,"60732","41.06153279","-82.02566296",OH,,, ,,1/1/1900,,UN_R,oil,,Production Well,https://wellwiki.org/wiki/34-103-60732,,"1520417"
34-103-60758,"60758","41.04581556","-82.00857679",OH,,, ,,1/1/1900,,UN_R,oil,,Production Well,https://wellwiki.org/wiki/34-103-60758,,"1520804"
34-103-60854,"60854","40.998396","-82.0712349",OH,,, ,,1/1/1900,,UN_R,gas,,Production Well,https://wellwiki.org/wiki/34-103-60854,,"1521381"
34-063-61878,"61878","41.15202025","-83.60150636",OH,,, ,,1/1/1900,,UN_R,oil_gas,,Production Well,https://wellwiki.org/wiki/34-063-61878,,"1521414"
34-175-60515,"60515","40.9349424","-83.39200424",OH,,, ,,1/1/1900,,UN_R,gas,,Production Well,https://wellwiki.org/wiki/34-175-60515,,"1521768"
34-003-60894,"60894","40.75853653","-84.0837432",OH,,, ,,1/1/1900,,UN_R,oil,,Production Well,https://wellwiki.org/wiki/34-003-60894,,"1522444"
34-003-60991,"60991","40.75549385","-84.04292342",OH,,, ,,1/1/1900,,UN_R,oil,,Production Well,https://wellwiki.org/wiki/34-003-60991,,"1523022"
34-003-61752,"61752","40.80219114","-84.25899186",OH,,, ,,1/1/1900,,UN_R,oil,,Production Well,https://wellwiki.org/wiki/34-003-61752,,"1523055"
34-003-61899,"61899","40.77489075","-84.25304556",OH,,, ,,1/1/1900,,UN_R,oil,,Production Well,https://wellwiki.org/wiki/34-003-61899,,"1523440"
34-003-62579,"62579","40.69197103","-84.06023385",OH,,," 3",,1/1/1900,,UN_R,oil,,Production Well,https://wellwiki.org/wiki/34-003-62579,,"1523858"
34-045-61697,"61697","39.70402675","-82.39747388",OH,,, ,,1/1/1900,,UN_R,pl_oil,,Plugged,https://wellwiki.org/wiki/34-045-61697,,"1524855"
34-045-60983,"60983","39.72164286","-82.41667361",OH,,, ,,1/1/1900,,UN_R,oil,,Production Well,https://wellwiki.org/wiki/34-045-60983,,"1524887"
34-011-61684,"61684","40.61205846","-84.43845955",OH,,, ,,1/1/1900,,UN_R,oil_gas,,Production Well,https://wellwiki.org/wiki/34-011-61684,,"1525017"
34-063-60044,"60044","41.09347993","-83.67011275",OH,,," 1",,1/1/1900,,UN_R,oil,,Production Well,https://wellwiki.org/wiki/34-063-60044,,"1525049"
34-063-60052,"60052","41.08749661","-83.68400711",OH,,, ,,1/1/1900,,UN_R,oil,,Production Well,https://wellwiki.org/wiki/34-063-60052,,"1525756"
34-011-62038,"62038","40.53035588","-84.41738678",OH,,, ,,1/1/1900,,UN_R,oil_gas,,Production Well,https://wellwiki.org/wiki/34-011-62038,,"1525981"
